timestamp,endpoint,horizon,actual,prediction,model,run_id,origin
2026-08-01 12:00:00+00:00,/identity,1,247.0,290.76,RF_FullFeatures,20260909T134219Z,2026-08-01 11:00:00+00:00
2026-08-01 17:00:00+00:00,/identity,6,308.0,283.78,RF_FullFeatures,20260909T134219Z,2026-08-01 11:00:00+00:00
2026-08-01 23:00:00+00:00,/identity,12,197.0,256.03,RF_FullFeatures,20260909T134219Z,2026-08-01 11:00:00+00:00
2026-08-01 13:00:00+00:00,/identity,1,300.0,310.04,RF_FullFeatures,20260909T134219Z,2026-08-01 12:00:00+00:00
2026-08-01 18:00:00+00:00,/identity,6,252.0,266.77,RF_FullFeatures,20260909T134219Z,2026-08-01 12:00:00+00:00
2026-08-02 00:00:00+00:00,/identity,12,158.0,246.04,RF_FullFeatures,20260909T134219Z,2026-08-01 12:00:00+00:00
2026-08-01 14:00:00+00:00,/identity,1,307.0,284.17,RF_FullFeatures,20260909T134219Z,2026-08-01 13:00:00+00:00
2026-08-01 19:00:00+00:00,/identity,6,261.0,294.66,RF_FullFeatures,20260909T134219Z,2026-08-01 13:00:00+00:00
2026-08-02 01:00:00+00:00,/identity,12,150.0,192.34,RF_FullFeatures,20260909T134219Z,2026-08-01 13:00:00+00:00
2026-08-01 15:00:00+00:00,/identity,1,286.0,293.64,RF_FullFeatures,20260909T134219Z,2026-08-01 14:00:00+00:00
2026-08-01 20:00:00+00:00,/identity,6,229.0,263.62,RF_FullFeatures,20260909T134219Z,2026-08-01 14:00:00+00:00
2026-08-02 02:00:00+00:00,/identity,12,187.0,192.56,RF_FullFeatures,20260909T134219Z,2026-08-01 14:00:00+00:00
2026-08-01 16:00:00+00:00,/identity,1,291.0,273.63,RF_FullFeatures,20260909T134219Z,2026-08-01 15:00:00+00:00
2026-08-01 21:00:00+00:00,/identity,6,242.0,265.89,RF_FullFeatures,20260909T134219Z,2026-08-01 15:00:00+00:00
2026-08-02 03:00:00+00:00,/identity,12,158.0,188.67,RF_FullFeatures,20260909T134219Z,2026-08-01 15:00:00+00:00
2026-08-01 17:00:00+00:00,/identity,1,308.0,271.18,RF_FullFeatures,20260909T134219Z,2026-08-01 16:00:00+00:00
2026-08-01 22:00:00+00:00,/identity,6,188.0,256.98,RF_FullFeatures,20260909T134219Z,2026-08-01 16:00:00+00:00
2026-08-02 04:00:00+00:00,/identity,12,181.0,188.87,RF_FullFeatures,20260909T134219Z,2026-08-01 16:00:00+00:00
2026-08-01 18:00:00+00:00,/identity,1,252.0,279.66,RF_FullFeatures,20260909T134219Z,2026-08-01 17:00:00+00:00
2026-08-01 23:00:00+00:00,/identity,6,197.0,262.59,RF_FullFeatures,20260909T134219Z,2026-08-01 17:00:00+00:00
2026-08-02 05:00:00+00:00,/identity,12,169.0,195.87,RF_FullFeatures,20260909T134219Z,2026-08-01 17:00:00+00:00
2026-08-01 19:00:00+00:00,/identity,1,261.0,299.38,RF_FullFeatures,20260909T134219Z,2026-08-01 18:00:00+00:00
2026-08-02 00:00:00+00:00,/identity,6,158.0,248.86,RF_FullFeatures,20260909T134219Z,2026-08-01 18:00:00+00:00
2026-08-02 06:00:00+00:00,/identity,12,202.0,191.66,RF_FullFeatures,20260909T134219Z,2026-08-01 18:00:00+00:00
2026-08-01 20:00:00+00:00,/identity,1,229.0,259.64,RF_FullFeatures,20260909T134219Z,2026-08-01 19:00:00+00:00
2026-08-02 01:00:00+00:00,/identity,6,150.0,190.42,RF_FullFeatures,20260909T134219Z,2026-08-01 19:00:00+00:00
2026-08-02 07:00:00+00:00,/identity,12,203.0,203.67,RF_FullFeatures,20260909T134219Z,2026-08-01 19:00:00+00:00
2026-08-01 21:00:00+00:00,/identity,1,242.0,260.83,RF_FullFeatures,20260909T134219Z,2026-08-01 20:00:00+00:00
2026-08-02 02:00:00+00:00,/identity,6,187.0,179.0,RF_FullFeatures,20260909T134219Z,2026-08-01 20:00:00+00:00
2026-08-02 08:00:00+00:00,/identity,12,233.0,182.5,RF_FullFeatures,20260909T134219Z,2026-08-01 20:00:00+00:00
2026-08-01 22:00:00+00:00,/identity,1,188.0,229.75,RF_FullFeatures,20260909T134219Z,2026-08-01 21:00:00+00:00
2026-08-02 03:00:00+00:00,/identity,6,158.0,191.28,RF_FullFeatures,20260909T134219Z,2026-08-01 21:00:00+00:00
2026-08-02 09:00:00+00:00,/identity,12,295.0,212.23,RF_FullFeatures,20260909T134219Z,2026-08-01 21:00:00+00:00
2026-08-01 23:00:00+00:00,/identity,1,197.0,245.38,RF_FullFeatures,20260909T134219Z,2026-08-01 22:00:00+00:00
2026-08-02 04:00:00+00:00,/identity,6,181.0,178.52,RF_FullFeatures,20260909T134219Z,2026-08-01 22:00:00+00:00
2026-08-02 10:00:00+00:00,/identity,12,249.0,195.75,RF_FullFeatures,20260909T134219Z,2026-08-01 22:00:00+00:00
2026-08-02 00:00:00+00:00,/identity,1,158.0,211.71,RF_FullFeatures,20260909T134219Z,2026-08-01 23:00:00+00:00
2026-08-02 05:00:00+00:00,/identity,6,169.0,199.02,RF_FullFeatures,20260909T134219Z,2026-08-01 23:00:00+00:00
2026-08-02 11:00:00+00:00,/identity,12,291.0,225.72,RF_FullFeatures,20260909T134219Z,2026-08-01 23:00:00+00:00
2026-08-02 01:00:00+00:00,/identity,1,150.0,187.07,RF_FullFeatures,20260909T134219Z,2026-08-02 00:00:00+00:00
2026-08-02 06:00:00+00:00,/identity,6,202.0,177.53,RF_FullFeatures,20260909T134219Z,2026-08-02 00:00:00+00:00
2026-08-02 12:00:00+00:00,/identity,12,263.0,227.03,RF_FullFeatures,20260909T134219Z,2026-08-02 00:00:00+00:00
2026-08-02 02:00:00+00:00,/identity,1,187.0,153.23,RF_FullFeatures,20260909T134219Z,2026-08-02 01:00:00+00:00
2026-08-02 07:00:00+00:00,/identity,6,203.0,182.7,RF_FullFeatures,20260909T134219Z,2026-08-02 01:00:00+00:00
2026-08-02 13:00:00+00:00,/identity,12,295.0,214.34,RF_FullFeatures,20260909T134219Z,2026-08-02 01:00:00+00:00
2026-08-02 03:00:00+00:00,/identity,1,158.0,152.79,RF_FullFeatures,20260909T134219Z,2026-08-02 02:00:00+00:00
2026-08-02 08:00:00+00:00,/identity,6,233.0,204.34,RF_FullFeatures,20260909T134219Z,2026-08-02 02:00:00+00:00
2026-08-02 14:00:00+00:00,/identity,12,287.0,240.83,RF_FullFeatures,20260909T134219Z,2026-08-02 02:00:00+00:00
2026-08-02 04:00:00+00:00,/identity,1,181.0,194.31,RF_FullFeatures,20260909T134219Z,2026-08-02 03:00:00+00:00
2026-08-02 09:00:00+00:00,/identity,6,295.0,189.8,RF_FullFeatures,20260909T134219Z,2026-08-02 03:00:00+00:00
2026-08-02 15:00:00+00:00,/identity,12,347.0,229.61,RF_FullFeatures,20260909T134219Z,2026-08-02 03:00:00+00:00
2026-08-02 05:00:00+00:00,/identity,1,169.0,176.01,RF_FullFeatures,20260909T134219Z,2026-08-02 04:00:00+00:00
2026-08-02 10:00:00+00:00,/identity,6,249.0,192.34,RF_FullFeatures,20260909T134219Z,2026-08-02 04:00:00+00:00
2026-08-02 16:00:00+00:00,/identity,12,278.0,227.21,RF_FullFeatures,20260909T134219Z,2026-08-02 04:00:00+00:00
2026-08-02 06:00:00+00:00,/identity,1,202.0,170.95,RF_FullFeatures,20260909T134219Z,2026-08-02 05:00:00+00:00
2026-08-02 11:00:00+00:00,/identity,6,291.0,208.21,RF_FullFeatures,20260909T134219Z,2026-08-02 05:00:00+00:00
2026-08-02 17:00:00+00:00,/identity,12,273.0,242.84,RF_FullFeatures,20260909T134219Z,2026-08-02 05:00:00+00:00
2026-08-02 07:00:00+00:00,/identity,1,203.0,181.86,RF_FullFeatures,20260909T134219Z,2026-08-02 06:00:00+00:00
2026-08-02 12:00:00+00:00,/identity,6,263.0,225.09,RF_FullFeatures,20260909T134219Z,2026-08-02 06:00:00+00:00
2026-08-02 18:00:00+00:00,/identity,12,292.0,276.58,RF_FullFeatures,20260909T134219Z,2026-08-02 06:00:00+00:00
2026-08-02 08:00:00+00:00,/identity,1,233.0,202.97,RF_FullFeatures,20260909T134219Z,2026-08-02 07:00:00+00:00
2026-08-02 13:00:00+00:00,/identity,6,295.0,222.63,RF_FullFeatures,20260909T134219Z,2026-08-02 07:00:00+00:00
2026-08-02 19:00:00+00:00,/identity,12,229.0,271.21,RF_FullFeatures,20260909T134219Z,2026-08-02 07:00:00+00:00
2026-08-02 09:00:00+00:00,/identity,1,295.0,206.16,RF_FullFeatures,20260909T134219Z,2026-08-02 08:00:00+00:00
2026-08-02 14:00:00+00:00,/identity,6,287.0,274.21,RF_FullFeatures,20260909T134219Z,2026-08-02 08:00:00+00:00
2026-08-02 20:00:00+00:00,/identity,12,242.0,287.25,RF_FullFeatures,20260909T134219Z,2026-08-02 08:00:00+00:00
2026-08-02 10:00:00+00:00,/identity,1,249.0,237.36,RF_FullFeatures,20260909T134219Z,2026-08-02 09:00:00+00:00
2026-08-02 15:00:00+00:00,/identity,6,347.0,299.48,RF_FullFeatures,20260909T134219Z,2026-08-02 09:00:00+00:00
2026-08-02 21:00:00+00:00,/identity,12,241.0,259.72,RF_FullFeatures,20260909T134219Z,2026-08-02 09:00:00+00:00
2026-08-02 11:00:00+00:00,/identity,1,291.0,281.46,RF_FullFeatures,20260909T134219Z,2026-08-02 10:00:00+00:00
2026-08-02 16:00:00+00:00,/identity,6,278.0,269.34,RF_FullFeatures,20260909T134219Z,2026-08-02 10:00:00+00:00
2026-08-02 22:00:00+00:00,/identity,12,194.0,247.28,RF_FullFeatures,20260909T134219Z,2026-08-02 10:00:00+00:00
2026-08-02 12:00:00+00:00,/identity,1,263.0,260.11,RF_FullFeatures,20260909T134219Z,2026-08-02 11:00:00+00:00
2026-08-02 17:00:00+00:00,/identity,6,273.0,292.9,RF_FullFeatures,20260909T134219Z,2026-08-02 11:00:00+00:00
2026-08-02 23:00:00+00:00,/identity,12,170.0,244.48,RF_FullFeatures,20260909T134219Z,2026-08-02 11:00:00+00:00
2026-08-02 13:00:00+00:00,/identity,1,295.0,301.33,RF_FullFeatures,20260909T134219Z,2026-08-02 12:00:00+00:00
2026-08-02 18:00:00+00:00,/identity,6,292.0,265.21,RF_FullFeatures,20260909T134219Z,2026-08-02 12:00:00+00:00
2026-08-03 00:00:00+00:00,/identity,12,250.0,234.69,RF_FullFeatures,20260909T134219Z,2026-08-02 12:00:00+00:00
2026-08-02 14:00:00+00:00,/identity,1,287.0,290.18,RF_FullFeatures,20260909T134219Z,2026-08-02 13:00:00+00:00
2026-08-02 19:00:00+00:00,/identity,6,229.0,280.53,RF_FullFeatures,20260909T134219Z,2026-08-02 13:00:00+00:00
2026-08-03 01:00:00+00:00,/identity,12,230.0,213.61,RF_FullFeatures,20260909T134219Z,2026-08-02 13:00:00+00:00
2026-08-02 15:00:00+00:00,/identity,1,347.0,299.62,RF_FullFeatures,20260909T134219Z,2026-08-02 14:00:00+00:00
2026-08-02 20:00:00+00:00,/identity,6,242.0,258.43,RF_FullFeatures,20260909T134219Z,2026-08-02 14:00:00+00:00
2026-08-03 02:00:00+00:00,/identity,12,213.0,204.19,RF_FullFeatures,20260909T134219Z,2026-08-02 14:00:00+00:00
2026-08-02 16:00:00+00:00,/identity,1,278.0,269.11,RF_FullFeatures,20260909T134219Z,2026-08-02 15:00:00+00:00
2026-08-02 21:00:00+00:00,/identity,6,241.0,338.7,RF_FullFeatures,20260909T134219Z,2026-08-02 15:00:00+00:00
2026-08-03 03:00:00+00:00,/identity,12,204.0,212.98,RF_FullFeatures,20260909T134219Z,2026-08-02 15:00:00+00:00
2026-08-02 17:00:00+00:00,/identity,1,273.0,365.91,RF_FullFeatures,20260909T134219Z,2026-08-02 16:00:00+00:00
2026-08-02 22:00:00+00:00,/identity,6,194.0,259.36,RF_FullFeatures,20260909T134219Z,2026-08-02 16:00:00+00:00
2026-08-03 04:00:00+00:00,/identity,12,239.0,212.74,RF_FullFeatures,20260909T134219Z,2026-08-02 16:00:00+00:00
2026-08-02 18:00:00+00:00,/identity,1,292.0,271.06,RF_FullFeatures,20260909T134219Z,2026-08-02 17:00:00+00:00
2026-08-02 23:00:00+00:00,/identity,6,170.0,243.42,RF_FullFeatures,20260909T134219Z,2026-08-02 17:00:00+00:00
2026-08-03 05:00:00+00:00,/identity,12,313.0,224.97,RF_FullFeatures,20260909T134219Z,2026-08-02 17:00:00+00:00
2026-08-02 19:00:00+00:00,/identity,1,229.0,271.4,RF_FullFeatures,20260909T134219Z,2026-08-02 18:00:00+00:00
2026-08-03 00:00:00+00:00,/identity,6,250.0,242.74,RF_FullFeatures,20260909T134219Z,2026-08-02 18:00:00+00:00
2026-08-03 06:00:00+00:00,/identity,12,263.0,238.71,RF_FullFeatures,20260909T134219Z,2026-08-02 18:00:00+00:00
2026-08-02 20:00:00+00:00,/identity,1,242.0,267.07,RF_FullFeatures,20260909T134219Z,2026-08-02 19:00:00+00:00
2026-08-03 01:00:00+00:00,/identity,6,230.0,204.53,RF_FullFeatures,20260909T134219Z,2026-08-02 19:00:00+00:00
2026-08-03 07:00:00+00:00,/identity,12,273.0,263.97,RF_FullFeatures,20260909T134219Z,2026-08-02 19:00:00+00:00
2026-08-02 21:00:00+00:00,/identity,1,241.0,224.0,RF_FullFeatures,20260909T134219Z,2026-08-02 20:00:00+00:00
2026-08-03 02:00:00+00:00,/identity,6,213.0,214.93,RF_FullFeatures,20260909T134219Z,2026-08-02 20:00:00+00:00
2026-08-03 08:00:00+00:00,/identity,12,298.0,282.69,RF_FullFeatures,20260909T134219Z,2026-08-02 20:00:00+00:00
2026-08-02 22:00:00+00:00,/identity,1,194.0,247.92,RF_FullFeatures,20260909T134219Z,2026-08-02 21:00:00+00:00
2026-08-03 03:00:00+00:00,/identity,6,204.0,212.15,RF_FullFeatures,20260909T134219Z,2026-08-02 21:00:00+00:00
2026-08-03 09:00:00+00:00,/identity,12,381.0,294.4,RF_FullFeatures,20260909T134219Z,2026-08-02 21:00:00+00:00
2026-08-02 23:00:00+00:00,/identity,1,170.0,239.01,RF_FullFeatures,20260909T134219Z,2026-08-02 22:00:00+00:00
2026-08-03 04:00:00+00:00,/identity,6,239.0,218.81,RF_FullFeatures,20260909T134219Z,2026-08-02 22:00:00+00:00
2026-08-03 10:00:00+00:00,/identity,12,355.0,298.6,RF_FullFeatures,20260909T134219Z,2026-08-02 22:00:00+00:00
2026-08-03 00:00:00+00:00,/identity,1,250.0,197.93,RF_FullFeatures,20260909T134219Z,2026-08-02 23:00:00+00:00
2026-08-03 05:00:00+00:00,/identity,6,313.0,225.77,RF_FullFeatures,20260909T134219Z,2026-08-02 23:00:00+00:00
2026-08-03 11:00:00+00:00,/identity,12,377.0,307.8,RF_FullFeatures,20260909T134219Z,2026-08-02 23:00:00+00:00
2026-08-03 01:00:00+00:00,/identity,1,230.0,193.38,RF_FullFeatures,20260909T134219Z,2026-08-03 00:00:00+00:00
2026-08-03 06:00:00+00:00,/identity,6,263.0,239.28,RF_FullFeatures,20260909T134219Z,2026-08-03 00:00:00+00:00
2026-08-03 12:00:00+00:00,/identity,12,343.0,323.44,RF_FullFeatures,20260909T134219Z,2026-08-03 00:00:00+00:00
2026-08-03 02:00:00+00:00,/identity,1,213.0,221.48,RF_FullFeatures,20260909T134219Z,2026-08-03 01:00:00+00:00
2026-08-03 07:00:00+00:00,/identity,6,273.0,257.04,RF_FullFeatures,20260909T134219Z,2026-08-03 01:00:00+00:00
2026-08-03 13:00:00+00:00,/identity,12,398.0,345.87,RF_FullFeatures,20260909T134219Z,2026-08-03 01:00:00+00:00
2026-08-03 03:00:00+00:00,/identity,1,204.0,220.39,RF_FullFeatures,20260909T134219Z,2026-08-03 02:00:00+00:00
2026-08-03 08:00:00+00:00,/identity,6,298.0,283.25,RF_FullFeatures,20260909T134219Z,2026-08-03 02:00:00+00:00
2026-08-03 14:00:00+00:00,/identity,12,357.0,364.83,RF_FullFeatures,20260909T134219Z,2026-08-03 02:00:00+00:00
2026-08-03 04:00:00+00:00,/identity,1,239.0,219.96,RF_FullFeatures,20260909T134219Z,2026-08-03 03:00:00+00:00
2026-08-03 09:00:00+00:00,/identity,6,381.0,293.63,RF_FullFeatures,20260909T134219Z,2026-08-03 03:00:00+00:00
2026-08-03 15:00:00+00:00,/identity,12,390.0,378.37,RF_FullFeatures,20260909T134219Z,2026-08-03 03:00:00+00:00
2026-08-03 05:00:00+00:00,/identity,1,313.0,227.49,RF_FullFeatures,20260909T134219Z,2026-08-03 04:00:00+00:00
2026-08-03 10:00:00+00:00,/identity,6,355.0,301.05,RF_FullFeatures,20260909T134219Z,2026-08-03 04:00:00+00:00
2026-08-03 16:00:00+00:00,/identity,12,435.0,396.11,RF_FullFeatures,20260909T134219Z,2026-08-03 04:00:00+00:00
2026-08-03 06:00:00+00:00,/identity,1,263.0,246.79,RF_FullFeatures,20260909T134219Z,2026-08-03 05:00:00+00:00
2026-08-03 11:00:00+00:00,/identity,6,377.0,351.27,RF_FullFeatures,20260909T134219Z,2026-08-03 05:00:00+00:00
2026-08-03 17:00:00+00:00,/identity,12,352.0,423.58,RF_FullFeatures,20260909T134219Z,2026-08-03 05:00:00+00:00
2026-08-03 07:00:00+00:00,/identity,1,273.0,293.49,RF_FullFeatures,20260909T134219Z,2026-08-03 06:00:00+00:00
2026-08-03 12:00:00+00:00,/identity,6,343.0,341.48,RF_FullFeatures,20260909T134219Z,2026-08-03 06:00:00+00:00
2026-08-03 18:00:00+00:00,/identity,12,382.0,400.69,RF_FullFeatures,20260909T134219Z,2026-08-03 06:00:00+00:00
2026-08-03 08:00:00+00:00,/identity,1,298.0,284.73,RF_FullFeatures,20260909T134219Z,2026-08-03 07:00:00+00:00
2026-08-03 13:00:00+00:00,/identity,6,398.0,352.55,RF_FullFeatures,20260909T134219Z,2026-08-03 07:00:00+00:00
2026-08-03 19:00:00+00:00,/identity,12,353.0,394.76,RF_FullFeatures,20260909T134219Z,2026-08-03 07:00:00+00:00
2026-08-03 09:00:00+00:00,/identity,1,381.0,309.8,RF_FullFeatures,20260909T134219Z,2026-08-03 08:00:00+00:00
2026-08-03 14:00:00+00:00,/identity,6,357.0,390.68,RF_FullFeatures,20260909T134219Z,2026-08-03 08:00:00+00:00
2026-08-03 20:00:00+00:00,/identity,12,277.0,329.92,RF_FullFeatures,20260909T134219Z,2026-08-03 08:00:00+00:00
2026-08-03 10:00:00+00:00,/identity,1,355.0,323.29,RF_FullFeatures,20260909T134219Z,2026-08-03 09:00:00+00:00
2026-08-03 15:00:00+00:00,/identity,6,390.0,425.47,RF_FullFeatures,20260909T134219Z,2026-08-03 09:00:00+00:00
2026-08-03 21:00:00+00:00,/identity,12,272.0,320.39,RF_FullFeatures,20260909T134219Z,2026-08-03 09:00:00+00:00
2026-08-03 11:00:00+00:00,/identity,1,377.0,365.63,RF_FullFeatures,20260909T134219Z,2026-08-03 10:00:00+00:00
2026-08-03 16:00:00+00:00,/identity,6,435.0,385.66,RF_FullFeatures,20260909T134219Z,2026-08-03 10:00:00+00:00
2026-08-03 22:00:00+00:00,/identity,12,269.0,301.54,RF_FullFeatures,20260909T134219Z,2026-08-03 10:00:00+00:00
2026-08-03 12:00:00+00:00,/identity,1,343.0,382.14,RF_FullFeatures,20260909T134219Z,2026-08-03 11:00:00+00:00
2026-08-03 17:00:00+00:00,/identity,6,352.0,396.24,RF_FullFeatures,20260909T134219Z,2026-08-03 11:00:00+00:00
2026-08-03 23:00:00+00:00,/identity,12,285.0,279.55,RF_FullFeatures,20260909T134219Z,2026-08-03 11:00:00+00:00
2026-08-03 13:00:00+00:00,/identity,1,398.0,410.9,RF_FullFeatures,20260909T134219Z,2026-08-03 12:00:00+00:00
2026-08-03 18:00:00+00:00,/identity,6,382.0,383.08,RF_FullFeatures,20260909T134219Z,2026-08-03 12:00:00+00:00
2026-08-04 00:00:00+00:00,/identity,12,223.0,282.13,RF_FullFeatures,20260909T134219Z,2026-08-03 12:00:00+00:00
2026-08-03 14:00:00+00:00,/identity,1,357.0,385.67,RF_FullFeatures,20260909T134219Z,2026-08-03 13:00:00+00:00
2026-08-03 19:00:00+00:00,/identity,6,353.0,386.19,RF_FullFeatures,20260909T134219Z,2026-08-03 13:00:00+00:00
2026-08-04 01:00:00+00:00,/identity,12,263.0,233.43,RF_FullFeatures,20260909T134219Z,2026-08-03 13:00:00+00:00
2026-08-03 15:00:00+00:00,/identity,1,390.0,422.09,RF_FullFeatures,20260909T134219Z,2026-08-03 14:00:00+00:00
2026-08-03 20:00:00+00:00,/identity,6,277.0,321.13,RF_FullFeatures,20260909T134219Z,2026-08-03 14:00:00+00:00
2026-08-04 02:00:00+00:00,/identity,12,248.0,235.95,RF_FullFeatures,20260909T134219Z,2026-08-03 14:00:00+00:00
2026-08-03 16:00:00+00:00,/identity,1,435.0,384.05,RF_FullFeatures,20260909T134219Z,2026-08-03 15:00:00+00:00
2026-08-03 21:00:00+00:00,/identity,6,272.0,331.77,RF_FullFeatures,20260909T134219Z,2026-08-03 15:00:00+00:00
2026-08-04 03:00:00+00:00,/identity,12,188.0,229.23,RF_FullFeatures,20260909T134219Z,2026-08-03 15:00:00+00:00
2026-08-03 17:00:00+00:00,/identity,1,352.0,408.22,RF_FullFeatures,20260909T134219Z,2026-08-03 16:00:00+00:00
2026-08-03 22:00:00+00:00,/identity,6,269.0,301.29,RF_FullFeatures,20260909T134219Z,2026-08-03 16:00:00+00:00
2026-08-04 04:00:00+00:00,/identity,12,210.0,221.19,RF_FullFeatures,20260909T134219Z,2026-08-03 16:00:00+00:00
2026-08-03 18:00:00+00:00,/identity,1,382.0,385.81,RF_FullFeatures,20260909T134219Z,2026-08-03 17:00:00+00:00
2026-08-03 23:00:00+00:00,/identity,6,285.0,289.1,RF_FullFeatures,20260909T134219Z,2026-08-03 17:00:00+00:00
2026-08-04 05:00:00+00:00,/identity,12,295.0,223.06,RF_FullFeatures,20260909T134219Z,2026-08-03 17:00:00+00:00
2026-08-01 12:00:00+00:00,/inventory,1,384.0,358.57,RF_FullFeatures,20260909T134219Z,2026-08-01 11:00:00+00:00
2026-08-01 17:00:00+00:00,/inventory,6,358.0,361.97,RF_FullFeatures,20260909T134219Z,2026-08-01 11:00:00+00:00
2026-08-01 23:00:00+00:00,/inventory,12,182.0,285.22,RF_FullFeatures,20260909T134219Z,2026-08-01 11:00:00+00:00
2026-08-01 13:00:00+00:00,/inventory,1,367.0,364.66,RF_FullFeatures,20260909T134219Z,2026-08-01 12:00:00+00:00
2026-08-01 18:00:00+00:00,/inventory,6,317.0,478.54,RF_FullFeatures,20260909T134219Z,2026-08-01 12:00:00+00:00
2026-08-02 00:00:00+00:00,/inventory,12,239.0,381.05,RF_FullFeatures,20260909T134219Z,2026-08-01 12:00:00+00:00
2026-08-01 14:00:00+00:00,/inventory,1,383.0,413.66,RF_FullFeatures,20260909T134219Z,2026-08-01 13:00:00+00:00
2026-08-01 19:00:00+00:00,/inventory,6,287.0,343.35,RF_FullFeatures,20260909T134219Z,2026-08-01 13:00:00+00:00
2026-08-02 01:00:00+00:00,/inventory,12,231.0,274.76,RF_FullFeatures,20260909T134219Z,2026-08-01 13:00:00+00:00
2026-08-01 15:00:00+00:00,/inventory,1,381.0,365.01,RF_FullFeatures,20260909T134219Z,2026-08-01 14:00:00+00:00
2026-08-01 20:00:00+00:00,/inventory,6,318.0,438.87,RF_FullFeatures,20260909T134219Z,2026-08-01 14:00:00+00:00
2026-08-02 02:00:00+00:00,/inventory,12,195.0,286.02,RF_FullFeatures,20260909T134219Z,2026-08-01 14:00:00+00:00
2026-08-01 16:00:00+00:00,/inventory,1,335.0,420.31,RF_FullFeatures,20260909T134219Z,2026-08-01 15:00:00+00:00
2026-08-01 21:00:00+00:00,/inventory,6,267.0,401.09,RF_FullFeatures,20260909T134219Z,2026-08-01 15:00:00+00:00
2026-08-02 03:00:00+00:00,/inventory,12,224.0,281.51,RF_FullFeatures,20260909T134219Z,2026-08-01 15:00:00+00:00
2026-08-01 17:00:00+00:00,/inventory,1,358.0,406.35,RF_FullFeatures,20260909T134219Z,2026-08-01 16:00:00+00:00
2026-08-01 22:00:00+00:00,/inventory,6,238.0,320.72,RF_FullFeatures,20260909T134219Z,2026-08-01 16:00:00+00:00
2026-08-02 04:00:00+00:00,/inventory,12,180.0,214.3,RF_FullFeatures,20260909T134219Z,2026-08-01 16:00:00+00:00
2026-08-01 18:00:00+00:00,/inventory,1,317.0,348.92,RF_FullFeatures,20260909T134219Z,2026-08-01 17:00:00+00:00
2026-08-01 23:00:00+00:00,/inventory,6,182.0,281.02,RF_FullFeatures,20260909T134219Z,2026-08-01 17:00:00+00:00
2026-08-02 05:00:00+00:00,/inventory,12,213.0,209.57,RF_FullFeatures,20260909T134219Z,2026-08-01 17:00:00+00:00
2026-08-01 19:00:00+00:00,/inventory,1,287.0,332.17,RF_FullFeatures,20260909T134219Z,2026-08-01 18:00:00+00:00
2026-08-02 00:00:00+00:00,/inventory,6,239.0,297.08,RF_FullFeatures,20260909T134219Z,2026-08-01 18:00:00+00:00
2026-08-02 06:00:00+00:00,/inventory,12,312.0,228.09,RF_FullFeatures,20260909T134219Z,2026-08-01 18:00:00+00:00
2026-08-01 20:00:00+00:00,/inventory,1,318.0,329.49,RF_FullFeatures,20260909T134219Z,2026-08-01 19:00:00+00:00
2026-08-02 01:00:00+00:00,/inventory,6,231.0,255.94,RF_FullFeatures,20260909T134219Z,2026-08-01 19:00:00+00:00
2026-08-02 07:00:00+00:00,/inventory,12,285.0,228.18,RF_FullFeatures,20260909T134219Z,2026-08-01 19:00:00+00:00
2026-08-01 21:00:00+00:00,/inventory,1,267.0,315.11,RF_FullFeatures,20260909T134219Z,2026-08-01 20:00:00+00:00
2026-08-02 02:00:00+00:00,/inventory,6,195.0,269.02,RF_FullFeatures,20260909T134219Z,2026-08-01 20:00:00+00:00
2026-08-02 08:00:00+00:00,/inventory,12,283.0,250.51,RF_FullFeatures,20260909T134219Z,2026-08-01 20:00:00+00:00
2026-08-01 22:00:00+00:00,/inventory,1,238.0,304.85,RF_FullFeatures,20260909T134219Z,2026-08-01 21:00:00+00:00
2026-08-02 03:00:00+00:00,/inventory,6,224.0,225.22,RF_FullFeatures,20260909T134219Z,2026-08-01 21:00:00+00:00
2026-08-02 09:00:00+00:00,/inventory,12,344.0,260.8,RF_FullFeatures,20260909T134219Z,2026-08-01 21:00:00+00:00
2026-08-01 23:00:00+00:00,/inventory,1,182.0,256.69,RF_FullFeatures,20260909T134219Z,2026-08-01 22:00:00+00:00
2026-08-02 04:00:00+00:00,/inventory,6,180.0,237.36,RF_FullFeatures,20260909T134219Z,2026-08-01 22:00:00+00:00
2026-08-02 10:00:00+00:00,/inventory,12,335.0,300.88,RF_FullFeatures,20260909T134219Z,2026-08-01 22:00:00+00:00
2026-08-02 00:00:00+00:00,/inventory,1,239.0,269.17,RF_FullFeatures,20260909T134219Z,2026-08-01 23:00:00+00:00
2026-08-02 05:00:00+00:00,/inventory,6,213.0,249.72,RF_FullFeatures,20260909T134219Z,2026-08-01 23:00:00+00:00
2026-08-02 11:00:00+00:00,/inventory,12,381.0,340.19,RF_FullFeatures,20260909T134219Z,2026-08-01 23:00:00+00:00
2026-08-02 01:00:00+00:00,/inventory,1,231.0,216.75,RF_FullFeatures,20260909T134219Z,2026-08-02 00:00:00+00:00
2026-08-02 06:00:00+00:00,/inventory,6,312.0,252.91,RF_FullFeatures,20260909T134219Z,2026-08-02 00:00:00+00:00
2026-08-02 12:00:00+00:00,/inventory,12,349.0,351.79,RF_FullFeatures,20260909T134219Z,2026-08-02 00:00:00+00:00
2026-08-02 02:00:00+00:00,/inventory,1,195.0,249.26,RF_FullFeatures,20260909T134219Z,2026-08-02 01:00:00+00:00
2026-08-02 07:00:00+00:00,/inventory,6,285.0,250.52,RF_FullFeatures,20260909T134219Z,2026-08-02 01:00:00+00:00
2026-08-02 13:00:00+00:00,/inventory,12,402.0,367.81,RF_FullFeatures,20260909T134219Z,2026-08-02 01:00:00+00:00
2026-08-02 03:00:00+00:00,/inventory,1,224.0,235.7,RF_FullFeatures,20260909T134219Z,2026-08-02 02:00:00+00:00
2026-08-02 08:00:00+00:00,/inventory,6,283.0,302.14,RF_FullFeatures,20260909T134219Z,2026-08-02 02:00:00+00:00
2026-08-02 14:00:00+00:00,/inventory,12,399.0,373.96,RF_FullFeatures,20260909T134219Z,2026-08-02 02:00:00+00:00
2026-08-02 04:00:00+00:00,/inventory,1,180.0,227.67,RF_FullFeatures,20260909T134219Z,2026-08-02 03:00:00+00:00
2026-08-02 09:00:00+00:00,/inventory,6,344.0,324.24,RF_FullFeatures,20260909T134219Z,2026-08-02 03:00:00+00:00
2026-08-02 15:00:00+00:00,/inventory,12,308.0,378.48,RF_FullFeatures,20260909T134219Z,2026-08-02 03:00:00+00:00
2026-08-02 05:00:00+00:00,/inventory,1,213.0,254.76,RF_FullFeatures,20260909T134219Z,2026-08-02 04:00:00+00:00
2026-08-02 10:00:00+00:00,/inventory,6,335.0,341.94,RF_FullFeatures,20260909T134219Z,2026-08-02 04:00:00+00:00
2026-08-02 16:00:00+00:00,/inventory,12,350.0,379.41,RF_FullFeatures,20260909T134219Z,2026-08-02 04:00:00+00:00
2026-08-02 06:00:00+00:00,/inventory,1,312.0,253.73,RF_FullFeatures,20260909T134219Z,2026-08-02 05:00:00+00:00
2026-08-02 11:00:00+00:00,/inventory,6,381.0,344.26,RF_FullFeatures,20260909T134219Z,2026-08-02 05:00:00+00:00
2026-08-02 17:00:00+00:00,/inventory,12,414.0,379.97,RF_FullFeatures,20260909T134219Z,2026-08-02 05:00:00+00:00
2026-08-02 07:00:00+00:00,/inventory,1,285.0,261.81,RF_FullFeatures,20260909T134219Z,2026-08-02 06:00:00+00:00
2026-08-02 12:00:00+00:00,/inventory,6,349.0,368.79,RF_FullFeatures,20260909T134219Z,2026-08-02 06:00:00+00:00
2026-08-02 18:00:00+00:00,/inventory,12,310.0,373.11,RF_FullFeatures,20260909T134219Z,2026-08-02 06:00:00+00:00
2026-08-02 08:00:00+00:00,/inventory,1,283.0,337.77,RF_FullFeatures,20260909T134219Z,2026-08-02 07:00:00+00:00
2026-08-02 13:00:00+00:00,/inventory,6,402.0,358.17,RF_FullFeatures,20260909T134219Z,2026-08-02 07:00:00+00:00
2026-08-02 19:00:00+00:00,/inventory,12,290.0,321.69,RF_FullFeatures,20260909T134219Z,2026-08-02 07:00:00+00:00
2026-08-02 09:00:00+00:00,/inventory,1,344.0,342.0,RF_FullFeatures,20260909T134219Z,2026-08-02 08:00:00+00:00
2026-08-02 14:00:00+00:00,/inventory,6,399.0,376.75,RF_FullFeatures,20260909T134219Z,2026-08-02 08:00:00+00:00
2026-08-02 20:00:00+00:00,/inventory,12,209.0,316.33,RF_FullFeatures,20260909T134219Z,2026-08-02 08:00:00+00:00
2026-08-02 10:00:00+00:00,/inventory,1,335.0,340.63,RF_FullFeatures,20260909T134219Z,2026-08-02 09:00:00+00:00
2026-08-02 15:00:00+00:00,/inventory,6,308.0,374.57,RF_FullFeatures,20260909T134219Z,2026-08-02 09:00:00+00:00
2026-08-02 21:00:00+00:00,/inventory,12,310.0,317.81,RF_FullFeatures,20260909T134219Z,2026-08-02 09:00:00+00:00
2026-08-02 11:00:00+00:00,/inventory,1,381.0,351.15,RF_FullFeatures,20260909T134219Z,2026-08-02 10:00:00+00:00
2026-08-02 16:00:00+00:00,/inventory,6,350.0,375.47,RF_FullFeatures,20260909T134219Z,2026-08-02 10:00:00+00:00
2026-08-02 22:00:00+00:00,/inventory,12,237.0,308.86,RF_FullFeatures,20260909T134219Z,2026-08-02 10:00:00+00:00
2026-08-02 12:00:00+00:00,/inventory,1,349.0,361.51,RF_FullFeatures,20260909T134219Z,2026-08-02 11:00:00+00:00
2026-08-02 17:00:00+00:00,/inventory,6,414.0,394.26,RF_FullFeatures,20260909T134219Z,2026-08-02 11:00:00+00:00
2026-08-02 23:00:00+00:00,/inventory,12,254.0,296.16,RF_FullFeatures,20260909T134219Z,2026-08-02 11:00:00+00:00
2026-08-02 13:00:00+00:00,/inventory,1,402.0,421.39,RF_FullFeatures,20260909T134219Z,2026-08-02 12:00:00+00:00
2026-08-02 18:00:00+00:00,/inventory,6,310.0,341.59,RF_FullFeatures,20260909T134219Z,2026-08-02 12:00:00+00:00
2026-08-03 00:00:00+00:00,/inventory,12,288.0,273.7,RF_FullFeatures,20260909T134219Z,2026-08-02 12:00:00+00:00
2026-08-02 14:00:00+00:00,/inventory,1,399.0,370.95,RF_FullFeatures,20260909T134219Z,2026-08-02 13:00:00+00:00
2026-08-02 19:00:00+00:00,/inventory,6,290.0,338.72,RF_FullFeatures,20260909T134219Z,2026-08-02 13:00:00+00:00
2026-08-03 01:00:00+00:00,/inventory,12,262.0,311.95,RF_FullFeatures,20260909T134219Z,2026-08-02 13:00:00+00:00
2026-08-02 15:00:00+00:00,/inventory,1,308.0,424.62,RF_FullFeatures,20260909T134219Z,2026-08-02 14:00:00+00:00
2026-08-02 20:00:00+00:00,/inventory,6,209.0,331.5,RF_FullFeatures,20260909T134219Z,2026-08-02 14:00:00+00:00
2026-08-03 02:00:00+00:00,/inventory,12,283.0,301.13,RF_FullFeatures,20260909T134219Z,2026-08-02 14:00:00+00:00
2026-08-02 16:00:00+00:00,/inventory,1,350.0,412.36,RF_FullFeatures,20260909T134219Z,2026-08-02 15:00:00+00:00
2026-08-02 21:00:00+00:00,/inventory,6,310.0,318.17,RF_FullFeatures,20260909T134219Z,2026-08-02 15:00:00+00:00
2026-08-03 03:00:00+00:00,/inventory,12,379.0,292.22,RF_FullFeatures,20260909T134219Z,2026-08-02 15:00:00+00:00
2026-08-02 17:00:00+00:00,/inventory,1,414.0,355.43,RF_FullFeatures,20260909T134219Z,2026-08-02 16:00:00+00:00
2026-08-02 22:00:00+00:00,/inventory,6,237.0,316.69,RF_FullFeatures,20260909T134219Z,2026-08-02 16:00:00+00:00
2026-08-03 04:00:00+00:00,/inventory,12,259.0,315.52,RF_FullFeatures,20260909T134219Z,2026-08-02 16:00:00+00:00
2026-08-02 18:00:00+00:00,/inventory,1,310.0,342.23,RF_FullFeatures,20260909T134219Z,2026-08-02 17:00:00+00:00
2026-08-02 23:00:00+00:00,/inventory,6,254.0,299.96,RF_FullFeatures,20260909T134219Z,2026-08-02 17:00:00+00:00
2026-08-03 05:00:00+00:00,/inventory,12,311.0,329.36,RF_FullFeatures,20260909T134219Z,2026-08-02 17:00:00+00:00
2026-08-02 19:00:00+00:00,/inventory,1,290.0,366.28,RF_FullFeatures,20260909T134219Z,2026-08-02 18:00:00+00:00
2026-08-03 00:00:00+00:00,/inventory,6,288.0,271.91,RF_FullFeatures,20260909T134219Z,2026-08-02 18:00:00+00:00
2026-08-03 06:00:00+00:00,/inventory,12,319.0,343.98,RF_FullFeatures,20260909T134219Z,2026-08-02 18:00:00+00:00
2026-08-02 20:00:00+00:00,/inventory,1,209.0,317.16,RF_FullFeatures,20260909T134219Z,2026-08-02 19:00:00+00:00
2026-08-03 01:00:00+00:00,/inventory,6,262.0,312.71,RF_FullFeatures,20260909T134219Z,2026-08-02 19:00:00+00:00
2026-08-03 07:00:00+00:00,/inventory,12,339.0,360.01,RF_FullFeatures,20260909T134219Z,2026-08-02 19:00:00+00:00
2026-08-02 21:00:00+00:00,/inventory,1,310.0,311.51,RF_FullFeatures,20260909T134219Z,2026-08-02 20:00:00+00:00
2026-08-03 02:00:00+00:00,/inventory,6,283.0,321.64,RF_FullFeatures,20260909T134219Z,2026-08-02 20:00:00+00:00
2026-08-03 08:00:00+00:00,/inventory,12,384.0,357.59,RF_FullFeatures,20260909T134219Z,2026-08-02 20:00:00+00:00
2026-08-02 22:00:00+00:00,/inventory,1,237.0,270.43,RF_FullFeatures,20260909T134219Z,2026-08-02 21:00:00+00:00
2026-08-03 03:00:00+00:00,/inventory,6,379.0,314.37,RF_FullFeatures,20260909T134219Z,2026-08-02 21:00:00+00:00
2026-08-03 09:00:00+00:00,/inventory,12,451.0,370.8,RF_FullFeatures,20260909T134219Z,2026-08-02 21:00:00+00:00
2026-08-02 23:00:00+00:00,/inventory,1,254.0,284.16,RF_FullFeatures,20260909T134219Z,2026-08-02 22:00:00+00:00
2026-08-03 04:00:00+00:00,/inventory,6,259.0,319.36,RF_FullFeatures,20260909T134219Z,2026-08-02 22:00:00+00:00
2026-08-03 10:00:00+00:00,/inventory,12,469.0,374.56,RF_FullFeatures,20260909T134219Z,2026-08-02 22:00:00+00:00
2026-08-03 00:00:00+00:00,/inventory,1,288.0,265.63,RF_FullFeatures,20260909T134219Z,2026-08-02 23:00:00+00:00
2026-08-03 05:00:00+00:00,/inventory,6,311.0,342.71,RF_FullFeatures,20260909T134219Z,2026-08-02 23:00:00+00:00
2026-08-03 11:00:00+00:00,/inventory,12,468.0,379.58,RF_FullFeatures,20260909T134219Z,2026-08-02 23:00:00+00:00
2026-08-03 01:00:00+00:00,/inventory,1,262.0,315.45,RF_FullFeatures,20260909T134219Z,2026-08-03 00:00:00+00:00
2026-08-03 06:00:00+00:00,/inventory,6,319.0,344.4,RF_FullFeatures,20260909T134219Z,2026-08-03 00:00:00+00:00
2026-08-03 12:00:00+00:00,/inventory,12,489.0,385.71,RF_FullFeatures,20260909T134219Z,2026-08-03 00:00:00+00:00
2026-08-03 02:00:00+00:00,/inventory,1,283.0,313.91,RF_FullFeatures,20260909T134219Z,2026-08-03 01:00:00+00:00
2026-08-03 07:00:00+00:00,/inventory,6,339.0,361.97,RF_FullFeatures,20260909T134219Z,2026-08-03 01:00:00+00:00
2026-08-03 13:00:00+00:00,/inventory,12,587.0,375.72,RF_FullFeatures,20260909T134219Z,2026-08-03 01:00:00+00:00
2026-08-03 03:00:00+00:00,/inventory,1,379.0,325.24,RF_FullFeatures,20260909T134219Z,2026-08-03 02:00:00+00:00
2026-08-03 08:00:00+00:00,/inventory,6,384.0,361.84,RF_FullFeatures,20260909T134219Z,2026-08-03 02:00:00+00:00
2026-08-03 14:00:00+00:00,/inventory,12,480.0,419.43,RF_FullFeatures,20260909T134219Z,2026-08-03 02:00:00+00:00
2026-08-03 04:00:00+00:00,/inventory,1,259.0,332.5,RF_FullFeatures,20260909T134219Z,2026-08-03 03:00:00+00:00
2026-08-03 09:00:00+00:00,/inventory,6,451.0,373.34,RF_FullFeatures,20260909T134219Z,2026-08-03 03:00:00+00:00
2026-08-03 15:00:00+00:00,/inventory,12,481.0,392.02,RF_FullFeatures,20260909T134219Z,2026-08-03 03:00:00+00:00
2026-08-03 05:00:00+00:00,/inventory,1,311.0,344.01,RF_FullFeatures,20260909T134219Z,2026-08-03 04:00:00+00:00
2026-08-03 10:00:00+00:00,/inventory,6,469.0,372.36,RF_FullFeatures,20260909T134219Z,2026-08-03 04:00:00+00:00
2026-08-03 16:00:00+00:00,/inventory,12,467.0,410.01,RF_FullFeatures,20260909T134219Z,2026-08-03 04:00:00+00:00
2026-08-03 06:00:00+00:00,/inventory,1,319.0,325.98,RF_FullFeatures,20260909T134219Z,2026-08-03 05:00:00+00:00
2026-08-03 11:00:00+00:00,/inventory,6,468.0,373.42,RF_FullFeatures,20260909T134219Z,2026-08-03 05:00:00+00:00
2026-08-03 17:00:00+00:00,/inventory,12,501.0,369.04,RF_FullFeatures,20260909T134219Z,2026-08-03 05:00:00+00:00
2026-08-03 07:00:00+00:00,/inventory,1,339.0,357.16,RF_FullFeatures,20260909T134219Z,2026-08-03 06:00:00+00:00
2026-08-03 12:00:00+00:00,/inventory,6,489.0,394.61,RF_FullFeatures,20260909T134219Z,2026-08-03 06:00:00+00:00
2026-08-03 18:00:00+00:00,/inventory,12,450.0,452.91,RF_FullFeatures,20260909T134219Z,2026-08-03 06:00:00+00:00
2026-08-03 08:00:00+00:00,/inventory,1,384.0,357.5,RF_FullFeatures,20260909T134219Z,2026-08-03 07:00:00+00:00
2026-08-03 13:00:00+00:00,/inventory,6,587.0,378.38,RF_FullFeatures,20260909T134219Z,2026-08-03 07:00:00+00:00
2026-08-03 19:00:00+00:00,/inventory,12,431.0,345.32,RF_FullFeatures,20260909T134219Z,2026-08-03 07:00:00+00:00
2026-08-03 09:00:00+00:00,/inventory,1,451.0,363.41,RF_FullFeatures,20260909T134219Z,2026-08-03 08:00:00+00:00
2026-08-03 14:00:00+00:00,/inventory,6,480.0,449.7,RF_FullFeatures,20260909T134219Z,2026-08-03 08:00:00+00:00
2026-08-03 20:00:00+00:00,/inventory,12,397.0,421.89,RF_FullFeatures,20260909T134219Z,2026-08-03 08:00:00+00:00
2026-08-03 10:00:00+00:00,/inventory,1,469.0,377.91,RF_FullFeatures,20260909T134219Z,2026-08-03 09:00:00+00:00
2026-08-03 15:00:00+00:00,/inventory,6,481.0,443.34,RF_FullFeatures,20260909T134219Z,2026-08-03 09:00:00+00:00
2026-08-03 21:00:00+00:00,/inventory,12,400.0,411.15,RF_FullFeatures,20260909T134219Z,2026-08-03 09:00:00+00:00
2026-08-03 11:00:00+00:00,/inventory,1,468.0,413.24,RF_FullFeatures,20260909T134219Z,2026-08-03 10:00:00+00:00
2026-08-03 16:00:00+00:00,/inventory,6,467.0,470.78,RF_FullFeatures,20260909T134219Z,2026-08-03 10:00:00+00:00
2026-08-03 22:00:00+00:00,/inventory,12,284.0,401.6,RF_FullFeatures,20260909T134219Z,2026-08-03 10:00:00+00:00
2026-08-03 12:00:00+00:00,/inventory,1,489.0,459.58,RF_FullFeatures,20260909T134219Z,2026-08-03 11:00:00+00:00
2026-08-03 17:00:00+00:00,/inventory,6,501.0,447.73,RF_FullFeatures,20260909T134219Z,2026-08-03 11:00:00+00:00
2026-08-03 23:00:00+00:00,/inventory,12,268.0,408.91,RF_FullFeatures,20260909T134219Z,2026-08-03 11:00:00+00:00
2026-08-03 13:00:00+00:00,/inventory,1,587.0,437.05,RF_FullFeatures,20260909T134219Z,2026-08-03 12:00:00+00:00
2026-08-03 18:00:00+00:00,/inventory,6,450.0,488.31,RF_FullFeatures,20260909T134219Z,2026-08-03 12:00:00+00:00
2026-08-04 00:00:00+00:00,/inventory,12,347.0,379.84,RF_FullFeatures,20260909T134219Z,2026-08-03 12:00:00+00:00
2026-08-03 14:00:00+00:00,/inventory,1,480.0,502.09,RF_FullFeatures,20260909T134219Z,2026-08-03 13:00:00+00:00
2026-08-03 19:00:00+00:00,/inventory,6,431.0,442.95,RF_FullFeatures,20260909T134219Z,2026-08-03 13:00:00+00:00
2026-08-04 01:00:00+00:00,/inventory,12,329.0,364.37,RF_FullFeatures,20260909T134219Z,2026-08-03 13:00:00+00:00
2026-08-03 15:00:00+00:00,/inventory,1,481.0,509.39,RF_FullFeatures,20260909T134219Z,2026-08-03 14:00:00+00:00
2026-08-03 20:00:00+00:00,/inventory,6,397.0,436.64,RF_FullFeatures,20260909T134219Z,2026-08-03 14:00:00+00:00
2026-08-04 02:00:00+00:00,/inventory,12,260.0,319.63,RF_FullFeatures,20260909T134219Z,2026-08-03 14:00:00+00:00
2026-08-03 16:00:00+00:00,/inventory,1,467.0,476.73,RF_FullFeatures,20260909T134219Z,2026-08-03 15:00:00+00:00
2026-08-03 21:00:00+00:00,/inventory,6,400.0,403.36,RF_FullFeatures,20260909T134219Z,2026-08-03 15:00:00+00:00
2026-08-04 03:00:00+00:00,/inventory,12,320.0,276.9,RF_FullFeatures,20260909T134219Z,2026-08-03 15:00:00+00:00
2026-08-03 17:00:00+00:00,/inventory,1,501.0,467.92,RF_FullFeatures,20260909T134219Z,2026-08-03 16:00:00+00:00
2026-08-03 22:00:00+00:00,/inventory,6,284.0,400.69,RF_FullFeatures,20260909T134219Z,2026-08-03 16:00:00+00:00
2026-08-04 04:00:00+00:00,/inventory,12,253.0,316.85,RF_FullFeatures,20260909T134219Z,2026-08-03 16:00:00+00:00
2026-08-03 18:00:00+00:00,/inventory,1,450.0,486.46,RF_FullFeatures,20260909T134219Z,2026-08-03 17:00:00+00:00
2026-08-03 23:00:00+00:00,/inventory,6,268.0,407.72,RF_FullFeatures,20260909T134219Z,2026-08-03 17:00:00+00:00
2026-08-04 05:00:00+00:00,/inventory,12,356.0,319.46,RF_FullFeatures,20260909T134219Z,2026-08-03 17:00:00+00:00
2026-08-01 12:00:00+00:00,/orders,1,613.0,548.75,RF_FullFeatures,20260909T134219Z,2026-08-01 11:00:00+00:00
2026-08-01 17:00:00+00:00,/orders,6,446.0,508.27,RF_FullFeatures,20260909T134219Z,2026-08-01 11:00:00+00:00
2026-08-01 23:00:00+00:00,/orders,12,347.0,443.09,RF_FullFeatures,20260909T134219Z,2026-08-01 11:00:00+00:00
2026-08-01 13:00:00+00:00,/orders,1,538.0,545.61,RF_FullFeatures,20260909T134219Z,2026-08-01 12:00:00+00:00
2026-08-01 18:00:00+00:00,/orders,6,497.0,706.41,RF_FullFeatures,20260909T134219Z,2026-08-01 12:00:00+00:00
2026-08-02 00:00:00+00:00,/orders,12,167.0,519.1,RF_FullFeatures,20260909T134219Z,2026-08-01 12:00:00+00:00
2026-08-01 14:00:00+00:00,/orders,1,491.0,622.81,RF_FullFeatures,20260909T134219Z,2026-08-01 13:00:00+00:00
2026-08-01 19:00:00+00:00,/orders,6,499.0,487.94,RF_FullFeatures,20260909T134219Z,2026-08-01 13:00:00+00:00
2026-08-02 01:00:00+00:00,/orders,12,215.0,400.14,RF_FullFeatures,20260909T134219Z,2026-08-01 13:00:00+00:00
2026-08-01 15:00:00+00:00,/orders,1,534.0,551.56,RF_FullFeatures,20260909T134219Z,2026-08-01 14:00:00+00:00
2026-08-01 20:00:00+00:00,/orders,6,449.0,494.37,RF_FullFeatures,20260909T134219Z,2026-08-01 14:00:00+00:00
2026-08-02 02:00:00+00:00,/orders,12,262.0,395.75,RF_FullFeatures,20260909T134219Z,2026-08-01 14:00:00+00:00
2026-08-01 16:00:00+00:00,/orders,1,579.0,528.73,RF_FullFeatures,20260909T134219Z,2026-08-01 15:00:00+00:00
2026-08-01 21:00:00+00:00,/orders,6,334.0,471.04,RF_FullFeatures,20260909T134219Z,2026-08-01 15:00:00+00:00
2026-08-02 03:00:00+00:00,/orders,12,384.0,362.45,RF_FullFeatures,20260909T134219Z,2026-08-01 15:00:00+00:00
2026-08-01 17:00:00+00:00,/orders,1,446.0,509.7,RF_FullFeatures,20260909T134219Z,2026-08-01 16:00:00+00:00
2026-08-01 22:00:00+00:00,/orders,6,373.0,501.76,RF_FullFeatures,20260909T134219Z,2026-08-01 16:00:00+00:00
2026-08-02 04:00:00+00:00,/orders,12,347.0,363.49,RF_FullFeatures,20260909T134219Z,2026-08-01 16:00:00+00:00
2026-08-01 18:00:00+00:00,/orders,1,497.0,523.56,RF_FullFeatures,20260909T134219Z,2026-08-01 17:00:00+00:00
2026-08-01 23:00:00+00:00,/orders,6,347.0,441.66,RF_FullFeatures,20260909T134219Z,2026-08-01 17:00:00+00:00
2026-08-02 05:00:00+00:00,/orders,12,336.0,387.78,RF_FullFeatures,20260909T134219Z,2026-08-01 17:00:00+00:00
2026-08-01 19:00:00+00:00,/orders,1,499.0,470.24,RF_FullFeatures,20260909T134219Z,2026-08-01 18:00:00+00:00
2026-08-02 00:00:00+00:00,/orders,6,167.0,423.25,RF_FullFeatures,20260909T134219Z,2026-08-01 18:00:00+00:00
2026-08-02 06:00:00+00:00,/orders,12,347.0,345.27,RF_FullFeatures,20260909T134219Z,2026-08-01 18:00:00+00:00
2026-08-01 20:00:00+00:00,/orders,1,449.0,491.11,RF_FullFeatures,20260909T134219Z,2026-08-01 19:00:00+00:00
2026-08-02 01:00:00+00:00,/orders,6,215.0,392.88,RF_FullFeatures,20260909T134219Z,2026-08-01 19:00:00+00:00
2026-08-02 07:00:00+00:00,/orders,12,328.0,334.88,RF_FullFeatures,20260909T134219Z,2026-08-01 19:00:00+00:00
2026-08-01 21:00:00+00:00,/orders,1,334.0,481.72,RF_FullFeatures,20260909T134219Z,2026-08-01 20:00:00+00:00
2026-08-02 02:00:00+00:00,/orders,6,262.0,399.06,RF_FullFeatures,20260909T134219Z,2026-08-01 20:00:00+00:00
2026-08-02 08:00:00+00:00,/orders,12,439.0,370.62,RF_FullFeatures,20260909T134219Z,2026-08-01 20:00:00+00:00
2026-08-01 22:00:00+00:00,/orders,1,373.0,462.91,RF_FullFeatures,20260909T134219Z,2026-08-01 21:00:00+00:00
2026-08-02 03:00:00+00:00,/orders,6,384.0,332.84,RF_FullFeatures,20260909T134219Z,2026-08-01 21:00:00+00:00
2026-08-02 09:00:00+00:00,/orders,12,454.0,390.44,RF_FullFeatures,20260909T134219Z,2026-08-01 21:00:00+00:00
2026-08-01 23:00:00+00:00,/orders,1,347.0,378.07,RF_FullFeatures,20260909T134219Z,2026-08-01 22:00:00+00:00
2026-08-02 04:00:00+00:00,/orders,6,347.0,331.18,RF_FullFeatures,20260909T134219Z,2026-08-01 22:00:00+00:00
2026-08-02 10:00:00+00:00,/orders,12,420.0,379.76,RF_FullFeatures,20260909T134219Z,2026-08-01 22:00:00+00:00
2026-08-02 00:00:00+00:00,/orders,1,167.0,363.06,RF_FullFeatures,20260909T134219Z,2026-08-01 23:00:00+00:00
2026-08-02 05:00:00+00:00,/orders,6,336.0,362.63,RF_FullFeatures,20260909T134219Z,2026-08-01 23:00:00+00:00
2026-08-02 11:00:00+00:00,/orders,12,607.0,397.2,RF_FullFeatures,20260909T134219Z,2026-08-01 23:00:00+00:00
2026-08-02 01:00:00+00:00,/orders,1,215.0,316.4,RF_FullFeatures,20260909T134219Z,2026-08-02 00:00:00+00:00
2026-08-02 06:00:00+00:00,/orders,6,347.0,334.25,RF_FullFeatures,20260909T134219Z,2026-08-02 00:00:00+00:00
2026-08-02 12:00:00+00:00,/orders,12,534.0,429.89,RF_FullFeatures,20260909T134219Z,2026-08-02 00:00:00+00:00
2026-08-02 02:00:00+00:00,/orders,1,262.0,328.55,RF_FullFeatures,20260909T134219Z,2026-08-02 01:00:00+00:00
2026-08-02 07:00:00+00:00,/orders,6,328.0,338.78,RF_FullFeatures,20260909T134219Z,2026-08-02 01:00:00+00:00
2026-08-02 13:00:00+00:00,/orders,12,572.0,487.79,RF_FullFeatures,20260909T134219Z,2026-08-02 01:00:00+00:00
2026-08-02 03:00:00+00:00,/orders,1,384.0,337.58,RF_FullFeatures,20260909T134219Z,2026-08-02 02:00:00+00:00
2026-08-02 08:00:00+00:00,/orders,6,439.0,359.96,RF_FullFeatures,20260909T134219Z,2026-08-02 02:00:00+00:00
2026-08-02 14:00:00+00:00,/orders,12,500.0,458.74,RF_FullFeatures,20260909T134219Z,2026-08-02 02:00:00+00:00
2026-08-02 04:00:00+00:00,/orders,1,347.0,346.52,RF_FullFeatures,20260909T134219Z,2026-08-02 03:00:00+00:00
2026-08-02 09:00:00+00:00,/orders,6,454.0,395.5,RF_FullFeatures,20260909T134219Z,2026-08-02 03:00:00+00:00
2026-08-02 15:00:00+00:00,/orders,12,485.0,494.46,RF_FullFeatures,20260909T134219Z,2026-08-02 03:00:00+00:00
2026-08-02 05:00:00+00:00,/orders,1,336.0,341.78,RF_FullFeatures,20260909T134219Z,2026-08-02 04:00:00+00:00
2026-08-02 10:00:00+00:00,/orders,6,420.0,401.84,RF_FullFeatures,20260909T134219Z,2026-08-02 04:00:00+00:00
2026-08-02 16:00:00+00:00,/orders,12,567.0,523.42,RF_FullFeatures,20260909T134219Z,2026-08-02 04:00:00+00:00
2026-08-02 06:00:00+00:00,/orders,1,347.0,345.32,RF_FullFeatures,20260909T134219Z,2026-08-02 05:00:00+00:00
2026-08-02 11:00:00+00:00,/orders,6,607.0,411.41,RF_FullFeatures,20260909T134219Z,2026-08-02 05:00:00+00:00
2026-08-02 17:00:00+00:00,/orders,12,476.0,524.41,RF_FullFeatures,20260909T134219Z,2026-08-02 05:00:00+00:00
2026-08-02 07:00:00+00:00,/orders,1,328.0,355.49,RF_FullFeatures,20260909T134219Z,2026-08-02 06:00:00+00:00
2026-08-02 12:00:00+00:00,/orders,6,534.0,424.04,RF_FullFeatures,20260909T134219Z,2026-08-02 06:00:00+00:00
2026-08-02 18:00:00+00:00,/orders,12,521.0,511.09,RF_FullFeatures,20260909T134219Z,2026-08-02 06:00:00+00:00
2026-08-02 08:00:00+00:00,/orders,1,439.0,359.88,RF_FullFeatures,20260909T134219Z,2026-08-02 07:00:00+00:00
2026-08-02 13:00:00+00:00,/orders,6,572.0,488.6,RF_FullFeatures,20260909T134219Z,2026-08-02 07:00:00+00:00
2026-08-02 19:00:00+00:00,/orders,12,399.0,517.42,RF_FullFeatures,20260909T134219Z,2026-08-02 07:00:00+00:00
2026-08-02 09:00:00+00:00,/orders,1,454.0,409.91,RF_FullFeatures,20260909T134219Z,2026-08-02 08:00:00+00:00
2026-08-02 14:00:00+00:00,/orders,6,500.0,543.34,RF_FullFeatures,20260909T134219Z,2026-08-02 08:00:00+00:00
2026-08-02 20:00:00+00:00,/orders,12,384.0,505.2,RF_FullFeatures,20260909T134219Z,2026-08-02 08:00:00+00:00
2026-08-02 10:00:00+00:00,/orders,1,420.0,456.8,RF_FullFeatures,20260909T134219Z,2026-08-02 09:00:00+00:00
2026-08-02 15:00:00+00:00,/orders,6,485.0,524.43,RF_FullFeatures,20260909T134219Z,2026-08-02 09:00:00+00:00
2026-08-02 21:00:00+00:00,/orders,12,428.0,491.57,RF_FullFeatures,20260909T134219Z,2026-08-02 09:00:00+00:00
2026-08-02 11:00:00+00:00,/orders,1,607.0,483.61,RF_FullFeatures,20260909T134219Z,2026-08-02 10:00:00+00:00
2026-08-02 16:00:00+00:00,/orders,6,567.0,522.34,RF_FullFeatures,20260909T134219Z,2026-08-02 10:00:00+00:00
2026-08-02 22:00:00+00:00,/orders,12,325.0,466.14,RF_FullFeatures,20260909T134219Z,2026-08-02 10:00:00+00:00
2026-08-02 12:00:00+00:00,/orders,1,534.0,445.13,RF_FullFeatures,20260909T134219Z,2026-08-02 11:00:00+00:00
2026-08-02 17:00:00+00:00,/orders,6,476.0,591.32,RF_FullFeatures,20260909T134219Z,2026-08-02 11:00:00+00:00
2026-08-02 23:00:00+00:00,/orders,12,355.0,449.12,RF_FullFeatures,20260909T134219Z,2026-08-02 11:00:00+00:00
2026-08-02 13:00:00+00:00,/orders,1,572.0,585.39,RF_FullFeatures,20260909T134219Z,2026-08-02 12:00:00+00:00
2026-08-02 18:00:00+00:00,/orders,6,521.0,496.42,RF_FullFeatures,20260909T134219Z,2026-08-02 12:00:00+00:00
2026-08-03 00:00:00+00:00,/orders,12,478.0,387.34,RF_FullFeatures,20260909T134219Z,2026-08-02 12:00:00+00:00
2026-08-02 14:00:00+00:00,/orders,1,500.0,536.71,RF_FullFeatures,20260909T134219Z,2026-08-02 13:00:00+00:00
2026-08-02 19:00:00+00:00,/orders,6,399.0,510.5,RF_FullFeatures,20260909T134219Z,2026-08-02 13:00:00+00:00
2026-08-03 01:00:00+00:00,/orders,12,354.0,430.68,RF_FullFeatures,20260909T134219Z,2026-08-02 13:00:00+00:00
2026-08-02 15:00:00+00:00,/orders,1,485.0,556.74,RF_FullFeatures,20260909T134219Z,2026-08-02 14:00:00+00:00
2026-08-02 20:00:00+00:00,/orders,6,384.0,487.07,RF_FullFeatures,20260909T134219Z,2026-08-02 14:00:00+00:00
2026-08-03 02:00:00+00:00,/orders,12,433.0,423.85,RF_FullFeatures,20260909T134219Z,2026-08-02 14:00:00+00:00
2026-08-02 16:00:00+00:00,/orders,1,567.0,524.12,RF_FullFeatures,20260909T134219Z,2026-08-02 15:00:00+00:00
2026-08-02 21:00:00+00:00,/orders,6,428.0,498.96,RF_FullFeatures,20260909T134219Z,2026-08-02 15:00:00+00:00
2026-08-03 03:00:00+00:00,/orders,12,383.0,440.26,RF_FullFeatures,20260909T134219Z,2026-08-02 15:00:00+00:00
2026-08-02 17:00:00+00:00,/orders,1,476.0,525.97,RF_FullFeatures,20260909T134219Z,2026-08-02 16:00:00+00:00
2026-08-02 22:00:00+00:00,/orders,6,325.0,458.76,RF_FullFeatures,20260909T134219Z,2026-08-02 16:00:00+00:00
2026-08-03 04:00:00+00:00,/orders,12,494.0,457.32,RF_FullFeatures,20260909T134219Z,2026-08-02 16:00:00+00:00
2026-08-02 18:00:00+00:00,/orders,1,521.0,511.99,RF_FullFeatures,20260909T134219Z,2026-08-02 17:00:00+00:00
2026-08-02 23:00:00+00:00,/orders,6,355.0,442.91,RF_FullFeatures,20260909T134219Z,2026-08-02 17:00:00+00:00
2026-08-03 05:00:00+00:00,/orders,12,463.0,445.75,RF_FullFeatures,20260909T134219Z,2026-08-02 17:00:00+00:00
2026-08-02 19:00:00+00:00,/orders,1,399.0,495.25,RF_FullFeatures,20260909T134219Z,2026-08-02 18:00:00+00:00
2026-08-03 00:00:00+00:00,/orders,6,478.0,424.36,RF_FullFeatures,20260909T134219Z,2026-08-02 18:00:00+00:00
2026-08-03 06:00:00+00:00,/orders,12,453.0,464.88,RF_FullFeatures,20260909T134219Z,2026-08-02 18:00:00+00:00
2026-08-02 20:00:00+00:00,/orders,1,384.0,508.59,RF_FullFeatures,20260909T134219Z,2026-08-02 19:00:00+00:00
2026-08-03 01:00:00+00:00,/orders,6,354.0,464.89,RF_FullFeatures,20260909T134219Z,2026-08-02 19:00:00+00:00
2026-08-03 07:00:00+00:00,/orders,12,512.0,463.85,RF_FullFeatures,20260909T134219Z,2026-08-02 19:00:00+00:00
2026-08-02 21:00:00+00:00,/orders,1,428.0,406.69,RF_FullFeatures,20260909T134219Z,2026-08-02 20:00:00+00:00
2026-08-03 02:00:00+00:00,/orders,6,433.0,399.8,RF_FullFeatures,20260909T134219Z,2026-08-02 20:00:00+00:00
2026-08-03 08:00:00+00:00,/orders,12,538.0,472.58,RF_FullFeatures,20260909T134219Z,2026-08-02 20:00:00+00:00
2026-08-02 22:00:00+00:00,/orders,1,325.0,362.28,RF_FullFeatures,20260909T134219Z,2026-08-02 21:00:00+00:00
2026-08-03 03:00:00+00:00,/orders,6,383.0,454.09,RF_FullFeatures,20260909T134219Z,2026-08-02 21:00:00+00:00
2026-08-03 09:00:00+00:00,/orders,12,655.0,504.92,RF_FullFeatures,20260909T134219Z,2026-08-02 21:00:00+00:00
2026-08-02 23:00:00+00:00,/orders,1,355.0,407.85,RF_FullFeatures,20260909T134219Z,2026-08-02 22:00:00+00:00
2026-08-03 04:00:00+00:00,/orders,6,494.0,439.63,RF_FullFeatures,20260909T134219Z,2026-08-02 22:00:00+00:00
2026-08-03 10:00:00+00:00,/orders,12,789.0,531.45,RF_FullFeatures,20260909T134219Z,2026-08-02 22:00:00+00:00
2026-08-03 00:00:00+00:00,/orders,1,478.0,376.79,RF_FullFeatures,20260909T134219Z,2026-08-02 23:00:00+00:00
2026-08-03 05:00:00+00:00,/orders,6,463.0,445.62,RF_FullFeatures,20260909T134219Z,2026-08-02 23:00:00+00:00
2026-08-03 11:00:00+00:00,/orders,12,716.0,510.39,RF_FullFeatures,20260909T134219Z,2026-08-02 23:00:00+00:00
2026-08-03 01:00:00+00:00,/orders,1,354.0,442.55,RF_FullFeatures,20260909T134219Z,2026-08-03 00:00:00+00:00
2026-08-03 06:00:00+00:00,/orders,6,453.0,445.57,RF_FullFeatures,20260909T134219Z,2026-08-03 00:00:00+00:00
2026-08-03 12:00:00+00:00,/orders,12,672.0,573.31,RF_FullFeatures,20260909T134219Z,2026-08-03 00:00:00+00:00
2026-08-03 02:00:00+00:00,/orders,1,433.0,476.27,RF_FullFeatures,20260909T134219Z,2026-08-03 01:00:00+00:00
2026-08-03 07:00:00+00:00,/orders,6,512.0,439.79,RF_FullFeatures,20260909T134219Z,2026-08-03 01:00:00+00:00
2026-08-03 13:00:00+00:00,/orders,12,683.0,572.43,RF_FullFeatures,20260909T134219Z,2026-08-03 01:00:00+00:00
2026-08-03 03:00:00+00:00,/orders,1,383.0,391.71,RF_FullFeatures,20260909T134219Z,2026-08-03 02:00:00+00:00
2026-08-03 08:00:00+00:00,/orders,6,538.0,456.86,RF_FullFeatures,20260909T134219Z,2026-08-03 02:00:00+00:00
2026-08-03 14:00:00+00:00,/orders,12,763.0,583.84,RF_FullFeatures,20260909T134219Z,2026-08-03 02:00:00+00:00
2026-08-03 04:00:00+00:00,/orders,1,494.0,438.86,RF_FullFeatures,20260909T134219Z,2026-08-03 03:00:00+00:00
2026-08-03 09:00:00+00:00,/orders,6,655.0,494.13,RF_FullFeatures,20260909T134219Z,2026-08-03 03:00:00+00:00
2026-08-03 15:00:00+00:00,/orders,12,691.0,560.51,RF_FullFeatures,20260909T134219Z,2026-08-03 03:00:00+00:00
2026-08-03 05:00:00+00:00,/orders,1,463.0,396.4,RF_FullFeatures,20260909T134219Z,2026-08-03 04:00:00+00:00
2026-08-03 10:00:00+00:00,/orders,6,789.0,547.38,RF_FullFeatures,20260909T134219Z,2026-08-03 04:00:00+00:00
2026-08-03 16:00:00+00:00,/orders,12,670.0,589.27,RF_FullFeatures,20260909T134219Z,2026-08-03 04:00:00+00:00
2026-08-03 06:00:00+00:00,/orders,1,453.0,476.81,RF_FullFeatures,20260909T134219Z,2026-08-03 05:00:00+00:00
2026-08-03 11:00:00+00:00,/orders,6,716.0,530.6,RF_FullFeatures,20260909T134219Z,2026-08-03 05:00:00+00:00
2026-08-03 17:00:00+00:00,/orders,12,756.0,533.28,RF_FullFeatures,20260909T134219Z,2026-08-03 05:00:00+00:00
2026-08-03 07:00:00+00:00,/orders,1,512.0,470.82,RF_FullFeatures,20260909T134219Z,2026-08-03 06:00:00+00:00
2026-08-03 12:00:00+00:00,/orders,6,672.0,585.47,RF_FullFeatures,20260909T134219Z,2026-08-03 06:00:00+00:00
2026-08-03 18:00:00+00:00,/orders,12,697.0,574.9,RF_FullFeatures,20260909T134219Z,2026-08-03 06:00:00+00:00
2026-08-03 08:00:00+00:00,/orders,1,538.0,469.69,RF_FullFeatures,20260909T134219Z,2026-08-03 07:00:00+00:00
2026-08-03 13:00:00+00:00,/orders,6,683.0,565.37,RF_FullFeatures,20260909T134219Z,2026-08-03 07:00:00+00:00
2026-08-03 19:00:00+00:00,/orders,12,698.0,515.51,RF_FullFeatures,20260909T134219Z,2026-08-03 07:00:00+00:00
2026-08-03 09:00:00+00:00,/orders,1,655.0,545.07,RF_FullFeatures,20260909T134219Z,2026-08-03 08:00:00+00:00
2026-08-03 14:00:00+00:00,/orders,6,763.0,600.0,RF_FullFeatures,20260909T134219Z,2026-08-03 08:00:00+00:00
2026-08-03 20:00:00+00:00,/orders,12,676.0,498.53,RF_FullFeatures,20260909T134219Z,2026-08-03 08:00:00+00:00
2026-08-03 10:00:00+00:00,/orders,1,789.0,549.9,RF_FullFeatures,20260909T134219Z,2026-08-03 09:00:00+00:00
2026-08-03 15:00:00+00:00,/orders,6,691.0,749.5,RF_FullFeatures,20260909T134219Z,2026-08-03 09:00:00+00:00
2026-08-03 21:00:00+00:00,/orders,12,552.0,627.08,RF_FullFeatures,20260909T134219Z,2026-08-03 09:00:00+00:00
2026-08-03 11:00:00+00:00,/orders,1,716.0,681.46,RF_FullFeatures,20260909T134219Z,2026-08-03 10:00:00+00:00
2026-08-03 16:00:00+00:00,/orders,6,670.0,767.02,RF_FullFeatures,20260909T134219Z,2026-08-03 10:00:00+00:00
2026-08-03 22:00:00+00:00,/orders,12,440.0,545.77,RF_FullFeatures,20260909T134219Z,2026-08-03 10:00:00+00:00
2026-08-03 12:00:00+00:00,/orders,1,672.0,723.37,RF_FullFeatures,20260909T134219Z,2026-08-03 11:00:00+00:00
2026-08-03 17:00:00+00:00,/orders,6,756.0,768.17,RF_FullFeatures,20260909T134219Z,2026-08-03 11:00:00+00:00
2026-08-03 23:00:00+00:00,/orders,12,502.0,493.02,RF_FullFeatures,20260909T134219Z,2026-08-03 11:00:00+00:00
2026-08-03 13:00:00+00:00,/orders,1,683.0,733.05,RF_FullFeatures,20260909T134219Z,2026-08-03 12:00:00+00:00
2026-08-03 18:00:00+00:00,/orders,6,697.0,760.45,RF_FullFeatures,20260909T134219Z,2026-08-03 12:00:00+00:00
2026-08-04 00:00:00+00:00,/orders,12,431.0,467.75,RF_FullFeatures,20260909T134219Z,2026-08-03 12:00:00+00:00
2026-08-03 14:00:00+00:00,/orders,1,763.0,760.09,RF_FullFeatures,20260909T134219Z,2026-08-03 13:00:00+00:00
2026-08-03 19:00:00+00:00,/orders,6,698.0,646.37,RF_FullFeatures,20260909T134219Z,2026-08-03 13:00:00+00:00
2026-08-04 01:00:00+00:00,/orders,12,468.0,507.94,RF_FullFeatures,20260909T134219Z,2026-08-03 13:00:00+00:00
2026-08-03 15:00:00+00:00,/orders,1,691.0,750.58,RF_FullFeatures,20260909T134219Z,2026-08-03 14:00:00+00:00
2026-08-03 20:00:00+00:00,/orders,6,676.0,641.5,RF_FullFeatures,20260909T134219Z,2026-08-03 14:00:00+00:00
2026-08-04 02:00:00+00:00,/orders,12,374.0,427.81,RF_FullFeatures,20260909T134219Z,2026-08-03 14:00:00+00:00
2026-08-03 16:00:00+00:00,/orders,1,670.0,757.96,RF_FullFeatures,20260909T134219Z,2026-08-03 15:00:00+00:00
2026-08-03 21:00:00+00:00,/orders,6,552.0,564.71,RF_FullFeatures,20260909T134219Z,2026-08-03 15:00:00+00:00
2026-08-04 03:00:00+00:00,/orders,12,436.0,429.66,RF_FullFeatures,20260909T134219Z,2026-08-03 15:00:00+00:00
2026-08-03 17:00:00+00:00,/orders,1,756.0,743.22,RF_FullFeatures,20260909T134219Z,2026-08-03 16:00:00+00:00
2026-08-03 22:00:00+00:00,/orders,6,440.0,562.97,RF_FullFeatures,20260909T134219Z,2026-08-03 16:00:00+00:00
2026-08-04 04:00:00+00:00,/orders,12,461.0,399.49,RF_FullFeatures,20260909T134219Z,2026-08-03 16:00:00+00:00
2026-08-03 18:00:00+00:00,/orders,1,697.0,748.9,RF_FullFeatures,20260909T134219Z,2026-08-03 17:00:00+00:00
2026-08-03 23:00:00+00:00,/orders,6,502.0,501.22,RF_FullFeatures,20260909T134219Z,2026-08-03 17:00:00+00:00
2026-08-04 05:00:00+00:00,/orders,12,501.0,445.47,RF_FullFeatures,20260909T134219Z,2026-08-03 17:00:00+00:00
2026-08-01 12:00:00+00:00,/payments,1,368.0,418.06,RF_FullFeatures,20260909T134219Z,2026-08-01 11:00:00+00:00
2026-08-01 17:00:00+00:00,/payments,6,392.0,398.0,RF_FullFeatures,20260909T134219Z,2026-08-01 11:00:00+00:00
2026-08-01 23:00:00+00:00,/payments,12,321.0,359.54,RF_FullFeatures,20260909T134219Z,2026-08-01 11:00:00+00:00
2026-08-01 13:00:00+00:00,/payments,1,406.0,414.2,RF_FullFeatures,20260909T134219Z,2026-08-01 12:00:00+00:00
2026-08-01 18:00:00+00:00,/payments,6,398.0,422.08,RF_FullFeatures,20260909T134219Z,2026-08-01 12:00:00+00:00
2026-08-02 00:00:00+00:00,/payments,12,281.0,361.28,RF_FullFeatures,20260909T134219Z,2026-08-01 12:00:00+00:00
2026-08-01 14:00:00+00:00,/payments,1,443.0,396.81,RF_FullFeatures,20260909T134219Z,2026-08-01 13:00:00+00:00
2026-08-01 19:00:00+00:00,/payments,6,370.0,430.84,RF_FullFeatures,20260909T134219Z,2026-08-01 13:00:00+00:00
2026-08-02 01:00:00+00:00,/payments,12,215.0,333.54,RF_FullFeatures,20260909T134219Z,2026-08-01 13:00:00+00:00
2026-08-01 15:00:00+00:00,/payments,1,429.0,423.39,RF_FullFeatures,20260909T134219Z,2026-08-01 14:00:00+00:00
2026-08-01 20:00:00+00:00,/payments,6,279.0,377.18,RF_FullFeatures,20260909T134219Z,2026-08-01 14:00:00+00:00
2026-08-02 02:00:00+00:00,/payments,12,315.0,334.09,RF_FullFeatures,20260909T134219Z,2026-08-01 14:00:00+00:00
2026-08-01 16:00:00+00:00,/payments,1,398.0,446.68,RF_FullFeatures,20260909T134219Z,2026-08-01 15:00:00+00:00
2026-08-01 21:00:00+00:00,/payments,6,300.0,371.49,RF_FullFeatures,20260909T134219Z,2026-08-01 15:00:00+00:00
2026-08-02 03:00:00+00:00,/payments,12,197.0,333.31,RF_FullFeatures,20260909T134219Z,2026-08-01 15:00:00+00:00
2026-08-01 17:00:00+00:00,/payments,1,392.0,401.32,RF_FullFeatures,20260909T134219Z,2026-08-01 16:00:00+00:00
2026-08-01 22:00:00+00:00,/payments,6,237.0,358.66,RF_FullFeatures,20260909T134219Z,2026-08-01 16:00:00+00:00
2026-08-02 04:00:00+00:00,/payments,12,317.0,347.89,RF_FullFeatures,20260909T134219Z,2026-08-01 16:00:00+00:00
2026-08-01 18:00:00+00:00,/payments,1,398.0,421.43,RF_FullFeatures,20260909T134219Z,2026-08-01 17:00:00+00:00
2026-08-01 23:00:00+00:00,/payments,6,321.0,364.36,RF_FullFeatures,20260909T134219Z,2026-08-01 17:00:00+00:00
2026-08-02 05:00:00+00:00,/payments,12,182.0,348.7,RF_FullFeatures,20260909T134219Z,2026-08-01 17:00:00+00:00
2026-08-01 19:00:00+00:00,/payments,1,370.0,433.9,RF_FullFeatures,20260909T134219Z,2026-08-01 18:00:00+00:00
2026-08-02 00:00:00+00:00,/payments,6,281.0,361.28,RF_FullFeatures,20260909T134219Z,2026-08-01 18:00:00+00:00
2026-08-02 06:00:00+00:00,/payments,12,282.0,375.11,RF_FullFeatures,20260909T134219Z,2026-08-01 18:00:00+00:00
2026-08-01 20:00:00+00:00,/payments,1,279.0,370.82,RF_FullFeatures,20260909T134219Z,2026-08-01 19:00:00+00:00
2026-08-02 01:00:00+00:00,/payments,6,215.0,342.58,RF_FullFeatures,20260909T134219Z,2026-08-01 19:00:00+00:00
2026-08-02 07:00:00+00:00,/payments,12,322.0,392.05,RF_FullFeatures,20260909T134219Z,2026-08-01 19:00:00+00:00
2026-08-01 21:00:00+00:00,/payments,1,300.0,359.94,RF_FullFeatures,20260909T134219Z,2026-08-01 20:00:00+00:00
2026-08-02 02:00:00+00:00,/payments,6,315.0,270.96,RF_FullFeatures,20260909T134219Z,2026-08-01 20:00:00+00:00
2026-08-02 08:00:00+00:00,/payments,12,387.0,294.39,RF_FullFeatures,20260909T134219Z,2026-08-01 20:00:00+00:00
2026-08-01 22:00:00+00:00,/payments,1,237.0,300.31,RF_FullFeatures,20260909T134219Z,2026-08-01 21:00:00+00:00
2026-08-02 03:00:00+00:00,/payments,6,197.0,310.36,RF_FullFeatures,20260909T134219Z,2026-08-01 21:00:00+00:00
2026-08-02 09:00:00+00:00,/payments,12,376.0,353.34,RF_FullFeatures,20260909T134219Z,2026-08-01 21:00:00+00:00
2026-08-01 23:00:00+00:00,/payments,1,321.0,300.48,RF_FullFeatures,20260909T134219Z,2026-08-01 22:00:00+00:00
2026-08-02 04:00:00+00:00,/payments,6,317.0,317.68,RF_FullFeatures,20260909T134219Z,2026-08-01 22:00:00+00:00
2026-08-02 10:00:00+00:00,/payments,12,368.0,382.7,RF_FullFeatures,20260909T134219Z,2026-08-01 22:00:00+00:00
2026-08-02 00:00:00+00:00,/payments,1,281.0,278.23,RF_FullFeatures,20260909T134219Z,2026-08-01 23:00:00+00:00
2026-08-02 05:00:00+00:00,/payments,6,182.0,356.4,RF_FullFeatures,20260909T134219Z,2026-08-01 23:00:00+00:00
2026-08-02 11:00:00+00:00,/payments,12,430.0,426.56,RF_FullFeatures,20260909T134219Z,2026-08-01 23:00:00+00:00
2026-08-02 01:00:00+00:00,/payments,1,215.0,321.18,RF_FullFeatures,20260909T134219Z,2026-08-02 00:00:00+00:00
2026-08-02 06:00:00+00:00,/payments,6,282.0,320.68,RF_FullFeatures,20260909T134219Z,2026-08-02 00:00:00+00:00
2026-08-02 12:00:00+00:00,/payments,12,439.0,345.63,RF_FullFeatures,20260909T134219Z,2026-08-02 00:00:00+00:00
2026-08-02 02:00:00+00:00,/payments,1,315.0,266.75,RF_FullFeatures,20260909T134219Z,2026-08-02 01:00:00+00:00
2026-08-02 07:00:00+00:00,/payments,6,322.0,342.94,RF_FullFeatures,20260909T134219Z,2026-08-02 01:00:00+00:00
2026-08-02 13:00:00+00:00,/payments,12,464.0,437.86,RF_FullFeatures,20260909T134219Z,2026-08-02 01:00:00+00:00
2026-08-02 03:00:00+00:00,/payments,1,197.0,293.63,RF_FullFeatures,20260909T134219Z,2026-08-02 02:00:00+00:00
2026-08-02 08:00:00+00:00,/payments,6,387.0,381.93,RF_FullFeatures,20260909T134219Z,2026-08-02 02:00:00+00:00
2026-08-02 14:00:00+00:00,/payments,12,448.0,467.78,RF_FullFeatures,20260909T134219Z,2026-08-02 02:00:00+00:00
2026-08-02 04:00:00+00:00,/payments,1,317.0,341.27,RF_FullFeatures,20260909T134219Z,2026-08-02 03:00:00+00:00
2026-08-02 09:00:00+00:00,/payments,6,376.0,296.13,RF_FullFeatures,20260909T134219Z,2026-08-02 03:00:00+00:00
2026-08-02 15:00:00+00:00,/payments,12,515.0,299.78,RF_FullFeatures,20260909T134219Z,2026-08-02 03:00:00+00:00
2026-08-02 05:00:00+00:00,/payments,1,182.0,282.82,RF_FullFeatures,20260909T134219Z,2026-08-02 04:00:00+00:00
2026-08-02 10:00:00+00:00,/payments,6,368.0,362.31,RF_FullFeatures,20260909T134219Z,2026-08-02 04:00:00+00:00
2026-08-02 16:00:00+00:00,/payments,12,410.0,446.32,RF_FullFeatures,20260909T134219Z,2026-08-02 04:00:00+00:00
2026-08-02 06:00:00+00:00,/payments,1,282.0,328.64,RF_FullFeatures,20260909T134219Z,2026-08-02 05:00:00+00:00
2026-08-02 11:00:00+00:00,/payments,6,430.0,296.08,RF_FullFeatures,20260909T134219Z,2026-08-02 05:00:00+00:00
2026-08-02 17:00:00+00:00,/payments,12,415.0,297.94,RF_FullFeatures,20260909T134219Z,2026-08-02 05:00:00+00:00
2026-08-02 07:00:00+00:00,/payments,1,322.0,272.22,RF_FullFeatures,20260909T134219Z,2026-08-02 06:00:00+00:00
2026-08-02 12:00:00+00:00,/payments,6,439.0,354.22,RF_FullFeatures,20260909T134219Z,2026-08-02 06:00:00+00:00
2026-08-02 18:00:00+00:00,/payments,12,347.0,447.07,RF_FullFeatures,20260909T134219Z,2026-08-02 06:00:00+00:00
2026-08-02 08:00:00+00:00,/payments,1,387.0,314.99,RF_FullFeatures,20260909T134219Z,2026-08-02 07:00:00+00:00
2026-08-02 13:00:00+00:00,/payments,6,464.0,377.27,RF_FullFeatures,20260909T134219Z,2026-08-02 07:00:00+00:00
2026-08-02 19:00:00+00:00,/payments,12,378.0,457.64,RF_FullFeatures,20260909T134219Z,2026-08-02 07:00:00+00:00
2026-08-02 09:00:00+00:00,/payments,1,376.0,329.44,RF_FullFeatures,20260909T134219Z,2026-08-02 08:00:00+00:00
2026-08-02 14:00:00+00:00,/payments,6,448.0,429.61,RF_FullFeatures,20260909T134219Z,2026-08-02 08:00:00+00:00
2026-08-02 20:00:00+00:00,/payments,12,384.0,449.88,RF_FullFeatures,20260909T134219Z,2026-08-02 08:00:00+00:00
2026-08-02 10:00:00+00:00,/payments,1,368.0,357.49,RF_FullFeatures,20260909T134219Z,2026-08-02 09:00:00+00:00
2026-08-02 15:00:00+00:00,/payments,6,515.0,405.14,RF_FullFeatures,20260909T134219Z,2026-08-02 09:00:00+00:00
2026-08-02 21:00:00+00:00,/payments,12,341.0,387.77,RF_FullFeatures,20260909T134219Z,2026-08-02 09:00:00+00:00
2026-08-02 11:00:00+00:00,/payments,1,430.0,381.93,RF_FullFeatures,20260909T134219Z,2026-08-02 10:00:00+00:00
2026-08-02 16:00:00+00:00,/payments,6,410.0,459.92,RF_FullFeatures,20260909T134219Z,2026-08-02 10:00:00+00:00
2026-08-02 22:00:00+00:00,/payments,12,323.0,385.53,RF_FullFeatures,20260909T134219Z,2026-08-02 10:00:00+00:00
2026-08-02 12:00:00+00:00,/payments,1,439.0,384.39,RF_FullFeatures,20260909T134219Z,2026-08-02 11:00:00+00:00
2026-08-02 17:00:00+00:00,/payments,6,415.0,450.39,RF_FullFeatures,20260909T134219Z,2026-08-02 11:00:00+00:00
2026-08-02 23:00:00+00:00,/payments,12,246.0,387.54,RF_FullFeatures,20260909T134219Z,2026-08-02 11:00:00+00:00
2026-08-02 13:00:00+00:00,/payments,1,464.0,412.76,RF_FullFeatures,20260909T134219Z,2026-08-02 12:00:00+00:00
2026-08-02 18:00:00+00:00,/payments,6,347.0,464.44,RF_FullFeatures,20260909T134219Z,2026-08-02 12:00:00+00:00
2026-08-03 00:00:00+00:00,/payments,12,414.0,378.5,RF_FullFeatures,20260909T134219Z,2026-08-02 12:00:00+00:00
2026-08-02 14:00:00+00:00,/payments,1,448.0,454.65,RF_FullFeatures,20260909T134219Z,2026-08-02 13:00:00+00:00
2026-08-02 19:00:00+00:00,/payments,6,378.0,451.68,RF_FullFeatures,20260909T134219Z,2026-08-02 13:00:00+00:00
2026-08-03 01:00:00+00:00,/payments,12,315.0,360.49,RF_FullFeatures,20260909T134219Z,2026-08-02 13:00:00+00:00
2026-08-02 15:00:00+00:00,/payments,1,515.0,468.39,RF_FullFeatures,20260909T134219Z,2026-08-02 14:00:00+00:00
2026-08-02 20:00:00+00:00,/payments,6,384.0,392.2,RF_FullFeatures,20260909T134219Z,2026-08-02 14:00:00+00:00
2026-08-03 02:00:00+00:00,/payments,12,381.0,350.96,RF_FullFeatures,20260909T134219Z,2026-08-02 14:00:00+00:00
2026-08-02 16:00:00+00:00,/payments,1,410.0,469.23,RF_FullFeatures,20260909T134219Z,2026-08-02 15:00:00+00:00
2026-08-02 21:00:00+00:00,/payments,6,341.0,414.57,RF_FullFeatures,20260909T134219Z,2026-08-02 15:00:00+00:00
2026-08-03 03:00:00+00:00,/payments,12,390.0,352.85,RF_FullFeatures,20260909T134219Z,2026-08-02 15:00:00+00:00
2026-08-02 17:00:00+00:00,/payments,1,415.0,512.64,RF_FullFeatures,20260909T134219Z,2026-08-02 16:00:00+00:00
2026-08-02 22:00:00+00:00,/payments,6,323.0,365.19,RF_FullFeatures,20260909T134219Z,2026-08-02 16:00:00+00:00
2026-08-03 04:00:00+00:00,/payments,12,423.0,364.37,RF_FullFeatures,20260909T134219Z,2026-08-02 16:00:00+00:00
2026-08-02 18:00:00+00:00,/payments,1,347.0,406.54,RF_FullFeatures,20260909T134219Z,2026-08-02 17:00:00+00:00
2026-08-02 23:00:00+00:00,/payments,6,246.0,364.87,RF_FullFeatures,20260909T134219Z,2026-08-02 17:00:00+00:00
2026-08-03 05:00:00+00:00,/payments,12,417.0,380.18,RF_FullFeatures,20260909T134219Z,2026-08-02 17:00:00+00:00
2026-08-02 19:00:00+00:00,/payments,1,378.0,400.97,RF_FullFeatures,20260909T134219Z,2026-08-02 18:00:00+00:00
2026-08-03 00:00:00+00:00,/payments,6,414.0,349.81,RF_FullFeatures,20260909T134219Z,2026-08-02 18:00:00+00:00
2026-08-03 06:00:00+00:00,/payments,12,451.0,407.27,RF_FullFeatures,20260909T134219Z,2026-08-02 18:00:00+00:00
2026-08-02 20:00:00+00:00,/payments,1,384.0,355.71,RF_FullFeatures,20260909T134219Z,2026-08-02 19:00:00+00:00
2026-08-03 01:00:00+00:00,/payments,6,315.0,363.94,RF_FullFeatures,20260909T134219Z,2026-08-02 19:00:00+00:00
2026-08-03 07:00:00+00:00,/payments,12,550.0,430.09,RF_FullFeatures,20260909T134219Z,2026-08-02 19:00:00+00:00
2026-08-02 21:00:00+00:00,/payments,1,341.0,363.86,RF_FullFeatures,20260909T134219Z,2026-08-02 20:00:00+00:00
2026-08-03 02:00:00+00:00,/payments,6,381.0,365.02,RF_FullFeatures,20260909T134219Z,2026-08-02 20:00:00+00:00
2026-08-03 08:00:00+00:00,/payments,12,565.0,433.31,RF_FullFeatures,20260909T134219Z,2026-08-02 20:00:00+00:00
2026-08-02 22:00:00+00:00,/payments,1,323.0,377.61,RF_FullFeatures,20260909T134219Z,2026-08-02 21:00:00+00:00
2026-08-03 03:00:00+00:00,/payments,6,390.0,357.84,RF_FullFeatures,20260909T134219Z,2026-08-02 21:00:00+00:00
2026-08-03 09:00:00+00:00,/payments,12,646.0,454.54,RF_FullFeatures,20260909T134219Z,2026-08-02 21:00:00+00:00
2026-08-02 23:00:00+00:00,/payments,1,246.0,354.23,RF_FullFeatures,20260909T134219Z,2026-08-02 22:00:00+00:00
2026-08-03 04:00:00+00:00,/payments,6,423.0,354.74,RF_FullFeatures,20260909T134219Z,2026-08-02 22:00:00+00:00
2026-08-03 10:00:00+00:00,/payments,12,622.0,461.71,RF_FullFeatures,20260909T134219Z,2026-08-02 22:00:00+00:00
2026-08-03 00:00:00+00:00,/payments,1,414.0,315.2,RF_FullFeatures,20260909T134219Z,2026-08-02 23:00:00+00:00
2026-08-03 05:00:00+00:00,/payments,6,417.0,301.71,RF_FullFeatures,20260909T134219Z,2026-08-02 23:00:00+00:00
2026-08-03 11:00:00+00:00,/payments,12,743.0,309.06,RF_FullFeatures,20260909T134219Z,2026-08-02 23:00:00+00:00
2026-08-03 01:00:00+00:00,/payments,1,315.0,297.55,RF_FullFeatures,20260909T134219Z,2026-08-03 00:00:00+00:00
2026-08-03 06:00:00+00:00,/payments,6,451.0,415.4,RF_FullFeatures,20260909T134219Z,2026-08-03 00:00:00+00:00
2026-08-03 12:00:00+00:00,/payments,12,828.0,460.07,RF_FullFeatures,20260909T134219Z,2026-08-03 00:00:00+00:00
2026-08-03 02:00:00+00:00,/payments,1,381.0,396.63,RF_FullFeatures,20260909T134219Z,2026-08-03 01:00:00+00:00
2026-08-03 07:00:00+00:00,/payments,6,550.0,368.31,RF_FullFeatures,20260909T134219Z,2026-08-03 01:00:00+00:00
2026-08-03 13:00:00+00:00,/payments,12,777.0,419.27,RF_FullFeatures,20260909T134219Z,2026-08-03 01:00:00+00:00
2026-08-03 03:00:00+00:00,/payments,1,390.0,323.54,RF_FullFeatures,20260909T134219Z,2026-08-03 02:00:00+00:00
2026-08-03 08:00:00+00:00,/payments,6,565.0,430.0,RF_FullFeatures,20260909T134219Z,2026-08-03 02:00:00+00:00
2026-08-03 14:00:00+00:00,/payments,12,844.0,498.7,RF_FullFeatures,20260909T134219Z,2026-08-03 02:00:00+00:00
2026-08-03 04:00:00+00:00,/payments,1,423.0,394.03,RF_FullFeatures,20260909T134219Z,2026-08-03 03:00:00+00:00
2026-08-03 09:00:00+00:00,/payments,6,646.0,457.7,RF_FullFeatures,20260909T134219Z,2026-08-03 03:00:00+00:00
2026-08-03 15:00:00+00:00,/payments,12,861.0,497.4,RF_FullFeatures,20260909T134219Z,2026-08-03 03:00:00+00:00
2026-08-03 05:00:00+00:00,/payments,1,417.0,397.62,RF_FullFeatures,20260909T134219Z,2026-08-03 04:00:00+00:00
2026-08-03 10:00:00+00:00,/payments,6,622.0,444.29,RF_FullFeatures,20260909T134219Z,2026-08-03 04:00:00+00:00
2026-08-03 16:00:00+00:00,/payments,12,875.0,414.49,RF_FullFeatures,20260909T134219Z,2026-08-03 04:00:00+00:00
2026-08-03 06:00:00+00:00,/payments,1,451.0,424.81,RF_FullFeatures,20260909T134219Z,2026-08-03 05:00:00+00:00
2026-08-03 11:00:00+00:00,/payments,6,743.0,462.1,RF_FullFeatures,20260909T134219Z,2026-08-03 05:00:00+00:00
2026-08-03 17:00:00+00:00,/payments,12,825.0,569.0,RF_FullFeatures,20260909T134219Z,2026-08-03 05:00:00+00:00
2026-08-03 07:00:00+00:00,/payments,1,550.0,416.64,RF_FullFeatures,20260909T134219Z,2026-08-03 06:00:00+00:00
2026-08-03 12:00:00+00:00,/payments,6,828.0,502.01,RF_FullFeatures,20260909T134219Z,2026-08-03 06:00:00+00:00
2026-08-03 18:00:00+00:00,/payments,12,750.0,583.69,RF_FullFeatures,20260909T134219Z,2026-08-03 06:00:00+00:00
2026-08-03 08:00:00+00:00,/payments,1,565.0,454.26,RF_FullFeatures,20260909T134219Z,2026-08-03 07:00:00+00:00
2026-08-03 13:00:00+00:00,/payments,6,777.0,589.76,RF_FullFeatures,20260909T134219Z,2026-08-03 07:00:00+00:00
2026-08-03 19:00:00+00:00,/payments,12,691.0,538.95,RF_FullFeatures,20260909T134219Z,2026-08-03 07:00:00+00:00
2026-08-03 09:00:00+00:00,/payments,1,646.0,525.88,RF_FullFeatures,20260909T134219Z,2026-08-03 08:00:00+00:00
2026-08-03 14:00:00+00:00,/payments,6,844.0,590.76,RF_FullFeatures,20260909T134219Z,2026-08-03 08:00:00+00:00
2026-08-03 20:00:00+00:00,/payments,12,743.0,508.16,RF_FullFeatures,20260909T134219Z,2026-08-03 08:00:00+00:00
2026-08-03 10:00:00+00:00,/payments,1,622.0,569.06,RF_FullFeatures,20260909T134219Z,2026-08-03 09:00:00+00:00
2026-08-03 15:00:00+00:00,/payments,6,861.0,586.97,RF_FullFeatures,20260909T134219Z,2026-08-03 09:00:00+00:00
2026-08-03 21:00:00+00:00,/payments,12,720.0,507.15,RF_FullFeatures,20260909T134219Z,2026-08-03 09:00:00+00:00
2026-08-03 11:00:00+00:00,/payments,1,743.0,585.48,RF_FullFeatures,20260909T134219Z,2026-08-03 10:00:00+00:00
2026-08-03 16:00:00+00:00,/payments,6,875.0,583.03,RF_FullFeatures,20260909T134219Z,2026-08-03 10:00:00+00:00
2026-08-03 22:00:00+00:00,/payments,12,633.0,449.19,RF_FullFeatures,20260909T134219Z,2026-08-03 10:00:00+00:00
2026-08-03 12:00:00+00:00,/payments,1,828.0,596.39,RF_FullFeatures,20260909T134219Z,2026-08-03 11:00:00+00:00
2026-08-03 17:00:00+00:00,/payments,6,825.0,570.75,RF_FullFeatures,20260909T134219Z,2026-08-03 11:00:00+00:00
2026-08-03 23:00:00+00:00,/payments,12,622.0,437.0,RF_FullFeatures,20260909T134219Z,2026-08-03 11:00:00+00:00
2026-08-03 13:00:00+00:00,/payments,1,777.0,590.72,RF_FullFeatures,20260909T134219Z,2026-08-03 12:00:00+00:00
2026-08-03 18:00:00+00:00,/payments,6,750.0,564.22,RF_FullFeatures,20260909T134219Z,2026-08-03 12:00:00+00:00
2026-08-04 00:00:00+00:00,/payments,12,587.0,418.24,RF_FullFeatures,20260909T134219Z,2026-08-03 12:00:00+00:00
2026-08-03 14:00:00+00:00,/payments,1,844.0,578.58,RF_FullFeatures,20260909T134219Z,2026-08-03 13:00:00+00:00
2026-08-03 19:00:00+00:00,/payments,6,691.0,509.47,RF_FullFeatures,20260909T134219Z,2026-08-03 13:00:00+00:00
2026-08-04 01:00:00+00:00,/payments,12,525.0,368.55,RF_FullFeatures,20260909T134219Z,2026-08-03 13:00:00+00:00
2026-08-03 15:00:00+00:00,/payments,1,861.0,581.02,RF_FullFeatures,20260909T134219Z,2026-08-03 14:00:00+00:00
2026-08-03 20:00:00+00:00,/payments,6,743.0,496.64,RF_FullFeatures,20260909T134219Z,2026-08-03 14:00:00+00:00
2026-08-04 02:00:00+00:00,/payments,12,534.0,362.11,RF_FullFeatures,20260909T134219Z,2026-08-03 14:00:00+00:00
2026-08-03 16:00:00+00:00,/payments,1,875.0,573.31,RF_FullFeatures,20260909T134219Z,2026-08-03 15:00:00+00:00
2026-08-03 21:00:00+00:00,/payments,6,720.0,485.07,RF_FullFeatures,20260909T134219Z,2026-08-03 15:00:00+00:00
2026-08-04 03:00:00+00:00,/payments,12,555.0,341.82,RF_FullFeatures,20260909T134219Z,2026-08-03 15:00:00+00:00
2026-08-03 17:00:00+00:00,/payments,1,825.0,570.12,RF_FullFeatures,20260909T134219Z,2026-08-03 16:00:00+00:00
2026-08-03 22:00:00+00:00,/payments,6,633.0,452.5,RF_FullFeatures,20260909T134219Z,2026-08-03 16:00:00+00:00
2026-08-04 04:00:00+00:00,/payments,12,756.0,351.19,RF_FullFeatures,20260909T134219Z,2026-08-03 16:00:00+00:00
2026-08-03 18:00:00+00:00,/payments,1,750.0,566.18,RF_FullFeatures,20260909T134219Z,2026-08-03 17:00:00+00:00
2026-08-03 23:00:00+00:00,/payments,6,622.0,445.3,RF_FullFeatures,20260909T134219Z,2026-08-03 17:00:00+00:00
2026-08-04 05:00:00+00:00,/payments,12,479.0,359.26,RF_FullFeatures,20260909T134219Z,2026-08-03 17:00:00+00:00
2026-08-01 12:00:00+00:00,/search,1,609.0,659.76,RF_FullFeatures,20260909T134219Z,2026-08-01 11:00:00+00:00
2026-08-01 17:00:00+00:00,/search,6,891.0,739.77,RF_FullFeatures,20260909T134219Z,2026-08-01 11:00:00+00:00
2026-08-01 23:00:00+00:00,/search,12,684.0,588.39,RF_FullFeatures,20260909T134219Z,2026-08-01 11:00:00+00:00
2026-08-01 13:00:00+00:00,/search,1,689.0,711.65,RF_FullFeatures,20260909T134219Z,2026-08-01 12:00:00+00:00
2026-08-01 18:00:00+00:00,/search,6,844.0,675.13,RF_FullFeatures,20260909T134219Z,2026-08-01 12:00:00+00:00
2026-08-02 00:00:00+00:00,/search,12,388.0,518.74,RF_FullFeatures,20260909T134219Z,2026-08-01 12:00:00+00:00
2026-08-01 14:00:00+00:00,/search,1,1119.0,688.23,RF_FullFeatures,20260909T134219Z,2026-08-01 13:00:00+00:00
2026-08-01 19:00:00+00:00,/search,6,750.0,706.91,RF_FullFeatures,20260909T134219Z,2026-08-01 13:00:00+00:00
2026-08-02 01:00:00+00:00,/search,12,251.0,483.55,RF_FullFeatures,20260909T134219Z,2026-08-01 13:00:00+00:00
2026-08-01 15:00:00+00:00,/search,1,986.0,712.77,RF_FullFeatures,20260909T134219Z,2026-08-01 14:00:00+00:00
2026-08-01 20:00:00+00:00,/search,6,826.0,734.49,RF_FullFeatures,20260909T134219Z,2026-08-01 14:00:00+00:00
2026-08-02 02:00:00+00:00,/search,12,386.0,480.8,RF_FullFeatures,20260909T134219Z,2026-08-01 14:00:00+00:00
2026-08-01 16:00:00+00:00,/search,1,929.0,861.67,RF_FullFeatures,20260909T134219Z,2026-08-01 15:00:00+00:00
2026-08-01 21:00:00+00:00,/search,6,667.0,771.71,RF_FullFeatures,20260909T134219Z,2026-08-01 15:00:00+00:00
2026-08-02 03:00:00+00:00,/search,12,390.0,408.16,RF_FullFeatures,20260909T134219Z,2026-08-01 15:00:00+00:00
2026-08-01 17:00:00+00:00,/search,1,891.0,877.51,RF_FullFeatures,20260909T134219Z,2026-08-01 16:00:00+00:00
2026-08-01 22:00:00+00:00,/search,6,653.0,731.63,RF_FullFeatures,20260909T134219Z,2026-08-01 16:00:00+00:00
2026-08-02 04:00:00+00:00,/search,12,384.0,428.38,RF_FullFeatures,20260909T134219Z,2026-08-01 16:00:00+00:00
2026-08-01 18:00:00+00:00,/search,1,844.0,877.53,RF_FullFeatures,20260909T134219Z,2026-08-01 17:00:00+00:00
2026-08-01 23:00:00+00:00,/search,6,684.0,661.86,RF_FullFeatures,20260909T134219Z,2026-08-01 17:00:00+00:00
2026-08-02 05:00:00+00:00,/search,12,467.0,373.8,RF_FullFeatures,20260909T134219Z,2026-08-01 17:00:00+00:00
2026-08-01 19:00:00+00:00,/search,1,750.0,863.81,RF_FullFeatures,20260909T134219Z,2026-08-01 18:00:00+00:00
2026-08-02 00:00:00+00:00,/search,6,388.0,590.17,RF_FullFeatures,20260909T134219Z,2026-08-01 18:00:00+00:00
2026-08-02 06:00:00+00:00,/search,12,414.0,384.83,RF_FullFeatures,20260909T134219Z,2026-08-01 18:00:00+00:00
2026-08-01 20:00:00+00:00,/search,1,826.0,780.93,RF_FullFeatures,20260909T134219Z,2026-08-01 19:00:00+00:00
2026-08-02 01:00:00+00:00,/search,6,251.0,492.62,RF_FullFeatures,20260909T134219Z,2026-08-01 19:00:00+00:00
2026-08-02 07:00:00+00:00,/search,12,452.0,410.88,RF_FullFeatures,20260909T134219Z,2026-08-01 19:00:00+00:00
2026-08-01 21:00:00+00:00,/search,1,667.0,774.39,RF_FullFeatures,20260909T134219Z,2026-08-01 20:00:00+00:00
2026-08-02 02:00:00+00:00,/search,6,386.0,479.76,RF_FullFeatures,20260909T134219Z,2026-08-01 20:00:00+00:00
2026-08-02 08:00:00+00:00,/search,12,539.0,450.1,RF_FullFeatures,20260909T134219Z,2026-08-01 20:00:00+00:00
2026-08-01 22:00:00+00:00,/search,1,653.0,700.23,RF_FullFeatures,20260909T134219Z,2026-08-01 21:00:00+00:00
2026-08-02 03:00:00+00:00,/search,6,390.0,388.85,RF_FullFeatures,20260909T134219Z,2026-08-01 21:00:00+00:00
2026-08-02 09:00:00+00:00,/search,12,548.0,439.16,RF_FullFeatures,20260909T134219Z,2026-08-01 21:00:00+00:00
2026-08-01 23:00:00+00:00,/search,1,684.0,552.95,RF_FullFeatures,20260909T134219Z,2026-08-01 22:00:00+00:00
2026-08-02 04:00:00+00:00,/search,6,384.0,379.26,RF_FullFeatures,20260909T134219Z,2026-08-01 22:00:00+00:00
2026-08-02 10:00:00+00:00,/search,12,589.0,521.56,RF_FullFeatures,20260909T134219Z,2026-08-01 22:00:00+00:00
2026-08-02 00:00:00+00:00,/search,1,388.0,532.61,RF_FullFeatures,20260909T134219Z,2026-08-01 23:00:00+00:00
2026-08-02 05:00:00+00:00,/search,6,467.0,369.28,RF_FullFeatures,20260909T134219Z,2026-08-01 23:00:00+00:00
2026-08-02 11:00:00+00:00,/search,12,678.0,528.22,RF_FullFeatures,20260909T134219Z,2026-08-01 23:00:00+00:00
2026-08-02 01:00:00+00:00,/search,1,251.0,536.52,RF_FullFeatures,20260909T134219Z,2026-08-02 00:00:00+00:00
2026-08-02 06:00:00+00:00,/search,6,414.0,394.23,RF_FullFeatures,20260909T134219Z,2026-08-02 00:00:00+00:00
2026-08-02 12:00:00+00:00,/search,12,586.0,564.88,RF_FullFeatures,20260909T134219Z,2026-08-02 00:00:00+00:00
2026-08-02 02:00:00+00:00,/search,1,386.0,410.57,RF_FullFeatures,20260909T134219Z,2026-08-02 01:00:00+00:00
2026-08-02 07:00:00+00:00,/search,6,452.0,438.12,RF_FullFeatures,20260909T134219Z,2026-08-02 01:00:00+00:00
2026-08-02 13:00:00+00:00,/search,12,673.0,571.91,RF_FullFeatures,20260909T134219Z,2026-08-02 01:00:00+00:00
2026-08-02 03:00:00+00:00,/search,1,390.0,403.69,RF_FullFeatures,20260909T134219Z,2026-08-02 02:00:00+00:00
2026-08-02 08:00:00+00:00,/search,6,539.0,448.65,RF_FullFeatures,20260909T134219Z,2026-08-02 02:00:00+00:00
2026-08-02 14:00:00+00:00,/search,12,595.0,629.5,RF_FullFeatures,20260909T134219Z,2026-08-02 02:00:00+00:00
2026-08-02 04:00:00+00:00,/search,1,384.0,379.92,RF_FullFeatures,20260909T134219Z,2026-08-02 03:00:00+00:00
2026-08-02 09:00:00+00:00,/search,6,548.0,440.18,RF_FullFeatures,20260909T134219Z,2026-08-02 03:00:00+00:00
2026-08-02 15:00:00+00:00,/search,12,664.0,651.15,RF_FullFeatures,20260909T134219Z,2026-08-02 03:00:00+00:00
2026-08-02 05:00:00+00:00,/search,1,467.0,378.95,RF_FullFeatures,20260909T134219Z,2026-08-02 04:00:00+00:00
2026-08-02 10:00:00+00:00,/search,6,589.0,521.4,RF_FullFeatures,20260909T134219Z,2026-08-02 04:00:00+00:00
2026-08-02 16:00:00+00:00,/search,12,586.0,659.56,RF_FullFeatures,20260909T134219Z,2026-08-02 04:00:00+00:00
2026-08-02 06:00:00+00:00,/search,1,414.0,403.36,RF_FullFeatures,20260909T134219Z,2026-08-02 05:00:00+00:00
2026-08-02 11:00:00+00:00,/search,6,678.0,524.66,RF_FullFeatures,20260909T134219Z,2026-08-02 05:00:00+00:00
2026-08-02 17:00:00+00:00,/search,12,546.0,663.92,RF_FullFeatures,20260909T134219Z,2026-08-02 05:00:00+00:00
2026-08-02 07:00:00+00:00,/search,1,452.0,424.64,RF_FullFeatures,20260909T134219Z,2026-08-02 06:00:00+00:00
2026-08-02 12:00:00+00:00,/search,6,586.0,577.97,RF_FullFeatures,20260909T134219Z,2026-08-02 06:00:00+00:00
2026-08-02 18:00:00+00:00,/search,12,553.0,660.01,RF_FullFeatures,20260909T134219Z,2026-08-02 06:00:00+00:00
2026-08-02 08:00:00+00:00,/search,1,539.0,437.73,RF_FullFeatures,20260909T134219Z,2026-08-02 07:00:00+00:00
2026-08-02 13:00:00+00:00,/search,6,673.0,580.1,RF_FullFeatures,20260909T134219Z,2026-08-02 07:00:00+00:00
2026-08-02 19:00:00+00:00,/search,12,515.0,634.23,RF_FullFeatures,20260909T134219Z,2026-08-02 07:00:00+00:00
2026-08-02 09:00:00+00:00,/search,1,548.0,444.99,RF_FullFeatures,20260909T134219Z,2026-08-02 08:00:00+00:00
2026-08-02 14:00:00+00:00,/search,6,595.0,643.36,RF_FullFeatures,20260909T134219Z,2026-08-02 08:00:00+00:00
2026-08-02 20:00:00+00:00,/search,12,536.0,640.21,RF_FullFeatures,20260909T134219Z,2026-08-02 08:00:00+00:00
2026-08-02 10:00:00+00:00,/search,1,589.0,557.16,RF_FullFeatures,20260909T134219Z,2026-08-02 09:00:00+00:00
2026-08-02 15:00:00+00:00,/search,6,664.0,702.34,RF_FullFeatures,20260909T134219Z,2026-08-02 09:00:00+00:00
2026-08-02 21:00:00+00:00,/search,12,409.0,676.63,RF_FullFeatures,20260909T134219Z,2026-08-02 09:00:00+00:00
2026-08-02 11:00:00+00:00,/search,1,678.0,600.66,RF_FullFeatures,20260909T134219Z,2026-08-02 10:00:00+00:00
2026-08-02 16:00:00+00:00,/search,6,586.0,676.05,RF_FullFeatures,20260909T134219Z,2026-08-02 10:00:00+00:00
2026-08-02 22:00:00+00:00,/search,12,493.0,557.02,RF_FullFeatures,20260909T134219Z,2026-08-02 10:00:00+00:00
2026-08-02 12:00:00+00:00,/search,1,586.0,635.32,RF_FullFeatures,20260909T134219Z,2026-08-02 11:00:00+00:00
2026-08-02 17:00:00+00:00,/search,6,546.0,707.76,RF_FullFeatures,20260909T134219Z,2026-08-02 11:00:00+00:00
2026-08-02 23:00:00+00:00,/search,12,537.0,558.61,RF_FullFeatures,20260909T134219Z,2026-08-02 11:00:00+00:00
2026-08-02 13:00:00+00:00,/search,1,673.0,631.14,RF_FullFeatures,20260909T134219Z,2026-08-02 12:00:00+00:00
2026-08-02 18:00:00+00:00,/search,6,553.0,674.35,RF_FullFeatures,20260909T134219Z,2026-08-02 12:00:00+00:00
2026-08-03 00:00:00+00:00,/search,12,453.0,554.04,RF_FullFeatures,20260909T134219Z,2026-08-02 12:00:00+00:00
2026-08-02 14:00:00+00:00,/search,1,595.0,653.42,RF_FullFeatures,20260909T134219Z,2026-08-02 13:00:00+00:00
2026-08-02 19:00:00+00:00,/search,6,515.0,700.38,RF_FullFeatures,20260909T134219Z,2026-08-02 13:00:00+00:00
2026-08-03 01:00:00+00:00,/search,12,560.0,576.66,RF_FullFeatures,20260909T134219Z,2026-08-02 13:00:00+00:00
2026-08-02 15:00:00+00:00,/search,1,664.0,702.28,RF_FullFeatures,20260909T134219Z,2026-08-02 14:00:00+00:00
2026-08-02 20:00:00+00:00,/search,6,536.0,596.42,RF_FullFeatures,20260909T134219Z,2026-08-02 14:00:00+00:00
2026-08-03 02:00:00+00:00,/search,12,502.0,581.96,RF_FullFeatures,20260909T134219Z,2026-08-02 14:00:00+00:00
2026-08-02 16:00:00+00:00,/search,1,586.0,673.3,RF_FullFeatures,20260909T134219Z,2026-08-02 15:00:00+00:00
2026-08-02 21:00:00+00:00,/search,6,409.0,627.02,RF_FullFeatures,20260909T134219Z,2026-08-02 15:00:00+00:00
2026-08-03 03:00:00+00:00,/search,12,602.0,560.01,RF_FullFeatures,20260909T134219Z,2026-08-02 15:00:00+00:00
2026-08-02 17:00:00+00:00,/search,1,546.0,673.19,RF_FullFeatures,20260909T134219Z,2026-08-02 16:00:00+00:00
2026-08-02 22:00:00+00:00,/search,6,493.0,549.16,RF_FullFeatures,20260909T134219Z,2026-08-02 16:00:00+00:00
2026-08-03 04:00:00+00:00,/search,12,516.0,558.95,RF_FullFeatures,20260909T134219Z,2026-08-02 16:00:00+00:00
2026-08-02 18:00:00+00:00,/search,1,553.0,617.71,RF_FullFeatures,20260909T134219Z,2026-08-02 17:00:00+00:00
2026-08-02 23:00:00+00:00,/search,6,537.0,600.38,RF_FullFeatures,20260909T134219Z,2026-08-02 17:00:00+00:00
2026-08-03 05:00:00+00:00,/search,12,640.0,570.39,RF_FullFeatures,20260909T134219Z,2026-08-02 17:00:00+00:00
2026-08-02 19:00:00+00:00,/search,1,515.0,613.48,RF_FullFeatures,20260909T134219Z,2026-08-02 18:00:00+00:00
2026-08-03 00:00:00+00:00,/search,6,453.0,619.04,RF_FullFeatures,20260909T134219Z,2026-08-02 18:00:00+00:00
2026-08-03 06:00:00+00:00,/search,12,606.0,610.66,RF_FullFeatures,20260909T134219Z,2026-08-02 18:00:00+00:00
2026-08-02 20:00:00+00:00,/search,1,536.0,585.13,RF_FullFeatures,20260909T134219Z,2026-08-02 19:00:00+00:00
2026-08-03 01:00:00+00:00,/search,6,560.0,572.81,RF_FullFeatures,20260909T134219Z,2026-08-02 19:00:00+00:00
2026-08-03 07:00:00+00:00,/search,12,653.0,632.3,RF_FullFeatures,20260909T134219Z,2026-08-02 19:00:00+00:00
2026-08-02 21:00:00+00:00,/search,1,409.0,588.58,RF_FullFeatures,20260909T134219Z,2026-08-02 20:00:00+00:00
2026-08-03 02:00:00+00:00,/search,6,502.0,576.42,RF_FullFeatures,20260909T134219Z,2026-08-02 20:00:00+00:00
2026-08-03 08:00:00+00:00,/search,12,617.0,649.05,RF_FullFeatures,20260909T134219Z,2026-08-02 20:00:00+00:00
2026-08-02 22:00:00+00:00,/search,1,493.0,564.92,RF_FullFeatures,20260909T134219Z,2026-08-02 21:00:00+00:00
2026-08-03 03:00:00+00:00,/search,6,602.0,560.03,RF_FullFeatures,20260909T134219Z,2026-08-02 21:00:00+00:00
2026-08-03 09:00:00+00:00,/search,12,751.0,667.22,RF_FullFeatures,20260909T134219Z,2026-08-02 21:00:00+00:00
2026-08-02 23:00:00+00:00,/search,1,537.0,504.99,RF_FullFeatures,20260909T134219Z,2026-08-02 22:00:00+00:00
2026-08-03 04:00:00+00:00,/search,6,516.0,559.83,RF_FullFeatures,20260909T134219Z,2026-08-02 22:00:00+00:00
2026-08-03 10:00:00+00:00,/search,12,920.0,673.58,RF_FullFeatures,20260909T134219Z,2026-08-02 22:00:00+00:00
2026-08-03 00:00:00+00:00,/search,1,453.0,533.46,RF_FullFeatures,20260909T134219Z,2026-08-02 23:00:00+00:00
2026-08-03 05:00:00+00:00,/search,6,640.0,570.78,RF_FullFeatures,20260909T134219Z,2026-08-02 23:00:00+00:00
2026-08-03 11:00:00+00:00,/search,12,851.0,677.6,RF_FullFeatures,20260909T134219Z,2026-08-02 23:00:00+00:00
2026-08-03 01:00:00+00:00,/search,1,560.0,566.05,RF_FullFeatures,20260909T134219Z,2026-08-03 00:00:00+00:00
2026-08-03 06:00:00+00:00,/search,6,606.0,475.0,RF_FullFeatures,20260909T134219Z,2026-08-03 00:00:00+00:00
2026-08-03 12:00:00+00:00,/search,12,1012.0,646.13,RF_FullFeatures,20260909T134219Z,2026-08-03 00:00:00+00:00
2026-08-03 02:00:00+00:00,/search,1,502.0,430.45,RF_FullFeatures,20260909T134219Z,2026-08-03 01:00:00+00:00
2026-08-03 07:00:00+00:00,/search,6,653.0,612.25,RF_FullFeatures,20260909T134219Z,2026-08-03 01:00:00+00:00
2026-08-03 13:00:00+00:00,/search,12,987.0,678.91,RF_FullFeatures,20260909T134219Z,2026-08-03 01:00:00+00:00
2026-08-03 03:00:00+00:00,/search,1,602.0,555.46,RF_FullFeatures,20260909T134219Z,2026-08-03 02:00:00+00:00
2026-08-03 08:00:00+00:00,/search,6,617.0,629.89,RF_FullFeatures,20260909T134219Z,2026-08-03 02:00:00+00:00
2026-08-03 14:00:00+00:00,/search,12,803.0,780.02,RF_FullFeatures,20260909T134219Z,2026-08-03 02:00:00+00:00
2026-08-03 04:00:00+00:00,/search,1,516.0,531.23,RF_FullFeatures,20260909T134219Z,2026-08-03 03:00:00+00:00
2026-08-03 09:00:00+00:00,/search,6,751.0,673.77,RF_FullFeatures,20260909T134219Z,2026-08-03 03:00:00+00:00
2026-08-03 15:00:00+00:00,/search,12,874.0,619.56,RF_FullFeatures,20260909T134219Z,2026-08-03 03:00:00+00:00
2026-08-03 05:00:00+00:00,/search,1,640.0,566.65,RF_FullFeatures,20260909T134219Z,2026-08-03 04:00:00+00:00
2026-08-03 10:00:00+00:00,/search,6,920.0,659.33,RF_FullFeatures,20260909T134219Z,2026-08-03 04:00:00+00:00
2026-08-03 16:00:00+00:00,/search,12,842.0,741.86,RF_FullFeatures,20260909T134219Z,2026-08-03 04:00:00+00:00
2026-08-03 06:00:00+00:00,/search,1,606.0,583.16,RF_FullFeatures,20260909T134219Z,2026-08-03 05:00:00+00:00
2026-08-03 11:00:00+00:00,/search,6,851.0,715.64,RF_FullFeatures,20260909T134219Z,2026-08-03 05:00:00+00:00
2026-08-03 17:00:00+00:00,/search,12,843.0,725.86,RF_FullFeatures,20260909T134219Z,2026-08-03 05:00:00+00:00
2026-08-03 07:00:00+00:00,/search,1,653.0,636.38,RF_FullFeatures,20260909T134219Z,2026-08-03 06:00:00+00:00
2026-08-03 12:00:00+00:00,/search,6,1012.0,666.04,RF_FullFeatures,20260909T134219Z,2026-08-03 06:00:00+00:00
2026-08-03 18:00:00+00:00,/search,12,811.0,599.95,RF_FullFeatures,20260909T134219Z,2026-08-03 06:00:00+00:00
2026-08-03 08:00:00+00:00,/search,1,617.0,641.93,RF_FullFeatures,20260909T134219Z,2026-08-03 07:00:00+00:00
2026-08-03 13:00:00+00:00,/search,6,987.0,733.58,RF_FullFeatures,20260909T134219Z,2026-08-03 07:00:00+00:00
2026-08-03 19:00:00+00:00,/search,12,848.0,716.0,RF_FullFeatures,20260909T134219Z,2026-08-03 07:00:00+00:00
2026-08-03 09:00:00+00:00,/search,1,751.0,698.88,RF_FullFeatures,20260909T134219Z,2026-08-03 08:00:00+00:00
2026-08-03 14:00:00+00:00,/search,6,803.0,639.78,RF_FullFeatures,20260909T134219Z,2026-08-03 08:00:00+00:00
2026-08-03 20:00:00+00:00,/search,12,739.0,601.89,RF_FullFeatures,20260909T134219Z,2026-08-03 08:00:00+00:00
2026-08-03 10:00:00+00:00,/search,1,920.0,673.22,RF_FullFeatures,20260909T134219Z,2026-08-03 09:00:00+00:00
2026-08-03 15:00:00+00:00,/search,6,874.0,786.77,RF_FullFeatures,20260909T134219Z,2026-08-03 09:00:00+00:00
2026-08-03 21:00:00+00:00,/search,12,731.0,732.58,RF_FullFeatures,20260909T134219Z,2026-08-03 09:00:00+00:00
2026-08-03 11:00:00+00:00,/search,1,851.0,790.78,RF_FullFeatures,20260909T134219Z,2026-08-03 10:00:00+00:00
2026-08-03 16:00:00+00:00,/search,6,842.0,930.95,RF_FullFeatures,20260909T134219Z,2026-08-03 10:00:00+00:00
2026-08-03 22:00:00+00:00,/search,12,605.0,686.47,RF_FullFeatures,20260909T134219Z,2026-08-03 10:00:00+00:00
2026-08-03 12:00:00+00:00,/search,1,1012.0,876.71,RF_FullFeatures,20260909T134219Z,2026-08-03 11:00:00+00:00
2026-08-03 17:00:00+00:00,/search,6,843.0,781.1,RF_FullFeatures,20260909T134219Z,2026-08-03 11:00:00+00:00
2026-08-03 23:00:00+00:00,/search,12,639.0,643.68,RF_FullFeatures,20260909T134219Z,2026-08-03 11:00:00+00:00
2026-08-03 13:00:00+00:00,/search,1,987.0,799.39,RF_FullFeatures,20260909T134219Z,2026-08-03 12:00:00+00:00
2026-08-03 18:00:00+00:00,/search,6,811.0,882.62,RF_FullFeatures,20260909T134219Z,2026-08-03 12:00:00+00:00
2026-08-04 00:00:00+00:00,/search,12,515.0,592.14,RF_FullFeatures,20260909T134219Z,2026-08-03 12:00:00+00:00
2026-08-03 14:00:00+00:00,/search,1,803.0,933.21,RF_FullFeatures,20260909T134219Z,2026-08-03 13:00:00+00:00
2026-08-03 19:00:00+00:00,/search,6,848.0,799.52,RF_FullFeatures,20260909T134219Z,2026-08-03 13:00:00+00:00
2026-08-04 01:00:00+00:00,/search,12,541.0,529.26,RF_FullFeatures,20260909T134219Z,2026-08-03 13:00:00+00:00
2026-08-03 15:00:00+00:00,/search,1,874.0,921.49,RF_FullFeatures,20260909T134219Z,2026-08-03 14:00:00+00:00
2026-08-03 20:00:00+00:00,/search,6,739.0,744.34,RF_FullFeatures,20260909T134219Z,2026-08-03 14:00:00+00:00
2026-08-04 02:00:00+00:00,/search,12,531.0,537.5,RF_FullFeatures,20260909T134219Z,2026-08-03 14:00:00+00:00
2026-08-03 16:00:00+00:00,/search,1,842.0,814.18,RF_FullFeatures,20260909T134219Z,2026-08-03 15:00:00+00:00
2026-08-03 21:00:00+00:00,/search,6,731.0,736.91,RF_FullFeatures,20260909T134219Z,2026-08-03 15:00:00+00:00
2026-08-04 03:00:00+00:00,/search,12,478.0,551.84,RF_FullFeatures,20260909T134219Z,2026-08-03 15:00:00+00:00
2026-08-03 17:00:00+00:00,/search,1,843.0,864.21,RF_FullFeatures,20260909T134219Z,2026-08-03 16:00:00+00:00
2026-08-03 22:00:00+00:00,/search,6,605.0,661.81,RF_FullFeatures,20260909T134219Z,2026-08-03 16:00:00+00:00
2026-08-04 04:00:00+00:00,/search,12,456.0,541.54,RF_FullFeatures,20260909T134219Z,2026-08-03 16:00:00+00:00
2026-08-03 18:00:00+00:00,/search,1,811.0,809.82,RF_FullFeatures,20260909T134219Z,2026-08-03 17:00:00+00:00
2026-08-03 23:00:00+00:00,/search,6,639.0,647.14,RF_FullFeatures,20260909T134219Z,2026-08-03 17:00:00+00:00
2026-08-04 05:00:00+00:00,/search,12,678.0,560.54,RF_FullFeatures,20260909T134219Z,2026-08-03 17:00:00+00:00
2026-08-01 12:00:00+00:00,/identity,1,247.0,294.52,RF_WithoutLag24,20260909T134219Z,2026-08-01 11:00:00+00:00
2026-08-01 17:00:00+00:00,/identity,6,308.0,283.22,RF_WithoutLag24,20260909T134219Z,2026-08-01 11:00:00+00:00
2026-08-01 23:00:00+00:00,/identity,12,197.0,255.92,RF_WithoutLag24,20260909T134219Z,2026-08-01 11:00:00+00:00
2026-08-01 13:00:00+00:00,/identity,1,300.0,308.14,RF_WithoutLag24,20260909T134219Z,2026-08-01 12:00:00+00:00
2026-08-01 18:00:00+00:00,/identity,6,252.0,264.81,RF_WithoutLag24,20260909T134219Z,2026-08-01 12:00:00+00:00
2026-08-02 00:00:00+00:00,/identity,12,158.0,246.4,RF_WithoutLag24,20260909T134219Z,2026-08-01 12:00:00+00:00
2026-08-01 14:00:00+00:00,/identity,1,307.0,282.15,RF_WithoutLag24,20260909T134219Z,2026-08-01 13:00:00+00:00
2026-08-01 19:00:00+00:00,/identity,6,261.0,292.53,RF_WithoutLag24,20260909T134219Z,2026-08-01 13:00:00+00:00
2026-08-02 01:00:00+00:00,/identity,12,150.0,198.54,RF_WithoutLag24,20260909T134219Z,2026-08-01 13:00:00+00:00
2026-08-01 15:00:00+00:00,/identity,1,286.0,296.5,RF_WithoutLag24,20260909T134219Z,2026-08-01 14:00:00+00:00
2026-08-01 20:00:00+00:00,/identity,6,229.0,260.26,RF_WithoutLag24,20260909T134219Z,2026-08-01 14:00:00+00:00
2026-08-02 02:00:00+00:00,/identity,12,187.0,195.12,RF_WithoutLag24,20260909T134219Z,2026-08-01 14:00:00+00:00
2026-08-01 16:00:00+00:00,/identity,1,291.0,267.95,RF_WithoutLag24,20260909T134219Z,2026-08-01 15:00:00+00:00
2026-08-01 21:00:00+00:00,/identity,6,242.0,260.84,RF_WithoutLag24,20260909T134219Z,2026-08-01 15:00:00+00:00
2026-08-02 03:00:00+00:00,/identity,12,158.0,190.12,RF_WithoutLag24,20260909T134219Z,2026-08-01 15:00:00+00:00
2026-08-01 17:00:00+00:00,/identity,1,308.0,272.3,RF_WithoutLag24,20260909T134219Z,2026-08-01 16:00:00+00:00
2026-08-01 22:00:00+00:00,/identity,6,188.0,258.8,RF_WithoutLag24,20260909T134219Z,2026-08-01 16:00:00+00:00
2026-08-02 04:00:00+00:00,/identity,12,181.0,187.06,RF_WithoutLag24,20260909T134219Z,2026-08-01 16:00:00+00:00
2026-08-01 18:00:00+00:00,/identity,1,252.0,280.94,RF_WithoutLag24,20260909T134219Z,2026-08-01 17:00:00+00:00
2026-08-01 23:00:00+00:00,/identity,6,197.0,263.21,RF_WithoutLag24,20260909T134219Z,2026-08-01 17:00:00+00:00
2026-08-02 05:00:00+00:00,/identity,12,169.0,198.81,RF_WithoutLag24,20260909T134219Z,2026-08-01 17:00:00+00:00
2026-08-01 19:00:00+00:00,/identity,1,261.0,292.25,RF_WithoutLag24,20260909T134219Z,2026-08-01 18:00:00+00:00
2026-08-02 00:00:00+00:00,/identity,6,158.0,253.49,RF_WithoutLag24,20260909T134219Z,2026-08-01 18:00:00+00:00
2026-08-02 06:00:00+00:00,/identity,12,202.0,201.94,RF_WithoutLag24,20260909T134219Z,2026-08-01 18:00:00+00:00
2026-08-01 20:00:00+00:00,/identity,1,229.0,264.09,RF_WithoutLag24,20260909T134219Z,2026-08-01 19:00:00+00:00
2026-08-02 01:00:00+00:00,/identity,6,150.0,191.23,RF_WithoutLag24,20260909T134219Z,2026-08-01 19:00:00+00:00
2026-08-02 07:00:00+00:00,/identity,12,203.0,213.43,RF_WithoutLag24,20260909T134219Z,2026-08-01 19:00:00+00:00
2026-08-01 21:00:00+00:00,/identity,1,242.0,261.97,RF_WithoutLag24,20260909T134219Z,2026-08-01 20:00:00+00:00
2026-08-02 02:00:00+00:00,/identity,6,187.0,179.99,RF_WithoutLag24,20260909T134219Z,2026-08-01 20:00:00+00:00
2026-08-02 08:00:00+00:00,/identity,12,233.0,188.32,RF_WithoutLag24,20260909T134219Z,2026-08-01 20:00:00+00:00
2026-08-01 22:00:00+00:00,/identity,1,188.0,227.13,RF_WithoutLag24,20260909T134219Z,2026-08-01 21:00:00+00:00
2026-08-02 03:00:00+00:00,/identity,6,158.0,198.27,RF_WithoutLag24,20260909T134219Z,2026-08-01 21:00:00+00:00
2026-08-02 09:00:00+00:00,/identity,12,295.0,237.87,RF_WithoutLag24,20260909T134219Z,2026-08-01 21:00:00+00:00
2026-08-01 23:00:00+00:00,/identity,1,197.0,246.4,RF_WithoutLag24,20260909T134219Z,2026-08-01 22:00:00+00:00
2026-08-02 04:00:00+00:00,/identity,6,181.0,193.63,RF_WithoutLag24,20260909T134219Z,2026-08-01 22:00:00+00:00
2026-08-02 10:00:00+00:00,/identity,12,249.0,231.48,RF_WithoutLag24,20260909T134219Z,2026-08-01 22:00:00+00:00
2026-08-02 00:00:00+00:00,/identity,1,158.0,214.63,RF_WithoutLag24,20260909T134219Z,2026-08-01 23:00:00+00:00
2026-08-02 05:00:00+00:00,/identity,6,169.0,201.88,RF_WithoutLag24,20260909T134219Z,2026-08-01 23:00:00+00:00
2026-08-02 11:00:00+00:00,/identity,12,291.0,248.11,RF_WithoutLag24,20260909T134219Z,2026-08-01 23:00:00+00:00
2026-08-02 01:00:00+00:00,/identity,1,150.0,193.75,RF_WithoutLag24,20260909T134219Z,2026-08-02 00:00:00+00:00
2026-08-02 06:00:00+00:00,/identity,6,202.0,183.55,RF_WithoutLag24,20260909T134219Z,2026-08-02 00:00:00+00:00
2026-08-02 12:00:00+00:00,/identity,12,263.0,255.68,RF_WithoutLag24,20260909T134219Z,2026-08-02 00:00:00+00:00
2026-08-02 02:00:00+00:00,/identity,1,187.0,154.09,RF_WithoutLag24,20260909T134219Z,2026-08-02 01:00:00+00:00
2026-08-02 07:00:00+00:00,/identity,6,203.0,185.2,RF_WithoutLag24,20260909T134219Z,2026-08-02 01:00:00+00:00
2026-08-02 13:00:00+00:00,/identity,12,295.0,222.1,RF_WithoutLag24,20260909T134219Z,2026-08-02 01:00:00+00:00
2026-08-02 03:00:00+00:00,/identity,1,158.0,154.69,RF_WithoutLag24,20260909T134219Z,2026-08-02 02:00:00+00:00
2026-08-02 08:00:00+00:00,/identity,6,233.0,211.57,RF_WithoutLag24,20260909T134219Z,2026-08-02 02:00:00+00:00
2026-08-02 14:00:00+00:00,/identity,12,287.0,262.52,RF_WithoutLag24,20260909T134219Z,2026-08-02 02:00:00+00:00
2026-08-02 04:00:00+00:00,/identity,1,181.0,202.5,RF_WithoutLag24,20260909T134219Z,2026-08-02 03:00:00+00:00
2026-08-02 09:00:00+00:00,/identity,6,295.0,212.26,RF_WithoutLag24,20260909T134219Z,2026-08-02 03:00:00+00:00
2026-08-02 15:00:00+00:00,/identity,12,347.0,284.01,RF_WithoutLag24,20260909T134219Z,2026-08-02 03:00:00+00:00
2026-08-02 05:00:00+00:00,/identity,1,169.0,178.36,RF_WithoutLag24,20260909T134219Z,2026-08-02 04:00:00+00:00
2026-08-02 10:00:00+00:00,/identity,6,249.0,208.87,RF_WithoutLag24,20260909T134219Z,2026-08-02 04:00:00+00:00
2026-08-02 16:00:00+00:00,/identity,12,278.0,230.59,RF_WithoutLag24,20260909T134219Z,2026-08-02 04:00:00+00:00
2026-08-02 06:00:00+00:00,/identity,1,202.0,175.22,RF_WithoutLag24,20260909T134219Z,2026-08-02 05:00:00+00:00
2026-08-02 11:00:00+00:00,/identity,6,291.0,217.0,RF_WithoutLag24,20260909T134219Z,2026-08-02 05:00:00+00:00
2026-08-02 17:00:00+00:00,/identity,12,273.0,239.78,RF_WithoutLag24,20260909T134219Z,2026-08-02 05:00:00+00:00
2026-08-02 07:00:00+00:00,/identity,1,203.0,184.99,RF_WithoutLag24,20260909T134219Z,2026-08-02 06:00:00+00:00
2026-08-02 12:00:00+00:00,/identity,6,263.0,227.25,RF_WithoutLag24,20260909T134219Z,2026-08-02 06:00:00+00:00
2026-08-02 18:00:00+00:00,/identity,12,292.0,292.24,RF_WithoutLag24,20260909T134219Z,2026-08-02 06:00:00+00:00
2026-08-02 08:00:00+00:00,/identity,1,233.0,205.16,RF_WithoutLag24,20260909T134219Z,2026-08-02 07:00:00+00:00
2026-08-02 13:00:00+00:00,/identity,6,295.0,249.45,RF_WithoutLag24,20260909T134219Z,2026-08-02 07:00:00+00:00
2026-08-02 19:00:00+00:00,/identity,12,229.0,298.94,RF_WithoutLag24,20260909T134219Z,2026-08-02 07:00:00+00:00
2026-08-02 09:00:00+00:00,/identity,1,295.0,212.53,RF_WithoutLag24,20260909T134219Z,2026-08-02 08:00:00+00:00
2026-08-02 14:00:00+00:00,/identity,6,287.0,287.16,RF_WithoutLag24,20260909T134219Z,2026-08-02 08:00:00+00:00
2026-08-02 20:00:00+00:00,/identity,12,242.0,275.19,RF_WithoutLag24,20260909T134219Z,2026-08-02 08:00:00+00:00
2026-08-02 10:00:00+00:00,/identity,1,249.0,246.0,RF_WithoutLag24,20260909T134219Z,2026-08-02 09:00:00+00:00
2026-08-02 15:00:00+00:00,/identity,6,347.0,292.78,RF_WithoutLag24,20260909T134219Z,2026-08-02 09:00:00+00:00
2026-08-02 21:00:00+00:00,/identity,12,241.0,258.01,RF_WithoutLag24,20260909T134219Z,2026-08-02 09:00:00+00:00
2026-08-02 11:00:00+00:00,/identity,1,291.0,281.18,RF_WithoutLag24,20260909T134219Z,2026-08-02 10:00:00+00:00
2026-08-02 16:00:00+00:00,/identity,6,278.0,266.08,RF_WithoutLag24,20260909T134219Z,2026-08-02 10:00:00+00:00
2026-08-02 22:00:00+00:00,/identity,12,194.0,246.13,RF_WithoutLag24,20260909T134219Z,2026-08-02 10:00:00+00:00
2026-08-02 12:00:00+00:00,/identity,1,263.0,266.81,RF_WithoutLag24,20260909T134219Z,2026-08-02 11:00:00+00:00
2026-08-02 17:00:00+00:00,/identity,6,273.0,290.17,RF_WithoutLag24,20260909T134219Z,2026-08-02 11:00:00+00:00
2026-08-02 23:00:00+00:00,/identity,12,170.0,242.61,RF_WithoutLag24,20260909T134219Z,2026-08-02 11:00:00+00:00
2026-08-02 13:00:00+00:00,/identity,1,295.0,300.63,RF_WithoutLag24,20260909T134219Z,2026-08-02 12:00:00+00:00
2026-08-02 18:00:00+00:00,/identity,6,292.0,262.64,RF_WithoutLag24,20260909T134219Z,2026-08-02 12:00:00+00:00
2026-08-03 00:00:00+00:00,/identity,12,250.0,237.72,RF_WithoutLag24,20260909T134219Z,2026-08-02 12:00:00+00:00
2026-08-02 14:00:00+00:00,/identity,1,287.0,288.52,RF_WithoutLag24,20260909T134219Z,2026-08-02 13:00:00+00:00
2026-08-02 19:00:00+00:00,/identity,6,229.0,273.97,RF_WithoutLag24,20260909T134219Z,2026-08-02 13:00:00+00:00
2026-08-03 01:00:00+00:00,/identity,12,230.0,216.37,RF_WithoutLag24,20260909T134219Z,2026-08-02 13:00:00+00:00
2026-08-02 15:00:00+00:00,/identity,1,347.0,292.75,RF_WithoutLag24,20260909T134219Z,2026-08-02 14:00:00+00:00
2026-08-02 20:00:00+00:00,/identity,6,242.0,257.31,RF_WithoutLag24,20260909T134219Z,2026-08-02 14:00:00+00:00
2026-08-03 02:00:00+00:00,/identity,12,213.0,214.21,RF_WithoutLag24,20260909T134219Z,2026-08-02 14:00:00+00:00
2026-08-02 16:00:00+00:00,/identity,1,278.0,266.06,RF_WithoutLag24,20260909T134219Z,2026-08-02 15:00:00+00:00
2026-08-02 21:00:00+00:00,/identity,6,241.0,336.5,RF_WithoutLag24,20260909T134219Z,2026-08-02 15:00:00+00:00
2026-08-03 03:00:00+00:00,/identity,12,204.0,221.2,RF_WithoutLag24,20260909T134219Z,2026-08-02 15:00:00+00:00
2026-08-02 17:00:00+00:00,/identity,1,273.0,369.39,RF_WithoutLag24,20260909T134219Z,2026-08-02 16:00:00+00:00
2026-08-02 22:00:00+00:00,/identity,6,194.0,257.34,RF_WithoutLag24,20260909T134219Z,2026-08-02 16:00:00+00:00
2026-08-03 04:00:00+00:00,/identity,12,239.0,212.71,RF_WithoutLag24,20260909T134219Z,2026-08-02 16:00:00+00:00
2026-08-02 18:00:00+00:00,/identity,1,292.0,270.29,RF_WithoutLag24,20260909T134219Z,2026-08-02 17:00:00+00:00
2026-08-02 23:00:00+00:00,/identity,6,170.0,250.7,RF_WithoutLag24,20260909T134219Z,2026-08-02 17:00:00+00:00
2026-08-03 05:00:00+00:00,/identity,12,313.0,225.8,RF_WithoutLag24,20260909T134219Z,2026-08-02 17:00:00+00:00
2026-08-02 19:00:00+00:00,/identity,1,229.0,272.83,RF_WithoutLag24,20260909T134219Z,2026-08-02 18:00:00+00:00
2026-08-03 00:00:00+00:00,/identity,6,250.0,250.9,RF_WithoutLag24,20260909T134219Z,2026-08-02 18:00:00+00:00
2026-08-03 06:00:00+00:00,/identity,12,263.0,237.97,RF_WithoutLag24,20260909T134219Z,2026-08-02 18:00:00+00:00
2026-08-02 20:00:00+00:00,/identity,1,242.0,264.99,RF_WithoutLag24,20260909T134219Z,2026-08-02 19:00:00+00:00
2026-08-03 01:00:00+00:00,/identity,6,230.0,209.45,RF_WithoutLag24,20260909T134219Z,2026-08-02 19:00:00+00:00
2026-08-03 07:00:00+00:00,/identity,12,273.0,268.02,RF_WithoutLag24,20260909T134219Z,2026-08-02 19:00:00+00:00
2026-08-02 21:00:00+00:00,/identity,1,241.0,222.13,RF_WithoutLag24,20260909T134219Z,2026-08-02 20:00:00+00:00
2026-08-03 02:00:00+00:00,/identity,6,213.0,221.39,RF_WithoutLag24,20260909T134219Z,2026-08-02 20:00:00+00:00
2026-08-03 08:00:00+00:00,/identity,12,298.0,290.22,RF_WithoutLag24,20260909T134219Z,2026-08-02 20:00:00+00:00
2026-08-02 22:00:00+00:00,/identity,1,194.0,245.3,RF_WithoutLag24,20260909T134219Z,2026-08-02 21:00:00+00:00
2026-08-03 03:00:00+00:00,/identity,6,204.0,210.73,RF_WithoutLag24,20260909T134219Z,2026-08-02 21:00:00+00:00
2026-08-03 09:00:00+00:00,/identity,12,381.0,294.46,RF_WithoutLag24,20260909T134219Z,2026-08-02 21:00:00+00:00
2026-08-02 23:00:00+00:00,/identity,1,170.0,239.87,RF_WithoutLag24,20260909T134219Z,2026-08-02 22:00:00+00:00
2026-08-03 04:00:00+00:00,/identity,6,239.0,221.64,RF_WithoutLag24,20260909T134219Z,2026-08-02 22:00:00+00:00
2026-08-03 10:00:00+00:00,/identity,12,355.0,310.57,RF_WithoutLag24,20260909T134219Z,2026-08-02 22:00:00+00:00
2026-08-03 00:00:00+00:00,/identity,1,250.0,200.92,RF_WithoutLag24,20260909T134219Z,2026-08-02 23:00:00+00:00
2026-08-03 05:00:00+00:00,/identity,6,313.0,226.32,RF_WithoutLag24,20260909T134219Z,2026-08-02 23:00:00+00:00
2026-08-03 11:00:00+00:00,/identity,12,377.0,325.12,RF_WithoutLag24,20260909T134219Z,2026-08-02 23:00:00+00:00
2026-08-03 01:00:00+00:00,/identity,1,230.0,196.52,RF_WithoutLag24,20260909T134219Z,2026-08-03 00:00:00+00:00
2026-08-03 06:00:00+00:00,/identity,6,263.0,239.69,RF_WithoutLag24,20260909T134219Z,2026-08-03 00:00:00+00:00
2026-08-03 12:00:00+00:00,/identity,12,343.0,329.3,RF_WithoutLag24,20260909T134219Z,2026-08-03 00:00:00+00:00
2026-08-03 02:00:00+00:00,/identity,1,213.0,223.89,RF_WithoutLag24,20260909T134219Z,2026-08-03 01:00:00+00:00
2026-08-03 07:00:00+00:00,/identity,6,273.0,261.57,RF_WithoutLag24,20260909T134219Z,2026-08-03 01:00:00+00:00
2026-08-03 13:00:00+00:00,/identity,12,398.0,362.48,RF_WithoutLag24,20260909T134219Z,2026-08-03 01:00:00+00:00
2026-08-03 03:00:00+00:00,/identity,1,204.0,222.06,RF_WithoutLag24,20260909T134219Z,2026-08-03 02:00:00+00:00
2026-08-03 08:00:00+00:00,/identity,6,298.0,289.88,RF_WithoutLag24,20260909T134219Z,2026-08-03 02:00:00+00:00
2026-08-03 14:00:00+00:00,/identity,12,357.0,371.72,RF_WithoutLag24,20260909T134219Z,2026-08-03 02:00:00+00:00
2026-08-03 04:00:00+00:00,/identity,1,239.0,221.8,RF_WithoutLag24,20260909T134219Z,2026-08-03 03:00:00+00:00
2026-08-03 09:00:00+00:00,/identity,6,381.0,298.78,RF_WithoutLag24,20260909T134219Z,2026-08-03 03:00:00+00:00
2026-08-03 15:00:00+00:00,/identity,12,390.0,400.45,RF_WithoutLag24,20260909T134219Z,2026-08-03 03:00:00+00:00
2026-08-03 05:00:00+00:00,/identity,1,313.0,223.55,RF_WithoutLag24,20260909T134219Z,2026-08-03 04:00:00+00:00
2026-08-03 10:00:00+00:00,/identity,6,355.0,304.47,RF_WithoutLag24,20260909T134219Z,2026-08-03 04:00:00+00:00
2026-08-03 16:00:00+00:00,/identity,12,435.0,405.9,RF_WithoutLag24,20260909T134219Z,2026-08-03 04:00:00+00:00
2026-08-03 06:00:00+00:00,/identity,1,263.0,251.08,RF_WithoutLag24,20260909T134219Z,2026-08-03 05:00:00+00:00
2026-08-03 11:00:00+00:00,/identity,6,377.0,368.84,RF_WithoutLag24,20260909T134219Z,2026-08-03 05:00:00+00:00
2026-08-03 17:00:00+00:00,/identity,12,352.0,413.87,RF_WithoutLag24,20260909T134219Z,2026-08-03 05:00:00+00:00
2026-08-03 07:00:00+00:00,/identity,1,273.0,298.45,RF_WithoutLag24,20260909T134219Z,2026-08-03 06:00:00+00:00
2026-08-03 12:00:00+00:00,/identity,6,343.0,363.89,RF_WithoutLag24,20260909T134219Z,2026-08-03 06:00:00+00:00
2026-08-03 18:00:00+00:00,/identity,12,382.0,390.23,RF_WithoutLag24,20260909T134219Z,2026-08-03 06:00:00+00:00
2026-08-03 08:00:00+00:00,/identity,1,298.0,294.23,RF_WithoutLag24,20260909T134219Z,2026-08-03 07:00:00+00:00
2026-08-03 13:00:00+00:00,/identity,6,398.0,382.28,RF_WithoutLag24,20260909T134219Z,2026-08-03 07:00:00+00:00
2026-08-03 19:00:00+00:00,/identity,12,353.0,389.72,RF_WithoutLag24,20260909T134219Z,2026-08-03 07:00:00+00:00
2026-08-03 09:00:00+00:00,/identity,1,381.0,314.1,RF_WithoutLag24,20260909T134219Z,2026-08-03 08:00:00+00:00
2026-08-03 14:00:00+00:00,/identity,6,357.0,396.61,RF_WithoutLag24,20260909T134219Z,2026-08-03 08:00:00+00:00
2026-08-03 20:00:00+00:00,/identity,12,277.0,322.51,RF_WithoutLag24,20260909T134219Z,2026-08-03 08:00:00+00:00
2026-08-03 10:00:00+00:00,/identity,1,355.0,327.4,RF_WithoutLag24,20260909T134219Z,2026-08-03 09:00:00+00:00
2026-08-03 15:00:00+00:00,/identity,6,390.0,418.16,RF_WithoutLag24,20260909T134219Z,2026-08-03 09:00:00+00:00
2026-08-03 21:00:00+00:00,/identity,12,272.0,320.23,RF_WithoutLag24,20260909T134219Z,2026-08-03 09:00:00+00:00
2026-08-03 11:00:00+00:00,/identity,1,377.0,360.93,RF_WithoutLag24,20260909T134219Z,2026-08-03 10:00:00+00:00
2026-08-03 16:00:00+00:00,/identity,6,435.0,385.76,RF_WithoutLag24,20260909T134219Z,2026-08-03 10:00:00+00:00
2026-08-03 22:00:00+00:00,/identity,12,269.0,299.85,RF_WithoutLag24,20260909T134219Z,2026-08-03 10:00:00+00:00
2026-08-03 12:00:00+00:00,/identity,1,343.0,385.2,RF_WithoutLag24,20260909T134219Z,2026-08-03 11:00:00+00:00
2026-08-03 17:00:00+00:00,/identity,6,352.0,395.38,RF_WithoutLag24,20260909T134219Z,2026-08-03 11:00:00+00:00
2026-08-03 23:00:00+00:00,/identity,12,285.0,291.52,RF_WithoutLag24,20260909T134219Z,2026-08-03 11:00:00+00:00
2026-08-03 13:00:00+00:00,/identity,1,398.0,416.3,RF_WithoutLag24,20260909T134219Z,2026-08-03 12:00:00+00:00
2026-08-03 18:00:00+00:00,/identity,6,382.0,379.81,RF_WithoutLag24,20260909T134219Z,2026-08-03 12:00:00+00:00
2026-08-04 00:00:00+00:00,/identity,12,223.0,290.57,RF_WithoutLag24,20260909T134219Z,2026-08-03 12:00:00+00:00
2026-08-03 14:00:00+00:00,/identity,1,357.0,389.18,RF_WithoutLag24,20260909T134219Z,2026-08-03 13:00:00+00:00
2026-08-03 19:00:00+00:00,/identity,6,353.0,387.71,RF_WithoutLag24,20260909T134219Z,2026-08-03 13:00:00+00:00
2026-08-04 01:00:00+00:00,/identity,12,263.0,227.99,RF_WithoutLag24,20260909T134219Z,2026-08-03 13:00:00+00:00
2026-08-03 15:00:00+00:00,/identity,1,390.0,420.2,RF_WithoutLag24,20260909T134219Z,2026-08-03 14:00:00+00:00
2026-08-03 20:00:00+00:00,/identity,6,277.0,320.1,RF_WithoutLag24,20260909T134219Z,2026-08-03 14:00:00+00:00
2026-08-04 02:00:00+00:00,/identity,12,248.0,223.75,RF_WithoutLag24,20260909T134219Z,2026-08-03 14:00:00+00:00
2026-08-03 16:00:00+00:00,/identity,1,435.0,384.35,RF_WithoutLag24,20260909T134219Z,2026-08-03 15:00:00+00:00
2026-08-03 21:00:00+00:00,/identity,6,272.0,332.46,RF_WithoutLag24,20260909T134219Z,2026-08-03 15:00:00+00:00
2026-08-04 03:00:00+00:00,/identity,12,188.0,216.27,RF_WithoutLag24,20260909T134219Z,2026-08-03 15:00:00+00:00
2026-08-03 17:00:00+00:00,/identity,1,352.0,407.1,RF_WithoutLag24,20260909T134219Z,2026-08-03 16:00:00+00:00
2026-08-03 22:00:00+00:00,/identity,6,269.0,301.16,RF_WithoutLag24,20260909T134219Z,2026-08-03 16:00:00+00:00
2026-08-04 04:00:00+00:00,/identity,12,210.0,214.75,RF_WithoutLag24,20260909T134219Z,2026-08-03 16:00:00+00:00
2026-08-03 18:00:00+00:00,/identity,1,382.0,384.75,RF_WithoutLag24,20260909T134219Z,2026-08-03 17:00:00+00:00
2026-08-03 23:00:00+00:00,/identity,6,285.0,293.13,RF_WithoutLag24,20260909T134219Z,2026-08-03 17:00:00+00:00
2026-08-04 05:00:00+00:00,/identity,12,295.0,221.38,RF_WithoutLag24,20260909T134219Z,2026-08-03 17:00:00+00:00
2026-08-01 12:00:00+00:00,/inventory,1,384.0,359.78,RF_WithoutLag24,20260909T134219Z,2026-08-01 11:00:00+00:00
2026-08-01 17:00:00+00:00,/inventory,6,358.0,343.93,RF_WithoutLag24,20260909T134219Z,2026-08-01 11:00:00+00:00
2026-08-01 23:00:00+00:00,/inventory,12,182.0,292.12,RF_WithoutLag24,20260909T134219Z,2026-08-01 11:00:00+00:00
2026-08-01 13:00:00+00:00,/inventory,1,367.0,367.93,RF_WithoutLag24,20260909T134219Z,2026-08-01 12:00:00+00:00
2026-08-01 18:00:00+00:00,/inventory,6,317.0,419.81,RF_WithoutLag24,20260909T134219Z,2026-08-01 12:00:00+00:00
2026-08-02 00:00:00+00:00,/inventory,12,239.0,317.91,RF_WithoutLag24,20260909T134219Z,2026-08-01 12:00:00+00:00
2026-08-01 14:00:00+00:00,/inventory,1,383.0,413.93,RF_WithoutLag24,20260909T134219Z,2026-08-01 13:00:00+00:00
2026-08-01 19:00:00+00:00,/inventory,6,287.0,325.8,RF_WithoutLag24,20260909T134219Z,2026-08-01 13:00:00+00:00
2026-08-02 01:00:00+00:00,/inventory,12,231.0,273.72,RF_WithoutLag24,20260909T134219Z,2026-08-01 13:00:00+00:00
2026-08-01 15:00:00+00:00,/inventory,1,381.0,358.88,RF_WithoutLag24,20260909T134219Z,2026-08-01 14:00:00+00:00
2026-08-01 20:00:00+00:00,/inventory,6,318.0,389.78,RF_WithoutLag24,20260909T134219Z,2026-08-01 14:00:00+00:00
2026-08-02 02:00:00+00:00,/inventory,12,195.0,267.05,RF_WithoutLag24,20260909T134219Z,2026-08-01 14:00:00+00:00
2026-08-01 16:00:00+00:00,/inventory,1,335.0,404.32,RF_WithoutLag24,20260909T134219Z,2026-08-01 15:00:00+00:00
2026-08-01 21:00:00+00:00,/inventory,6,267.0,330.31,RF_WithoutLag24,20260909T134219Z,2026-08-01 15:00:00+00:00
2026-08-02 03:00:00+00:00,/inventory,12,224.0,209.76,RF_WithoutLag24,20260909T134219Z,2026-08-01 15:00:00+00:00
2026-08-01 17:00:00+00:00,/inventory,1,358.0,387.72,RF_WithoutLag24,20260909T134219Z,2026-08-01 16:00:00+00:00
2026-08-01 22:00:00+00:00,/inventory,6,238.0,324.28,RF_WithoutLag24,20260909T134219Z,2026-08-01 16:00:00+00:00
2026-08-02 04:00:00+00:00,/inventory,12,180.0,275.12,RF_WithoutLag24,20260909T134219Z,2026-08-01 16:00:00+00:00
2026-08-01 18:00:00+00:00,/inventory,1,317.0,334.88,RF_WithoutLag24,20260909T134219Z,2026-08-01 17:00:00+00:00
2026-08-01 23:00:00+00:00,/inventory,6,182.0,287.25,RF_WithoutLag24,20260909T134219Z,2026-08-01 17:00:00+00:00
2026-08-02 05:00:00+00:00,/inventory,12,213.0,221.09,RF_WithoutLag24,20260909T134219Z,2026-08-01 17:00:00+00:00
2026-08-01 19:00:00+00:00,/inventory,1,287.0,321.09,RF_WithoutLag24,20260909T134219Z,2026-08-01 18:00:00+00:00
2026-08-02 00:00:00+00:00,/inventory,6,239.0,277.25,RF_WithoutLag24,20260909T134219Z,2026-08-01 18:00:00+00:00
2026-08-02 06:00:00+00:00,/inventory,12,312.0,243.58,RF_WithoutLag24,20260909T134219Z,2026-08-01 18:00:00+00:00
2026-08-01 20:00:00+00:00,/inventory,1,318.0,320.75,RF_WithoutLag24,20260909T134219Z,2026-08-01 19:00:00+00:00
2026-08-02 01:00:00+00:00,/inventory,6,231.0,270.75,RF_WithoutLag24,20260909T134219Z,2026-08-01 19:00:00+00:00
2026-08-02 07:00:00+00:00,/inventory,12,285.0,255.1,RF_WithoutLag24,20260909T134219Z,2026-08-01 19:00:00+00:00
2026-08-01 21:00:00+00:00,/inventory,1,267.0,308.19,RF_WithoutLag24,20260909T134219Z,2026-08-01 20:00:00+00:00
2026-08-02 02:00:00+00:00,/inventory,6,195.0,287.68,RF_WithoutLag24,20260909T134219Z,2026-08-01 20:00:00+00:00
2026-08-02 08:00:00+00:00,/inventory,12,283.0,337.76,RF_WithoutLag24,20260909T134219Z,2026-08-01 20:00:00+00:00
2026-08-01 22:00:00+00:00,/inventory,1,238.0,295.43,RF_WithoutLag24,20260909T134219Z,2026-08-01 21:00:00+00:00
2026-08-02 03:00:00+00:00,/inventory,6,224.0,223.73,RF_WithoutLag24,20260909T134219Z,2026-08-01 21:00:00+00:00
2026-08-02 09:00:00+00:00,/inventory,12,344.0,267.43,RF_WithoutLag24,20260909T134219Z,2026-08-01 21:00:00+00:00
2026-08-01 23:00:00+00:00,/inventory,1,182.0,257.43,RF_WithoutLag24,20260909T134219Z,2026-08-01 22:00:00+00:00
2026-08-02 04:00:00+00:00,/inventory,6,180.0,237.72,RF_WithoutLag24,20260909T134219Z,2026-08-01 22:00:00+00:00
2026-08-02 10:00:00+00:00,/inventory,12,335.0,316.11,RF_WithoutLag24,20260909T134219Z,2026-08-01 22:00:00+00:00
2026-08-02 00:00:00+00:00,/inventory,1,239.0,262.17,RF_WithoutLag24,20260909T134219Z,2026-08-01 23:00:00+00:00
2026-08-02 05:00:00+00:00,/inventory,6,213.0,238.81,RF_WithoutLag24,20260909T134219Z,2026-08-01 23:00:00+00:00
2026-08-02 11:00:00+00:00,/inventory,12,381.0,340.13,RF_WithoutLag24,20260909T134219Z,2026-08-01 23:00:00+00:00
2026-08-02 01:00:00+00:00,/inventory,1,231.0,208.26,RF_WithoutLag24,20260909T134219Z,2026-08-02 00:00:00+00:00
2026-08-02 06:00:00+00:00,/inventory,6,312.0,279.82,RF_WithoutLag24,20260909T134219Z,2026-08-02 00:00:00+00:00
2026-08-02 12:00:00+00:00,/inventory,12,349.0,361.62,RF_WithoutLag24,20260909T134219Z,2026-08-02 00:00:00+00:00
2026-08-02 02:00:00+00:00,/inventory,1,195.0,246.91,RF_WithoutLag24,20260909T134219Z,2026-08-02 01:00:00+00:00
2026-08-02 07:00:00+00:00,/inventory,6,285.0,265.03,RF_WithoutLag24,20260909T134219Z,2026-08-02 01:00:00+00:00
2026-08-02 13:00:00+00:00,/inventory,12,402.0,367.71,RF_WithoutLag24,20260909T134219Z,2026-08-02 01:00:00+00:00
2026-08-02 03:00:00+00:00,/inventory,1,224.0,232.83,RF_WithoutLag24,20260909T134219Z,2026-08-02 02:00:00+00:00
2026-08-02 08:00:00+00:00,/inventory,6,283.0,313.87,RF_WithoutLag24,20260909T134219Z,2026-08-02 02:00:00+00:00
2026-08-02 14:00:00+00:00,/inventory,12,399.0,357.12,RF_WithoutLag24,20260909T134219Z,2026-08-02 02:00:00+00:00
2026-08-02 04:00:00+00:00,/inventory,1,180.0,227.19,RF_WithoutLag24,20260909T134219Z,2026-08-02 03:00:00+00:00
2026-08-02 09:00:00+00:00,/inventory,6,344.0,338.36,RF_WithoutLag24,20260909T134219Z,2026-08-02 03:00:00+00:00
2026-08-02 15:00:00+00:00,/inventory,12,308.0,347.35,RF_WithoutLag24,20260909T134219Z,2026-08-02 03:00:00+00:00
2026-08-02 05:00:00+00:00,/inventory,1,213.0,249.79,RF_WithoutLag24,20260909T134219Z,2026-08-02 04:00:00+00:00
2026-08-02 10:00:00+00:00,/inventory,6,335.0,328.4,RF_WithoutLag24,20260909T134219Z,2026-08-02 04:00:00+00:00
2026-08-02 16:00:00+00:00,/inventory,12,350.0,364.41,RF_WithoutLag24,20260909T134219Z,2026-08-02 04:00:00+00:00
2026-08-02 06:00:00+00:00,/inventory,1,312.0,258.52,RF_WithoutLag24,20260909T134219Z,2026-08-02 05:00:00+00:00
2026-08-02 11:00:00+00:00,/inventory,6,381.0,339.95,RF_WithoutLag24,20260909T134219Z,2026-08-02 05:00:00+00:00
2026-08-02 17:00:00+00:00,/inventory,12,414.0,360.85,RF_WithoutLag24,20260909T134219Z,2026-08-02 05:00:00+00:00
2026-08-02 07:00:00+00:00,/inventory,1,285.0,270.2,RF_WithoutLag24,20260909T134219Z,2026-08-02 06:00:00+00:00
2026-08-02 12:00:00+00:00,/inventory,6,349.0,367.85,RF_WithoutLag24,20260909T134219Z,2026-08-02 06:00:00+00:00
2026-08-02 18:00:00+00:00,/inventory,12,310.0,353.21,RF_WithoutLag24,20260909T134219Z,2026-08-02 06:00:00+00:00
2026-08-02 08:00:00+00:00,/inventory,1,283.0,335.59,RF_WithoutLag24,20260909T134219Z,2026-08-02 07:00:00+00:00
2026-08-02 13:00:00+00:00,/inventory,6,402.0,355.96,RF_WithoutLag24,20260909T134219Z,2026-08-02 07:00:00+00:00
2026-08-02 19:00:00+00:00,/inventory,12,290.0,332.47,RF_WithoutLag24,20260909T134219Z,2026-08-02 07:00:00+00:00
2026-08-02 09:00:00+00:00,/inventory,1,344.0,343.85,RF_WithoutLag24,20260909T134219Z,2026-08-02 08:00:00+00:00
2026-08-02 14:00:00+00:00,/inventory,6,399.0,372.14,RF_WithoutLag24,20260909T134219Z,2026-08-02 08:00:00+00:00
2026-08-02 20:00:00+00:00,/inventory,12,209.0,333.88,RF_WithoutLag24,20260909T134219Z,2026-08-02 08:00:00+00:00
2026-08-02 10:00:00+00:00,/inventory,1,335.0,334.39,RF_WithoutLag24,20260909T134219Z,2026-08-02 09:00:00+00:00
2026-08-02 15:00:00+00:00,/inventory,6,308.0,373.59,RF_WithoutLag24,20260909T134219Z,2026-08-02 09:00:00+00:00
2026-08-02 21:00:00+00:00,/inventory,12,310.0,332.7,RF_WithoutLag24,20260909T134219Z,2026-08-02 09:00:00+00:00
2026-08-02 11:00:00+00:00,/inventory,1,381.0,343.37,RF_WithoutLag24,20260909T134219Z,2026-08-02 10:00:00+00:00
2026-08-02 16:00:00+00:00,/inventory,6,350.0,361.6,RF_WithoutLag24,20260909T134219Z,2026-08-02 10:00:00+00:00
2026-08-02 22:00:00+00:00,/inventory,12,237.0,324.53,RF_WithoutLag24,20260909T134219Z,2026-08-02 10:00:00+00:00
2026-08-02 12:00:00+00:00,/inventory,1,349.0,363.14,RF_WithoutLag24,20260909T134219Z,2026-08-02 11:00:00+00:00
2026-08-02 17:00:00+00:00,/inventory,6,414.0,420.04,RF_WithoutLag24,20260909T134219Z,2026-08-02 11:00:00+00:00
2026-08-02 23:00:00+00:00,/inventory,12,254.0,318.28,RF_WithoutLag24,20260909T134219Z,2026-08-02 11:00:00+00:00
2026-08-02 13:00:00+00:00,/inventory,1,402.0,405.61,RF_WithoutLag24,20260909T134219Z,2026-08-02 12:00:00+00:00
2026-08-02 18:00:00+00:00,/inventory,6,310.0,343.04,RF_WithoutLag24,20260909T134219Z,2026-08-02 12:00:00+00:00
2026-08-03 00:00:00+00:00,/inventory,12,288.0,289.1,RF_WithoutLag24,20260909T134219Z,2026-08-02 12:00:00+00:00
2026-08-02 14:00:00+00:00,/inventory,1,399.0,363.61,RF_WithoutLag24,20260909T134219Z,2026-08-02 13:00:00+00:00
2026-08-02 19:00:00+00:00,/inventory,6,290.0,403.46,RF_WithoutLag24,20260909T134219Z,2026-08-02 13:00:00+00:00
2026-08-03 01:00:00+00:00,/inventory,12,262.0,293.06,RF_WithoutLag24,20260909T134219Z,2026-08-02 13:00:00+00:00
2026-08-02 15:00:00+00:00,/inventory,1,308.0,421.91,RF_WithoutLag24,20260909T134219Z,2026-08-02 14:00:00+00:00
2026-08-02 20:00:00+00:00,/inventory,6,209.0,331.13,RF_WithoutLag24,20260909T134219Z,2026-08-02 14:00:00+00:00
2026-08-03 02:00:00+00:00,/inventory,12,283.0,287.09,RF_WithoutLag24,20260909T134219Z,2026-08-02 14:00:00+00:00
2026-08-02 16:00:00+00:00,/inventory,1,350.0,394.61,RF_WithoutLag24,20260909T134219Z,2026-08-02 15:00:00+00:00
2026-08-02 21:00:00+00:00,/inventory,6,310.0,322.09,RF_WithoutLag24,20260909T134219Z,2026-08-02 15:00:00+00:00
2026-08-03 03:00:00+00:00,/inventory,12,379.0,302.34,RF_WithoutLag24,20260909T134219Z,2026-08-02 15:00:00+00:00
2026-08-02 17:00:00+00:00,/inventory,1,414.0,366.53,RF_WithoutLag24,20260909T134219Z,2026-08-02 16:00:00+00:00
2026-08-02 22:00:00+00:00,/inventory,6,237.0,322.96,RF_WithoutLag24,20260909T134219Z,2026-08-02 16:00:00+00:00
2026-08-03 04:00:00+00:00,/inventory,12,259.0,321.3,RF_WithoutLag24,20260909T134219Z,2026-08-02 16:00:00+00:00
2026-08-02 18:00:00+00:00,/inventory,1,310.0,346.78,RF_WithoutLag24,20260909T134219Z,2026-08-02 17:00:00+00:00
2026-08-02 23:00:00+00:00,/inventory,6,254.0,308.07,RF_WithoutLag24,20260909T134219Z,2026-08-02 17:00:00+00:00
2026-08-03 05:00:00+00:00,/inventory,12,311.0,349.81,RF_WithoutLag24,20260909T134219Z,2026-08-02 17:00:00+00:00
2026-08-02 19:00:00+00:00,/inventory,1,290.0,380.74,RF_WithoutLag24,20260909T134219Z,2026-08-02 18:00:00+00:00
2026-08-03 00:00:00+00:00,/inventory,6,288.0,295.64,RF_WithoutLag24,20260909T134219Z,2026-08-02 18:00:00+00:00
2026-08-03 06:00:00+00:00,/inventory,12,319.0,346.33,RF_WithoutLag24,20260909T134219Z,2026-08-02 18:00:00+00:00
2026-08-02 20:00:00+00:00,/inventory,1,209.0,334.3,RF_WithoutLag24,20260909T134219Z,2026-08-02 19:00:00+00:00
2026-08-03 01:00:00+00:00,/inventory,6,262.0,314.18,RF_WithoutLag24,20260909T134219Z,2026-08-02 19:00:00+00:00
2026-08-03 07:00:00+00:00,/inventory,12,339.0,356.06,RF_WithoutLag24,20260909T134219Z,2026-08-02 19:00:00+00:00
2026-08-02 21:00:00+00:00,/inventory,1,310.0,316.85,RF_WithoutLag24,20260909T134219Z,2026-08-02 20:00:00+00:00
2026-08-03 02:00:00+00:00,/inventory,6,283.0,326.26,RF_WithoutLag24,20260909T134219Z,2026-08-02 20:00:00+00:00
2026-08-03 08:00:00+00:00,/inventory,12,384.0,370.21,RF_WithoutLag24,20260909T134219Z,2026-08-02 20:00:00+00:00
2026-08-02 22:00:00+00:00,/inventory,1,237.0,270.09,RF_WithoutLag24,20260909T134219Z,2026-08-02 21:00:00+00:00
2026-08-03 03:00:00+00:00,/inventory,6,379.0,312.97,RF_WithoutLag24,20260909T134219Z,2026-08-02 21:00:00+00:00
2026-08-03 09:00:00+00:00,/inventory,12,451.0,370.82,RF_WithoutLag24,20260909T134219Z,2026-08-02 21:00:00+00:00
2026-08-02 23:00:00+00:00,/inventory,1,254.0,285.74,RF_WithoutLag24,20260909T134219Z,2026-08-02 22:00:00+00:00
2026-08-03 04:00:00+00:00,/inventory,6,259.0,320.64,RF_WithoutLag24,20260909T134219Z,2026-08-02 22:00:00+00:00
2026-08-03 10:00:00+00:00,/inventory,12,469.0,401.17,RF_WithoutLag24,20260909T134219Z,2026-08-02 22:00:00+00:00
2026-08-03 00:00:00+00:00,/inventory,1,288.0,277.6,RF_WithoutLag24,20260909T134219Z,2026-08-02 23:00:00+00:00
2026-08-03 05:00:00+00:00,/inventory,6,311.0,347.2,RF_WithoutLag24,20260909T134219Z,2026-08-02 23:00:00+00:00
2026-08-03 11:00:00+00:00,/inventory,12,468.0,379.78,RF_WithoutLag24,20260909T134219Z,2026-08-02 23:00:00+00:00
2026-08-03 01:00:00+00:00,/inventory,1,262.0,305.93,RF_WithoutLag24,20260909T134219Z,2026-08-03 00:00:00+00:00
2026-08-03 06:00:00+00:00,/inventory,6,319.0,354.03,RF_WithoutLag24,20260909T134219Z,2026-08-03 00:00:00+00:00
2026-08-03 12:00:00+00:00,/inventory,12,489.0,410.89,RF_WithoutLag24,20260909T134219Z,2026-08-03 00:00:00+00:00
2026-08-03 02:00:00+00:00,/inventory,1,283.0,311.5,RF_WithoutLag24,20260909T134219Z,2026-08-03 01:00:00+00:00
2026-08-03 07:00:00+00:00,/inventory,6,339.0,355.3,RF_WithoutLag24,20260909T134219Z,2026-08-03 01:00:00+00:00
2026-08-03 13:00:00+00:00,/inventory,12,587.0,404.14,RF_WithoutLag24,20260909T134219Z,2026-08-03 01:00:00+00:00
2026-08-03 03:00:00+00:00,/inventory,1,379.0,321.11,RF_WithoutLag24,20260909T134219Z,2026-08-03 02:00:00+00:00
2026-08-03 08:00:00+00:00,/inventory,6,384.0,358.02,RF_WithoutLag24,20260909T134219Z,2026-08-03 02:00:00+00:00
2026-08-03 14:00:00+00:00,/inventory,12,480.0,377.01,RF_WithoutLag24,20260909T134219Z,2026-08-03 02:00:00+00:00
2026-08-03 04:00:00+00:00,/inventory,1,259.0,336.83,RF_WithoutLag24,20260909T134219Z,2026-08-03 03:00:00+00:00
2026-08-03 09:00:00+00:00,/inventory,6,451.0,383.53,RF_WithoutLag24,20260909T134219Z,2026-08-03 03:00:00+00:00
2026-08-03 15:00:00+00:00,/inventory,12,481.0,442.34,RF_WithoutLag24,20260909T134219Z,2026-08-03 03:00:00+00:00
2026-08-03 05:00:00+00:00,/inventory,1,311.0,342.33,RF_WithoutLag24,20260909T134219Z,2026-08-03 04:00:00+00:00
2026-08-03 10:00:00+00:00,/inventory,6,469.0,369.51,RF_WithoutLag24,20260909T134219Z,2026-08-03 04:00:00+00:00
2026-08-03 16:00:00+00:00,/inventory,12,467.0,366.29,RF_WithoutLag24,20260909T134219Z,2026-08-03 04:00:00+00:00
2026-08-03 06:00:00+00:00,/inventory,1,319.0,319.65,RF_WithoutLag24,20260909T134219Z,2026-08-03 05:00:00+00:00
2026-08-03 11:00:00+00:00,/inventory,6,468.0,367.23,RF_WithoutLag24,20260909T134219Z,2026-08-03 05:00:00+00:00
2026-08-03 17:00:00+00:00,/inventory,12,501.0,366.91,RF_WithoutLag24,20260909T134219Z,2026-08-03 05:00:00+00:00
2026-08-03 07:00:00+00:00,/inventory,1,339.0,354.31,RF_WithoutLag24,20260909T134219Z,2026-08-03 06:00:00+00:00
2026-08-03 12:00:00+00:00,/inventory,6,489.0,373.69,RF_WithoutLag24,20260909T134219Z,2026-08-03 06:00:00+00:00
2026-08-03 18:00:00+00:00,/inventory,12,450.0,351.64,RF_WithoutLag24,20260909T134219Z,2026-08-03 06:00:00+00:00
2026-08-03 08:00:00+00:00,/inventory,1,384.0,358.19,RF_WithoutLag24,20260909T134219Z,2026-08-03 07:00:00+00:00
2026-08-03 13:00:00+00:00,/inventory,6,587.0,370.64,RF_WithoutLag24,20260909T134219Z,2026-08-03 07:00:00+00:00
2026-08-03 19:00:00+00:00,/inventory,12,431.0,345.65,RF_WithoutLag24,20260909T134219Z,2026-08-03 07:00:00+00:00
2026-08-03 09:00:00+00:00,/inventory,1,451.0,366.98,RF_WithoutLag24,20260909T134219Z,2026-08-03 08:00:00+00:00
2026-08-03 14:00:00+00:00,/inventory,6,480.0,455.83,RF_WithoutLag24,20260909T134219Z,2026-08-03 08:00:00+00:00
2026-08-03 20:00:00+00:00,/inventory,12,397.0,413.69,RF_WithoutLag24,20260909T134219Z,2026-08-03 08:00:00+00:00
2026-08-03 10:00:00+00:00,/inventory,1,469.0,381.11,RF_WithoutLag24,20260909T134219Z,2026-08-03 09:00:00+00:00
2026-08-03 15:00:00+00:00,/inventory,6,481.0,473.26,RF_WithoutLag24,20260909T134219Z,2026-08-03 09:00:00+00:00
2026-08-03 21:00:00+00:00,/inventory,12,400.0,404.63,RF_WithoutLag24,20260909T134219Z,2026-08-03 09:00:00+00:00
2026-08-03 11:00:00+00:00,/inventory,1,468.0,429.92,RF_WithoutLag24,20260909T134219Z,2026-08-03 10:00:00+00:00
2026-08-03 16:00:00+00:00,/inventory,6,467.0,509.26,RF_WithoutLag24,20260909T134219Z,2026-08-03 10:00:00+00:00
2026-08-03 22:00:00+00:00,/inventory,12,284.0,394.71,RF_WithoutLag24,20260909T134219Z,2026-08-03 10:00:00+00:00
2026-08-03 12:00:00+00:00,/inventory,1,489.0,468.98,RF_WithoutLag24,20260909T134219Z,2026-08-03 11:00:00+00:00
2026-08-03 17:00:00+00:00,/inventory,6,501.0,506.43,RF_WithoutLag24,20260909T134219Z,2026-08-03 11:00:00+00:00
2026-08-03 23:00:00+00:00,/inventory,12,268.0,412.71,RF_WithoutLag24,20260909T134219Z,2026-08-03 11:00:00+00:00
2026-08-03 13:00:00+00:00,/inventory,1,587.0,473.9,RF_WithoutLag24,20260909T134219Z,2026-08-03 12:00:00+00:00
2026-08-03 18:00:00+00:00,/inventory,6,450.0,475.12,RF_WithoutLag24,20260909T134219Z,2026-08-03 12:00:00+00:00
2026-08-04 00:00:00+00:00,/inventory,12,347.0,397.7,RF_WithoutLag24,20260909T134219Z,2026-08-03 12:00:00+00:00
2026-08-03 14:00:00+00:00,/inventory,1,480.0,515.25,RF_WithoutLag24,20260909T134219Z,2026-08-03 13:00:00+00:00
2026-08-03 19:00:00+00:00,/inventory,6,431.0,455.19,RF_WithoutLag24,20260909T134219Z,2026-08-03 13:00:00+00:00
2026-08-04 01:00:00+00:00,/inventory,12,329.0,346.91,RF_WithoutLag24,20260909T134219Z,2026-08-03 13:00:00+00:00
2026-08-03 15:00:00+00:00,/inventory,1,481.0,518.03,RF_WithoutLag24,20260909T134219Z,2026-08-03 14:00:00+00:00
2026-08-03 20:00:00+00:00,/inventory,6,397.0,438.32,RF_WithoutLag24,20260909T134219Z,2026-08-03 14:00:00+00:00
2026-08-04 02:00:00+00:00,/inventory,12,260.0,351.35,RF_WithoutLag24,20260909T134219Z,2026-08-03 14:00:00+00:00
2026-08-03 16:00:00+00:00,/inventory,1,467.0,525.77,RF_WithoutLag24,20260909T134219Z,2026-08-03 15:00:00+00:00
2026-08-03 21:00:00+00:00,/inventory,6,400.0,406.33,RF_WithoutLag24,20260909T134219Z,2026-08-03 15:00:00+00:00
2026-08-04 03:00:00+00:00,/inventory,12,320.0,404.29,RF_WithoutLag24,20260909T134219Z,2026-08-03 15:00:00+00:00
2026-08-03 17:00:00+00:00,/inventory,1,501.0,516.79,RF_WithoutLag24,20260909T134219Z,2026-08-03 16:00:00+00:00
2026-08-03 22:00:00+00:00,/inventory,6,284.0,387.04,RF_WithoutLag24,20260909T134219Z,2026-08-03 16:00:00+00:00
2026-08-04 04:00:00+00:00,/inventory,12,253.0,310.57,RF_WithoutLag24,20260909T134219Z,2026-08-03 16:00:00+00:00
2026-08-03 18:00:00+00:00,/inventory,1,450.0,474.77,RF_WithoutLag24,20260909T134219Z,2026-08-03 17:00:00+00:00
2026-08-03 23:00:00+00:00,/inventory,6,268.0,395.2,RF_WithoutLag24,20260909T134219Z,2026-08-03 17:00:00+00:00
2026-08-04 05:00:00+00:00,/inventory,12,356.0,305.96,RF_WithoutLag24,20260909T134219Z,2026-08-03 17:00:00+00:00
2026-08-01 12:00:00+00:00,/orders,1,613.0,550.83,RF_WithoutLag24,20260909T134219Z,2026-08-01 11:00:00+00:00
2026-08-01 17:00:00+00:00,/orders,6,446.0,504.32,RF_WithoutLag24,20260909T134219Z,2026-08-01 11:00:00+00:00
2026-08-01 23:00:00+00:00,/orders,12,347.0,403.81,RF_WithoutLag24,20260909T134219Z,2026-08-01 11:00:00+00:00
2026-08-01 13:00:00+00:00,/orders,1,538.0,545.04,RF_WithoutLag24,20260909T134219Z,2026-08-01 12:00:00+00:00
2026-08-01 18:00:00+00:00,/orders,6,497.0,615.13,RF_WithoutLag24,20260909T134219Z,2026-08-01 12:00:00+00:00
2026-08-02 00:00:00+00:00,/orders,12,167.0,450.35,RF_WithoutLag24,20260909T134219Z,2026-08-01 12:00:00+00:00
2026-08-01 14:00:00+00:00,/orders,1,491.0,604.19,RF_WithoutLag24,20260909T134219Z,2026-08-01 13:00:00+00:00
2026-08-01 19:00:00+00:00,/orders,6,499.0,470.48,RF_WithoutLag24,20260909T134219Z,2026-08-01 13:00:00+00:00
2026-08-02 01:00:00+00:00,/orders,12,215.0,399.06,RF_WithoutLag24,20260909T134219Z,2026-08-01 13:00:00+00:00
2026-08-01 15:00:00+00:00,/orders,1,534.0,554.35,RF_WithoutLag24,20260909T134219Z,2026-08-01 14:00:00+00:00
2026-08-01 20:00:00+00:00,/orders,6,449.0,472.72,RF_WithoutLag24,20260909T134219Z,2026-08-01 14:00:00+00:00
2026-08-02 02:00:00+00:00,/orders,12,262.0,400.28,RF_WithoutLag24,20260909T134219Z,2026-08-01 14:00:00+00:00
2026-08-01 16:00:00+00:00,/orders,1,579.0,544.76,RF_WithoutLag24,20260909T134219Z,2026-08-01 15:00:00+00:00
2026-08-01 21:00:00+00:00,/orders,6,334.0,451.96,RF_WithoutLag24,20260909T134219Z,2026-08-01 15:00:00+00:00
2026-08-02 03:00:00+00:00,/orders,12,384.0,399.52,RF_WithoutLag24,20260909T134219Z,2026-08-01 15:00:00+00:00
2026-08-01 17:00:00+00:00,/orders,1,446.0,509.16,RF_WithoutLag24,20260909T134219Z,2026-08-01 16:00:00+00:00
2026-08-01 22:00:00+00:00,/orders,6,373.0,455.07,RF_WithoutLag24,20260909T134219Z,2026-08-01 16:00:00+00:00
2026-08-02 04:00:00+00:00,/orders,12,347.0,411.52,RF_WithoutLag24,20260909T134219Z,2026-08-01 16:00:00+00:00
2026-08-01 18:00:00+00:00,/orders,1,497.0,512.2,RF_WithoutLag24,20260909T134219Z,2026-08-01 17:00:00+00:00
2026-08-01 23:00:00+00:00,/orders,6,347.0,405.65,RF_WithoutLag24,20260909T134219Z,2026-08-01 17:00:00+00:00
2026-08-02 05:00:00+00:00,/orders,12,336.0,420.14,RF_WithoutLag24,20260909T134219Z,2026-08-01 17:00:00+00:00
2026-08-01 19:00:00+00:00,/orders,1,499.0,461.48,RF_WithoutLag24,20260909T134219Z,2026-08-01 18:00:00+00:00
2026-08-02 00:00:00+00:00,/orders,6,167.0,414.96,RF_WithoutLag24,20260909T134219Z,2026-08-01 18:00:00+00:00
2026-08-02 06:00:00+00:00,/orders,12,347.0,385.53,RF_WithoutLag24,20260909T134219Z,2026-08-01 18:00:00+00:00
2026-08-01 20:00:00+00:00,/orders,1,449.0,477.61,RF_WithoutLag24,20260909T134219Z,2026-08-01 19:00:00+00:00
2026-08-02 01:00:00+00:00,/orders,6,215.0,402.65,RF_WithoutLag24,20260909T134219Z,2026-08-01 19:00:00+00:00
2026-08-02 07:00:00+00:00,/orders,12,328.0,439.21,RF_WithoutLag24,20260909T134219Z,2026-08-01 19:00:00+00:00
2026-08-01 21:00:00+00:00,/orders,1,334.0,445.3,RF_WithoutLag24,20260909T134219Z,2026-08-01 20:00:00+00:00
2026-08-02 02:00:00+00:00,/orders,6,262.0,404.84,RF_WithoutLag24,20260909T134219Z,2026-08-01 20:00:00+00:00
2026-08-02 08:00:00+00:00,/orders,12,439.0,440.45,RF_WithoutLag24,20260909T134219Z,2026-08-01 20:00:00+00:00
2026-08-01 22:00:00+00:00,/orders,1,373.0,450.33,RF_WithoutLag24,20260909T134219Z,2026-08-01 21:00:00+00:00
2026-08-02 03:00:00+00:00,/orders,6,384.0,326.96,RF_WithoutLag24,20260909T134219Z,2026-08-01 21:00:00+00:00
2026-08-02 09:00:00+00:00,/orders,12,454.0,374.75,RF_WithoutLag24,20260909T134219Z,2026-08-01 21:00:00+00:00
2026-08-01 23:00:00+00:00,/orders,1,347.0,363.97,RF_WithoutLag24,20260909T134219Z,2026-08-01 22:00:00+00:00
2026-08-02 04:00:00+00:00,/orders,6,347.0,337.16,RF_WithoutLag24,20260909T134219Z,2026-08-01 22:00:00+00:00
2026-08-02 10:00:00+00:00,/orders,12,420.0,373.72,RF_WithoutLag24,20260909T134219Z,2026-08-01 22:00:00+00:00
2026-08-02 00:00:00+00:00,/orders,1,167.0,363.62,RF_WithoutLag24,20260909T134219Z,2026-08-01 23:00:00+00:00
2026-08-02 05:00:00+00:00,/orders,6,336.0,348.71,RF_WithoutLag24,20260909T134219Z,2026-08-01 23:00:00+00:00
2026-08-02 11:00:00+00:00,/orders,12,607.0,392.23,RF_WithoutLag24,20260909T134219Z,2026-08-01 23:00:00+00:00
2026-08-02 01:00:00+00:00,/orders,1,215.0,319.89,RF_WithoutLag24,20260909T134219Z,2026-08-02 00:00:00+00:00
2026-08-02 06:00:00+00:00,/orders,6,347.0,350.31,RF_WithoutLag24,20260909T134219Z,2026-08-02 00:00:00+00:00
2026-08-02 12:00:00+00:00,/orders,12,534.0,396.43,RF_WithoutLag24,20260909T134219Z,2026-08-02 00:00:00+00:00
2026-08-02 02:00:00+00:00,/orders,1,262.0,326.98,RF_WithoutLag24,20260909T134219Z,2026-08-02 01:00:00+00:00
2026-08-02 07:00:00+00:00,/orders,6,328.0,377.27,RF_WithoutLag24,20260909T134219Z,2026-08-02 01:00:00+00:00
2026-08-02 13:00:00+00:00,/orders,12,572.0,401.14,RF_WithoutLag24,20260909T134219Z,2026-08-02 01:00:00+00:00
2026-08-02 03:00:00+00:00,/orders,1,384.0,346.36,RF_WithoutLag24,20260909T134219Z,2026-08-02 02:00:00+00:00
2026-08-02 08:00:00+00:00,/orders,6,439.0,358.35,RF_WithoutLag24,20260909T134219Z,2026-08-02 02:00:00+00:00
2026-08-02 14:00:00+00:00,/orders,12,500.0,454.68,RF_WithoutLag24,20260909T134219Z,2026-08-02 02:00:00+00:00
2026-08-02 04:00:00+00:00,/orders,1,347.0,361.36,RF_WithoutLag24,20260909T134219Z,2026-08-02 03:00:00+00:00
2026-08-02 09:00:00+00:00,/orders,6,454.0,388.59,RF_WithoutLag24,20260909T134219Z,2026-08-02 03:00:00+00:00
2026-08-02 15:00:00+00:00,/orders,12,485.0,443.74,RF_WithoutLag24,20260909T134219Z,2026-08-02 03:00:00+00:00
2026-08-02 05:00:00+00:00,/orders,1,336.0,332.43,RF_WithoutLag24,20260909T134219Z,2026-08-02 04:00:00+00:00
2026-08-02 10:00:00+00:00,/orders,6,420.0,394.89,RF_WithoutLag24,20260909T134219Z,2026-08-02 04:00:00+00:00
2026-08-02 16:00:00+00:00,/orders,12,567.0,498.37,RF_WithoutLag24,20260909T134219Z,2026-08-02 04:00:00+00:00
2026-08-02 06:00:00+00:00,/orders,1,347.0,354.52,RF_WithoutLag24,20260909T134219Z,2026-08-02 05:00:00+00:00
2026-08-02 11:00:00+00:00,/orders,6,607.0,386.15,RF_WithoutLag24,20260909T134219Z,2026-08-02 05:00:00+00:00
2026-08-02 17:00:00+00:00,/orders,12,476.0,488.23,RF_WithoutLag24,20260909T134219Z,2026-08-02 05:00:00+00:00
2026-08-02 07:00:00+00:00,/orders,1,328.0,378.62,RF_WithoutLag24,20260909T134219Z,2026-08-02 06:00:00+00:00
2026-08-02 12:00:00+00:00,/orders,6,534.0,396.57,RF_WithoutLag24,20260909T134219Z,2026-08-02 06:00:00+00:00
2026-08-02 18:00:00+00:00,/orders,12,521.0,500.26,RF_WithoutLag24,20260909T134219Z,2026-08-02 06:00:00+00:00
2026-08-02 08:00:00+00:00,/orders,1,439.0,358.78,RF_WithoutLag24,20260909T134219Z,2026-08-02 07:00:00+00:00
2026-08-02 13:00:00+00:00,/orders,6,572.0,485.85,RF_WithoutLag24,20260909T134219Z,2026-08-02 07:00:00+00:00
2026-08-02 19:00:00+00:00,/orders,12,399.0,526.52,RF_WithoutLag24,20260909T134219Z,2026-08-02 07:00:00+00:00
2026-08-02 09:00:00+00:00,/orders,1,454.0,407.96,RF_WithoutLag24,20260909T134219Z,2026-08-02 08:00:00+00:00
2026-08-02 14:00:00+00:00,/orders,6,500.0,541.51,RF_WithoutLag24,20260909T134219Z,2026-08-02 08:00:00+00:00
2026-08-02 20:00:00+00:00,/orders,12,384.0,492.68,RF_WithoutLag24,20260909T134219Z,2026-08-02 08:00:00+00:00
2026-08-02 10:00:00+00:00,/orders,1,420.0,466.42,RF_WithoutLag24,20260909T134219Z,2026-08-02 09:00:00+00:00
2026-08-02 15:00:00+00:00,/orders,6,485.0,540.61,RF_WithoutLag24,20260909T134219Z,2026-08-02 09:00:00+00:00
2026-08-02 21:00:00+00:00,/orders,12,428.0,483.72,RF_WithoutLag24,20260909T134219Z,2026-08-02 09:00:00+00:00
2026-08-02 11:00:00+00:00,/orders,1,607.0,475.41,RF_WithoutLag24,20260909T134219Z,2026-08-02 10:00:00+00:00
2026-08-02 16:00:00+00:00,/orders,6,567.0,526.77,RF_WithoutLag24,20260909T134219Z,2026-08-02 10:00:00+00:00
2026-08-02 22:00:00+00:00,/orders,12,325.0,468.61,RF_WithoutLag24,20260909T134219Z,2026-08-02 10:00:00+00:00
2026-08-02 12:00:00+00:00,/orders,1,534.0,455.38,RF_WithoutLag24,20260909T134219Z,2026-08-02 11:00:00+00:00
2026-08-02 17:00:00+00:00,/orders,6,476.0,546.6,RF_WithoutLag24,20260909T134219Z,2026-08-02 11:00:00+00:00
2026-08-02 23:00:00+00:00,/orders,12,355.0,454.46,RF_WithoutLag24,20260909T134219Z,2026-08-02 11:00:00+00:00
2026-08-02 13:00:00+00:00,/orders,1,572.0,576.48,RF_WithoutLag24,20260909T134219Z,2026-08-02 12:00:00+00:00
2026-08-02 18:00:00+00:00,/orders,6,521.0,489.9,RF_WithoutLag24,20260909T134219Z,2026-08-02 12:00:00+00:00
2026-08-03 00:00:00+00:00,/orders,12,478.0,397.03,RF_WithoutLag24,20260909T134219Z,2026-08-02 12:00:00+00:00
2026-08-02 14:00:00+00:00,/orders,1,500.0,526.81,RF_WithoutLag24,20260909T134219Z,2026-08-02 13:00:00+00:00
2026-08-02 19:00:00+00:00,/orders,6,399.0,511.13,RF_WithoutLag24,20260909T134219Z,2026-08-02 13:00:00+00:00
2026-08-03 01:00:00+00:00,/orders,12,354.0,440.75,RF_WithoutLag24,20260909T134219Z,2026-08-02 13:00:00+00:00
2026-08-02 15:00:00+00:00,/orders,1,485.0,573.23,RF_WithoutLag24,20260909T134219Z,2026-08-02 14:00:00+00:00
2026-08-02 20:00:00+00:00,/orders,6,384.0,467.63,RF_WithoutLag24,20260909T134219Z,2026-08-02 14:00:00+00:00
2026-08-03 02:00:00+00:00,/orders,12,433.0,421.22,RF_WithoutLag24,20260909T134219Z,2026-08-02 14:00:00+00:00
2026-08-02 16:00:00+00:00,/orders,1,567.0,523.94,RF_WithoutLag24,20260909T134219Z,2026-08-02 15:00:00+00:00
2026-08-02 21:00:00+00:00,/orders,6,428.0,468.65,RF_WithoutLag24,20260909T134219Z,2026-08-02 15:00:00+00:00
2026-08-03 03:00:00+00:00,/orders,12,383.0,426.58,RF_WithoutLag24,20260909T134219Z,2026-08-02 15:00:00+00:00
2026-08-02 17:00:00+00:00,/orders,1,476.0,530.08,RF_WithoutLag24,20260909T134219Z,2026-08-02 16:00:00+00:00
2026-08-02 22:00:00+00:00,/orders,6,325.0,458.32,RF_WithoutLag24,20260909T134219Z,2026-08-02 16:00:00+00:00
2026-08-03 04:00:00+00:00,/orders,12,494.0,468.59,RF_WithoutLag24,20260909T134219Z,2026-08-02 16:00:00+00:00
2026-08-02 18:00:00+00:00,/orders,1,521.0,500.52,RF_WithoutLag24,20260909T134219Z,2026-08-02 17:00:00+00:00
2026-08-02 23:00:00+00:00,/orders,6,355.0,422.54,RF_WithoutLag24,20260909T134219Z,2026-08-02 17:00:00+00:00
2026-08-03 05:00:00+00:00,/orders,12,463.0,451.12,RF_WithoutLag24,20260909T134219Z,2026-08-02 17:00:00+00:00
2026-08-02 19:00:00+00:00,/orders,1,399.0,478.58,RF_WithoutLag24,20260909T134219Z,2026-08-02 18:00:00+00:00
2026-08-03 00:00:00+00:00,/orders,6,478.0,443.8,RF_WithoutLag24,20260909T134219Z,2026-08-02 18:00:00+00:00
2026-08-03 06:00:00+00:00,/orders,12,453.0,470.71,RF_WithoutLag24,20260909T134219Z,2026-08-02 18:00:00+00:00
2026-08-02 20:00:00+00:00,/orders,1,384.0,505.79,RF_WithoutLag24,20260909T134219Z,2026-08-02 19:00:00+00:00
2026-08-03 01:00:00+00:00,/orders,6,354.0,460.89,RF_WithoutLag24,20260909T134219Z,2026-08-02 19:00:00+00:00
2026-08-03 07:00:00+00:00,/orders,12,512.0,516.58,RF_WithoutLag24,20260909T134219Z,2026-08-02 19:00:00+00:00
2026-08-02 21:00:00+00:00,/orders,1,428.0,416.07,RF_WithoutLag24,20260909T134219Z,2026-08-02 20:00:00+00:00
2026-08-03 02:00:00+00:00,/orders,6,433.0,413.04,RF_WithoutLag24,20260909T134219Z,2026-08-02 20:00:00+00:00
2026-08-03 08:00:00+00:00,/orders,12,538.0,523.63,RF_WithoutLag24,20260909T134219Z,2026-08-02 20:00:00+00:00
2026-08-02 22:00:00+00:00,/orders,1,325.0,367.44,RF_WithoutLag24,20260909T134219Z,2026-08-02 21:00:00+00:00
2026-08-03 03:00:00+00:00,/orders,6,383.0,463.79,RF_WithoutLag24,20260909T134219Z,2026-08-02 21:00:00+00:00
2026-08-03 09:00:00+00:00,/orders,12,655.0,573.56,RF_WithoutLag24,20260909T134219Z,2026-08-02 21:00:00+00:00
2026-08-02 23:00:00+00:00,/orders,1,355.0,416.79,RF_WithoutLag24,20260909T134219Z,2026-08-02 22:00:00+00:00
2026-08-03 04:00:00+00:00,/orders,6,494.0,449.06,RF_WithoutLag24,20260909T134219Z,2026-08-02 22:00:00+00:00
2026-08-03 10:00:00+00:00,/orders,12,789.0,601.84,RF_WithoutLag24,20260909T134219Z,2026-08-02 22:00:00+00:00
2026-08-03 00:00:00+00:00,/orders,1,478.0,389.82,RF_WithoutLag24,20260909T134219Z,2026-08-02 23:00:00+00:00
2026-08-03 05:00:00+00:00,/orders,6,463.0,476.04,RF_WithoutLag24,20260909T134219Z,2026-08-02 23:00:00+00:00
2026-08-03 11:00:00+00:00,/orders,12,716.0,623.91,RF_WithoutLag24,20260909T134219Z,2026-08-02 23:00:00+00:00
2026-08-03 01:00:00+00:00,/orders,1,354.0,451.83,RF_WithoutLag24,20260909T134219Z,2026-08-03 00:00:00+00:00
2026-08-03 06:00:00+00:00,/orders,6,453.0,465.07,RF_WithoutLag24,20260909T134219Z,2026-08-03 00:00:00+00:00
2026-08-03 12:00:00+00:00,/orders,12,672.0,632.78,RF_WithoutLag24,20260909T134219Z,2026-08-03 00:00:00+00:00
2026-08-03 02:00:00+00:00,/orders,1,433.0,471.41,RF_WithoutLag24,20260909T134219Z,2026-08-03 01:00:00+00:00
2026-08-03 07:00:00+00:00,/orders,6,512.0,475.05,RF_WithoutLag24,20260909T134219Z,2026-08-03 01:00:00+00:00
2026-08-03 13:00:00+00:00,/orders,12,683.0,604.96,RF_WithoutLag24,20260909T134219Z,2026-08-03 01:00:00+00:00
2026-08-03 03:00:00+00:00,/orders,1,383.0,392.58,RF_WithoutLag24,20260909T134219Z,2026-08-03 02:00:00+00:00
2026-08-03 08:00:00+00:00,/orders,6,538.0,514.02,RF_WithoutLag24,20260909T134219Z,2026-08-03 02:00:00+00:00
2026-08-03 14:00:00+00:00,/orders,12,763.0,652.23,RF_WithoutLag24,20260909T134219Z,2026-08-03 02:00:00+00:00
2026-08-03 04:00:00+00:00,/orders,1,494.0,445.61,RF_WithoutLag24,20260909T134219Z,2026-08-03 03:00:00+00:00
2026-08-03 09:00:00+00:00,/orders,6,655.0,517.15,RF_WithoutLag24,20260909T134219Z,2026-08-03 03:00:00+00:00
2026-08-03 15:00:00+00:00,/orders,12,691.0,621.77,RF_WithoutLag24,20260909T134219Z,2026-08-03 03:00:00+00:00
2026-08-03 05:00:00+00:00,/orders,1,463.0,404.75,RF_WithoutLag24,20260909T134219Z,2026-08-03 04:00:00+00:00
2026-08-03 10:00:00+00:00,/orders,6,789.0,571.49,RF_WithoutLag24,20260909T134219Z,2026-08-03 04:00:00+00:00
2026-08-03 16:00:00+00:00,/orders,12,670.0,736.84,RF_WithoutLag24,20260909T134219Z,2026-08-03 04:00:00+00:00
2026-08-03 06:00:00+00:00,/orders,1,453.0,480.04,RF_WithoutLag24,20260909T134219Z,2026-08-03 05:00:00+00:00
2026-08-03 11:00:00+00:00,/orders,6,716.0,597.13,RF_WithoutLag24,20260909T134219Z,2026-08-03 05:00:00+00:00
2026-08-03 17:00:00+00:00,/orders,12,756.0,652.07,RF_WithoutLag24,20260909T134219Z,2026-08-03 05:00:00+00:00
2026-08-03 07:00:00+00:00,/orders,1,512.0,496.04,RF_WithoutLag24,20260909T134219Z,2026-08-03 06:00:00+00:00
2026-08-03 12:00:00+00:00,/orders,6,672.0,620.97,RF_WithoutLag24,20260909T134219Z,2026-08-03 06:00:00+00:00
2026-08-03 18:00:00+00:00,/orders,12,697.0,747.75,RF_WithoutLag24,20260909T134219Z,2026-08-03 06:00:00+00:00
2026-08-03 08:00:00+00:00,/orders,1,538.0,521.97,RF_WithoutLag24,20260909T134219Z,2026-08-03 07:00:00+00:00
2026-08-03 13:00:00+00:00,/orders,6,683.0,649.36,RF_WithoutLag24,20260909T134219Z,2026-08-03 07:00:00+00:00
2026-08-03 19:00:00+00:00,/orders,12,698.0,655.44,RF_WithoutLag24,20260909T134219Z,2026-08-03 07:00:00+00:00
2026-08-03 09:00:00+00:00,/orders,1,655.0,575.26,RF_WithoutLag24,20260909T134219Z,2026-08-03 08:00:00+00:00
2026-08-03 14:00:00+00:00,/orders,6,763.0,649.6,RF_WithoutLag24,20260909T134219Z,2026-08-03 08:00:00+00:00
2026-08-03 20:00:00+00:00,/orders,12,676.0,661.03,RF_WithoutLag24,20260909T134219Z,2026-08-03 08:00:00+00:00
2026-08-03 10:00:00+00:00,/orders,1,789.0,569.16,RF_WithoutLag24,20260909T134219Z,2026-08-03 09:00:00+00:00
2026-08-03 15:00:00+00:00,/orders,6,691.0,760.32,RF_WithoutLag24,20260909T134219Z,2026-08-03 09:00:00+00:00
2026-08-03 21:00:00+00:00,/orders,12,552.0,632.18,RF_WithoutLag24,20260909T134219Z,2026-08-03 09:00:00+00:00
2026-08-03 11:00:00+00:00,/orders,1,716.0,700.9,RF_WithoutLag24,20260909T134219Z,2026-08-03 10:00:00+00:00
2026-08-03 16:00:00+00:00,/orders,6,670.0,763.8,RF_WithoutLag24,20260909T134219Z,2026-08-03 10:00:00+00:00
2026-08-03 22:00:00+00:00,/orders,12,440.0,561.01,RF_WithoutLag24,20260909T134219Z,2026-08-03 10:00:00+00:00
2026-08-03 12:00:00+00:00,/orders,1,672.0,734.43,RF_WithoutLag24,20260909T134219Z,2026-08-03 11:00:00+00:00
2026-08-03 17:00:00+00:00,/orders,6,756.0,790.06,RF_WithoutLag24,20260909T134219Z,2026-08-03 11:00:00+00:00
2026-08-03 23:00:00+00:00,/orders,12,502.0,514.95,RF_WithoutLag24,20260909T134219Z,2026-08-03 11:00:00+00:00
2026-08-03 13:00:00+00:00,/orders,1,683.0,735.89,RF_WithoutLag24,20260909T134219Z,2026-08-03 12:00:00+00:00
2026-08-03 18:00:00+00:00,/orders,6,697.0,769.94,RF_WithoutLag24,20260909T134219Z,2026-08-03 12:00:00+00:00
2026-08-04 00:00:00+00:00,/orders,12,431.0,482.87,RF_WithoutLag24,20260909T134219Z,2026-08-03 12:00:00+00:00
2026-08-03 14:00:00+00:00,/orders,1,763.0,772.51,RF_WithoutLag24,20260909T134219Z,2026-08-03 13:00:00+00:00
2026-08-03 19:00:00+00:00,/orders,6,698.0,646.23,RF_WithoutLag24,20260909T134219Z,2026-08-03 13:00:00+00:00
2026-08-04 01:00:00+00:00,/orders,12,468.0,496.15,RF_WithoutLag24,20260909T134219Z,2026-08-03 13:00:00+00:00
2026-08-03 15:00:00+00:00,/orders,1,691.0,754.71,RF_WithoutLag24,20260909T134219Z,2026-08-03 14:00:00+00:00
2026-08-03 20:00:00+00:00,/orders,6,676.0,643.55,RF_WithoutLag24,20260909T134219Z,2026-08-03 14:00:00+00:00
2026-08-04 02:00:00+00:00,/orders,12,374.0,454.17,RF_WithoutLag24,20260909T134219Z,2026-08-03 14:00:00+00:00
2026-08-03 16:00:00+00:00,/orders,1,670.0,748.03,RF_WithoutLag24,20260909T134219Z,2026-08-03 15:00:00+00:00
2026-08-03 21:00:00+00:00,/orders,6,552.0,570.86,RF_WithoutLag24,20260909T134219Z,2026-08-03 15:00:00+00:00
2026-08-04 03:00:00+00:00,/orders,12,436.0,428.36,RF_WithoutLag24,20260909T134219Z,2026-08-03 15:00:00+00:00
2026-08-03 17:00:00+00:00,/orders,1,756.0,765.53,RF_WithoutLag24,20260909T134219Z,2026-08-03 16:00:00+00:00
2026-08-03 22:00:00+00:00,/orders,6,440.0,576.55,RF_WithoutLag24,20260909T134219Z,2026-08-03 16:00:00+00:00
2026-08-04 04:00:00+00:00,/orders,12,461.0,428.45,RF_WithoutLag24,20260909T134219Z,2026-08-03 16:00:00+00:00
2026-08-03 18:00:00+00:00,/orders,1,697.0,748.59,RF_WithoutLag24,20260909T134219Z,2026-08-03 17:00:00+00:00
2026-08-03 23:00:00+00:00,/orders,6,502.0,500.2,RF_WithoutLag24,20260909T134219Z,2026-08-03 17:00:00+00:00
2026-08-04 05:00:00+00:00,/orders,12,501.0,432.59,RF_WithoutLag24,20260909T134219Z,2026-08-03 17:00:00+00:00
2026-08-01 12:00:00+00:00,/payments,1,368.0,433.42,RF_WithoutLag24,20260909T134219Z,2026-08-01 11:00:00+00:00
2026-08-01 17:00:00+00:00,/payments,6,392.0,394.63,RF_WithoutLag24,20260909T134219Z,2026-08-01 11:00:00+00:00
2026-08-01 23:00:00+00:00,/payments,12,321.0,372.5,RF_WithoutLag24,20260909T134219Z,2026-08-01 11:00:00+00:00
2026-08-01 13:00:00+00:00,/payments,1,406.0,417.54,RF_WithoutLag24,20260909T134219Z,2026-08-01 12:00:00+00:00
2026-08-01 18:00:00+00:00,/payments,6,398.0,439.08,RF_WithoutLag24,20260909T134219Z,2026-08-01 12:00:00+00:00
2026-08-02 00:00:00+00:00,/payments,12,281.0,353.42,RF_WithoutLag24,20260909T134219Z,2026-08-01 12:00:00+00:00
2026-08-01 14:00:00+00:00,/payments,1,443.0,392.79,RF_WithoutLag24,20260909T134219Z,2026-08-01 13:00:00+00:00
2026-08-01 19:00:00+00:00,/payments,6,370.0,428.56,RF_WithoutLag24,20260909T134219Z,2026-08-01 13:00:00+00:00
2026-08-02 01:00:00+00:00,/payments,12,215.0,331.93,RF_WithoutLag24,20260909T134219Z,2026-08-01 13:00:00+00:00
2026-08-01 15:00:00+00:00,/payments,1,429.0,443.29,RF_WithoutLag24,20260909T134219Z,2026-08-01 14:00:00+00:00
2026-08-01 20:00:00+00:00,/payments,6,279.0,425.04,RF_WithoutLag24,20260909T134219Z,2026-08-01 14:00:00+00:00
2026-08-02 02:00:00+00:00,/payments,12,315.0,333.05,RF_WithoutLag24,20260909T134219Z,2026-08-01 14:00:00+00:00
2026-08-01 16:00:00+00:00,/payments,1,398.0,461.81,RF_WithoutLag24,20260909T134219Z,2026-08-01 15:00:00+00:00
2026-08-01 21:00:00+00:00,/payments,6,300.0,366.59,RF_WithoutLag24,20260909T134219Z,2026-08-01 15:00:00+00:00
2026-08-02 03:00:00+00:00,/payments,12,197.0,328.86,RF_WithoutLag24,20260909T134219Z,2026-08-01 15:00:00+00:00
2026-08-01 17:00:00+00:00,/payments,1,392.0,395.45,RF_WithoutLag24,20260909T134219Z,2026-08-01 16:00:00+00:00
2026-08-01 22:00:00+00:00,/payments,6,237.0,378.73,RF_WithoutLag24,20260909T134219Z,2026-08-01 16:00:00+00:00
2026-08-02 04:00:00+00:00,/payments,12,317.0,346.62,RF_WithoutLag24,20260909T134219Z,2026-08-01 16:00:00+00:00
2026-08-01 18:00:00+00:00,/payments,1,398.0,436.38,RF_WithoutLag24,20260909T134219Z,2026-08-01 17:00:00+00:00
2026-08-01 23:00:00+00:00,/payments,6,321.0,358.44,RF_WithoutLag24,20260909T134219Z,2026-08-01 17:00:00+00:00
2026-08-02 05:00:00+00:00,/payments,12,182.0,345.53,RF_WithoutLag24,20260909T134219Z,2026-08-01 17:00:00+00:00
2026-08-01 19:00:00+00:00,/payments,1,370.0,435.13,RF_WithoutLag24,20260909T134219Z,2026-08-01 18:00:00+00:00
2026-08-02 00:00:00+00:00,/payments,6,281.0,354.25,RF_WithoutLag24,20260909T134219Z,2026-08-01 18:00:00+00:00
2026-08-02 06:00:00+00:00,/payments,12,282.0,379.39,RF_WithoutLag24,20260909T134219Z,2026-08-01 18:00:00+00:00
2026-08-01 20:00:00+00:00,/payments,1,279.0,377.37,RF_WithoutLag24,20260909T134219Z,2026-08-01 19:00:00+00:00
2026-08-02 01:00:00+00:00,/payments,6,215.0,342.99,RF_WithoutLag24,20260909T134219Z,2026-08-01 19:00:00+00:00
2026-08-02 07:00:00+00:00,/payments,12,322.0,401.15,RF_WithoutLag24,20260909T134219Z,2026-08-01 19:00:00+00:00
2026-08-01 21:00:00+00:00,/payments,1,300.0,358.22,RF_WithoutLag24,20260909T134219Z,2026-08-01 20:00:00+00:00
2026-08-02 02:00:00+00:00,/payments,6,315.0,289.03,RF_WithoutLag24,20260909T134219Z,2026-08-01 20:00:00+00:00
2026-08-02 08:00:00+00:00,/payments,12,387.0,290.06,RF_WithoutLag24,20260909T134219Z,2026-08-01 20:00:00+00:00
2026-08-01 22:00:00+00:00,/payments,1,237.0,301.56,RF_WithoutLag24,20260909T134219Z,2026-08-01 21:00:00+00:00
2026-08-02 03:00:00+00:00,/payments,6,197.0,306.16,RF_WithoutLag24,20260909T134219Z,2026-08-01 21:00:00+00:00
2026-08-02 09:00:00+00:00,/payments,12,376.0,323.21,RF_WithoutLag24,20260909T134219Z,2026-08-01 21:00:00+00:00
2026-08-01 23:00:00+00:00,/payments,1,321.0,295.47,RF_WithoutLag24,20260909T134219Z,2026-08-01 22:00:00+00:00
2026-08-02 04:00:00+00:00,/payments,6,317.0,310.17,RF_WithoutLag24,20260909T134219Z,2026-08-01 22:00:00+00:00
2026-08-02 10:00:00+00:00,/payments,12,368.0,351.3,RF_WithoutLag24,20260909T134219Z,2026-08-01 22:00:00+00:00
2026-08-02 00:00:00+00:00,/payments,1,281.0,289.96,RF_WithoutLag24,20260909T134219Z,2026-08-01 23:00:00+00:00
2026-08-02 05:00:00+00:00,/payments,6,182.0,345.98,RF_WithoutLag24,20260909T134219Z,2026-08-01 23:00:00+00:00
2026-08-02 11:00:00+00:00,/payments,12,430.0,442.21,RF_WithoutLag24,20260909T134219Z,2026-08-01 23:00:00+00:00
2026-08-02 01:00:00+00:00,/payments,1,215.0,317.27,RF_WithoutLag24,20260909T134219Z,2026-08-02 00:00:00+00:00
2026-08-02 06:00:00+00:00,/payments,6,282.0,269.1,RF_WithoutLag24,20260909T134219Z,2026-08-02 00:00:00+00:00
2026-08-02 12:00:00+00:00,/payments,12,439.0,293.38,RF_WithoutLag24,20260909T134219Z,2026-08-02 00:00:00+00:00
2026-08-02 02:00:00+00:00,/payments,1,315.0,293.11,RF_WithoutLag24,20260909T134219Z,2026-08-02 01:00:00+00:00
2026-08-02 07:00:00+00:00,/payments,6,322.0,348.8,RF_WithoutLag24,20260909T134219Z,2026-08-02 01:00:00+00:00
2026-08-02 13:00:00+00:00,/payments,12,464.0,441.49,RF_WithoutLag24,20260909T134219Z,2026-08-02 01:00:00+00:00
2026-08-02 03:00:00+00:00,/payments,1,197.0,289.86,RF_WithoutLag24,20260909T134219Z,2026-08-02 02:00:00+00:00
2026-08-02 08:00:00+00:00,/payments,6,387.0,379.69,RF_WithoutLag24,20260909T134219Z,2026-08-02 02:00:00+00:00
2026-08-02 14:00:00+00:00,/payments,12,448.0,451.14,RF_WithoutLag24,20260909T134219Z,2026-08-02 02:00:00+00:00
2026-08-02 04:00:00+00:00,/payments,1,317.0,338.97,RF_WithoutLag24,20260909T134219Z,2026-08-02 03:00:00+00:00
2026-08-02 09:00:00+00:00,/payments,6,376.0,335.86,RF_WithoutLag24,20260909T134219Z,2026-08-02 03:00:00+00:00
2026-08-02 15:00:00+00:00,/payments,12,515.0,443.0,RF_WithoutLag24,20260909T134219Z,2026-08-02 03:00:00+00:00
2026-08-02 05:00:00+00:00,/payments,1,182.0,281.49,RF_WithoutLag24,20260909T134219Z,2026-08-02 04:00:00+00:00
2026-08-02 10:00:00+00:00,/payments,6,368.0,378.12,RF_WithoutLag24,20260909T134219Z,2026-08-02 04:00:00+00:00
2026-08-02 16:00:00+00:00,/payments,12,410.0,464.17,RF_WithoutLag24,20260909T134219Z,2026-08-02 04:00:00+00:00
2026-08-02 06:00:00+00:00,/payments,1,282.0,336.42,RF_WithoutLag24,20260909T134219Z,2026-08-02 05:00:00+00:00
2026-08-02 11:00:00+00:00,/payments,6,430.0,336.41,RF_WithoutLag24,20260909T134219Z,2026-08-02 05:00:00+00:00
2026-08-02 17:00:00+00:00,/payments,12,415.0,442.71,RF_WithoutLag24,20260909T134219Z,2026-08-02 05:00:00+00:00
2026-08-02 07:00:00+00:00,/payments,1,322.0,296.98,RF_WithoutLag24,20260909T134219Z,2026-08-02 06:00:00+00:00
2026-08-02 12:00:00+00:00,/payments,6,439.0,379.3,RF_WithoutLag24,20260909T134219Z,2026-08-02 06:00:00+00:00
2026-08-02 18:00:00+00:00,/payments,12,347.0,460.62,RF_WithoutLag24,20260909T134219Z,2026-08-02 06:00:00+00:00
2026-08-02 08:00:00+00:00,/payments,1,387.0,343.36,RF_WithoutLag24,20260909T134219Z,2026-08-02 07:00:00+00:00
2026-08-02 13:00:00+00:00,/payments,6,464.0,388.15,RF_WithoutLag24,20260909T134219Z,2026-08-02 07:00:00+00:00
2026-08-02 19:00:00+00:00,/payments,12,378.0,422.65,RF_WithoutLag24,20260909T134219Z,2026-08-02 07:00:00+00:00
2026-08-02 09:00:00+00:00,/payments,1,376.0,334.38,RF_WithoutLag24,20260909T134219Z,2026-08-02 08:00:00+00:00
2026-08-02 14:00:00+00:00,/payments,6,448.0,436.14,RF_WithoutLag24,20260909T134219Z,2026-08-02 08:00:00+00:00
2026-08-02 20:00:00+00:00,/payments,12,384.0,410.28,RF_WithoutLag24,20260909T134219Z,2026-08-02 08:00:00+00:00
2026-08-02 10:00:00+00:00,/payments,1,368.0,348.81,RF_WithoutLag24,20260909T134219Z,2026-08-02 09:00:00+00:00
2026-08-02 15:00:00+00:00,/payments,6,515.0,395.88,RF_WithoutLag24,20260909T134219Z,2026-08-02 09:00:00+00:00
2026-08-02 21:00:00+00:00,/payments,12,341.0,375.21,RF_WithoutLag24,20260909T134219Z,2026-08-02 09:00:00+00:00
2026-08-02 11:00:00+00:00,/payments,1,430.0,387.72,RF_WithoutLag24,20260909T134219Z,2026-08-02 10:00:00+00:00
2026-08-02 16:00:00+00:00,/payments,6,410.0,480.24,RF_WithoutLag24,20260909T134219Z,2026-08-02 10:00:00+00:00
2026-08-02 22:00:00+00:00,/payments,12,323.0,383.34,RF_WithoutLag24,20260909T134219Z,2026-08-02 10:00:00+00:00
2026-08-02 12:00:00+00:00,/payments,1,439.0,384.23,RF_WithoutLag24,20260909T134219Z,2026-08-02 11:00:00+00:00
2026-08-02 17:00:00+00:00,/payments,6,415.0,449.52,RF_WithoutLag24,20260909T134219Z,2026-08-02 11:00:00+00:00
2026-08-02 23:00:00+00:00,/payments,12,246.0,374.21,RF_WithoutLag24,20260909T134219Z,2026-08-02 11:00:00+00:00
2026-08-02 13:00:00+00:00,/payments,1,464.0,404.13,RF_WithoutLag24,20260909T134219Z,2026-08-02 12:00:00+00:00
2026-08-02 18:00:00+00:00,/payments,6,347.0,468.02,RF_WithoutLag24,20260909T134219Z,2026-08-02 12:00:00+00:00
2026-08-03 00:00:00+00:00,/payments,12,414.0,370.44,RF_WithoutLag24,20260909T134219Z,2026-08-02 12:00:00+00:00
2026-08-02 14:00:00+00:00,/payments,1,448.0,447.6,RF_WithoutLag24,20260909T134219Z,2026-08-02 13:00:00+00:00
2026-08-02 19:00:00+00:00,/payments,6,378.0,474.95,RF_WithoutLag24,20260909T134219Z,2026-08-02 13:00:00+00:00
2026-08-03 01:00:00+00:00,/payments,12,315.0,339.95,RF_WithoutLag24,20260909T134219Z,2026-08-02 13:00:00+00:00
2026-08-02 15:00:00+00:00,/payments,1,515.0,475.19,RF_WithoutLag24,20260909T134219Z,2026-08-02 14:00:00+00:00
2026-08-02 20:00:00+00:00,/payments,6,384.0,429.17,RF_WithoutLag24,20260909T134219Z,2026-08-02 14:00:00+00:00
2026-08-03 02:00:00+00:00,/payments,12,381.0,343.55,RF_WithoutLag24,20260909T134219Z,2026-08-02 14:00:00+00:00
2026-08-02 16:00:00+00:00,/payments,1,410.0,473.36,RF_WithoutLag24,20260909T134219Z,2026-08-02 15:00:00+00:00
2026-08-02 21:00:00+00:00,/payments,6,341.0,449.1,RF_WithoutLag24,20260909T134219Z,2026-08-02 15:00:00+00:00
2026-08-03 03:00:00+00:00,/payments,12,390.0,349.09,RF_WithoutLag24,20260909T134219Z,2026-08-02 15:00:00+00:00
2026-08-02 17:00:00+00:00,/payments,1,415.0,520.78,RF_WithoutLag24,20260909T134219Z,2026-08-02 16:00:00+00:00
2026-08-02 22:00:00+00:00,/payments,6,323.0,351.71,RF_WithoutLag24,20260909T134219Z,2026-08-02 16:00:00+00:00
2026-08-03 04:00:00+00:00,/payments,12,423.0,358.96,RF_WithoutLag24,20260909T134219Z,2026-08-02 16:00:00+00:00
2026-08-02 18:00:00+00:00,/payments,1,347.0,399.41,RF_WithoutLag24,20260909T134219Z,2026-08-02 17:00:00+00:00
2026-08-02 23:00:00+00:00,/payments,6,246.0,361.74,RF_WithoutLag24,20260909T134219Z,2026-08-02 17:00:00+00:00
2026-08-03 05:00:00+00:00,/payments,12,417.0,383.18,RF_WithoutLag24,20260909T134219Z,2026-08-02 17:00:00+00:00
2026-08-02 19:00:00+00:00,/payments,1,378.0,388.02,RF_WithoutLag24,20260909T134219Z,2026-08-02 18:00:00+00:00
2026-08-03 00:00:00+00:00,/payments,6,414.0,356.13,RF_WithoutLag24,20260909T134219Z,2026-08-02 18:00:00+00:00
2026-08-03 06:00:00+00:00,/payments,12,451.0,401.23,RF_WithoutLag24,20260909T134219Z,2026-08-02 18:00:00+00:00
2026-08-02 20:00:00+00:00,/payments,1,384.0,350.9,RF_WithoutLag24,20260909T134219Z,2026-08-02 19:00:00+00:00
2026-08-03 01:00:00+00:00,/payments,6,315.0,359.07,RF_WithoutLag24,20260909T134219Z,2026-08-02 19:00:00+00:00
2026-08-03 07:00:00+00:00,/payments,12,550.0,440.58,RF_WithoutLag24,20260909T134219Z,2026-08-02 19:00:00+00:00
2026-08-02 21:00:00+00:00,/payments,1,341.0,367.63,RF_WithoutLag24,20260909T134219Z,2026-08-02 20:00:00+00:00
2026-08-03 02:00:00+00:00,/payments,6,381.0,366.29,RF_WithoutLag24,20260909T134219Z,2026-08-02 20:00:00+00:00
2026-08-03 08:00:00+00:00,/payments,12,565.0,450.98,RF_WithoutLag24,20260909T134219Z,2026-08-02 20:00:00+00:00
2026-08-02 22:00:00+00:00,/payments,1,323.0,378.9,RF_WithoutLag24,20260909T134219Z,2026-08-02 21:00:00+00:00
2026-08-03 03:00:00+00:00,/payments,6,390.0,361.77,RF_WithoutLag24,20260909T134219Z,2026-08-02 21:00:00+00:00
2026-08-03 09:00:00+00:00,/payments,12,646.0,427.43,RF_WithoutLag24,20260909T134219Z,2026-08-02 21:00:00+00:00
2026-08-02 23:00:00+00:00,/payments,1,246.0,350.27,RF_WithoutLag24,20260909T134219Z,2026-08-02 22:00:00+00:00
2026-08-03 04:00:00+00:00,/payments,6,423.0,364.53,RF_WithoutLag24,20260909T134219Z,2026-08-02 22:00:00+00:00
2026-08-03 10:00:00+00:00,/payments,12,622.0,477.11,RF_WithoutLag24,20260909T134219Z,2026-08-02 22:00:00+00:00
2026-08-03 00:00:00+00:00,/payments,1,414.0,325.83,RF_WithoutLag24,20260909T134219Z,2026-08-02 23:00:00+00:00
2026-08-03 05:00:00+00:00,/payments,6,417.0,308.46,RF_WithoutLag24,20260909T134219Z,2026-08-02 23:00:00+00:00
2026-08-03 11:00:00+00:00,/payments,12,743.0,377.76,RF_WithoutLag24,20260909T134219Z,2026-08-02 23:00:00+00:00
2026-08-03 01:00:00+00:00,/payments,1,315.0,306.25,RF_WithoutLag24,20260909T134219Z,2026-08-03 00:00:00+00:00
2026-08-03 06:00:00+00:00,/payments,6,451.0,409.87,RF_WithoutLag24,20260909T134219Z,2026-08-03 00:00:00+00:00
2026-08-03 12:00:00+00:00,/payments,12,828.0,464.52,RF_WithoutLag24,20260909T134219Z,2026-08-03 00:00:00+00:00
2026-08-03 02:00:00+00:00,/payments,1,381.0,387.61,RF_WithoutLag24,20260909T134219Z,2026-08-03 01:00:00+00:00
2026-08-03 07:00:00+00:00,/payments,6,550.0,359.13,RF_WithoutLag24,20260909T134219Z,2026-08-03 01:00:00+00:00
2026-08-03 13:00:00+00:00,/payments,12,777.0,415.56,RF_WithoutLag24,20260909T134219Z,2026-08-03 01:00:00+00:00
2026-08-03 03:00:00+00:00,/payments,1,390.0,326.73,RF_WithoutLag24,20260909T134219Z,2026-08-03 02:00:00+00:00
2026-08-03 08:00:00+00:00,/payments,6,565.0,438.87,RF_WithoutLag24,20260909T134219Z,2026-08-03 02:00:00+00:00
2026-08-03 14:00:00+00:00,/payments,12,844.0,555.27,RF_WithoutLag24,20260909T134219Z,2026-08-03 02:00:00+00:00
2026-08-03 04:00:00+00:00,/payments,1,423.0,397.12,RF_WithoutLag24,20260909T134219Z,2026-08-03 03:00:00+00:00
2026-08-03 09:00:00+00:00,/payments,6,646.0,466.26,RF_WithoutLag24,20260909T134219Z,2026-08-03 03:00:00+00:00
2026-08-03 15:00:00+00:00,/payments,12,861.0,567.85,RF_WithoutLag24,20260909T134219Z,2026-08-03 03:00:00+00:00
2026-08-03 05:00:00+00:00,/payments,1,417.0,398.0,RF_WithoutLag24,20260909T134219Z,2026-08-03 04:00:00+00:00
2026-08-03 10:00:00+00:00,/payments,6,622.0,460.12,RF_WithoutLag24,20260909T134219Z,2026-08-03 04:00:00+00:00
2026-08-03 16:00:00+00:00,/payments,12,875.0,561.19,RF_WithoutLag24,20260909T134219Z,2026-08-03 04:00:00+00:00
2026-08-03 06:00:00+00:00,/payments,1,451.0,423.14,RF_WithoutLag24,20260909T134219Z,2026-08-03 05:00:00+00:00
2026-08-03 11:00:00+00:00,/payments,6,743.0,455.52,RF_WithoutLag24,20260909T134219Z,2026-08-03 05:00:00+00:00
2026-08-03 17:00:00+00:00,/payments,12,825.0,552.7,RF_WithoutLag24,20260909T134219Z,2026-08-03 05:00:00+00:00
2026-08-03 07:00:00+00:00,/payments,1,550.0,419.46,RF_WithoutLag24,20260909T134219Z,2026-08-03 06:00:00+00:00
2026-08-03 12:00:00+00:00,/payments,6,828.0,564.86,RF_WithoutLag24,20260909T134219Z,2026-08-03 06:00:00+00:00
2026-08-03 18:00:00+00:00,/payments,12,750.0,593.14,RF_WithoutLag24,20260909T134219Z,2026-08-03 06:00:00+00:00
2026-08-03 08:00:00+00:00,/payments,1,565.0,463.21,RF_WithoutLag24,20260909T134219Z,2026-08-03 07:00:00+00:00
2026-08-03 13:00:00+00:00,/payments,6,777.0,591.98,RF_WithoutLag24,20260909T134219Z,2026-08-03 07:00:00+00:00
2026-08-03 19:00:00+00:00,/payments,12,691.0,513.0,RF_WithoutLag24,20260909T134219Z,2026-08-03 07:00:00+00:00
2026-08-03 09:00:00+00:00,/payments,1,646.0,518.79,RF_WithoutLag24,20260909T134219Z,2026-08-03 08:00:00+00:00
2026-08-03 14:00:00+00:00,/payments,6,844.0,600.28,RF_WithoutLag24,20260909T134219Z,2026-08-03 08:00:00+00:00
2026-08-03 20:00:00+00:00,/payments,12,743.0,507.87,RF_WithoutLag24,20260909T134219Z,2026-08-03 08:00:00+00:00
2026-08-03 10:00:00+00:00,/payments,1,622.0,562.81,RF_WithoutLag24,20260909T134219Z,2026-08-03 09:00:00+00:00
2026-08-03 15:00:00+00:00,/payments,6,861.0,596.31,RF_WithoutLag24,20260909T134219Z,2026-08-03 09:00:00+00:00
2026-08-03 21:00:00+00:00,/payments,12,720.0,500.0,RF_WithoutLag24,20260909T134219Z,2026-08-03 09:00:00+00:00
2026-08-03 11:00:00+00:00,/payments,1,743.0,579.18,RF_WithoutLag24,20260909T134219Z,2026-08-03 10:00:00+00:00
2026-08-03 16:00:00+00:00,/payments,6,875.0,600.63,RF_WithoutLag24,20260909T134219Z,2026-08-03 10:00:00+00:00
2026-08-03 22:00:00+00:00,/payments,12,633.0,450.47,RF_WithoutLag24,20260909T134219Z,2026-08-03 10:00:00+00:00
2026-08-03 12:00:00+00:00,/payments,1,828.0,598.88,RF_WithoutLag24,20260909T134219Z,2026-08-03 11:00:00+00:00
2026-08-03 17:00:00+00:00,/payments,6,825.0,592.14,RF_WithoutLag24,20260909T134219Z,2026-08-03 11:00:00+00:00
2026-08-03 23:00:00+00:00,/payments,12,622.0,434.08,RF_WithoutLag24,20260909T134219Z,2026-08-03 11:00:00+00:00
2026-08-03 13:00:00+00:00,/payments,1,777.0,594.48,RF_WithoutLag24,20260909T134219Z,2026-08-03 12:00:00+00:00
2026-08-03 18:00:00+00:00,/payments,6,750.0,591.63,RF_WithoutLag24,20260909T134219Z,2026-08-03 12:00:00+00:00
2026-08-04 00:00:00+00:00,/payments,12,587.0,428.97,RF_WithoutLag24,20260909T134219Z,2026-08-03 12:00:00+00:00
2026-08-03 14:00:00+00:00,/payments,1,844.0,580.0,RF_WithoutLag24,20260909T134219Z,2026-08-03 13:00:00+00:00
2026-08-03 19:00:00+00:00,/payments,6,691.0,508.38,RF_WithoutLag24,20260909T134219Z,2026-08-03 13:00:00+00:00
2026-08-04 01:00:00+00:00,/payments,12,525.0,373.88,RF_WithoutLag24,20260909T134219Z,2026-08-03 13:00:00+00:00
2026-08-03 15:00:00+00:00,/payments,1,861.0,583.01,RF_WithoutLag24,20260909T134219Z,2026-08-03 14:00:00+00:00
2026-08-03 20:00:00+00:00,/payments,6,743.0,509.97,RF_WithoutLag24,20260909T134219Z,2026-08-03 14:00:00+00:00
2026-08-04 02:00:00+00:00,/payments,12,534.0,363.61,RF_WithoutLag24,20260909T134219Z,2026-08-03 14:00:00+00:00
2026-08-03 16:00:00+00:00,/payments,1,875.0,592.64,RF_WithoutLag24,20260909T134219Z,2026-08-03 15:00:00+00:00
2026-08-03 21:00:00+00:00,/payments,6,720.0,480.24,RF_WithoutLag24,20260909T134219Z,2026-08-03 15:00:00+00:00
2026-08-04 03:00:00+00:00,/payments,12,555.0,339.62,RF_WithoutLag24,20260909T134219Z,2026-08-03 15:00:00+00:00
2026-08-03 17:00:00+00:00,/payments,1,825.0,586.98,RF_WithoutLag24,20260909T134219Z,2026-08-03 16:00:00+00:00
2026-08-03 22:00:00+00:00,/payments,6,633.0,452.83,RF_WithoutLag24,20260909T134219Z,2026-08-03 16:00:00+00:00
2026-08-04 04:00:00+00:00,/payments,12,756.0,351.55,RF_WithoutLag24,20260909T134219Z,2026-08-03 16:00:00+00:00
2026-08-03 18:00:00+00:00,/payments,1,750.0,585.45,RF_WithoutLag24,20260909T134219Z,2026-08-03 17:00:00+00:00
2026-08-03 23:00:00+00:00,/payments,6,622.0,443.14,RF_WithoutLag24,20260909T134219Z,2026-08-03 17:00:00+00:00
2026-08-04 05:00:00+00:00,/payments,12,479.0,360.13,RF_WithoutLag24,20260909T134219Z,2026-08-03 17:00:00+00:00
2026-08-01 12:00:00+00:00,/search,1,609.0,661.78,RF_WithoutLag24,20260909T134219Z,2026-08-01 11:00:00+00:00
2026-08-01 17:00:00+00:00,/search,6,891.0,673.16,RF_WithoutLag24,20260909T134219Z,2026-08-01 11:00:00+00:00
2026-08-01 23:00:00+00:00,/search,12,684.0,552.47,RF_WithoutLag24,20260909T134219Z,2026-08-01 11:00:00+00:00
2026-08-01 13:00:00+00:00,/search,1,689.0,696.44,RF_WithoutLag24,20260909T134219Z,2026-08-01 12:00:00+00:00
2026-08-01 18:00:00+00:00,/search,6,844.0,665.04,RF_WithoutLag24,20260909T134219Z,2026-08-01 12:00:00+00:00
2026-08-02 00:00:00+00:00,/search,12,388.0,540.21,RF_WithoutLag24,20260909T134219Z,2026-08-01 12:00:00+00:00
2026-08-01 14:00:00+00:00,/search,1,1119.0,714.28,RF_WithoutLag24,20260909T134219Z,2026-08-01 13:00:00+00:00
2026-08-01 19:00:00+00:00,/search,6,750.0,679.11,RF_WithoutLag24,20260909T134219Z,2026-08-01 13:00:00+00:00
2026-08-02 01:00:00+00:00,/search,12,251.0,505.69,RF_WithoutLag24,20260909T134219Z,2026-08-01 13:00:00+00:00
2026-08-01 15:00:00+00:00,/search,1,986.0,701.48,RF_WithoutLag24,20260909T134219Z,2026-08-01 14:00:00+00:00
2026-08-01 20:00:00+00:00,/search,6,826.0,745.34,RF_WithoutLag24,20260909T134219Z,2026-08-01 14:00:00+00:00
2026-08-02 02:00:00+00:00,/search,12,386.0,501.35,RF_WithoutLag24,20260909T134219Z,2026-08-01 14:00:00+00:00
2026-08-01 16:00:00+00:00,/search,1,929.0,871.09,RF_WithoutLag24,20260909T134219Z,2026-08-01 15:00:00+00:00
2026-08-01 21:00:00+00:00,/search,6,667.0,766.12,RF_WithoutLag24,20260909T134219Z,2026-08-01 15:00:00+00:00
2026-08-02 03:00:00+00:00,/search,12,390.0,499.78,RF_WithoutLag24,20260909T134219Z,2026-08-01 15:00:00+00:00
2026-08-01 17:00:00+00:00,/search,1,891.0,880.15,RF_WithoutLag24,20260909T134219Z,2026-08-01 16:00:00+00:00
2026-08-01 22:00:00+00:00,/search,6,653.0,740.24,RF_WithoutLag24,20260909T134219Z,2026-08-01 16:00:00+00:00
2026-08-02 04:00:00+00:00,/search,12,384.0,513.65,RF_WithoutLag24,20260909T134219Z,2026-08-01 16:00:00+00:00
2026-08-01 18:00:00+00:00,/search,1,844.0,883.02,RF_WithoutLag24,20260909T134219Z,2026-08-01 17:00:00+00:00
2026-08-01 23:00:00+00:00,/search,6,684.0,661.18,RF_WithoutLag24,20260909T134219Z,2026-08-01 17:00:00+00:00
2026-08-02 05:00:00+00:00,/search,12,467.0,435.15,RF_WithoutLag24,20260909T134219Z,2026-08-01 17:00:00+00:00
2026-08-01 19:00:00+00:00,/search,1,750.0,857.95,RF_WithoutLag24,20260909T134219Z,2026-08-01 18:00:00+00:00
2026-08-02 00:00:00+00:00,/search,6,388.0,603.43,RF_WithoutLag24,20260909T134219Z,2026-08-01 18:00:00+00:00
2026-08-02 06:00:00+00:00,/search,12,414.0,422.4,RF_WithoutLag24,20260909T134219Z,2026-08-01 18:00:00+00:00
2026-08-01 20:00:00+00:00,/search,1,826.0,772.06,RF_WithoutLag24,20260909T134219Z,2026-08-01 19:00:00+00:00
2026-08-02 01:00:00+00:00,/search,6,251.0,514.56,RF_WithoutLag24,20260909T134219Z,2026-08-01 19:00:00+00:00
2026-08-02 07:00:00+00:00,/search,12,452.0,446.18,RF_WithoutLag24,20260909T134219Z,2026-08-01 19:00:00+00:00
2026-08-01 21:00:00+00:00,/search,1,667.0,772.41,RF_WithoutLag24,20260909T134219Z,2026-08-01 20:00:00+00:00
2026-08-02 02:00:00+00:00,/search,6,386.0,478.43,RF_WithoutLag24,20260909T134219Z,2026-08-01 20:00:00+00:00
2026-08-02 08:00:00+00:00,/search,12,539.0,515.81,RF_WithoutLag24,20260909T134219Z,2026-08-01 20:00:00+00:00
2026-08-01 22:00:00+00:00,/search,1,653.0,691.87,RF_WithoutLag24,20260909T134219Z,2026-08-01 21:00:00+00:00
2026-08-02 03:00:00+00:00,/search,6,390.0,410.99,RF_WithoutLag24,20260909T134219Z,2026-08-01 21:00:00+00:00
2026-08-02 09:00:00+00:00,/search,12,548.0,503.98,RF_WithoutLag24,20260909T134219Z,2026-08-01 21:00:00+00:00
2026-08-01 23:00:00+00:00,/search,1,684.0,592.33,RF_WithoutLag24,20260909T134219Z,2026-08-01 22:00:00+00:00
2026-08-02 04:00:00+00:00,/search,6,384.0,407.76,RF_WithoutLag24,20260909T134219Z,2026-08-01 22:00:00+00:00
2026-08-02 10:00:00+00:00,/search,12,589.0,572.67,RF_WithoutLag24,20260909T134219Z,2026-08-01 22:00:00+00:00
2026-08-02 00:00:00+00:00,/search,1,388.0,555.47,RF_WithoutLag24,20260909T134219Z,2026-08-01 23:00:00+00:00
2026-08-02 05:00:00+00:00,/search,6,467.0,442.77,RF_WithoutLag24,20260909T134219Z,2026-08-01 23:00:00+00:00
2026-08-02 11:00:00+00:00,/search,12,678.0,578.99,RF_WithoutLag24,20260909T134219Z,2026-08-01 23:00:00+00:00
2026-08-02 01:00:00+00:00,/search,1,251.0,563.02,RF_WithoutLag24,20260909T134219Z,2026-08-02 00:00:00+00:00
2026-08-02 06:00:00+00:00,/search,6,414.0,431.05,RF_WithoutLag24,20260909T134219Z,2026-08-02 00:00:00+00:00
2026-08-02 12:00:00+00:00,/search,12,586.0,652.67,RF_WithoutLag24,20260909T134219Z,2026-08-02 00:00:00+00:00
2026-08-02 02:00:00+00:00,/search,1,386.0,440.68,RF_WithoutLag24,20260909T134219Z,2026-08-02 01:00:00+00:00
2026-08-02 07:00:00+00:00,/search,6,452.0,478.1,RF_WithoutLag24,20260909T134219Z,2026-08-02 01:00:00+00:00
2026-08-02 13:00:00+00:00,/search,12,673.0,660.93,RF_WithoutLag24,20260909T134219Z,2026-08-02 01:00:00+00:00
2026-08-02 03:00:00+00:00,/search,1,390.0,449.13,RF_WithoutLag24,20260909T134219Z,2026-08-02 02:00:00+00:00
2026-08-02 08:00:00+00:00,/search,6,539.0,501.61,RF_WithoutLag24,20260909T134219Z,2026-08-02 02:00:00+00:00
2026-08-02 14:00:00+00:00,/search,12,595.0,667.92,RF_WithoutLag24,20260909T134219Z,2026-08-02 02:00:00+00:00
2026-08-02 04:00:00+00:00,/search,1,384.0,396.59,RF_WithoutLag24,20260909T134219Z,2026-08-02 03:00:00+00:00
2026-08-02 09:00:00+00:00,/search,6,548.0,495.15,RF_WithoutLag24,20260909T134219Z,2026-08-02 03:00:00+00:00
2026-08-02 15:00:00+00:00,/search,12,664.0,679.34,RF_WithoutLag24,20260909T134219Z,2026-08-02 03:00:00+00:00
2026-08-02 05:00:00+00:00,/search,1,467.0,386.83,RF_WithoutLag24,20260909T134219Z,2026-08-02 04:00:00+00:00
2026-08-02 10:00:00+00:00,/search,6,589.0,534.15,RF_WithoutLag24,20260909T134219Z,2026-08-02 04:00:00+00:00
2026-08-02 16:00:00+00:00,/search,12,586.0,678.88,RF_WithoutLag24,20260909T134219Z,2026-08-02 04:00:00+00:00
2026-08-02 06:00:00+00:00,/search,1,414.0,417.64,RF_WithoutLag24,20260909T134219Z,2026-08-02 05:00:00+00:00
2026-08-02 11:00:00+00:00,/search,6,678.0,624.68,RF_WithoutLag24,20260909T134219Z,2026-08-02 05:00:00+00:00
2026-08-02 17:00:00+00:00,/search,12,546.0,729.57,RF_WithoutLag24,20260909T134219Z,2026-08-02 05:00:00+00:00
2026-08-02 07:00:00+00:00,/search,1,452.0,470.41,RF_WithoutLag24,20260909T134219Z,2026-08-02 06:00:00+00:00
2026-08-02 12:00:00+00:00,/search,6,586.0,655.6,RF_WithoutLag24,20260909T134219Z,2026-08-02 06:00:00+00:00
2026-08-02 18:00:00+00:00,/search,12,553.0,676.47,RF_WithoutLag24,20260909T134219Z,2026-08-02 06:00:00+00:00
2026-08-02 08:00:00+00:00,/search,1,539.0,483.05,RF_WithoutLag24,20260909T134219Z,2026-08-02 07:00:00+00:00
2026-08-02 13:00:00+00:00,/search,6,673.0,661.15,RF_WithoutLag24,20260909T134219Z,2026-08-02 07:00:00+00:00
2026-08-02 19:00:00+00:00,/search,12,515.0,691.6,RF_WithoutLag24,20260909T134219Z,2026-08-02 07:00:00+00:00
2026-08-02 09:00:00+00:00,/search,1,548.0,515.6,RF_WithoutLag24,20260909T134219Z,2026-08-02 08:00:00+00:00
2026-08-02 14:00:00+00:00,/search,6,595.0,672.56,RF_WithoutLag24,20260909T134219Z,2026-08-02 08:00:00+00:00
2026-08-02 20:00:00+00:00,/search,12,536.0,707.04,RF_WithoutLag24,20260909T134219Z,2026-08-02 08:00:00+00:00
2026-08-02 10:00:00+00:00,/search,1,589.0,567.97,RF_WithoutLag24,20260909T134219Z,2026-08-02 09:00:00+00:00
2026-08-02 15:00:00+00:00,/search,6,664.0,696.13,RF_WithoutLag24,20260909T134219Z,2026-08-02 09:00:00+00:00
2026-08-02 21:00:00+00:00,/search,12,409.0,706.07,RF_WithoutLag24,20260909T134219Z,2026-08-02 09:00:00+00:00
2026-08-02 11:00:00+00:00,/search,1,678.0,611.95,RF_WithoutLag24,20260909T134219Z,2026-08-02 10:00:00+00:00
2026-08-02 16:00:00+00:00,/search,6,586.0,707.4,RF_WithoutLag24,20260909T134219Z,2026-08-02 10:00:00+00:00
2026-08-02 22:00:00+00:00,/search,12,493.0,601.43,RF_WithoutLag24,20260909T134219Z,2026-08-02 10:00:00+00:00
2026-08-02 12:00:00+00:00,/search,1,586.0,666.57,RF_WithoutLag24,20260909T134219Z,2026-08-02 11:00:00+00:00
2026-08-02 17:00:00+00:00,/search,6,546.0,742.49,RF_WithoutLag24,20260909T134219Z,2026-08-02 11:00:00+00:00
2026-08-02 23:00:00+00:00,/search,12,537.0,559.99,RF_WithoutLag24,20260909T134219Z,2026-08-02 11:00:00+00:00
2026-08-02 13:00:00+00:00,/search,1,673.0,674.94,RF_WithoutLag24,20260909T134219Z,2026-08-02 12:00:00+00:00
2026-08-02 18:00:00+00:00,/search,6,553.0,702.77,RF_WithoutLag24,20260909T134219Z,2026-08-02 12:00:00+00:00
2026-08-03 00:00:00+00:00,/search,12,453.0,529.47,RF_WithoutLag24,20260909T134219Z,2026-08-02 12:00:00+00:00
2026-08-02 14:00:00+00:00,/search,1,595.0,702.34,RF_WithoutLag24,20260909T134219Z,2026-08-02 13:00:00+00:00
2026-08-02 19:00:00+00:00,/search,6,515.0,729.42,RF_WithoutLag24,20260909T134219Z,2026-08-02 13:00:00+00:00
2026-08-03 01:00:00+00:00,/search,12,560.0,552.58,RF_WithoutLag24,20260909T134219Z,2026-08-02 13:00:00+00:00
2026-08-02 15:00:00+00:00,/search,1,664.0,697.92,RF_WithoutLag24,20260909T134219Z,2026-08-02 14:00:00+00:00
2026-08-02 20:00:00+00:00,/search,6,536.0,641.23,RF_WithoutLag24,20260909T134219Z,2026-08-02 14:00:00+00:00
2026-08-03 02:00:00+00:00,/search,12,502.0,573.25,RF_WithoutLag24,20260909T134219Z,2026-08-02 14:00:00+00:00
2026-08-02 16:00:00+00:00,/search,1,586.0,703.24,RF_WithoutLag24,20260909T134219Z,2026-08-02 15:00:00+00:00
2026-08-02 21:00:00+00:00,/search,6,409.0,713.49,RF_WithoutLag24,20260909T134219Z,2026-08-02 15:00:00+00:00
2026-08-03 03:00:00+00:00,/search,12,602.0,559.55,RF_WithoutLag24,20260909T134219Z,2026-08-02 15:00:00+00:00
2026-08-02 17:00:00+00:00,/search,1,546.0,677.78,RF_WithoutLag24,20260909T134219Z,2026-08-02 16:00:00+00:00
2026-08-02 22:00:00+00:00,/search,6,493.0,519.1,RF_WithoutLag24,20260909T134219Z,2026-08-02 16:00:00+00:00
2026-08-03 04:00:00+00:00,/search,12,516.0,540.79,RF_WithoutLag24,20260909T134219Z,2026-08-02 16:00:00+00:00
2026-08-02 18:00:00+00:00,/search,1,553.0,598.45,RF_WithoutLag24,20260909T134219Z,2026-08-02 17:00:00+00:00
2026-08-02 23:00:00+00:00,/search,6,537.0,617.88,RF_WithoutLag24,20260909T134219Z,2026-08-02 17:00:00+00:00
2026-08-03 05:00:00+00:00,/search,12,640.0,572.0,RF_WithoutLag24,20260909T134219Z,2026-08-02 17:00:00+00:00
2026-08-02 19:00:00+00:00,/search,1,515.0,633.46,RF_WithoutLag24,20260909T134219Z,2026-08-02 18:00:00+00:00
2026-08-03 00:00:00+00:00,/search,6,453.0,575.13,RF_WithoutLag24,20260909T134219Z,2026-08-02 18:00:00+00:00
2026-08-03 06:00:00+00:00,/search,12,606.0,593.41,RF_WithoutLag24,20260909T134219Z,2026-08-02 18:00:00+00:00
2026-08-02 20:00:00+00:00,/search,1,536.0,541.03,RF_WithoutLag24,20260909T134219Z,2026-08-02 19:00:00+00:00
2026-08-03 01:00:00+00:00,/search,6,560.0,560.93,RF_WithoutLag24,20260909T134219Z,2026-08-02 19:00:00+00:00
2026-08-03 07:00:00+00:00,/search,12,653.0,619.05,RF_WithoutLag24,20260909T134219Z,2026-08-02 19:00:00+00:00
2026-08-02 21:00:00+00:00,/search,1,409.0,551.07,RF_WithoutLag24,20260909T134219Z,2026-08-02 20:00:00+00:00
2026-08-03 02:00:00+00:00,/search,6,502.0,558.2,RF_WithoutLag24,20260909T134219Z,2026-08-02 20:00:00+00:00
2026-08-03 08:00:00+00:00,/search,12,617.0,670.52,RF_WithoutLag24,20260909T134219Z,2026-08-02 20:00:00+00:00
2026-08-02 22:00:00+00:00,/search,1,493.0,517.85,RF_WithoutLag24,20260909T134219Z,2026-08-02 21:00:00+00:00
2026-08-03 03:00:00+00:00,/search,6,602.0,486.72,RF_WithoutLag24,20260909T134219Z,2026-08-02 21:00:00+00:00
2026-08-03 09:00:00+00:00,/search,12,751.0,652.15,RF_WithoutLag24,20260909T134219Z,2026-08-02 21:00:00+00:00
2026-08-02 23:00:00+00:00,/search,1,537.0,468.88,RF_WithoutLag24,20260909T134219Z,2026-08-02 22:00:00+00:00
2026-08-03 04:00:00+00:00,/search,6,516.0,563.53,RF_WithoutLag24,20260909T134219Z,2026-08-02 22:00:00+00:00
2026-08-03 10:00:00+00:00,/search,12,920.0,703.55,RF_WithoutLag24,20260909T134219Z,2026-08-02 22:00:00+00:00
2026-08-03 00:00:00+00:00,/search,1,453.0,495.69,RF_WithoutLag24,20260909T134219Z,2026-08-02 23:00:00+00:00
2026-08-03 05:00:00+00:00,/search,6,640.0,566.67,RF_WithoutLag24,20260909T134219Z,2026-08-02 23:00:00+00:00
2026-08-03 11:00:00+00:00,/search,12,851.0,764.91,RF_WithoutLag24,20260909T134219Z,2026-08-02 23:00:00+00:00
2026-08-03 01:00:00+00:00,/search,1,560.0,565.48,RF_WithoutLag24,20260909T134219Z,2026-08-03 00:00:00+00:00
2026-08-03 06:00:00+00:00,/search,6,606.0,587.51,RF_WithoutLag24,20260909T134219Z,2026-08-03 00:00:00+00:00
2026-08-03 12:00:00+00:00,/search,12,1012.0,769.26,RF_WithoutLag24,20260909T134219Z,2026-08-03 00:00:00+00:00
2026-08-03 02:00:00+00:00,/search,1,502.0,475.81,RF_WithoutLag24,20260909T134219Z,2026-08-03 01:00:00+00:00
2026-08-03 07:00:00+00:00,/search,6,653.0,616.18,RF_WithoutLag24,20260909T134219Z,2026-08-03 01:00:00+00:00
2026-08-03 13:00:00+00:00,/search,12,987.0,788.82,RF_WithoutLag24,20260909T134219Z,2026-08-03 01:00:00+00:00
2026-08-03 03:00:00+00:00,/search,1,602.0,557.33,RF_WithoutLag24,20260909T134219Z,2026-08-03 02:00:00+00:00
2026-08-03 08:00:00+00:00,/search,6,617.0,630.35,RF_WithoutLag24,20260909T134219Z,2026-08-03 02:00:00+00:00
2026-08-03 14:00:00+00:00,/search,12,803.0,807.5,RF_WithoutLag24,20260909T134219Z,2026-08-03 02:00:00+00:00
2026-08-03 04:00:00+00:00,/search,1,516.0,545.51,RF_WithoutLag24,20260909T134219Z,2026-08-03 03:00:00+00:00
2026-08-03 09:00:00+00:00,/search,6,751.0,678.73,RF_WithoutLag24,20260909T134219Z,2026-08-03 03:00:00+00:00
2026-08-03 15:00:00+00:00,/search,12,874.0,792.94,RF_WithoutLag24,20260909T134219Z,2026-08-03 03:00:00+00:00
2026-08-03 05:00:00+00:00,/search,1,640.0,563.54,RF_WithoutLag24,20260909T134219Z,2026-08-03 04:00:00+00:00
2026-08-03 10:00:00+00:00,/search,6,920.0,682.45,RF_WithoutLag24,20260909T134219Z,2026-08-03 04:00:00+00:00
2026-08-03 16:00:00+00:00,/search,12,842.0,788.62,RF_WithoutLag24,20260909T134219Z,2026-08-03 04:00:00+00:00
2026-08-03 06:00:00+00:00,/search,1,606.0,581.18,RF_WithoutLag24,20260909T134219Z,2026-08-03 05:00:00+00:00
2026-08-03 11:00:00+00:00,/search,6,851.0,765.37,RF_WithoutLag24,20260909T134219Z,2026-08-03 05:00:00+00:00
2026-08-03 17:00:00+00:00,/search,12,843.0,787.73,RF_WithoutLag24,20260909T134219Z,2026-08-03 05:00:00+00:00
2026-08-03 07:00:00+00:00,/search,1,653.0,621.25,RF_WithoutLag24,20260909T134219Z,2026-08-03 06:00:00+00:00
2026-08-03 12:00:00+00:00,/search,6,1012.0,707.7,RF_WithoutLag24,20260909T134219Z,2026-08-03 06:00:00+00:00
2026-08-03 18:00:00+00:00,/search,12,811.0,772.89,RF_WithoutLag24,20260909T134219Z,2026-08-03 06:00:00+00:00
2026-08-03 08:00:00+00:00,/search,1,617.0,654.89,RF_WithoutLag24,20260909T134219Z,2026-08-03 07:00:00+00:00
2026-08-03 13:00:00+00:00,/search,6,987.0,785.28,RF_WithoutLag24,20260909T134219Z,2026-08-03 07:00:00+00:00
2026-08-03 19:00:00+00:00,/search,12,848.0,764.37,RF_WithoutLag24,20260909T134219Z,2026-08-03 07:00:00+00:00
2026-08-03 09:00:00+00:00,/search,1,751.0,698.73,RF_WithoutLag24,20260909T134219Z,2026-08-03 08:00:00+00:00
2026-08-03 14:00:00+00:00,/search,6,803.0,758.65,RF_WithoutLag24,20260909T134219Z,2026-08-03 08:00:00+00:00
2026-08-03 20:00:00+00:00,/search,12,739.0,760.24,RF_WithoutLag24,20260909T134219Z,2026-08-03 08:00:00+00:00
2026-08-03 10:00:00+00:00,/search,1,920.0,704.28,RF_WithoutLag24,20260909T134219Z,2026-08-03 09:00:00+00:00
2026-08-03 15:00:00+00:00,/search,6,874.0,804.82,RF_WithoutLag24,20260909T134219Z,2026-08-03 09:00:00+00:00
2026-08-03 21:00:00+00:00,/search,12,731.0,742.06,RF_WithoutLag24,20260909T134219Z,2026-08-03 09:00:00+00:00
2026-08-03 11:00:00+00:00,/search,1,851.0,797.58,RF_WithoutLag24,20260909T134219Z,2026-08-03 10:00:00+00:00
2026-08-03 16:00:00+00:00,/search,6,842.0,950.0,RF_WithoutLag24,20260909T134219Z,2026-08-03 10:00:00+00:00
2026-08-03 22:00:00+00:00,/search,12,605.0,691.17,RF_WithoutLag24,20260909T134219Z,2026-08-03 10:00:00+00:00
2026-08-03 12:00:00+00:00,/search,1,1012.0,871.26,RF_WithoutLag24,20260909T134219Z,2026-08-03 11:00:00+00:00
2026-08-03 17:00:00+00:00,/search,6,843.0,802.41,RF_WithoutLag24,20260909T134219Z,2026-08-03 11:00:00+00:00
2026-08-03 23:00:00+00:00,/search,12,639.0,651.28,RF_WithoutLag24,20260909T134219Z,2026-08-03 11:00:00+00:00
2026-08-03 13:00:00+00:00,/search,1,987.0,808.33,RF_WithoutLag24,20260909T134219Z,2026-08-03 12:00:00+00:00
2026-08-03 18:00:00+00:00,/search,6,811.0,871.05,RF_WithoutLag24,20260909T134219Z,2026-08-03 12:00:00+00:00
2026-08-04 00:00:00+00:00,/search,12,515.0,606.44,RF_WithoutLag24,20260909T134219Z,2026-08-03 12:00:00+00:00
2026-08-03 14:00:00+00:00,/search,1,803.0,945.84,RF_WithoutLag24,20260909T134219Z,2026-08-03 13:00:00+00:00
2026-08-03 19:00:00+00:00,/search,6,848.0,823.75,RF_WithoutLag24,20260909T134219Z,2026-08-03 13:00:00+00:00
2026-08-04 01:00:00+00:00,/search,12,541.0,531.5,RF_WithoutLag24,20260909T134219Z,2026-08-03 13:00:00+00:00
2026-08-03 15:00:00+00:00,/search,1,874.0,940.97,RF_WithoutLag24,20260909T134219Z,2026-08-03 14:00:00+00:00
2026-08-03 20:00:00+00:00,/search,6,739.0,755.25,RF_WithoutLag24,20260909T134219Z,2026-08-03 14:00:00+00:00
2026-08-04 02:00:00+00:00,/search,12,531.0,532.55,RF_WithoutLag24,20260909T134219Z,2026-08-03 14:00:00+00:00
2026-08-03 16:00:00+00:00,/search,1,842.0,839.16,RF_WithoutLag24,20260909T134219Z,2026-08-03 15:00:00+00:00
2026-08-03 21:00:00+00:00,/search,6,731.0,737.76,RF_WithoutLag24,20260909T134219Z,2026-08-03 15:00:00+00:00
2026-08-04 03:00:00+00:00,/search,12,478.0,558.62,RF_WithoutLag24,20260909T134219Z,2026-08-03 15:00:00+00:00
2026-08-03 17:00:00+00:00,/search,1,843.0,875.31,RF_WithoutLag24,20260909T134219Z,2026-08-03 16:00:00+00:00
2026-08-03 22:00:00+00:00,/search,6,605.0,700.13,RF_WithoutLag24,20260909T134219Z,2026-08-03 16:00:00+00:00
2026-08-04 04:00:00+00:00,/search,12,456.0,511.98,RF_WithoutLag24,20260909T134219Z,2026-08-03 16:00:00+00:00
2026-08-03 18:00:00+00:00,/search,1,811.0,824.15,RF_WithoutLag24,20260909T134219Z,2026-08-03 17:00:00+00:00
2026-08-03 23:00:00+00:00,/search,6,639.0,671.24,RF_WithoutLag24,20260909T134219Z,2026-08-03 17:00:00+00:00
2026-08-04 05:00:00+00:00,/search,12,678.0,566.26,RF_WithoutLag24,20260909T134219Z,2026-08-03 17:00:00+00:00
