timestamp,endpoint,horizon,actual,prediction,model,run_id,origin
2026-08-01 12:00:00+00:00,/identity,1,247.0,290.76,RF,20260909T132210Z,2026-08-01 11:00:00+00:00
2026-08-01 17:00:00+00:00,/identity,6,308.0,283.78,RF,20260909T132210Z,2026-08-01 11:00:00+00:00
2026-08-01 23:00:00+00:00,/identity,12,197.0,256.03,RF,20260909T132210Z,2026-08-01 11:00:00+00:00
2026-08-01 13:00:00+00:00,/identity,1,300.0,310.04,RF,20260909T132210Z,2026-08-01 12:00:00+00:00
2026-08-01 18:00:00+00:00,/identity,6,252.0,266.77,RF,20260909T132210Z,2026-08-01 12:00:00+00:00
2026-08-02 00:00:00+00:00,/identity,12,158.0,246.04,RF,20260909T132210Z,2026-08-01 12:00:00+00:00
2026-08-01 14:00:00+00:00,/identity,1,307.0,284.17,RF,20260909T132210Z,2026-08-01 13:00:00+00:00
2026-08-01 19:00:00+00:00,/identity,6,261.0,294.66,RF,20260909T132210Z,2026-08-01 13:00:00+00:00
2026-08-02 01:00:00+00:00,/identity,12,150.0,192.34,RF,20260909T132210Z,2026-08-01 13:00:00+00:00
2026-08-01 15:00:00+00:00,/identity,1,286.0,293.64,RF,20260909T132210Z,2026-08-01 14:00:00+00:00
2026-08-01 20:00:00+00:00,/identity,6,229.0,263.62,RF,20260909T132210Z,2026-08-01 14:00:00+00:00
2026-08-02 02:00:00+00:00,/identity,12,187.0,192.56,RF,20260909T132210Z,2026-08-01 14:00:00+00:00
2026-08-01 16:00:00+00:00,/identity,1,291.0,273.63,RF,20260909T132210Z,2026-08-01 15:00:00+00:00
2026-08-01 21:00:00+00:00,/identity,6,242.0,265.89,RF,20260909T132210Z,2026-08-01 15:00:00+00:00
2026-08-02 03:00:00+00:00,/identity,12,158.0,188.67,RF,20260909T132210Z,2026-08-01 15:00:00+00:00
2026-08-01 17:00:00+00:00,/identity,1,308.0,271.18,RF,20260909T132210Z,2026-08-01 16:00:00+00:00
2026-08-01 22:00:00+00:00,/identity,6,188.0,256.98,RF,20260909T132210Z,2026-08-01 16:00:00+00:00
2026-08-02 04:00:00+00:00,/identity,12,181.0,188.87,RF,20260909T132210Z,2026-08-01 16:00:00+00:00
2026-08-01 18:00:00+00:00,/identity,1,252.0,279.66,RF,20260909T132210Z,2026-08-01 17:00:00+00:00
2026-08-01 23:00:00+00:00,/identity,6,197.0,262.59,RF,20260909T132210Z,2026-08-01 17:00:00+00:00
2026-08-02 05:00:00+00:00,/identity,12,169.0,195.87,RF,20260909T132210Z,2026-08-01 17:00:00+00:00
2026-08-01 19:00:00+00:00,/identity,1,261.0,299.38,RF,20260909T132210Z,2026-08-01 18:00:00+00:00
2026-08-02 00:00:00+00:00,/identity,6,158.0,248.86,RF,20260909T132210Z,2026-08-01 18:00:00+00:00
2026-08-02 06:00:00+00:00,/identity,12,202.0,191.66,RF,20260909T132210Z,2026-08-01 18:00:00+00:00
2026-08-01 20:00:00+00:00,/identity,1,229.0,259.64,RF,20260909T132210Z,2026-08-01 19:00:00+00:00
2026-08-02 01:00:00+00:00,/identity,6,150.0,190.42,RF,20260909T132210Z,2026-08-01 19:00:00+00:00
2026-08-02 07:00:00+00:00,/identity,12,203.0,203.67,RF,20260909T132210Z,2026-08-01 19:00:00+00:00
2026-08-01 21:00:00+00:00,/identity,1,242.0,260.83,RF,20260909T132210Z,2026-08-01 20:00:00+00:00
2026-08-02 02:00:00+00:00,/identity,6,187.0,179.0,RF,20260909T132210Z,2026-08-01 20:00:00+00:00
2026-08-02 08:00:00+00:00,/identity,12,233.0,182.5,RF,20260909T132210Z,2026-08-01 20:00:00+00:00
2026-08-01 22:00:00+00:00,/identity,1,188.0,229.75,RF,20260909T132210Z,2026-08-01 21:00:00+00:00
2026-08-02 03:00:00+00:00,/identity,6,158.0,191.28,RF,20260909T132210Z,2026-08-01 21:00:00+00:00
2026-08-02 09:00:00+00:00,/identity,12,295.0,212.23,RF,20260909T132210Z,2026-08-01 21:00:00+00:00
2026-08-01 23:00:00+00:00,/identity,1,197.0,245.38,RF,20260909T132210Z,2026-08-01 22:00:00+00:00
2026-08-02 04:00:00+00:00,/identity,6,181.0,178.52,RF,20260909T132210Z,2026-08-01 22:00:00+00:00
2026-08-02 10:00:00+00:00,/identity,12,249.0,195.75,RF,20260909T132210Z,2026-08-01 22:00:00+00:00
2026-08-02 00:00:00+00:00,/identity,1,158.0,211.71,RF,20260909T132210Z,2026-08-01 23:00:00+00:00
2026-08-02 05:00:00+00:00,/identity,6,169.0,199.02,RF,20260909T132210Z,2026-08-01 23:00:00+00:00
2026-08-02 11:00:00+00:00,/identity,12,291.0,225.72,RF,20260909T132210Z,2026-08-01 23:00:00+00:00
2026-08-02 01:00:00+00:00,/identity,1,150.0,187.07,RF,20260909T132210Z,2026-08-02 00:00:00+00:00
2026-08-02 06:00:00+00:00,/identity,6,202.0,177.53,RF,20260909T132210Z,2026-08-02 00:00:00+00:00
2026-08-02 12:00:00+00:00,/identity,12,263.0,227.03,RF,20260909T132210Z,2026-08-02 00:00:00+00:00
2026-08-02 02:00:00+00:00,/identity,1,187.0,153.23,RF,20260909T132210Z,2026-08-02 01:00:00+00:00
2026-08-02 07:00:00+00:00,/identity,6,203.0,182.7,RF,20260909T132210Z,2026-08-02 01:00:00+00:00
2026-08-02 13:00:00+00:00,/identity,12,295.0,214.34,RF,20260909T132210Z,2026-08-02 01:00:00+00:00
2026-08-02 03:00:00+00:00,/identity,1,158.0,152.79,RF,20260909T132210Z,2026-08-02 02:00:00+00:00
2026-08-02 08:00:00+00:00,/identity,6,233.0,204.34,RF,20260909T132210Z,2026-08-02 02:00:00+00:00
2026-08-02 14:00:00+00:00,/identity,12,287.0,240.83,RF,20260909T132210Z,2026-08-02 02:00:00+00:00
2026-08-02 04:00:00+00:00,/identity,1,181.0,194.31,RF,20260909T132210Z,2026-08-02 03:00:00+00:00
2026-08-02 09:00:00+00:00,/identity,6,295.0,189.8,RF,20260909T132210Z,2026-08-02 03:00:00+00:00
2026-08-02 15:00:00+00:00,/identity,12,347.0,229.61,RF,20260909T132210Z,2026-08-02 03:00:00+00:00
2026-08-02 05:00:00+00:00,/identity,1,169.0,176.01,RF,20260909T132210Z,2026-08-02 04:00:00+00:00
2026-08-02 10:00:00+00:00,/identity,6,249.0,192.34,RF,20260909T132210Z,2026-08-02 04:00:00+00:00
2026-08-02 16:00:00+00:00,/identity,12,278.0,227.21,RF,20260909T132210Z,2026-08-02 04:00:00+00:00
2026-08-02 06:00:00+00:00,/identity,1,202.0,170.95,RF,20260909T132210Z,2026-08-02 05:00:00+00:00
2026-08-02 11:00:00+00:00,/identity,6,291.0,208.21,RF,20260909T132210Z,2026-08-02 05:00:00+00:00
2026-08-02 17:00:00+00:00,/identity,12,273.0,242.84,RF,20260909T132210Z,2026-08-02 05:00:00+00:00
2026-08-02 07:00:00+00:00,/identity,1,203.0,181.86,RF,20260909T132210Z,2026-08-02 06:00:00+00:00
2026-08-02 12:00:00+00:00,/identity,6,263.0,225.09,RF,20260909T132210Z,2026-08-02 06:00:00+00:00
2026-08-02 18:00:00+00:00,/identity,12,292.0,276.58,RF,20260909T132210Z,2026-08-02 06:00:00+00:00
2026-08-02 08:00:00+00:00,/identity,1,233.0,202.97,RF,20260909T132210Z,2026-08-02 07:00:00+00:00
2026-08-02 13:00:00+00:00,/identity,6,295.0,222.63,RF,20260909T132210Z,2026-08-02 07:00:00+00:00
2026-08-02 19:00:00+00:00,/identity,12,229.0,271.21,RF,20260909T132210Z,2026-08-02 07:00:00+00:00
2026-08-02 09:00:00+00:00,/identity,1,295.0,206.16,RF,20260909T132210Z,2026-08-02 08:00:00+00:00
2026-08-02 14:00:00+00:00,/identity,6,287.0,274.21,RF,20260909T132210Z,2026-08-02 08:00:00+00:00
2026-08-02 20:00:00+00:00,/identity,12,242.0,287.25,RF,20260909T132210Z,2026-08-02 08:00:00+00:00
2026-08-02 10:00:00+00:00,/identity,1,249.0,237.36,RF,20260909T132210Z,2026-08-02 09:00:00+00:00
2026-08-02 15:00:00+00:00,/identity,6,347.0,299.48,RF,20260909T132210Z,2026-08-02 09:00:00+00:00
2026-08-02 21:00:00+00:00,/identity,12,241.0,259.72,RF,20260909T132210Z,2026-08-02 09:00:00+00:00
2026-08-02 11:00:00+00:00,/identity,1,291.0,281.46,RF,20260909T132210Z,2026-08-02 10:00:00+00:00
2026-08-02 16:00:00+00:00,/identity,6,278.0,269.34,RF,20260909T132210Z,2026-08-02 10:00:00+00:00
2026-08-02 22:00:00+00:00,/identity,12,194.0,247.28,RF,20260909T132210Z,2026-08-02 10:00:00+00:00
2026-08-02 12:00:00+00:00,/identity,1,263.0,260.11,RF,20260909T132210Z,2026-08-02 11:00:00+00:00
2026-08-02 17:00:00+00:00,/identity,6,273.0,292.9,RF,20260909T132210Z,2026-08-02 11:00:00+00:00
2026-08-02 23:00:00+00:00,/identity,12,170.0,244.48,RF,20260909T132210Z,2026-08-02 11:00:00+00:00
2026-08-02 13:00:00+00:00,/identity,1,295.0,301.33,RF,20260909T132210Z,2026-08-02 12:00:00+00:00
2026-08-02 18:00:00+00:00,/identity,6,292.0,265.21,RF,20260909T132210Z,2026-08-02 12:00:00+00:00
2026-08-03 00:00:00+00:00,/identity,12,250.0,234.69,RF,20260909T132210Z,2026-08-02 12:00:00+00:00
2026-08-02 14:00:00+00:00,/identity,1,287.0,290.18,RF,20260909T132210Z,2026-08-02 13:00:00+00:00
2026-08-02 19:00:00+00:00,/identity,6,229.0,280.53,RF,20260909T132210Z,2026-08-02 13:00:00+00:00
2026-08-03 01:00:00+00:00,/identity,12,230.0,213.61,RF,20260909T132210Z,2026-08-02 13:00:00+00:00
2026-08-02 15:00:00+00:00,/identity,1,347.0,299.62,RF,20260909T132210Z,2026-08-02 14:00:00+00:00
2026-08-02 20:00:00+00:00,/identity,6,242.0,258.43,RF,20260909T132210Z,2026-08-02 14:00:00+00:00
2026-08-03 02:00:00+00:00,/identity,12,213.0,204.19,RF,20260909T132210Z,2026-08-02 14:00:00+00:00
2026-08-02 16:00:00+00:00,/identity,1,278.0,269.11,RF,20260909T132210Z,2026-08-02 15:00:00+00:00
2026-08-02 21:00:00+00:00,/identity,6,241.0,338.7,RF,20260909T132210Z,2026-08-02 15:00:00+00:00
2026-08-03 03:00:00+00:00,/identity,12,204.0,212.98,RF,20260909T132210Z,2026-08-02 15:00:00+00:00
2026-08-02 17:00:00+00:00,/identity,1,273.0,365.91,RF,20260909T132210Z,2026-08-02 16:00:00+00:00
2026-08-02 22:00:00+00:00,/identity,6,194.0,259.36,RF,20260909T132210Z,2026-08-02 16:00:00+00:00
2026-08-03 04:00:00+00:00,/identity,12,239.0,212.74,RF,20260909T132210Z,2026-08-02 16:00:00+00:00
2026-08-02 18:00:00+00:00,/identity,1,292.0,271.06,RF,20260909T132210Z,2026-08-02 17:00:00+00:00
2026-08-02 23:00:00+00:00,/identity,6,170.0,243.42,RF,20260909T132210Z,2026-08-02 17:00:00+00:00
2026-08-03 05:00:00+00:00,/identity,12,313.0,224.97,RF,20260909T132210Z,2026-08-02 17:00:00+00:00
2026-08-02 19:00:00+00:00,/identity,1,229.0,271.4,RF,20260909T132210Z,2026-08-02 18:00:00+00:00
2026-08-03 00:00:00+00:00,/identity,6,250.0,242.74,RF,20260909T132210Z,2026-08-02 18:00:00+00:00
2026-08-03 06:00:00+00:00,/identity,12,263.0,238.71,RF,20260909T132210Z,2026-08-02 18:00:00+00:00
2026-08-02 20:00:00+00:00,/identity,1,242.0,267.07,RF,20260909T132210Z,2026-08-02 19:00:00+00:00
2026-08-03 01:00:00+00:00,/identity,6,230.0,204.53,RF,20260909T132210Z,2026-08-02 19:00:00+00:00
2026-08-03 07:00:00+00:00,/identity,12,273.0,263.97,RF,20260909T132210Z,2026-08-02 19:00:00+00:00
2026-08-02 21:00:00+00:00,/identity,1,241.0,224.0,RF,20260909T132210Z,2026-08-02 20:00:00+00:00
2026-08-03 02:00:00+00:00,/identity,6,213.0,214.93,RF,20260909T132210Z,2026-08-02 20:00:00+00:00
2026-08-03 08:00:00+00:00,/identity,12,298.0,282.69,RF,20260909T132210Z,2026-08-02 20:00:00+00:00
2026-08-02 22:00:00+00:00,/identity,1,194.0,247.92,RF,20260909T132210Z,2026-08-02 21:00:00+00:00
2026-08-03 03:00:00+00:00,/identity,6,204.0,212.15,RF,20260909T132210Z,2026-08-02 21:00:00+00:00
2026-08-03 09:00:00+00:00,/identity,12,381.0,294.4,RF,20260909T132210Z,2026-08-02 21:00:00+00:00
2026-08-02 23:00:00+00:00,/identity,1,170.0,239.01,RF,20260909T132210Z,2026-08-02 22:00:00+00:00
2026-08-03 04:00:00+00:00,/identity,6,239.0,218.81,RF,20260909T132210Z,2026-08-02 22:00:00+00:00
2026-08-03 10:00:00+00:00,/identity,12,355.0,298.6,RF,20260909T132210Z,2026-08-02 22:00:00+00:00
2026-08-03 00:00:00+00:00,/identity,1,250.0,197.93,RF,20260909T132210Z,2026-08-02 23:00:00+00:00
2026-08-03 05:00:00+00:00,/identity,6,313.0,225.77,RF,20260909T132210Z,2026-08-02 23:00:00+00:00
2026-08-03 11:00:00+00:00,/identity,12,377.0,307.8,RF,20260909T132210Z,2026-08-02 23:00:00+00:00
2026-08-03 01:00:00+00:00,/identity,1,230.0,193.38,RF,20260909T132210Z,2026-08-03 00:00:00+00:00
2026-08-03 06:00:00+00:00,/identity,6,263.0,239.28,RF,20260909T132210Z,2026-08-03 00:00:00+00:00
2026-08-03 12:00:00+00:00,/identity,12,343.0,323.44,RF,20260909T132210Z,2026-08-03 00:00:00+00:00
2026-08-03 02:00:00+00:00,/identity,1,213.0,221.48,RF,20260909T132210Z,2026-08-03 01:00:00+00:00
2026-08-03 07:00:00+00:00,/identity,6,273.0,257.04,RF,20260909T132210Z,2026-08-03 01:00:00+00:00
2026-08-03 13:00:00+00:00,/identity,12,398.0,345.87,RF,20260909T132210Z,2026-08-03 01:00:00+00:00
2026-08-03 03:00:00+00:00,/identity,1,204.0,220.39,RF,20260909T132210Z,2026-08-03 02:00:00+00:00
2026-08-03 08:00:00+00:00,/identity,6,298.0,283.25,RF,20260909T132210Z,2026-08-03 02:00:00+00:00
2026-08-03 14:00:00+00:00,/identity,12,357.0,364.83,RF,20260909T132210Z,2026-08-03 02:00:00+00:00
2026-08-03 04:00:00+00:00,/identity,1,239.0,219.96,RF,20260909T132210Z,2026-08-03 03:00:00+00:00
2026-08-03 09:00:00+00:00,/identity,6,381.0,293.63,RF,20260909T132210Z,2026-08-03 03:00:00+00:00
2026-08-03 15:00:00+00:00,/identity,12,390.0,378.37,RF,20260909T132210Z,2026-08-03 03:00:00+00:00
2026-08-03 05:00:00+00:00,/identity,1,313.0,227.49,RF,20260909T132210Z,2026-08-03 04:00:00+00:00
2026-08-03 10:00:00+00:00,/identity,6,355.0,301.05,RF,20260909T132210Z,2026-08-03 04:00:00+00:00
2026-08-03 16:00:00+00:00,/identity,12,435.0,396.11,RF,20260909T132210Z,2026-08-03 04:00:00+00:00
2026-08-03 06:00:00+00:00,/identity,1,263.0,246.79,RF,20260909T132210Z,2026-08-03 05:00:00+00:00
2026-08-03 11:00:00+00:00,/identity,6,377.0,351.27,RF,20260909T132210Z,2026-08-03 05:00:00+00:00
2026-08-03 17:00:00+00:00,/identity,12,352.0,423.58,RF,20260909T132210Z,2026-08-03 05:00:00+00:00
2026-08-03 07:00:00+00:00,/identity,1,273.0,293.49,RF,20260909T132210Z,2026-08-03 06:00:00+00:00
2026-08-03 12:00:00+00:00,/identity,6,343.0,341.48,RF,20260909T132210Z,2026-08-03 06:00:00+00:00
2026-08-03 18:00:00+00:00,/identity,12,382.0,400.69,RF,20260909T132210Z,2026-08-03 06:00:00+00:00
2026-08-03 08:00:00+00:00,/identity,1,298.0,284.73,RF,20260909T132210Z,2026-08-03 07:00:00+00:00
2026-08-03 13:00:00+00:00,/identity,6,398.0,352.55,RF,20260909T132210Z,2026-08-03 07:00:00+00:00
2026-08-03 19:00:00+00:00,/identity,12,353.0,394.76,RF,20260909T132210Z,2026-08-03 07:00:00+00:00
2026-08-03 09:00:00+00:00,/identity,1,381.0,309.8,RF,20260909T132210Z,2026-08-03 08:00:00+00:00
2026-08-03 14:00:00+00:00,/identity,6,357.0,390.68,RF,20260909T132210Z,2026-08-03 08:00:00+00:00
2026-08-03 20:00:00+00:00,/identity,12,277.0,329.92,RF,20260909T132210Z,2026-08-03 08:00:00+00:00
2026-08-03 10:00:00+00:00,/identity,1,355.0,323.29,RF,20260909T132210Z,2026-08-03 09:00:00+00:00
2026-08-03 15:00:00+00:00,/identity,6,390.0,425.47,RF,20260909T132210Z,2026-08-03 09:00:00+00:00
2026-08-03 21:00:00+00:00,/identity,12,272.0,320.39,RF,20260909T132210Z,2026-08-03 09:00:00+00:00
2026-08-03 11:00:00+00:00,/identity,1,377.0,365.63,RF,20260909T132210Z,2026-08-03 10:00:00+00:00
2026-08-03 16:00:00+00:00,/identity,6,435.0,385.66,RF,20260909T132210Z,2026-08-03 10:00:00+00:00
2026-08-03 22:00:00+00:00,/identity,12,269.0,301.54,RF,20260909T132210Z,2026-08-03 10:00:00+00:00
2026-08-03 12:00:00+00:00,/identity,1,343.0,382.14,RF,20260909T132210Z,2026-08-03 11:00:00+00:00
2026-08-03 17:00:00+00:00,/identity,6,352.0,396.24,RF,20260909T132210Z,2026-08-03 11:00:00+00:00
2026-08-03 23:00:00+00:00,/identity,12,285.0,279.55,RF,20260909T132210Z,2026-08-03 11:00:00+00:00
2026-08-03 13:00:00+00:00,/identity,1,398.0,410.9,RF,20260909T132210Z,2026-08-03 12:00:00+00:00
2026-08-03 18:00:00+00:00,/identity,6,382.0,383.08,RF,20260909T132210Z,2026-08-03 12:00:00+00:00
2026-08-04 00:00:00+00:00,/identity,12,223.0,282.13,RF,20260909T132210Z,2026-08-03 12:00:00+00:00
2026-08-03 14:00:00+00:00,/identity,1,357.0,385.67,RF,20260909T132210Z,2026-08-03 13:00:00+00:00
2026-08-03 19:00:00+00:00,/identity,6,353.0,386.19,RF,20260909T132210Z,2026-08-03 13:00:00+00:00
2026-08-04 01:00:00+00:00,/identity,12,263.0,233.43,RF,20260909T132210Z,2026-08-03 13:00:00+00:00
2026-08-03 15:00:00+00:00,/identity,1,390.0,422.09,RF,20260909T132210Z,2026-08-03 14:00:00+00:00
2026-08-03 20:00:00+00:00,/identity,6,277.0,321.13,RF,20260909T132210Z,2026-08-03 14:00:00+00:00
2026-08-04 02:00:00+00:00,/identity,12,248.0,235.95,RF,20260909T132210Z,2026-08-03 14:00:00+00:00
2026-08-03 16:00:00+00:00,/identity,1,435.0,384.05,RF,20260909T132210Z,2026-08-03 15:00:00+00:00
2026-08-03 21:00:00+00:00,/identity,6,272.0,331.77,RF,20260909T132210Z,2026-08-03 15:00:00+00:00
2026-08-04 03:00:00+00:00,/identity,12,188.0,229.23,RF,20260909T132210Z,2026-08-03 15:00:00+00:00
2026-08-03 17:00:00+00:00,/identity,1,352.0,408.22,RF,20260909T132210Z,2026-08-03 16:00:00+00:00
2026-08-03 22:00:00+00:00,/identity,6,269.0,301.29,RF,20260909T132210Z,2026-08-03 16:00:00+00:00
2026-08-04 04:00:00+00:00,/identity,12,210.0,221.19,RF,20260909T132210Z,2026-08-03 16:00:00+00:00
2026-08-03 18:00:00+00:00,/identity,1,382.0,385.81,RF,20260909T132210Z,2026-08-03 17:00:00+00:00
2026-08-03 23:00:00+00:00,/identity,6,285.0,289.1,RF,20260909T132210Z,2026-08-03 17:00:00+00:00
2026-08-04 05:00:00+00:00,/identity,12,295.0,223.06,RF,20260909T132210Z,2026-08-03 17:00:00+00:00
2026-08-01 12:00:00+00:00,/identity,1,247.0,295.0,Persistence,20260909T132210Z,2026-08-01 11:00:00+00:00
2026-08-01 17:00:00+00:00,/identity,6,308.0,295.0,Persistence,20260909T132210Z,2026-08-01 11:00:00+00:00
2026-08-01 23:00:00+00:00,/identity,12,197.0,295.0,Persistence,20260909T132210Z,2026-08-01 11:00:00+00:00
2026-08-01 13:00:00+00:00,/identity,1,300.0,247.0,Persistence,20260909T132210Z,2026-08-01 12:00:00+00:00
2026-08-01 18:00:00+00:00,/identity,6,252.0,247.0,Persistence,20260909T132210Z,2026-08-01 12:00:00+00:00
2026-08-02 00:00:00+00:00,/identity,12,158.0,247.0,Persistence,20260909T132210Z,2026-08-01 12:00:00+00:00
2026-08-01 14:00:00+00:00,/identity,1,307.0,300.0,Persistence,20260909T132210Z,2026-08-01 13:00:00+00:00
2026-08-01 19:00:00+00:00,/identity,6,261.0,300.0,Persistence,20260909T132210Z,2026-08-01 13:00:00+00:00
2026-08-02 01:00:00+00:00,/identity,12,150.0,300.0,Persistence,20260909T132210Z,2026-08-01 13:00:00+00:00
2026-08-01 15:00:00+00:00,/identity,1,286.0,307.0,Persistence,20260909T132210Z,2026-08-01 14:00:00+00:00
2026-08-01 20:00:00+00:00,/identity,6,229.0,307.0,Persistence,20260909T132210Z,2026-08-01 14:00:00+00:00
2026-08-02 02:00:00+00:00,/identity,12,187.0,307.0,Persistence,20260909T132210Z,2026-08-01 14:00:00+00:00
2026-08-01 16:00:00+00:00,/identity,1,291.0,286.0,Persistence,20260909T132210Z,2026-08-01 15:00:00+00:00
2026-08-01 21:00:00+00:00,/identity,6,242.0,286.0,Persistence,20260909T132210Z,2026-08-01 15:00:00+00:00
2026-08-02 03:00:00+00:00,/identity,12,158.0,286.0,Persistence,20260909T132210Z,2026-08-01 15:00:00+00:00
2026-08-01 17:00:00+00:00,/identity,1,308.0,291.0,Persistence,20260909T132210Z,2026-08-01 16:00:00+00:00
2026-08-01 22:00:00+00:00,/identity,6,188.0,291.0,Persistence,20260909T132210Z,2026-08-01 16:00:00+00:00
2026-08-02 04:00:00+00:00,/identity,12,181.0,291.0,Persistence,20260909T132210Z,2026-08-01 16:00:00+00:00
2026-08-01 18:00:00+00:00,/identity,1,252.0,308.0,Persistence,20260909T132210Z,2026-08-01 17:00:00+00:00
2026-08-01 23:00:00+00:00,/identity,6,197.0,308.0,Persistence,20260909T132210Z,2026-08-01 17:00:00+00:00
2026-08-02 05:00:00+00:00,/identity,12,169.0,308.0,Persistence,20260909T132210Z,2026-08-01 17:00:00+00:00
2026-08-01 19:00:00+00:00,/identity,1,261.0,252.0,Persistence,20260909T132210Z,2026-08-01 18:00:00+00:00
2026-08-02 00:00:00+00:00,/identity,6,158.0,252.0,Persistence,20260909T132210Z,2026-08-01 18:00:00+00:00
2026-08-02 06:00:00+00:00,/identity,12,202.0,252.0,Persistence,20260909T132210Z,2026-08-01 18:00:00+00:00
2026-08-01 20:00:00+00:00,/identity,1,229.0,261.0,Persistence,20260909T132210Z,2026-08-01 19:00:00+00:00
2026-08-02 01:00:00+00:00,/identity,6,150.0,261.0,Persistence,20260909T132210Z,2026-08-01 19:00:00+00:00
2026-08-02 07:00:00+00:00,/identity,12,203.0,261.0,Persistence,20260909T132210Z,2026-08-01 19:00:00+00:00
2026-08-01 21:00:00+00:00,/identity,1,242.0,229.0,Persistence,20260909T132210Z,2026-08-01 20:00:00+00:00
2026-08-02 02:00:00+00:00,/identity,6,187.0,229.0,Persistence,20260909T132210Z,2026-08-01 20:00:00+00:00
2026-08-02 08:00:00+00:00,/identity,12,233.0,229.0,Persistence,20260909T132210Z,2026-08-01 20:00:00+00:00
2026-08-01 22:00:00+00:00,/identity,1,188.0,242.0,Persistence,20260909T132210Z,2026-08-01 21:00:00+00:00
2026-08-02 03:00:00+00:00,/identity,6,158.0,242.0,Persistence,20260909T132210Z,2026-08-01 21:00:00+00:00
2026-08-02 09:00:00+00:00,/identity,12,295.0,242.0,Persistence,20260909T132210Z,2026-08-01 21:00:00+00:00
2026-08-01 23:00:00+00:00,/identity,1,197.0,188.0,Persistence,20260909T132210Z,2026-08-01 22:00:00+00:00
2026-08-02 04:00:00+00:00,/identity,6,181.0,188.0,Persistence,20260909T132210Z,2026-08-01 22:00:00+00:00
2026-08-02 10:00:00+00:00,/identity,12,249.0,188.0,Persistence,20260909T132210Z,2026-08-01 22:00:00+00:00
2026-08-02 00:00:00+00:00,/identity,1,158.0,197.0,Persistence,20260909T132210Z,2026-08-01 23:00:00+00:00
2026-08-02 05:00:00+00:00,/identity,6,169.0,197.0,Persistence,20260909T132210Z,2026-08-01 23:00:00+00:00
2026-08-02 11:00:00+00:00,/identity,12,291.0,197.0,Persistence,20260909T132210Z,2026-08-01 23:00:00+00:00
2026-08-02 01:00:00+00:00,/identity,1,150.0,158.0,Persistence,20260909T132210Z,2026-08-02 00:00:00+00:00
2026-08-02 06:00:00+00:00,/identity,6,202.0,158.0,Persistence,20260909T132210Z,2026-08-02 00:00:00+00:00
2026-08-02 12:00:00+00:00,/identity,12,263.0,158.0,Persistence,20260909T132210Z,2026-08-02 00:00:00+00:00
2026-08-02 02:00:00+00:00,/identity,1,187.0,150.0,Persistence,20260909T132210Z,2026-08-02 01:00:00+00:00
2026-08-02 07:00:00+00:00,/identity,6,203.0,150.0,Persistence,20260909T132210Z,2026-08-02 01:00:00+00:00
2026-08-02 13:00:00+00:00,/identity,12,295.0,150.0,Persistence,20260909T132210Z,2026-08-02 01:00:00+00:00
2026-08-02 03:00:00+00:00,/identity,1,158.0,187.0,Persistence,20260909T132210Z,2026-08-02 02:00:00+00:00
2026-08-02 08:00:00+00:00,/identity,6,233.0,187.0,Persistence,20260909T132210Z,2026-08-02 02:00:00+00:00
2026-08-02 14:00:00+00:00,/identity,12,287.0,187.0,Persistence,20260909T132210Z,2026-08-02 02:00:00+00:00
2026-08-02 04:00:00+00:00,/identity,1,181.0,158.0,Persistence,20260909T132210Z,2026-08-02 03:00:00+00:00
2026-08-02 09:00:00+00:00,/identity,6,295.0,158.0,Persistence,20260909T132210Z,2026-08-02 03:00:00+00:00
2026-08-02 15:00:00+00:00,/identity,12,347.0,158.0,Persistence,20260909T132210Z,2026-08-02 03:00:00+00:00
2026-08-02 05:00:00+00:00,/identity,1,169.0,181.0,Persistence,20260909T132210Z,2026-08-02 04:00:00+00:00
2026-08-02 10:00:00+00:00,/identity,6,249.0,181.0,Persistence,20260909T132210Z,2026-08-02 04:00:00+00:00
2026-08-02 16:00:00+00:00,/identity,12,278.0,181.0,Persistence,20260909T132210Z,2026-08-02 04:00:00+00:00
2026-08-02 06:00:00+00:00,/identity,1,202.0,169.0,Persistence,20260909T132210Z,2026-08-02 05:00:00+00:00
2026-08-02 11:00:00+00:00,/identity,6,291.0,169.0,Persistence,20260909T132210Z,2026-08-02 05:00:00+00:00
2026-08-02 17:00:00+00:00,/identity,12,273.0,169.0,Persistence,20260909T132210Z,2026-08-02 05:00:00+00:00
2026-08-02 07:00:00+00:00,/identity,1,203.0,202.0,Persistence,20260909T132210Z,2026-08-02 06:00:00+00:00
2026-08-02 12:00:00+00:00,/identity,6,263.0,202.0,Persistence,20260909T132210Z,2026-08-02 06:00:00+00:00
2026-08-02 18:00:00+00:00,/identity,12,292.0,202.0,Persistence,20260909T132210Z,2026-08-02 06:00:00+00:00
2026-08-02 08:00:00+00:00,/identity,1,233.0,203.0,Persistence,20260909T132210Z,2026-08-02 07:00:00+00:00
2026-08-02 13:00:00+00:00,/identity,6,295.0,203.0,Persistence,20260909T132210Z,2026-08-02 07:00:00+00:00
2026-08-02 19:00:00+00:00,/identity,12,229.0,203.0,Persistence,20260909T132210Z,2026-08-02 07:00:00+00:00
2026-08-02 09:00:00+00:00,/identity,1,295.0,233.0,Persistence,20260909T132210Z,2026-08-02 08:00:00+00:00
2026-08-02 14:00:00+00:00,/identity,6,287.0,233.0,Persistence,20260909T132210Z,2026-08-02 08:00:00+00:00
2026-08-02 20:00:00+00:00,/identity,12,242.0,233.0,Persistence,20260909T132210Z,2026-08-02 08:00:00+00:00
2026-08-02 10:00:00+00:00,/identity,1,249.0,295.0,Persistence,20260909T132210Z,2026-08-02 09:00:00+00:00
2026-08-02 15:00:00+00:00,/identity,6,347.0,295.0,Persistence,20260909T132210Z,2026-08-02 09:00:00+00:00
2026-08-02 21:00:00+00:00,/identity,12,241.0,295.0,Persistence,20260909T132210Z,2026-08-02 09:00:00+00:00
2026-08-02 11:00:00+00:00,/identity,1,291.0,249.0,Persistence,20260909T132210Z,2026-08-02 10:00:00+00:00
2026-08-02 16:00:00+00:00,/identity,6,278.0,249.0,Persistence,20260909T132210Z,2026-08-02 10:00:00+00:00
2026-08-02 22:00:00+00:00,/identity,12,194.0,249.0,Persistence,20260909T132210Z,2026-08-02 10:00:00+00:00
2026-08-02 12:00:00+00:00,/identity,1,263.0,291.0,Persistence,20260909T132210Z,2026-08-02 11:00:00+00:00
2026-08-02 17:00:00+00:00,/identity,6,273.0,291.0,Persistence,20260909T132210Z,2026-08-02 11:00:00+00:00
2026-08-02 23:00:00+00:00,/identity,12,170.0,291.0,Persistence,20260909T132210Z,2026-08-02 11:00:00+00:00
2026-08-02 13:00:00+00:00,/identity,1,295.0,263.0,Persistence,20260909T132210Z,2026-08-02 12:00:00+00:00
2026-08-02 18:00:00+00:00,/identity,6,292.0,263.0,Persistence,20260909T132210Z,2026-08-02 12:00:00+00:00
2026-08-03 00:00:00+00:00,/identity,12,250.0,263.0,Persistence,20260909T132210Z,2026-08-02 12:00:00+00:00
2026-08-02 14:00:00+00:00,/identity,1,287.0,295.0,Persistence,20260909T132210Z,2026-08-02 13:00:00+00:00
2026-08-02 19:00:00+00:00,/identity,6,229.0,295.0,Persistence,20260909T132210Z,2026-08-02 13:00:00+00:00
2026-08-03 01:00:00+00:00,/identity,12,230.0,295.0,Persistence,20260909T132210Z,2026-08-02 13:00:00+00:00
2026-08-02 15:00:00+00:00,/identity,1,347.0,287.0,Persistence,20260909T132210Z,2026-08-02 14:00:00+00:00
2026-08-02 20:00:00+00:00,/identity,6,242.0,287.0,Persistence,20260909T132210Z,2026-08-02 14:00:00+00:00
2026-08-03 02:00:00+00:00,/identity,12,213.0,287.0,Persistence,20260909T132210Z,2026-08-02 14:00:00+00:00
2026-08-02 16:00:00+00:00,/identity,1,278.0,347.0,Persistence,20260909T132210Z,2026-08-02 15:00:00+00:00
2026-08-02 21:00:00+00:00,/identity,6,241.0,347.0,Persistence,20260909T132210Z,2026-08-02 15:00:00+00:00
2026-08-03 03:00:00+00:00,/identity,12,204.0,347.0,Persistence,20260909T132210Z,2026-08-02 15:00:00+00:00
2026-08-02 17:00:00+00:00,/identity,1,273.0,278.0,Persistence,20260909T132210Z,2026-08-02 16:00:00+00:00
2026-08-02 22:00:00+00:00,/identity,6,194.0,278.0,Persistence,20260909T132210Z,2026-08-02 16:00:00+00:00
2026-08-03 04:00:00+00:00,/identity,12,239.0,278.0,Persistence,20260909T132210Z,2026-08-02 16:00:00+00:00
2026-08-02 18:00:00+00:00,/identity,1,292.0,273.0,Persistence,20260909T132210Z,2026-08-02 17:00:00+00:00
2026-08-02 23:00:00+00:00,/identity,6,170.0,273.0,Persistence,20260909T132210Z,2026-08-02 17:00:00+00:00
2026-08-03 05:00:00+00:00,/identity,12,313.0,273.0,Persistence,20260909T132210Z,2026-08-02 17:00:00+00:00
2026-08-02 19:00:00+00:00,/identity,1,229.0,292.0,Persistence,20260909T132210Z,2026-08-02 18:00:00+00:00
2026-08-03 00:00:00+00:00,/identity,6,250.0,292.0,Persistence,20260909T132210Z,2026-08-02 18:00:00+00:00
2026-08-03 06:00:00+00:00,/identity,12,263.0,292.0,Persistence,20260909T132210Z,2026-08-02 18:00:00+00:00
2026-08-02 20:00:00+00:00,/identity,1,242.0,229.0,Persistence,20260909T132210Z,2026-08-02 19:00:00+00:00
2026-08-03 01:00:00+00:00,/identity,6,230.0,229.0,Persistence,20260909T132210Z,2026-08-02 19:00:00+00:00
2026-08-03 07:00:00+00:00,/identity,12,273.0,229.0,Persistence,20260909T132210Z,2026-08-02 19:00:00+00:00
2026-08-02 21:00:00+00:00,/identity,1,241.0,242.0,Persistence,20260909T132210Z,2026-08-02 20:00:00+00:00
2026-08-03 02:00:00+00:00,/identity,6,213.0,242.0,Persistence,20260909T132210Z,2026-08-02 20:00:00+00:00
2026-08-03 08:00:00+00:00,/identity,12,298.0,242.0,Persistence,20260909T132210Z,2026-08-02 20:00:00+00:00
2026-08-02 22:00:00+00:00,/identity,1,194.0,241.0,Persistence,20260909T132210Z,2026-08-02 21:00:00+00:00
2026-08-03 03:00:00+00:00,/identity,6,204.0,241.0,Persistence,20260909T132210Z,2026-08-02 21:00:00+00:00
2026-08-03 09:00:00+00:00,/identity,12,381.0,241.0,Persistence,20260909T132210Z,2026-08-02 21:00:00+00:00
2026-08-02 23:00:00+00:00,/identity,1,170.0,194.0,Persistence,20260909T132210Z,2026-08-02 22:00:00+00:00
2026-08-03 04:00:00+00:00,/identity,6,239.0,194.0,Persistence,20260909T132210Z,2026-08-02 22:00:00+00:00
2026-08-03 10:00:00+00:00,/identity,12,355.0,194.0,Persistence,20260909T132210Z,2026-08-02 22:00:00+00:00
2026-08-03 00:00:00+00:00,/identity,1,250.0,170.0,Persistence,20260909T132210Z,2026-08-02 23:00:00+00:00
2026-08-03 05:00:00+00:00,/identity,6,313.0,170.0,Persistence,20260909T132210Z,2026-08-02 23:00:00+00:00
2026-08-03 11:00:00+00:00,/identity,12,377.0,170.0,Persistence,20260909T132210Z,2026-08-02 23:00:00+00:00
2026-08-03 01:00:00+00:00,/identity,1,230.0,250.0,Persistence,20260909T132210Z,2026-08-03 00:00:00+00:00
2026-08-03 06:00:00+00:00,/identity,6,263.0,250.0,Persistence,20260909T132210Z,2026-08-03 00:00:00+00:00
2026-08-03 12:00:00+00:00,/identity,12,343.0,250.0,Persistence,20260909T132210Z,2026-08-03 00:00:00+00:00
2026-08-03 02:00:00+00:00,/identity,1,213.0,230.0,Persistence,20260909T132210Z,2026-08-03 01:00:00+00:00
2026-08-03 07:00:00+00:00,/identity,6,273.0,230.0,Persistence,20260909T132210Z,2026-08-03 01:00:00+00:00
2026-08-03 13:00:00+00:00,/identity,12,398.0,230.0,Persistence,20260909T132210Z,2026-08-03 01:00:00+00:00
2026-08-03 03:00:00+00:00,/identity,1,204.0,213.0,Persistence,20260909T132210Z,2026-08-03 02:00:00+00:00
2026-08-03 08:00:00+00:00,/identity,6,298.0,213.0,Persistence,20260909T132210Z,2026-08-03 02:00:00+00:00
2026-08-03 14:00:00+00:00,/identity,12,357.0,213.0,Persistence,20260909T132210Z,2026-08-03 02:00:00+00:00
2026-08-03 04:00:00+00:00,/identity,1,239.0,204.0,Persistence,20260909T132210Z,2026-08-03 03:00:00+00:00
2026-08-03 09:00:00+00:00,/identity,6,381.0,204.0,Persistence,20260909T132210Z,2026-08-03 03:00:00+00:00
2026-08-03 15:00:00+00:00,/identity,12,390.0,204.0,Persistence,20260909T132210Z,2026-08-03 03:00:00+00:00
2026-08-03 05:00:00+00:00,/identity,1,313.0,239.0,Persistence,20260909T132210Z,2026-08-03 04:00:00+00:00
2026-08-03 10:00:00+00:00,/identity,6,355.0,239.0,Persistence,20260909T132210Z,2026-08-03 04:00:00+00:00
2026-08-03 16:00:00+00:00,/identity,12,435.0,239.0,Persistence,20260909T132210Z,2026-08-03 04:00:00+00:00
2026-08-03 06:00:00+00:00,/identity,1,263.0,313.0,Persistence,20260909T132210Z,2026-08-03 05:00:00+00:00
2026-08-03 11:00:00+00:00,/identity,6,377.0,313.0,Persistence,20260909T132210Z,2026-08-03 05:00:00+00:00
2026-08-03 17:00:00+00:00,/identity,12,352.0,313.0,Persistence,20260909T132210Z,2026-08-03 05:00:00+00:00
2026-08-03 07:00:00+00:00,/identity,1,273.0,263.0,Persistence,20260909T132210Z,2026-08-03 06:00:00+00:00
2026-08-03 12:00:00+00:00,/identity,6,343.0,263.0,Persistence,20260909T132210Z,2026-08-03 06:00:00+00:00
2026-08-03 18:00:00+00:00,/identity,12,382.0,263.0,Persistence,20260909T132210Z,2026-08-03 06:00:00+00:00
2026-08-03 08:00:00+00:00,/identity,1,298.0,273.0,Persistence,20260909T132210Z,2026-08-03 07:00:00+00:00
2026-08-03 13:00:00+00:00,/identity,6,398.0,273.0,Persistence,20260909T132210Z,2026-08-03 07:00:00+00:00
2026-08-03 19:00:00+00:00,/identity,12,353.0,273.0,Persistence,20260909T132210Z,2026-08-03 07:00:00+00:00
2026-08-03 09:00:00+00:00,/identity,1,381.0,298.0,Persistence,20260909T132210Z,2026-08-03 08:00:00+00:00
2026-08-03 14:00:00+00:00,/identity,6,357.0,298.0,Persistence,20260909T132210Z,2026-08-03 08:00:00+00:00
2026-08-03 20:00:00+00:00,/identity,12,277.0,298.0,Persistence,20260909T132210Z,2026-08-03 08:00:00+00:00
2026-08-03 10:00:00+00:00,/identity,1,355.0,381.0,Persistence,20260909T132210Z,2026-08-03 09:00:00+00:00
2026-08-03 15:00:00+00:00,/identity,6,390.0,381.0,Persistence,20260909T132210Z,2026-08-03 09:00:00+00:00
2026-08-03 21:00:00+00:00,/identity,12,272.0,381.0,Persistence,20260909T132210Z,2026-08-03 09:00:00+00:00
2026-08-03 11:00:00+00:00,/identity,1,377.0,355.0,Persistence,20260909T132210Z,2026-08-03 10:00:00+00:00
2026-08-03 16:00:00+00:00,/identity,6,435.0,355.0,Persistence,20260909T132210Z,2026-08-03 10:00:00+00:00
2026-08-03 22:00:00+00:00,/identity,12,269.0,355.0,Persistence,20260909T132210Z,2026-08-03 10:00:00+00:00
2026-08-03 12:00:00+00:00,/identity,1,343.0,377.0,Persistence,20260909T132210Z,2026-08-03 11:00:00+00:00
2026-08-03 17:00:00+00:00,/identity,6,352.0,377.0,Persistence,20260909T132210Z,2026-08-03 11:00:00+00:00
2026-08-03 23:00:00+00:00,/identity,12,285.0,377.0,Persistence,20260909T132210Z,2026-08-03 11:00:00+00:00
2026-08-03 13:00:00+00:00,/identity,1,398.0,343.0,Persistence,20260909T132210Z,2026-08-03 12:00:00+00:00
2026-08-03 18:00:00+00:00,/identity,6,382.0,343.0,Persistence,20260909T132210Z,2026-08-03 12:00:00+00:00
2026-08-04 00:00:00+00:00,/identity,12,223.0,343.0,Persistence,20260909T132210Z,2026-08-03 12:00:00+00:00
2026-08-03 14:00:00+00:00,/identity,1,357.0,398.0,Persistence,20260909T132210Z,2026-08-03 13:00:00+00:00
2026-08-03 19:00:00+00:00,/identity,6,353.0,398.0,Persistence,20260909T132210Z,2026-08-03 13:00:00+00:00
2026-08-04 01:00:00+00:00,/identity,12,263.0,398.0,Persistence,20260909T132210Z,2026-08-03 13:00:00+00:00
2026-08-03 15:00:00+00:00,/identity,1,390.0,357.0,Persistence,20260909T132210Z,2026-08-03 14:00:00+00:00
2026-08-03 20:00:00+00:00,/identity,6,277.0,357.0,Persistence,20260909T132210Z,2026-08-03 14:00:00+00:00
2026-08-04 02:00:00+00:00,/identity,12,248.0,357.0,Persistence,20260909T132210Z,2026-08-03 14:00:00+00:00
2026-08-03 16:00:00+00:00,/identity,1,435.0,390.0,Persistence,20260909T132210Z,2026-08-03 15:00:00+00:00
2026-08-03 21:00:00+00:00,/identity,6,272.0,390.0,Persistence,20260909T132210Z,2026-08-03 15:00:00+00:00
2026-08-04 03:00:00+00:00,/identity,12,188.0,390.0,Persistence,20260909T132210Z,2026-08-03 15:00:00+00:00
2026-08-03 17:00:00+00:00,/identity,1,352.0,435.0,Persistence,20260909T132210Z,2026-08-03 16:00:00+00:00
2026-08-03 22:00:00+00:00,/identity,6,269.0,435.0,Persistence,20260909T132210Z,2026-08-03 16:00:00+00:00
2026-08-04 04:00:00+00:00,/identity,12,210.0,435.0,Persistence,20260909T132210Z,2026-08-03 16:00:00+00:00
2026-08-03 18:00:00+00:00,/identity,1,382.0,352.0,Persistence,20260909T132210Z,2026-08-03 17:00:00+00:00
2026-08-03 23:00:00+00:00,/identity,6,285.0,352.0,Persistence,20260909T132210Z,2026-08-03 17:00:00+00:00
2026-08-04 05:00:00+00:00,/identity,12,295.0,352.0,Persistence,20260909T132210Z,2026-08-03 17:00:00+00:00
2026-08-01 12:00:00+00:00,/identity,1,247.0,370.0,SeasonalNaive,20260909T132210Z,2026-08-01 11:00:00+00:00
2026-08-01 17:00:00+00:00,/identity,6,308.0,376.0,SeasonalNaive,20260909T132210Z,2026-08-01 11:00:00+00:00
2026-08-01 23:00:00+00:00,/identity,12,197.0,297.0,SeasonalNaive,20260909T132210Z,2026-08-01 11:00:00+00:00
2026-08-01 13:00:00+00:00,/identity,1,300.0,386.0,SeasonalNaive,20260909T132210Z,2026-08-01 12:00:00+00:00
2026-08-01 18:00:00+00:00,/identity,6,252.0,362.0,SeasonalNaive,20260909T132210Z,2026-08-01 12:00:00+00:00
2026-08-02 00:00:00+00:00,/identity,12,158.0,137.0,SeasonalNaive,20260909T132210Z,2026-08-01 12:00:00+00:00
2026-08-01 14:00:00+00:00,/identity,1,307.0,418.0,SeasonalNaive,20260909T132210Z,2026-08-01 13:00:00+00:00
2026-08-01 19:00:00+00:00,/identity,6,261.0,293.0,SeasonalNaive,20260909T132210Z,2026-08-01 13:00:00+00:00
2026-08-02 01:00:00+00:00,/identity,12,150.0,180.0,SeasonalNaive,20260909T132210Z,2026-08-01 13:00:00+00:00
2026-08-01 15:00:00+00:00,/identity,1,286.0,404.0,SeasonalNaive,20260909T132210Z,2026-08-01 14:00:00+00:00
2026-08-01 20:00:00+00:00,/identity,6,229.0,283.0,SeasonalNaive,20260909T132210Z,2026-08-01 14:00:00+00:00
2026-08-02 02:00:00+00:00,/identity,12,187.0,125.0,SeasonalNaive,20260909T132210Z,2026-08-01 14:00:00+00:00
2026-08-01 16:00:00+00:00,/identity,1,291.0,404.0,SeasonalNaive,20260909T132210Z,2026-08-01 15:00:00+00:00
2026-08-01 21:00:00+00:00,/identity,6,242.0,296.0,SeasonalNaive,20260909T132210Z,2026-08-01 15:00:00+00:00
2026-08-02 03:00:00+00:00,/identity,12,158.0,172.0,SeasonalNaive,20260909T132210Z,2026-08-01 15:00:00+00:00
2026-08-01 17:00:00+00:00,/identity,1,308.0,376.0,SeasonalNaive,20260909T132210Z,2026-08-01 16:00:00+00:00
2026-08-01 22:00:00+00:00,/identity,6,188.0,239.0,SeasonalNaive,20260909T132210Z,2026-08-01 16:00:00+00:00
2026-08-02 04:00:00+00:00,/identity,12,181.0,199.0,SeasonalNaive,20260909T132210Z,2026-08-01 16:00:00+00:00
2026-08-01 18:00:00+00:00,/identity,1,252.0,362.0,SeasonalNaive,20260909T132210Z,2026-08-01 17:00:00+00:00
2026-08-01 23:00:00+00:00,/identity,6,197.0,297.0,SeasonalNaive,20260909T132210Z,2026-08-01 17:00:00+00:00
2026-08-02 05:00:00+00:00,/identity,12,169.0,242.0,SeasonalNaive,20260909T132210Z,2026-08-01 17:00:00+00:00
2026-08-01 19:00:00+00:00,/identity,1,261.0,293.0,SeasonalNaive,20260909T132210Z,2026-08-01 18:00:00+00:00
2026-08-02 00:00:00+00:00,/identity,6,158.0,137.0,SeasonalNaive,20260909T132210Z,2026-08-01 18:00:00+00:00
2026-08-02 06:00:00+00:00,/identity,12,202.0,225.0,SeasonalNaive,20260909T132210Z,2026-08-01 18:00:00+00:00
2026-08-01 20:00:00+00:00,/identity,1,229.0,283.0,SeasonalNaive,20260909T132210Z,2026-08-01 19:00:00+00:00
2026-08-02 01:00:00+00:00,/identity,6,150.0,180.0,SeasonalNaive,20260909T132210Z,2026-08-01 19:00:00+00:00
2026-08-02 07:00:00+00:00,/identity,12,203.0,236.0,SeasonalNaive,20260909T132210Z,2026-08-01 19:00:00+00:00
2026-08-01 21:00:00+00:00,/identity,1,242.0,296.0,SeasonalNaive,20260909T132210Z,2026-08-01 20:00:00+00:00
2026-08-02 02:00:00+00:00,/identity,6,187.0,125.0,SeasonalNaive,20260909T132210Z,2026-08-01 20:00:00+00:00
2026-08-02 08:00:00+00:00,/identity,12,233.0,241.0,SeasonalNaive,20260909T132210Z,2026-08-01 20:00:00+00:00
2026-08-01 22:00:00+00:00,/identity,1,188.0,239.0,SeasonalNaive,20260909T132210Z,2026-08-01 21:00:00+00:00
2026-08-02 03:00:00+00:00,/identity,6,158.0,172.0,SeasonalNaive,20260909T132210Z,2026-08-01 21:00:00+00:00
2026-08-02 09:00:00+00:00,/identity,12,295.0,277.0,SeasonalNaive,20260909T132210Z,2026-08-01 21:00:00+00:00
2026-08-01 23:00:00+00:00,/identity,1,197.0,297.0,SeasonalNaive,20260909T132210Z,2026-08-01 22:00:00+00:00
2026-08-02 04:00:00+00:00,/identity,6,181.0,199.0,SeasonalNaive,20260909T132210Z,2026-08-01 22:00:00+00:00
2026-08-02 10:00:00+00:00,/identity,12,249.0,267.0,SeasonalNaive,20260909T132210Z,2026-08-01 22:00:00+00:00
2026-08-02 00:00:00+00:00,/identity,1,158.0,137.0,SeasonalNaive,20260909T132210Z,2026-08-01 23:00:00+00:00
2026-08-02 05:00:00+00:00,/identity,6,169.0,242.0,SeasonalNaive,20260909T132210Z,2026-08-01 23:00:00+00:00
2026-08-02 11:00:00+00:00,/identity,12,291.0,295.0,SeasonalNaive,20260909T132210Z,2026-08-01 23:00:00+00:00
2026-08-02 01:00:00+00:00,/identity,1,150.0,180.0,SeasonalNaive,20260909T132210Z,2026-08-02 00:00:00+00:00
2026-08-02 06:00:00+00:00,/identity,6,202.0,225.0,SeasonalNaive,20260909T132210Z,2026-08-02 00:00:00+00:00
2026-08-02 12:00:00+00:00,/identity,12,263.0,247.0,SeasonalNaive,20260909T132210Z,2026-08-02 00:00:00+00:00
2026-08-02 02:00:00+00:00,/identity,1,187.0,125.0,SeasonalNaive,20260909T132210Z,2026-08-02 01:00:00+00:00
2026-08-02 07:00:00+00:00,/identity,6,203.0,236.0,SeasonalNaive,20260909T132210Z,2026-08-02 01:00:00+00:00
2026-08-02 13:00:00+00:00,/identity,12,295.0,300.0,SeasonalNaive,20260909T132210Z,2026-08-02 01:00:00+00:00
2026-08-02 03:00:00+00:00,/identity,1,158.0,172.0,SeasonalNaive,20260909T132210Z,2026-08-02 02:00:00+00:00
2026-08-02 08:00:00+00:00,/identity,6,233.0,241.0,SeasonalNaive,20260909T132210Z,2026-08-02 02:00:00+00:00
2026-08-02 14:00:00+00:00,/identity,12,287.0,307.0,SeasonalNaive,20260909T132210Z,2026-08-02 02:00:00+00:00
2026-08-02 04:00:00+00:00,/identity,1,181.0,199.0,SeasonalNaive,20260909T132210Z,2026-08-02 03:00:00+00:00
2026-08-02 09:00:00+00:00,/identity,6,295.0,277.0,SeasonalNaive,20260909T132210Z,2026-08-02 03:00:00+00:00
2026-08-02 15:00:00+00:00,/identity,12,347.0,286.0,SeasonalNaive,20260909T132210Z,2026-08-02 03:00:00+00:00
2026-08-02 05:00:00+00:00,/identity,1,169.0,242.0,SeasonalNaive,20260909T132210Z,2026-08-02 04:00:00+00:00
2026-08-02 10:00:00+00:00,/identity,6,249.0,267.0,SeasonalNaive,20260909T132210Z,2026-08-02 04:00:00+00:00
2026-08-02 16:00:00+00:00,/identity,12,278.0,291.0,SeasonalNaive,20260909T132210Z,2026-08-02 04:00:00+00:00
2026-08-02 06:00:00+00:00,/identity,1,202.0,225.0,SeasonalNaive,20260909T132210Z,2026-08-02 05:00:00+00:00
2026-08-02 11:00:00+00:00,/identity,6,291.0,295.0,SeasonalNaive,20260909T132210Z,2026-08-02 05:00:00+00:00
2026-08-02 17:00:00+00:00,/identity,12,273.0,308.0,SeasonalNaive,20260909T132210Z,2026-08-02 05:00:00+00:00
2026-08-02 07:00:00+00:00,/identity,1,203.0,236.0,SeasonalNaive,20260909T132210Z,2026-08-02 06:00:00+00:00
2026-08-02 12:00:00+00:00,/identity,6,263.0,247.0,SeasonalNaive,20260909T132210Z,2026-08-02 06:00:00+00:00
2026-08-02 18:00:00+00:00,/identity,12,292.0,252.0,SeasonalNaive,20260909T132210Z,2026-08-02 06:00:00+00:00
2026-08-02 08:00:00+00:00,/identity,1,233.0,241.0,SeasonalNaive,20260909T132210Z,2026-08-02 07:00:00+00:00
2026-08-02 13:00:00+00:00,/identity,6,295.0,300.0,SeasonalNaive,20260909T132210Z,2026-08-02 07:00:00+00:00
2026-08-02 19:00:00+00:00,/identity,12,229.0,261.0,SeasonalNaive,20260909T132210Z,2026-08-02 07:00:00+00:00
2026-08-02 09:00:00+00:00,/identity,1,295.0,277.0,SeasonalNaive,20260909T132210Z,2026-08-02 08:00:00+00:00
2026-08-02 14:00:00+00:00,/identity,6,287.0,307.0,SeasonalNaive,20260909T132210Z,2026-08-02 08:00:00+00:00
2026-08-02 20:00:00+00:00,/identity,12,242.0,229.0,SeasonalNaive,20260909T132210Z,2026-08-02 08:00:00+00:00
2026-08-02 10:00:00+00:00,/identity,1,249.0,267.0,SeasonalNaive,20260909T132210Z,2026-08-02 09:00:00+00:00
2026-08-02 15:00:00+00:00,/identity,6,347.0,286.0,SeasonalNaive,20260909T132210Z,2026-08-02 09:00:00+00:00
2026-08-02 21:00:00+00:00,/identity,12,241.0,242.0,SeasonalNaive,20260909T132210Z,2026-08-02 09:00:00+00:00
2026-08-02 11:00:00+00:00,/identity,1,291.0,295.0,SeasonalNaive,20260909T132210Z,2026-08-02 10:00:00+00:00
2026-08-02 16:00:00+00:00,/identity,6,278.0,291.0,SeasonalNaive,20260909T132210Z,2026-08-02 10:00:00+00:00
2026-08-02 22:00:00+00:00,/identity,12,194.0,188.0,SeasonalNaive,20260909T132210Z,2026-08-02 10:00:00+00:00
2026-08-02 12:00:00+00:00,/identity,1,263.0,247.0,SeasonalNaive,20260909T132210Z,2026-08-02 11:00:00+00:00
2026-08-02 17:00:00+00:00,/identity,6,273.0,308.0,SeasonalNaive,20260909T132210Z,2026-08-02 11:00:00+00:00
2026-08-02 23:00:00+00:00,/identity,12,170.0,197.0,SeasonalNaive,20260909T132210Z,2026-08-02 11:00:00+00:00
2026-08-02 13:00:00+00:00,/identity,1,295.0,300.0,SeasonalNaive,20260909T132210Z,2026-08-02 12:00:00+00:00
2026-08-02 18:00:00+00:00,/identity,6,292.0,252.0,SeasonalNaive,20260909T132210Z,2026-08-02 12:00:00+00:00
2026-08-03 00:00:00+00:00,/identity,12,250.0,158.0,SeasonalNaive,20260909T132210Z,2026-08-02 12:00:00+00:00
2026-08-02 14:00:00+00:00,/identity,1,287.0,307.0,SeasonalNaive,20260909T132210Z,2026-08-02 13:00:00+00:00
2026-08-02 19:00:00+00:00,/identity,6,229.0,261.0,SeasonalNaive,20260909T132210Z,2026-08-02 13:00:00+00:00
2026-08-03 01:00:00+00:00,/identity,12,230.0,150.0,SeasonalNaive,20260909T132210Z,2026-08-02 13:00:00+00:00
2026-08-02 15:00:00+00:00,/identity,1,347.0,286.0,SeasonalNaive,20260909T132210Z,2026-08-02 14:00:00+00:00
2026-08-02 20:00:00+00:00,/identity,6,242.0,229.0,SeasonalNaive,20260909T132210Z,2026-08-02 14:00:00+00:00
2026-08-03 02:00:00+00:00,/identity,12,213.0,187.0,SeasonalNaive,20260909T132210Z,2026-08-02 14:00:00+00:00
2026-08-02 16:00:00+00:00,/identity,1,278.0,291.0,SeasonalNaive,20260909T132210Z,2026-08-02 15:00:00+00:00
2026-08-02 21:00:00+00:00,/identity,6,241.0,242.0,SeasonalNaive,20260909T132210Z,2026-08-02 15:00:00+00:00
2026-08-03 03:00:00+00:00,/identity,12,204.0,158.0,SeasonalNaive,20260909T132210Z,2026-08-02 15:00:00+00:00
2026-08-02 17:00:00+00:00,/identity,1,273.0,308.0,SeasonalNaive,20260909T132210Z,2026-08-02 16:00:00+00:00
2026-08-02 22:00:00+00:00,/identity,6,194.0,188.0,SeasonalNaive,20260909T132210Z,2026-08-02 16:00:00+00:00
2026-08-03 04:00:00+00:00,/identity,12,239.0,181.0,SeasonalNaive,20260909T132210Z,2026-08-02 16:00:00+00:00
2026-08-02 18:00:00+00:00,/identity,1,292.0,252.0,SeasonalNaive,20260909T132210Z,2026-08-02 17:00:00+00:00
2026-08-02 23:00:00+00:00,/identity,6,170.0,197.0,SeasonalNaive,20260909T132210Z,2026-08-02 17:00:00+00:00
2026-08-03 05:00:00+00:00,/identity,12,313.0,169.0,SeasonalNaive,20260909T132210Z,2026-08-02 17:00:00+00:00
2026-08-02 19:00:00+00:00,/identity,1,229.0,261.0,SeasonalNaive,20260909T132210Z,2026-08-02 18:00:00+00:00
2026-08-03 00:00:00+00:00,/identity,6,250.0,158.0,SeasonalNaive,20260909T132210Z,2026-08-02 18:00:00+00:00
2026-08-03 06:00:00+00:00,/identity,12,263.0,202.0,SeasonalNaive,20260909T132210Z,2026-08-02 18:00:00+00:00
2026-08-02 20:00:00+00:00,/identity,1,242.0,229.0,SeasonalNaive,20260909T132210Z,2026-08-02 19:00:00+00:00
2026-08-03 01:00:00+00:00,/identity,6,230.0,150.0,SeasonalNaive,20260909T132210Z,2026-08-02 19:00:00+00:00
2026-08-03 07:00:00+00:00,/identity,12,273.0,203.0,SeasonalNaive,20260909T132210Z,2026-08-02 19:00:00+00:00
2026-08-02 21:00:00+00:00,/identity,1,241.0,242.0,SeasonalNaive,20260909T132210Z,2026-08-02 20:00:00+00:00
2026-08-03 02:00:00+00:00,/identity,6,213.0,187.0,SeasonalNaive,20260909T132210Z,2026-08-02 20:00:00+00:00
2026-08-03 08:00:00+00:00,/identity,12,298.0,233.0,SeasonalNaive,20260909T132210Z,2026-08-02 20:00:00+00:00
2026-08-02 22:00:00+00:00,/identity,1,194.0,188.0,SeasonalNaive,20260909T132210Z,2026-08-02 21:00:00+00:00
2026-08-03 03:00:00+00:00,/identity,6,204.0,158.0,SeasonalNaive,20260909T132210Z,2026-08-02 21:00:00+00:00
2026-08-03 09:00:00+00:00,/identity,12,381.0,295.0,SeasonalNaive,20260909T132210Z,2026-08-02 21:00:00+00:00
2026-08-02 23:00:00+00:00,/identity,1,170.0,197.0,SeasonalNaive,20260909T132210Z,2026-08-02 22:00:00+00:00
2026-08-03 04:00:00+00:00,/identity,6,239.0,181.0,SeasonalNaive,20260909T132210Z,2026-08-02 22:00:00+00:00
2026-08-03 10:00:00+00:00,/identity,12,355.0,249.0,SeasonalNaive,20260909T132210Z,2026-08-02 22:00:00+00:00
2026-08-03 00:00:00+00:00,/identity,1,250.0,158.0,SeasonalNaive,20260909T132210Z,2026-08-02 23:00:00+00:00
2026-08-03 05:00:00+00:00,/identity,6,313.0,169.0,SeasonalNaive,20260909T132210Z,2026-08-02 23:00:00+00:00
2026-08-03 11:00:00+00:00,/identity,12,377.0,291.0,SeasonalNaive,20260909T132210Z,2026-08-02 23:00:00+00:00
2026-08-03 01:00:00+00:00,/identity,1,230.0,150.0,SeasonalNaive,20260909T132210Z,2026-08-03 00:00:00+00:00
2026-08-03 06:00:00+00:00,/identity,6,263.0,202.0,SeasonalNaive,20260909T132210Z,2026-08-03 00:00:00+00:00
2026-08-03 12:00:00+00:00,/identity,12,343.0,263.0,SeasonalNaive,20260909T132210Z,2026-08-03 00:00:00+00:00
2026-08-03 02:00:00+00:00,/identity,1,213.0,187.0,SeasonalNaive,20260909T132210Z,2026-08-03 01:00:00+00:00
2026-08-03 07:00:00+00:00,/identity,6,273.0,203.0,SeasonalNaive,20260909T132210Z,2026-08-03 01:00:00+00:00
2026-08-03 13:00:00+00:00,/identity,12,398.0,295.0,SeasonalNaive,20260909T132210Z,2026-08-03 01:00:00+00:00
2026-08-03 03:00:00+00:00,/identity,1,204.0,158.0,SeasonalNaive,20260909T132210Z,2026-08-03 02:00:00+00:00
2026-08-03 08:00:00+00:00,/identity,6,298.0,233.0,SeasonalNaive,20260909T132210Z,2026-08-03 02:00:00+00:00
2026-08-03 14:00:00+00:00,/identity,12,357.0,287.0,SeasonalNaive,20260909T132210Z,2026-08-03 02:00:00+00:00
2026-08-03 04:00:00+00:00,/identity,1,239.0,181.0,SeasonalNaive,20260909T132210Z,2026-08-03 03:00:00+00:00
2026-08-03 09:00:00+00:00,/identity,6,381.0,295.0,SeasonalNaive,20260909T132210Z,2026-08-03 03:00:00+00:00
2026-08-03 15:00:00+00:00,/identity,12,390.0,347.0,SeasonalNaive,20260909T132210Z,2026-08-03 03:00:00+00:00
2026-08-03 05:00:00+00:00,/identity,1,313.0,169.0,SeasonalNaive,20260909T132210Z,2026-08-03 04:00:00+00:00
2026-08-03 10:00:00+00:00,/identity,6,355.0,249.0,SeasonalNaive,20260909T132210Z,2026-08-03 04:00:00+00:00
2026-08-03 16:00:00+00:00,/identity,12,435.0,278.0,SeasonalNaive,20260909T132210Z,2026-08-03 04:00:00+00:00
2026-08-03 06:00:00+00:00,/identity,1,263.0,202.0,SeasonalNaive,20260909T132210Z,2026-08-03 05:00:00+00:00
2026-08-03 11:00:00+00:00,/identity,6,377.0,291.0,SeasonalNaive,20260909T132210Z,2026-08-03 05:00:00+00:00
2026-08-03 17:00:00+00:00,/identity,12,352.0,273.0,SeasonalNaive,20260909T132210Z,2026-08-03 05:00:00+00:00
2026-08-03 07:00:00+00:00,/identity,1,273.0,203.0,SeasonalNaive,20260909T132210Z,2026-08-03 06:00:00+00:00
2026-08-03 12:00:00+00:00,/identity,6,343.0,263.0,SeasonalNaive,20260909T132210Z,2026-08-03 06:00:00+00:00
2026-08-03 18:00:00+00:00,/identity,12,382.0,292.0,SeasonalNaive,20260909T132210Z,2026-08-03 06:00:00+00:00
2026-08-03 08:00:00+00:00,/identity,1,298.0,233.0,SeasonalNaive,20260909T132210Z,2026-08-03 07:00:00+00:00
2026-08-03 13:00:00+00:00,/identity,6,398.0,295.0,SeasonalNaive,20260909T132210Z,2026-08-03 07:00:00+00:00
2026-08-03 19:00:00+00:00,/identity,12,353.0,229.0,SeasonalNaive,20260909T132210Z,2026-08-03 07:00:00+00:00
2026-08-03 09:00:00+00:00,/identity,1,381.0,295.0,SeasonalNaive,20260909T132210Z,2026-08-03 08:00:00+00:00
2026-08-03 14:00:00+00:00,/identity,6,357.0,287.0,SeasonalNaive,20260909T132210Z,2026-08-03 08:00:00+00:00
2026-08-03 20:00:00+00:00,/identity,12,277.0,242.0,SeasonalNaive,20260909T132210Z,2026-08-03 08:00:00+00:00
2026-08-03 10:00:00+00:00,/identity,1,355.0,249.0,SeasonalNaive,20260909T132210Z,2026-08-03 09:00:00+00:00
2026-08-03 15:00:00+00:00,/identity,6,390.0,347.0,SeasonalNaive,20260909T132210Z,2026-08-03 09:00:00+00:00
2026-08-03 21:00:00+00:00,/identity,12,272.0,241.0,SeasonalNaive,20260909T132210Z,2026-08-03 09:00:00+00:00
2026-08-03 11:00:00+00:00,/identity,1,377.0,291.0,SeasonalNaive,20260909T132210Z,2026-08-03 10:00:00+00:00
2026-08-03 16:00:00+00:00,/identity,6,435.0,278.0,SeasonalNaive,20260909T132210Z,2026-08-03 10:00:00+00:00
2026-08-03 22:00:00+00:00,/identity,12,269.0,194.0,SeasonalNaive,20260909T132210Z,2026-08-03 10:00:00+00:00
2026-08-03 12:00:00+00:00,/identity,1,343.0,263.0,SeasonalNaive,20260909T132210Z,2026-08-03 11:00:00+00:00
2026-08-03 17:00:00+00:00,/identity,6,352.0,273.0,SeasonalNaive,20260909T132210Z,2026-08-03 11:00:00+00:00
2026-08-03 23:00:00+00:00,/identity,12,285.0,170.0,SeasonalNaive,20260909T132210Z,2026-08-03 11:00:00+00:00
2026-08-03 13:00:00+00:00,/identity,1,398.0,295.0,SeasonalNaive,20260909T132210Z,2026-08-03 12:00:00+00:00
2026-08-03 18:00:00+00:00,/identity,6,382.0,292.0,SeasonalNaive,20260909T132210Z,2026-08-03 12:00:00+00:00
2026-08-04 00:00:00+00:00,/identity,12,223.0,250.0,SeasonalNaive,20260909T132210Z,2026-08-03 12:00:00+00:00
2026-08-03 14:00:00+00:00,/identity,1,357.0,287.0,SeasonalNaive,20260909T132210Z,2026-08-03 13:00:00+00:00
2026-08-03 19:00:00+00:00,/identity,6,353.0,229.0,SeasonalNaive,20260909T132210Z,2026-08-03 13:00:00+00:00
2026-08-04 01:00:00+00:00,/identity,12,263.0,230.0,SeasonalNaive,20260909T132210Z,2026-08-03 13:00:00+00:00
2026-08-03 15:00:00+00:00,/identity,1,390.0,347.0,SeasonalNaive,20260909T132210Z,2026-08-03 14:00:00+00:00
2026-08-03 20:00:00+00:00,/identity,6,277.0,242.0,SeasonalNaive,20260909T132210Z,2026-08-03 14:00:00+00:00
2026-08-04 02:00:00+00:00,/identity,12,248.0,213.0,SeasonalNaive,20260909T132210Z,2026-08-03 14:00:00+00:00
2026-08-03 16:00:00+00:00,/identity,1,435.0,278.0,SeasonalNaive,20260909T132210Z,2026-08-03 15:00:00+00:00
2026-08-03 21:00:00+00:00,/identity,6,272.0,241.0,SeasonalNaive,20260909T132210Z,2026-08-03 15:00:00+00:00
2026-08-04 03:00:00+00:00,/identity,12,188.0,204.0,SeasonalNaive,20260909T132210Z,2026-08-03 15:00:00+00:00
2026-08-03 17:00:00+00:00,/identity,1,352.0,273.0,SeasonalNaive,20260909T132210Z,2026-08-03 16:00:00+00:00
2026-08-03 22:00:00+00:00,/identity,6,269.0,194.0,SeasonalNaive,20260909T132210Z,2026-08-03 16:00:00+00:00
2026-08-04 04:00:00+00:00,/identity,12,210.0,239.0,SeasonalNaive,20260909T132210Z,2026-08-03 16:00:00+00:00
2026-08-03 18:00:00+00:00,/identity,1,382.0,292.0,SeasonalNaive,20260909T132210Z,2026-08-03 17:00:00+00:00
2026-08-03 23:00:00+00:00,/identity,6,285.0,170.0,SeasonalNaive,20260909T132210Z,2026-08-03 17:00:00+00:00
2026-08-04 05:00:00+00:00,/identity,12,295.0,313.0,SeasonalNaive,20260909T132210Z,2026-08-03 17:00:00+00:00
2026-08-01 12:00:00+00:00,/inventory,1,384.0,358.57,RF,20260909T132210Z,2026-08-01 11:00:00+00:00
2026-08-01 17:00:00+00:00,/inventory,6,358.0,361.97,RF,20260909T132210Z,2026-08-01 11:00:00+00:00
2026-08-01 23:00:00+00:00,/inventory,12,182.0,285.22,RF,20260909T132210Z,2026-08-01 11:00:00+00:00
2026-08-01 13:00:00+00:00,/inventory,1,367.0,364.66,RF,20260909T132210Z,2026-08-01 12:00:00+00:00
2026-08-01 18:00:00+00:00,/inventory,6,317.0,478.54,RF,20260909T132210Z,2026-08-01 12:00:00+00:00
2026-08-02 00:00:00+00:00,/inventory,12,239.0,381.05,RF,20260909T132210Z,2026-08-01 12:00:00+00:00
2026-08-01 14:00:00+00:00,/inventory,1,383.0,413.66,RF,20260909T132210Z,2026-08-01 13:00:00+00:00
2026-08-01 19:00:00+00:00,/inventory,6,287.0,343.35,RF,20260909T132210Z,2026-08-01 13:00:00+00:00
2026-08-02 01:00:00+00:00,/inventory,12,231.0,274.76,RF,20260909T132210Z,2026-08-01 13:00:00+00:00
2026-08-01 15:00:00+00:00,/inventory,1,381.0,365.01,RF,20260909T132210Z,2026-08-01 14:00:00+00:00
2026-08-01 20:00:00+00:00,/inventory,6,318.0,438.87,RF,20260909T132210Z,2026-08-01 14:00:00+00:00
2026-08-02 02:00:00+00:00,/inventory,12,195.0,286.02,RF,20260909T132210Z,2026-08-01 14:00:00+00:00
2026-08-01 16:00:00+00:00,/inventory,1,335.0,420.31,RF,20260909T132210Z,2026-08-01 15:00:00+00:00
2026-08-01 21:00:00+00:00,/inventory,6,267.0,401.09,RF,20260909T132210Z,2026-08-01 15:00:00+00:00
2026-08-02 03:00:00+00:00,/inventory,12,224.0,281.51,RF,20260909T132210Z,2026-08-01 15:00:00+00:00
2026-08-01 17:00:00+00:00,/inventory,1,358.0,406.35,RF,20260909T132210Z,2026-08-01 16:00:00+00:00
2026-08-01 22:00:00+00:00,/inventory,6,238.0,320.72,RF,20260909T132210Z,2026-08-01 16:00:00+00:00
2026-08-02 04:00:00+00:00,/inventory,12,180.0,214.3,RF,20260909T132210Z,2026-08-01 16:00:00+00:00
2026-08-01 18:00:00+00:00,/inventory,1,317.0,348.92,RF,20260909T132210Z,2026-08-01 17:00:00+00:00
2026-08-01 23:00:00+00:00,/inventory,6,182.0,281.02,RF,20260909T132210Z,2026-08-01 17:00:00+00:00
2026-08-02 05:00:00+00:00,/inventory,12,213.0,209.57,RF,20260909T132210Z,2026-08-01 17:00:00+00:00
2026-08-01 19:00:00+00:00,/inventory,1,287.0,332.17,RF,20260909T132210Z,2026-08-01 18:00:00+00:00
2026-08-02 00:00:00+00:00,/inventory,6,239.0,297.08,RF,20260909T132210Z,2026-08-01 18:00:00+00:00
2026-08-02 06:00:00+00:00,/inventory,12,312.0,228.09,RF,20260909T132210Z,2026-08-01 18:00:00+00:00
2026-08-01 20:00:00+00:00,/inventory,1,318.0,329.49,RF,20260909T132210Z,2026-08-01 19:00:00+00:00
2026-08-02 01:00:00+00:00,/inventory,6,231.0,255.94,RF,20260909T132210Z,2026-08-01 19:00:00+00:00
2026-08-02 07:00:00+00:00,/inventory,12,285.0,228.18,RF,20260909T132210Z,2026-08-01 19:00:00+00:00
2026-08-01 21:00:00+00:00,/inventory,1,267.0,315.11,RF,20260909T132210Z,2026-08-01 20:00:00+00:00
2026-08-02 02:00:00+00:00,/inventory,6,195.0,269.02,RF,20260909T132210Z,2026-08-01 20:00:00+00:00
2026-08-02 08:00:00+00:00,/inventory,12,283.0,250.51,RF,20260909T132210Z,2026-08-01 20:00:00+00:00
2026-08-01 22:00:00+00:00,/inventory,1,238.0,304.85,RF,20260909T132210Z,2026-08-01 21:00:00+00:00
2026-08-02 03:00:00+00:00,/inventory,6,224.0,225.22,RF,20260909T132210Z,2026-08-01 21:00:00+00:00
2026-08-02 09:00:00+00:00,/inventory,12,344.0,260.8,RF,20260909T132210Z,2026-08-01 21:00:00+00:00
2026-08-01 23:00:00+00:00,/inventory,1,182.0,256.69,RF,20260909T132210Z,2026-08-01 22:00:00+00:00
2026-08-02 04:00:00+00:00,/inventory,6,180.0,237.36,RF,20260909T132210Z,2026-08-01 22:00:00+00:00
2026-08-02 10:00:00+00:00,/inventory,12,335.0,300.88,RF,20260909T132210Z,2026-08-01 22:00:00+00:00
2026-08-02 00:00:00+00:00,/inventory,1,239.0,269.17,RF,20260909T132210Z,2026-08-01 23:00:00+00:00
2026-08-02 05:00:00+00:00,/inventory,6,213.0,249.72,RF,20260909T132210Z,2026-08-01 23:00:00+00:00
2026-08-02 11:00:00+00:00,/inventory,12,381.0,340.19,RF,20260909T132210Z,2026-08-01 23:00:00+00:00
2026-08-02 01:00:00+00:00,/inventory,1,231.0,216.75,RF,20260909T132210Z,2026-08-02 00:00:00+00:00
2026-08-02 06:00:00+00:00,/inventory,6,312.0,252.91,RF,20260909T132210Z,2026-08-02 00:00:00+00:00
2026-08-02 12:00:00+00:00,/inventory,12,349.0,351.79,RF,20260909T132210Z,2026-08-02 00:00:00+00:00
2026-08-02 02:00:00+00:00,/inventory,1,195.0,249.26,RF,20260909T132210Z,2026-08-02 01:00:00+00:00
2026-08-02 07:00:00+00:00,/inventory,6,285.0,250.52,RF,20260909T132210Z,2026-08-02 01:00:00+00:00
2026-08-02 13:00:00+00:00,/inventory,12,402.0,367.81,RF,20260909T132210Z,2026-08-02 01:00:00+00:00
2026-08-02 03:00:00+00:00,/inventory,1,224.0,235.7,RF,20260909T132210Z,2026-08-02 02:00:00+00:00
2026-08-02 08:00:00+00:00,/inventory,6,283.0,302.14,RF,20260909T132210Z,2026-08-02 02:00:00+00:00
2026-08-02 14:00:00+00:00,/inventory,12,399.0,373.96,RF,20260909T132210Z,2026-08-02 02:00:00+00:00
2026-08-02 04:00:00+00:00,/inventory,1,180.0,227.67,RF,20260909T132210Z,2026-08-02 03:00:00+00:00
2026-08-02 09:00:00+00:00,/inventory,6,344.0,324.24,RF,20260909T132210Z,2026-08-02 03:00:00+00:00
2026-08-02 15:00:00+00:00,/inventory,12,308.0,378.48,RF,20260909T132210Z,2026-08-02 03:00:00+00:00
2026-08-02 05:00:00+00:00,/inventory,1,213.0,254.76,RF,20260909T132210Z,2026-08-02 04:00:00+00:00
2026-08-02 10:00:00+00:00,/inventory,6,335.0,341.94,RF,20260909T132210Z,2026-08-02 04:00:00+00:00
2026-08-02 16:00:00+00:00,/inventory,12,350.0,379.41,RF,20260909T132210Z,2026-08-02 04:00:00+00:00
2026-08-02 06:00:00+00:00,/inventory,1,312.0,253.73,RF,20260909T132210Z,2026-08-02 05:00:00+00:00
2026-08-02 11:00:00+00:00,/inventory,6,381.0,344.26,RF,20260909T132210Z,2026-08-02 05:00:00+00:00
2026-08-02 17:00:00+00:00,/inventory,12,414.0,379.97,RF,20260909T132210Z,2026-08-02 05:00:00+00:00
2026-08-02 07:00:00+00:00,/inventory,1,285.0,261.81,RF,20260909T132210Z,2026-08-02 06:00:00+00:00
2026-08-02 12:00:00+00:00,/inventory,6,349.0,368.79,RF,20260909T132210Z,2026-08-02 06:00:00+00:00
2026-08-02 18:00:00+00:00,/inventory,12,310.0,373.11,RF,20260909T132210Z,2026-08-02 06:00:00+00:00
2026-08-02 08:00:00+00:00,/inventory,1,283.0,337.77,RF,20260909T132210Z,2026-08-02 07:00:00+00:00
2026-08-02 13:00:00+00:00,/inventory,6,402.0,358.17,RF,20260909T132210Z,2026-08-02 07:00:00+00:00
2026-08-02 19:00:00+00:00,/inventory,12,290.0,321.69,RF,20260909T132210Z,2026-08-02 07:00:00+00:00
2026-08-02 09:00:00+00:00,/inventory,1,344.0,342.0,RF,20260909T132210Z,2026-08-02 08:00:00+00:00
2026-08-02 14:00:00+00:00,/inventory,6,399.0,376.75,RF,20260909T132210Z,2026-08-02 08:00:00+00:00
2026-08-02 20:00:00+00:00,/inventory,12,209.0,316.33,RF,20260909T132210Z,2026-08-02 08:00:00+00:00
2026-08-02 10:00:00+00:00,/inventory,1,335.0,340.63,RF,20260909T132210Z,2026-08-02 09:00:00+00:00
2026-08-02 15:00:00+00:00,/inventory,6,308.0,374.57,RF,20260909T132210Z,2026-08-02 09:00:00+00:00
2026-08-02 21:00:00+00:00,/inventory,12,310.0,317.81,RF,20260909T132210Z,2026-08-02 09:00:00+00:00
2026-08-02 11:00:00+00:00,/inventory,1,381.0,351.15,RF,20260909T132210Z,2026-08-02 10:00:00+00:00
2026-08-02 16:00:00+00:00,/inventory,6,350.0,375.47,RF,20260909T132210Z,2026-08-02 10:00:00+00:00
2026-08-02 22:00:00+00:00,/inventory,12,237.0,308.86,RF,20260909T132210Z,2026-08-02 10:00:00+00:00
2026-08-02 12:00:00+00:00,/inventory,1,349.0,361.51,RF,20260909T132210Z,2026-08-02 11:00:00+00:00
2026-08-02 17:00:00+00:00,/inventory,6,414.0,394.26,RF,20260909T132210Z,2026-08-02 11:00:00+00:00
2026-08-02 23:00:00+00:00,/inventory,12,254.0,296.16,RF,20260909T132210Z,2026-08-02 11:00:00+00:00
2026-08-02 13:00:00+00:00,/inventory,1,402.0,421.39,RF,20260909T132210Z,2026-08-02 12:00:00+00:00
2026-08-02 18:00:00+00:00,/inventory,6,310.0,341.59,RF,20260909T132210Z,2026-08-02 12:00:00+00:00
2026-08-03 00:00:00+00:00,/inventory,12,288.0,273.7,RF,20260909T132210Z,2026-08-02 12:00:00+00:00
2026-08-02 14:00:00+00:00,/inventory,1,399.0,370.95,RF,20260909T132210Z,2026-08-02 13:00:00+00:00
2026-08-02 19:00:00+00:00,/inventory,6,290.0,338.72,RF,20260909T132210Z,2026-08-02 13:00:00+00:00
2026-08-03 01:00:00+00:00,/inventory,12,262.0,311.95,RF,20260909T132210Z,2026-08-02 13:00:00+00:00
2026-08-02 15:00:00+00:00,/inventory,1,308.0,424.62,RF,20260909T132210Z,2026-08-02 14:00:00+00:00
2026-08-02 20:00:00+00:00,/inventory,6,209.0,331.5,RF,20260909T132210Z,2026-08-02 14:00:00+00:00
2026-08-03 02:00:00+00:00,/inventory,12,283.0,301.13,RF,20260909T132210Z,2026-08-02 14:00:00+00:00
2026-08-02 16:00:00+00:00,/inventory,1,350.0,412.36,RF,20260909T132210Z,2026-08-02 15:00:00+00:00
2026-08-02 21:00:00+00:00,/inventory,6,310.0,318.17,RF,20260909T132210Z,2026-08-02 15:00:00+00:00
2026-08-03 03:00:00+00:00,/inventory,12,379.0,292.22,RF,20260909T132210Z,2026-08-02 15:00:00+00:00
2026-08-02 17:00:00+00:00,/inventory,1,414.0,355.43,RF,20260909T132210Z,2026-08-02 16:00:00+00:00
2026-08-02 22:00:00+00:00,/inventory,6,237.0,316.69,RF,20260909T132210Z,2026-08-02 16:00:00+00:00
2026-08-03 04:00:00+00:00,/inventory,12,259.0,315.52,RF,20260909T132210Z,2026-08-02 16:00:00+00:00
2026-08-02 18:00:00+00:00,/inventory,1,310.0,342.23,RF,20260909T132210Z,2026-08-02 17:00:00+00:00
2026-08-02 23:00:00+00:00,/inventory,6,254.0,299.96,RF,20260909T132210Z,2026-08-02 17:00:00+00:00
2026-08-03 05:00:00+00:00,/inventory,12,311.0,329.36,RF,20260909T132210Z,2026-08-02 17:00:00+00:00
2026-08-02 19:00:00+00:00,/inventory,1,290.0,366.28,RF,20260909T132210Z,2026-08-02 18:00:00+00:00
2026-08-03 00:00:00+00:00,/inventory,6,288.0,271.91,RF,20260909T132210Z,2026-08-02 18:00:00+00:00
2026-08-03 06:00:00+00:00,/inventory,12,319.0,343.98,RF,20260909T132210Z,2026-08-02 18:00:00+00:00
2026-08-02 20:00:00+00:00,/inventory,1,209.0,317.16,RF,20260909T132210Z,2026-08-02 19:00:00+00:00
2026-08-03 01:00:00+00:00,/inventory,6,262.0,312.71,RF,20260909T132210Z,2026-08-02 19:00:00+00:00
2026-08-03 07:00:00+00:00,/inventory,12,339.0,360.01,RF,20260909T132210Z,2026-08-02 19:00:00+00:00
2026-08-02 21:00:00+00:00,/inventory,1,310.0,311.51,RF,20260909T132210Z,2026-08-02 20:00:00+00:00
2026-08-03 02:00:00+00:00,/inventory,6,283.0,321.64,RF,20260909T132210Z,2026-08-02 20:00:00+00:00
2026-08-03 08:00:00+00:00,/inventory,12,384.0,357.59,RF,20260909T132210Z,2026-08-02 20:00:00+00:00
2026-08-02 22:00:00+00:00,/inventory,1,237.0,270.43,RF,20260909T132210Z,2026-08-02 21:00:00+00:00
2026-08-03 03:00:00+00:00,/inventory,6,379.0,314.37,RF,20260909T132210Z,2026-08-02 21:00:00+00:00
2026-08-03 09:00:00+00:00,/inventory,12,451.0,370.8,RF,20260909T132210Z,2026-08-02 21:00:00+00:00
2026-08-02 23:00:00+00:00,/inventory,1,254.0,284.16,RF,20260909T132210Z,2026-08-02 22:00:00+00:00
2026-08-03 04:00:00+00:00,/inventory,6,259.0,319.36,RF,20260909T132210Z,2026-08-02 22:00:00+00:00
2026-08-03 10:00:00+00:00,/inventory,12,469.0,374.56,RF,20260909T132210Z,2026-08-02 22:00:00+00:00
2026-08-03 00:00:00+00:00,/inventory,1,288.0,265.63,RF,20260909T132210Z,2026-08-02 23:00:00+00:00
2026-08-03 05:00:00+00:00,/inventory,6,311.0,342.71,RF,20260909T132210Z,2026-08-02 23:00:00+00:00
2026-08-03 11:00:00+00:00,/inventory,12,468.0,379.58,RF,20260909T132210Z,2026-08-02 23:00:00+00:00
2026-08-03 01:00:00+00:00,/inventory,1,262.0,315.45,RF,20260909T132210Z,2026-08-03 00:00:00+00:00
2026-08-03 06:00:00+00:00,/inventory,6,319.0,344.4,RF,20260909T132210Z,2026-08-03 00:00:00+00:00
2026-08-03 12:00:00+00:00,/inventory,12,489.0,385.71,RF,20260909T132210Z,2026-08-03 00:00:00+00:00
2026-08-03 02:00:00+00:00,/inventory,1,283.0,313.91,RF,20260909T132210Z,2026-08-03 01:00:00+00:00
2026-08-03 07:00:00+00:00,/inventory,6,339.0,361.97,RF,20260909T132210Z,2026-08-03 01:00:00+00:00
2026-08-03 13:00:00+00:00,/inventory,12,587.0,375.72,RF,20260909T132210Z,2026-08-03 01:00:00+00:00
2026-08-03 03:00:00+00:00,/inventory,1,379.0,325.24,RF,20260909T132210Z,2026-08-03 02:00:00+00:00
2026-08-03 08:00:00+00:00,/inventory,6,384.0,361.84,RF,20260909T132210Z,2026-08-03 02:00:00+00:00
2026-08-03 14:00:00+00:00,/inventory,12,480.0,419.43,RF,20260909T132210Z,2026-08-03 02:00:00+00:00
2026-08-03 04:00:00+00:00,/inventory,1,259.0,332.5,RF,20260909T132210Z,2026-08-03 03:00:00+00:00
2026-08-03 09:00:00+00:00,/inventory,6,451.0,373.34,RF,20260909T132210Z,2026-08-03 03:00:00+00:00
2026-08-03 15:00:00+00:00,/inventory,12,481.0,392.02,RF,20260909T132210Z,2026-08-03 03:00:00+00:00
2026-08-03 05:00:00+00:00,/inventory,1,311.0,344.01,RF,20260909T132210Z,2026-08-03 04:00:00+00:00
2026-08-03 10:00:00+00:00,/inventory,6,469.0,372.36,RF,20260909T132210Z,2026-08-03 04:00:00+00:00
2026-08-03 16:00:00+00:00,/inventory,12,467.0,410.01,RF,20260909T132210Z,2026-08-03 04:00:00+00:00
2026-08-03 06:00:00+00:00,/inventory,1,319.0,325.98,RF,20260909T132210Z,2026-08-03 05:00:00+00:00
2026-08-03 11:00:00+00:00,/inventory,6,468.0,373.42,RF,20260909T132210Z,2026-08-03 05:00:00+00:00
2026-08-03 17:00:00+00:00,/inventory,12,501.0,369.04,RF,20260909T132210Z,2026-08-03 05:00:00+00:00
2026-08-03 07:00:00+00:00,/inventory,1,339.0,357.16,RF,20260909T132210Z,2026-08-03 06:00:00+00:00
2026-08-03 12:00:00+00:00,/inventory,6,489.0,394.61,RF,20260909T132210Z,2026-08-03 06:00:00+00:00
2026-08-03 18:00:00+00:00,/inventory,12,450.0,452.91,RF,20260909T132210Z,2026-08-03 06:00:00+00:00
2026-08-03 08:00:00+00:00,/inventory,1,384.0,357.5,RF,20260909T132210Z,2026-08-03 07:00:00+00:00
2026-08-03 13:00:00+00:00,/inventory,6,587.0,378.38,RF,20260909T132210Z,2026-08-03 07:00:00+00:00
2026-08-03 19:00:00+00:00,/inventory,12,431.0,345.32,RF,20260909T132210Z,2026-08-03 07:00:00+00:00
2026-08-03 09:00:00+00:00,/inventory,1,451.0,363.41,RF,20260909T132210Z,2026-08-03 08:00:00+00:00
2026-08-03 14:00:00+00:00,/inventory,6,480.0,449.7,RF,20260909T132210Z,2026-08-03 08:00:00+00:00
2026-08-03 20:00:00+00:00,/inventory,12,397.0,421.89,RF,20260909T132210Z,2026-08-03 08:00:00+00:00
2026-08-03 10:00:00+00:00,/inventory,1,469.0,377.91,RF,20260909T132210Z,2026-08-03 09:00:00+00:00
2026-08-03 15:00:00+00:00,/inventory,6,481.0,443.34,RF,20260909T132210Z,2026-08-03 09:00:00+00:00
2026-08-03 21:00:00+00:00,/inventory,12,400.0,411.15,RF,20260909T132210Z,2026-08-03 09:00:00+00:00
2026-08-03 11:00:00+00:00,/inventory,1,468.0,413.24,RF,20260909T132210Z,2026-08-03 10:00:00+00:00
2026-08-03 16:00:00+00:00,/inventory,6,467.0,470.78,RF,20260909T132210Z,2026-08-03 10:00:00+00:00
2026-08-03 22:00:00+00:00,/inventory,12,284.0,401.6,RF,20260909T132210Z,2026-08-03 10:00:00+00:00
2026-08-03 12:00:00+00:00,/inventory,1,489.0,459.58,RF,20260909T132210Z,2026-08-03 11:00:00+00:00
2026-08-03 17:00:00+00:00,/inventory,6,501.0,447.73,RF,20260909T132210Z,2026-08-03 11:00:00+00:00
2026-08-03 23:00:00+00:00,/inventory,12,268.0,408.91,RF,20260909T132210Z,2026-08-03 11:00:00+00:00
2026-08-03 13:00:00+00:00,/inventory,1,587.0,437.05,RF,20260909T132210Z,2026-08-03 12:00:00+00:00
2026-08-03 18:00:00+00:00,/inventory,6,450.0,488.31,RF,20260909T132210Z,2026-08-03 12:00:00+00:00
2026-08-04 00:00:00+00:00,/inventory,12,347.0,379.84,RF,20260909T132210Z,2026-08-03 12:00:00+00:00
2026-08-03 14:00:00+00:00,/inventory,1,480.0,502.09,RF,20260909T132210Z,2026-08-03 13:00:00+00:00
2026-08-03 19:00:00+00:00,/inventory,6,431.0,442.95,RF,20260909T132210Z,2026-08-03 13:00:00+00:00
2026-08-04 01:00:00+00:00,/inventory,12,329.0,364.37,RF,20260909T132210Z,2026-08-03 13:00:00+00:00
2026-08-03 15:00:00+00:00,/inventory,1,481.0,509.39,RF,20260909T132210Z,2026-08-03 14:00:00+00:00
2026-08-03 20:00:00+00:00,/inventory,6,397.0,436.64,RF,20260909T132210Z,2026-08-03 14:00:00+00:00
2026-08-04 02:00:00+00:00,/inventory,12,260.0,319.63,RF,20260909T132210Z,2026-08-03 14:00:00+00:00
2026-08-03 16:00:00+00:00,/inventory,1,467.0,476.73,RF,20260909T132210Z,2026-08-03 15:00:00+00:00
2026-08-03 21:00:00+00:00,/inventory,6,400.0,403.36,RF,20260909T132210Z,2026-08-03 15:00:00+00:00
2026-08-04 03:00:00+00:00,/inventory,12,320.0,276.9,RF,20260909T132210Z,2026-08-03 15:00:00+00:00
2026-08-03 17:00:00+00:00,/inventory,1,501.0,467.92,RF,20260909T132210Z,2026-08-03 16:00:00+00:00
2026-08-03 22:00:00+00:00,/inventory,6,284.0,400.69,RF,20260909T132210Z,2026-08-03 16:00:00+00:00
2026-08-04 04:00:00+00:00,/inventory,12,253.0,316.85,RF,20260909T132210Z,2026-08-03 16:00:00+00:00
2026-08-03 18:00:00+00:00,/inventory,1,450.0,486.46,RF,20260909T132210Z,2026-08-03 17:00:00+00:00
2026-08-03 23:00:00+00:00,/inventory,6,268.0,407.72,RF,20260909T132210Z,2026-08-03 17:00:00+00:00
2026-08-04 05:00:00+00:00,/inventory,12,356.0,319.46,RF,20260909T132210Z,2026-08-03 17:00:00+00:00
2026-08-01 12:00:00+00:00,/inventory,1,384.0,326.0,Persistence,20260909T132210Z,2026-08-01 11:00:00+00:00
2026-08-01 17:00:00+00:00,/inventory,6,358.0,326.0,Persistence,20260909T132210Z,2026-08-01 11:00:00+00:00
2026-08-01 23:00:00+00:00,/inventory,12,182.0,326.0,Persistence,20260909T132210Z,2026-08-01 11:00:00+00:00
2026-08-01 13:00:00+00:00,/inventory,1,367.0,384.0,Persistence,20260909T132210Z,2026-08-01 12:00:00+00:00
2026-08-01 18:00:00+00:00,/inventory,6,317.0,384.0,Persistence,20260909T132210Z,2026-08-01 12:00:00+00:00
2026-08-02 00:00:00+00:00,/inventory,12,239.0,384.0,Persistence,20260909T132210Z,2026-08-01 12:00:00+00:00
2026-08-01 14:00:00+00:00,/inventory,1,383.0,367.0,Persistence,20260909T132210Z,2026-08-01 13:00:00+00:00
2026-08-01 19:00:00+00:00,/inventory,6,287.0,367.0,Persistence,20260909T132210Z,2026-08-01 13:00:00+00:00
2026-08-02 01:00:00+00:00,/inventory,12,231.0,367.0,Persistence,20260909T132210Z,2026-08-01 13:00:00+00:00
2026-08-01 15:00:00+00:00,/inventory,1,381.0,383.0,Persistence,20260909T132210Z,2026-08-01 14:00:00+00:00
2026-08-01 20:00:00+00:00,/inventory,6,318.0,383.0,Persistence,20260909T132210Z,2026-08-01 14:00:00+00:00
2026-08-02 02:00:00+00:00,/inventory,12,195.0,383.0,Persistence,20260909T132210Z,2026-08-01 14:00:00+00:00
2026-08-01 16:00:00+00:00,/inventory,1,335.0,381.0,Persistence,20260909T132210Z,2026-08-01 15:00:00+00:00
2026-08-01 21:00:00+00:00,/inventory,6,267.0,381.0,Persistence,20260909T132210Z,2026-08-01 15:00:00+00:00
2026-08-02 03:00:00+00:00,/inventory,12,224.0,381.0,Persistence,20260909T132210Z,2026-08-01 15:00:00+00:00
2026-08-01 17:00:00+00:00,/inventory,1,358.0,335.0,Persistence,20260909T132210Z,2026-08-01 16:00:00+00:00
2026-08-01 22:00:00+00:00,/inventory,6,238.0,335.0,Persistence,20260909T132210Z,2026-08-01 16:00:00+00:00
2026-08-02 04:00:00+00:00,/inventory,12,180.0,335.0,Persistence,20260909T132210Z,2026-08-01 16:00:00+00:00
2026-08-01 18:00:00+00:00,/inventory,1,317.0,358.0,Persistence,20260909T132210Z,2026-08-01 17:00:00+00:00
2026-08-01 23:00:00+00:00,/inventory,6,182.0,358.0,Persistence,20260909T132210Z,2026-08-01 17:00:00+00:00
2026-08-02 05:00:00+00:00,/inventory,12,213.0,358.0,Persistence,20260909T132210Z,2026-08-01 17:00:00+00:00
2026-08-01 19:00:00+00:00,/inventory,1,287.0,317.0,Persistence,20260909T132210Z,2026-08-01 18:00:00+00:00
2026-08-02 00:00:00+00:00,/inventory,6,239.0,317.0,Persistence,20260909T132210Z,2026-08-01 18:00:00+00:00
2026-08-02 06:00:00+00:00,/inventory,12,312.0,317.0,Persistence,20260909T132210Z,2026-08-01 18:00:00+00:00
2026-08-01 20:00:00+00:00,/inventory,1,318.0,287.0,Persistence,20260909T132210Z,2026-08-01 19:00:00+00:00
2026-08-02 01:00:00+00:00,/inventory,6,231.0,287.0,Persistence,20260909T132210Z,2026-08-01 19:00:00+00:00
2026-08-02 07:00:00+00:00,/inventory,12,285.0,287.0,Persistence,20260909T132210Z,2026-08-01 19:00:00+00:00
2026-08-01 21:00:00+00:00,/inventory,1,267.0,318.0,Persistence,20260909T132210Z,2026-08-01 20:00:00+00:00
2026-08-02 02:00:00+00:00,/inventory,6,195.0,318.0,Persistence,20260909T132210Z,2026-08-01 20:00:00+00:00
2026-08-02 08:00:00+00:00,/inventory,12,283.0,318.0,Persistence,20260909T132210Z,2026-08-01 20:00:00+00:00
2026-08-01 22:00:00+00:00,/inventory,1,238.0,267.0,Persistence,20260909T132210Z,2026-08-01 21:00:00+00:00
2026-08-02 03:00:00+00:00,/inventory,6,224.0,267.0,Persistence,20260909T132210Z,2026-08-01 21:00:00+00:00
2026-08-02 09:00:00+00:00,/inventory,12,344.0,267.0,Persistence,20260909T132210Z,2026-08-01 21:00:00+00:00
2026-08-01 23:00:00+00:00,/inventory,1,182.0,238.0,Persistence,20260909T132210Z,2026-08-01 22:00:00+00:00
2026-08-02 04:00:00+00:00,/inventory,6,180.0,238.0,Persistence,20260909T132210Z,2026-08-01 22:00:00+00:00
2026-08-02 10:00:00+00:00,/inventory,12,335.0,238.0,Persistence,20260909T132210Z,2026-08-01 22:00:00+00:00
2026-08-02 00:00:00+00:00,/inventory,1,239.0,182.0,Persistence,20260909T132210Z,2026-08-01 23:00:00+00:00
2026-08-02 05:00:00+00:00,/inventory,6,213.0,182.0,Persistence,20260909T132210Z,2026-08-01 23:00:00+00:00
2026-08-02 11:00:00+00:00,/inventory,12,381.0,182.0,Persistence,20260909T132210Z,2026-08-01 23:00:00+00:00
2026-08-02 01:00:00+00:00,/inventory,1,231.0,239.0,Persistence,20260909T132210Z,2026-08-02 00:00:00+00:00
2026-08-02 06:00:00+00:00,/inventory,6,312.0,239.0,Persistence,20260909T132210Z,2026-08-02 00:00:00+00:00
2026-08-02 12:00:00+00:00,/inventory,12,349.0,239.0,Persistence,20260909T132210Z,2026-08-02 00:00:00+00:00
2026-08-02 02:00:00+00:00,/inventory,1,195.0,231.0,Persistence,20260909T132210Z,2026-08-02 01:00:00+00:00
2026-08-02 07:00:00+00:00,/inventory,6,285.0,231.0,Persistence,20260909T132210Z,2026-08-02 01:00:00+00:00
2026-08-02 13:00:00+00:00,/inventory,12,402.0,231.0,Persistence,20260909T132210Z,2026-08-02 01:00:00+00:00
2026-08-02 03:00:00+00:00,/inventory,1,224.0,195.0,Persistence,20260909T132210Z,2026-08-02 02:00:00+00:00
2026-08-02 08:00:00+00:00,/inventory,6,283.0,195.0,Persistence,20260909T132210Z,2026-08-02 02:00:00+00:00
2026-08-02 14:00:00+00:00,/inventory,12,399.0,195.0,Persistence,20260909T132210Z,2026-08-02 02:00:00+00:00
2026-08-02 04:00:00+00:00,/inventory,1,180.0,224.0,Persistence,20260909T132210Z,2026-08-02 03:00:00+00:00
2026-08-02 09:00:00+00:00,/inventory,6,344.0,224.0,Persistence,20260909T132210Z,2026-08-02 03:00:00+00:00
2026-08-02 15:00:00+00:00,/inventory,12,308.0,224.0,Persistence,20260909T132210Z,2026-08-02 03:00:00+00:00
2026-08-02 05:00:00+00:00,/inventory,1,213.0,180.0,Persistence,20260909T132210Z,2026-08-02 04:00:00+00:00
2026-08-02 10:00:00+00:00,/inventory,6,335.0,180.0,Persistence,20260909T132210Z,2026-08-02 04:00:00+00:00
2026-08-02 16:00:00+00:00,/inventory,12,350.0,180.0,Persistence,20260909T132210Z,2026-08-02 04:00:00+00:00
2026-08-02 06:00:00+00:00,/inventory,1,312.0,213.0,Persistence,20260909T132210Z,2026-08-02 05:00:00+00:00
2026-08-02 11:00:00+00:00,/inventory,6,381.0,213.0,Persistence,20260909T132210Z,2026-08-02 05:00:00+00:00
2026-08-02 17:00:00+00:00,/inventory,12,414.0,213.0,Persistence,20260909T132210Z,2026-08-02 05:00:00+00:00
2026-08-02 07:00:00+00:00,/inventory,1,285.0,312.0,Persistence,20260909T132210Z,2026-08-02 06:00:00+00:00
2026-08-02 12:00:00+00:00,/inventory,6,349.0,312.0,Persistence,20260909T132210Z,2026-08-02 06:00:00+00:00
2026-08-02 18:00:00+00:00,/inventory,12,310.0,312.0,Persistence,20260909T132210Z,2026-08-02 06:00:00+00:00
2026-08-02 08:00:00+00:00,/inventory,1,283.0,285.0,Persistence,20260909T132210Z,2026-08-02 07:00:00+00:00
2026-08-02 13:00:00+00:00,/inventory,6,402.0,285.0,Persistence,20260909T132210Z,2026-08-02 07:00:00+00:00
2026-08-02 19:00:00+00:00,/inventory,12,290.0,285.0,Persistence,20260909T132210Z,2026-08-02 07:00:00+00:00
2026-08-02 09:00:00+00:00,/inventory,1,344.0,283.0,Persistence,20260909T132210Z,2026-08-02 08:00:00+00:00
2026-08-02 14:00:00+00:00,/inventory,6,399.0,283.0,Persistence,20260909T132210Z,2026-08-02 08:00:00+00:00
2026-08-02 20:00:00+00:00,/inventory,12,209.0,283.0,Persistence,20260909T132210Z,2026-08-02 08:00:00+00:00
2026-08-02 10:00:00+00:00,/inventory,1,335.0,344.0,Persistence,20260909T132210Z,2026-08-02 09:00:00+00:00
2026-08-02 15:00:00+00:00,/inventory,6,308.0,344.0,Persistence,20260909T132210Z,2026-08-02 09:00:00+00:00
2026-08-02 21:00:00+00:00,/inventory,12,310.0,344.0,Persistence,20260909T132210Z,2026-08-02 09:00:00+00:00
2026-08-02 11:00:00+00:00,/inventory,1,381.0,335.0,Persistence,20260909T132210Z,2026-08-02 10:00:00+00:00
2026-08-02 16:00:00+00:00,/inventory,6,350.0,335.0,Persistence,20260909T132210Z,2026-08-02 10:00:00+00:00
2026-08-02 22:00:00+00:00,/inventory,12,237.0,335.0,Persistence,20260909T132210Z,2026-08-02 10:00:00+00:00
2026-08-02 12:00:00+00:00,/inventory,1,349.0,381.0,Persistence,20260909T132210Z,2026-08-02 11:00:00+00:00
2026-08-02 17:00:00+00:00,/inventory,6,414.0,381.0,Persistence,20260909T132210Z,2026-08-02 11:00:00+00:00
2026-08-02 23:00:00+00:00,/inventory,12,254.0,381.0,Persistence,20260909T132210Z,2026-08-02 11:00:00+00:00
2026-08-02 13:00:00+00:00,/inventory,1,402.0,349.0,Persistence,20260909T132210Z,2026-08-02 12:00:00+00:00
2026-08-02 18:00:00+00:00,/inventory,6,310.0,349.0,Persistence,20260909T132210Z,2026-08-02 12:00:00+00:00
2026-08-03 00:00:00+00:00,/inventory,12,288.0,349.0,Persistence,20260909T132210Z,2026-08-02 12:00:00+00:00
2026-08-02 14:00:00+00:00,/inventory,1,399.0,402.0,Persistence,20260909T132210Z,2026-08-02 13:00:00+00:00
2026-08-02 19:00:00+00:00,/inventory,6,290.0,402.0,Persistence,20260909T132210Z,2026-08-02 13:00:00+00:00
2026-08-03 01:00:00+00:00,/inventory,12,262.0,402.0,Persistence,20260909T132210Z,2026-08-02 13:00:00+00:00
2026-08-02 15:00:00+00:00,/inventory,1,308.0,399.0,Persistence,20260909T132210Z,2026-08-02 14:00:00+00:00
2026-08-02 20:00:00+00:00,/inventory,6,209.0,399.0,Persistence,20260909T132210Z,2026-08-02 14:00:00+00:00
2026-08-03 02:00:00+00:00,/inventory,12,283.0,399.0,Persistence,20260909T132210Z,2026-08-02 14:00:00+00:00
2026-08-02 16:00:00+00:00,/inventory,1,350.0,308.0,Persistence,20260909T132210Z,2026-08-02 15:00:00+00:00
2026-08-02 21:00:00+00:00,/inventory,6,310.0,308.0,Persistence,20260909T132210Z,2026-08-02 15:00:00+00:00
2026-08-03 03:00:00+00:00,/inventory,12,379.0,308.0,Persistence,20260909T132210Z,2026-08-02 15:00:00+00:00
2026-08-02 17:00:00+00:00,/inventory,1,414.0,350.0,Persistence,20260909T132210Z,2026-08-02 16:00:00+00:00
2026-08-02 22:00:00+00:00,/inventory,6,237.0,350.0,Persistence,20260909T132210Z,2026-08-02 16:00:00+00:00
2026-08-03 04:00:00+00:00,/inventory,12,259.0,350.0,Persistence,20260909T132210Z,2026-08-02 16:00:00+00:00
2026-08-02 18:00:00+00:00,/inventory,1,310.0,414.0,Persistence,20260909T132210Z,2026-08-02 17:00:00+00:00
2026-08-02 23:00:00+00:00,/inventory,6,254.0,414.0,Persistence,20260909T132210Z,2026-08-02 17:00:00+00:00
2026-08-03 05:00:00+00:00,/inventory,12,311.0,414.0,Persistence,20260909T132210Z,2026-08-02 17:00:00+00:00
2026-08-02 19:00:00+00:00,/inventory,1,290.0,310.0,Persistence,20260909T132210Z,2026-08-02 18:00:00+00:00
2026-08-03 00:00:00+00:00,/inventory,6,288.0,310.0,Persistence,20260909T132210Z,2026-08-02 18:00:00+00:00
2026-08-03 06:00:00+00:00,/inventory,12,319.0,310.0,Persistence,20260909T132210Z,2026-08-02 18:00:00+00:00
2026-08-02 20:00:00+00:00,/inventory,1,209.0,290.0,Persistence,20260909T132210Z,2026-08-02 19:00:00+00:00
2026-08-03 01:00:00+00:00,/inventory,6,262.0,290.0,Persistence,20260909T132210Z,2026-08-02 19:00:00+00:00
2026-08-03 07:00:00+00:00,/inventory,12,339.0,290.0,Persistence,20260909T132210Z,2026-08-02 19:00:00+00:00
2026-08-02 21:00:00+00:00,/inventory,1,310.0,209.0,Persistence,20260909T132210Z,2026-08-02 20:00:00+00:00
2026-08-03 02:00:00+00:00,/inventory,6,283.0,209.0,Persistence,20260909T132210Z,2026-08-02 20:00:00+00:00
2026-08-03 08:00:00+00:00,/inventory,12,384.0,209.0,Persistence,20260909T132210Z,2026-08-02 20:00:00+00:00
2026-08-02 22:00:00+00:00,/inventory,1,237.0,310.0,Persistence,20260909T132210Z,2026-08-02 21:00:00+00:00
2026-08-03 03:00:00+00:00,/inventory,6,379.0,310.0,Persistence,20260909T132210Z,2026-08-02 21:00:00+00:00
2026-08-03 09:00:00+00:00,/inventory,12,451.0,310.0,Persistence,20260909T132210Z,2026-08-02 21:00:00+00:00
2026-08-02 23:00:00+00:00,/inventory,1,254.0,237.0,Persistence,20260909T132210Z,2026-08-02 22:00:00+00:00
2026-08-03 04:00:00+00:00,/inventory,6,259.0,237.0,Persistence,20260909T132210Z,2026-08-02 22:00:00+00:00
2026-08-03 10:00:00+00:00,/inventory,12,469.0,237.0,Persistence,20260909T132210Z,2026-08-02 22:00:00+00:00
2026-08-03 00:00:00+00:00,/inventory,1,288.0,254.0,Persistence,20260909T132210Z,2026-08-02 23:00:00+00:00
2026-08-03 05:00:00+00:00,/inventory,6,311.0,254.0,Persistence,20260909T132210Z,2026-08-02 23:00:00+00:00
2026-08-03 11:00:00+00:00,/inventory,12,468.0,254.0,Persistence,20260909T132210Z,2026-08-02 23:00:00+00:00
2026-08-03 01:00:00+00:00,/inventory,1,262.0,288.0,Persistence,20260909T132210Z,2026-08-03 00:00:00+00:00
2026-08-03 06:00:00+00:00,/inventory,6,319.0,288.0,Persistence,20260909T132210Z,2026-08-03 00:00:00+00:00
2026-08-03 12:00:00+00:00,/inventory,12,489.0,288.0,Persistence,20260909T132210Z,2026-08-03 00:00:00+00:00
2026-08-03 02:00:00+00:00,/inventory,1,283.0,262.0,Persistence,20260909T132210Z,2026-08-03 01:00:00+00:00
2026-08-03 07:00:00+00:00,/inventory,6,339.0,262.0,Persistence,20260909T132210Z,2026-08-03 01:00:00+00:00
2026-08-03 13:00:00+00:00,/inventory,12,587.0,262.0,Persistence,20260909T132210Z,2026-08-03 01:00:00+00:00
2026-08-03 03:00:00+00:00,/inventory,1,379.0,283.0,Persistence,20260909T132210Z,2026-08-03 02:00:00+00:00
2026-08-03 08:00:00+00:00,/inventory,6,384.0,283.0,Persistence,20260909T132210Z,2026-08-03 02:00:00+00:00
2026-08-03 14:00:00+00:00,/inventory,12,480.0,283.0,Persistence,20260909T132210Z,2026-08-03 02:00:00+00:00
2026-08-03 04:00:00+00:00,/inventory,1,259.0,379.0,Persistence,20260909T132210Z,2026-08-03 03:00:00+00:00
2026-08-03 09:00:00+00:00,/inventory,6,451.0,379.0,Persistence,20260909T132210Z,2026-08-03 03:00:00+00:00
2026-08-03 15:00:00+00:00,/inventory,12,481.0,379.0,Persistence,20260909T132210Z,2026-08-03 03:00:00+00:00
2026-08-03 05:00:00+00:00,/inventory,1,311.0,259.0,Persistence,20260909T132210Z,2026-08-03 04:00:00+00:00
2026-08-03 10:00:00+00:00,/inventory,6,469.0,259.0,Persistence,20260909T132210Z,2026-08-03 04:00:00+00:00
2026-08-03 16:00:00+00:00,/inventory,12,467.0,259.0,Persistence,20260909T132210Z,2026-08-03 04:00:00+00:00
2026-08-03 06:00:00+00:00,/inventory,1,319.0,311.0,Persistence,20260909T132210Z,2026-08-03 05:00:00+00:00
2026-08-03 11:00:00+00:00,/inventory,6,468.0,311.0,Persistence,20260909T132210Z,2026-08-03 05:00:00+00:00
2026-08-03 17:00:00+00:00,/inventory,12,501.0,311.0,Persistence,20260909T132210Z,2026-08-03 05:00:00+00:00
2026-08-03 07:00:00+00:00,/inventory,1,339.0,319.0,Persistence,20260909T132210Z,2026-08-03 06:00:00+00:00
2026-08-03 12:00:00+00:00,/inventory,6,489.0,319.0,Persistence,20260909T132210Z,2026-08-03 06:00:00+00:00
2026-08-03 18:00:00+00:00,/inventory,12,450.0,319.0,Persistence,20260909T132210Z,2026-08-03 06:00:00+00:00
2026-08-03 08:00:00+00:00,/inventory,1,384.0,339.0,Persistence,20260909T132210Z,2026-08-03 07:00:00+00:00
2026-08-03 13:00:00+00:00,/inventory,6,587.0,339.0,Persistence,20260909T132210Z,2026-08-03 07:00:00+00:00
2026-08-03 19:00:00+00:00,/inventory,12,431.0,339.0,Persistence,20260909T132210Z,2026-08-03 07:00:00+00:00
2026-08-03 09:00:00+00:00,/inventory,1,451.0,384.0,Persistence,20260909T132210Z,2026-08-03 08:00:00+00:00
2026-08-03 14:00:00+00:00,/inventory,6,480.0,384.0,Persistence,20260909T132210Z,2026-08-03 08:00:00+00:00
2026-08-03 20:00:00+00:00,/inventory,12,397.0,384.0,Persistence,20260909T132210Z,2026-08-03 08:00:00+00:00
2026-08-03 10:00:00+00:00,/inventory,1,469.0,451.0,Persistence,20260909T132210Z,2026-08-03 09:00:00+00:00
2026-08-03 15:00:00+00:00,/inventory,6,481.0,451.0,Persistence,20260909T132210Z,2026-08-03 09:00:00+00:00
2026-08-03 21:00:00+00:00,/inventory,12,400.0,451.0,Persistence,20260909T132210Z,2026-08-03 09:00:00+00:00
2026-08-03 11:00:00+00:00,/inventory,1,468.0,469.0,Persistence,20260909T132210Z,2026-08-03 10:00:00+00:00
2026-08-03 16:00:00+00:00,/inventory,6,467.0,469.0,Persistence,20260909T132210Z,2026-08-03 10:00:00+00:00
2026-08-03 22:00:00+00:00,/inventory,12,284.0,469.0,Persistence,20260909T132210Z,2026-08-03 10:00:00+00:00
2026-08-03 12:00:00+00:00,/inventory,1,489.0,468.0,Persistence,20260909T132210Z,2026-08-03 11:00:00+00:00
2026-08-03 17:00:00+00:00,/inventory,6,501.0,468.0,Persistence,20260909T132210Z,2026-08-03 11:00:00+00:00
2026-08-03 23:00:00+00:00,/inventory,12,268.0,468.0,Persistence,20260909T132210Z,2026-08-03 11:00:00+00:00
2026-08-03 13:00:00+00:00,/inventory,1,587.0,489.0,Persistence,20260909T132210Z,2026-08-03 12:00:00+00:00
2026-08-03 18:00:00+00:00,/inventory,6,450.0,489.0,Persistence,20260909T132210Z,2026-08-03 12:00:00+00:00
2026-08-04 00:00:00+00:00,/inventory,12,347.0,489.0,Persistence,20260909T132210Z,2026-08-03 12:00:00+00:00
2026-08-03 14:00:00+00:00,/inventory,1,480.0,587.0,Persistence,20260909T132210Z,2026-08-03 13:00:00+00:00
2026-08-03 19:00:00+00:00,/inventory,6,431.0,587.0,Persistence,20260909T132210Z,2026-08-03 13:00:00+00:00
2026-08-04 01:00:00+00:00,/inventory,12,329.0,587.0,Persistence,20260909T132210Z,2026-08-03 13:00:00+00:00
2026-08-03 15:00:00+00:00,/inventory,1,481.0,480.0,Persistence,20260909T132210Z,2026-08-03 14:00:00+00:00
2026-08-03 20:00:00+00:00,/inventory,6,397.0,480.0,Persistence,20260909T132210Z,2026-08-03 14:00:00+00:00
2026-08-04 02:00:00+00:00,/inventory,12,260.0,480.0,Persistence,20260909T132210Z,2026-08-03 14:00:00+00:00
2026-08-03 16:00:00+00:00,/inventory,1,467.0,481.0,Persistence,20260909T132210Z,2026-08-03 15:00:00+00:00
2026-08-03 21:00:00+00:00,/inventory,6,400.0,481.0,Persistence,20260909T132210Z,2026-08-03 15:00:00+00:00
2026-08-04 03:00:00+00:00,/inventory,12,320.0,481.0,Persistence,20260909T132210Z,2026-08-03 15:00:00+00:00
2026-08-03 17:00:00+00:00,/inventory,1,501.0,467.0,Persistence,20260909T132210Z,2026-08-03 16:00:00+00:00
2026-08-03 22:00:00+00:00,/inventory,6,284.0,467.0,Persistence,20260909T132210Z,2026-08-03 16:00:00+00:00
2026-08-04 04:00:00+00:00,/inventory,12,253.0,467.0,Persistence,20260909T132210Z,2026-08-03 16:00:00+00:00
2026-08-03 18:00:00+00:00,/inventory,1,450.0,501.0,Persistence,20260909T132210Z,2026-08-03 17:00:00+00:00
2026-08-03 23:00:00+00:00,/inventory,6,268.0,501.0,Persistence,20260909T132210Z,2026-08-03 17:00:00+00:00
2026-08-04 05:00:00+00:00,/inventory,12,356.0,501.0,Persistence,20260909T132210Z,2026-08-03 17:00:00+00:00
2026-08-01 12:00:00+00:00,/inventory,1,384.0,463.0,SeasonalNaive,20260909T132210Z,2026-08-01 11:00:00+00:00
2026-08-01 17:00:00+00:00,/inventory,6,358.0,500.0,SeasonalNaive,20260909T132210Z,2026-08-01 11:00:00+00:00
2026-08-01 23:00:00+00:00,/inventory,12,182.0,334.0,SeasonalNaive,20260909T132210Z,2026-08-01 11:00:00+00:00
2026-08-01 13:00:00+00:00,/inventory,1,367.0,543.0,SeasonalNaive,20260909T132210Z,2026-08-01 12:00:00+00:00
2026-08-01 18:00:00+00:00,/inventory,6,317.0,475.0,SeasonalNaive,20260909T132210Z,2026-08-01 12:00:00+00:00
2026-08-02 00:00:00+00:00,/inventory,12,239.0,265.0,SeasonalNaive,20260909T132210Z,2026-08-01 12:00:00+00:00
2026-08-01 14:00:00+00:00,/inventory,1,383.0,500.0,SeasonalNaive,20260909T132210Z,2026-08-01 13:00:00+00:00
2026-08-01 19:00:00+00:00,/inventory,6,287.0,445.0,SeasonalNaive,20260909T132210Z,2026-08-01 13:00:00+00:00
2026-08-02 01:00:00+00:00,/inventory,12,231.0,190.0,SeasonalNaive,20260909T132210Z,2026-08-01 13:00:00+00:00
2026-08-01 15:00:00+00:00,/inventory,1,381.0,551.0,SeasonalNaive,20260909T132210Z,2026-08-01 14:00:00+00:00
2026-08-01 20:00:00+00:00,/inventory,6,318.0,382.0,SeasonalNaive,20260909T132210Z,2026-08-01 14:00:00+00:00
2026-08-02 02:00:00+00:00,/inventory,12,195.0,179.0,SeasonalNaive,20260909T132210Z,2026-08-01 14:00:00+00:00
2026-08-01 16:00:00+00:00,/inventory,1,335.0,469.0,SeasonalNaive,20260909T132210Z,2026-08-01 15:00:00+00:00
2026-08-01 21:00:00+00:00,/inventory,6,267.0,378.0,SeasonalNaive,20260909T132210Z,2026-08-01 15:00:00+00:00
2026-08-02 03:00:00+00:00,/inventory,12,224.0,172.0,SeasonalNaive,20260909T132210Z,2026-08-01 15:00:00+00:00
2026-08-01 17:00:00+00:00,/inventory,1,358.0,500.0,SeasonalNaive,20260909T132210Z,2026-08-01 16:00:00+00:00
2026-08-01 22:00:00+00:00,/inventory,6,238.0,296.0,SeasonalNaive,20260909T132210Z,2026-08-01 16:00:00+00:00
2026-08-02 04:00:00+00:00,/inventory,12,180.0,263.0,SeasonalNaive,20260909T132210Z,2026-08-01 16:00:00+00:00
2026-08-01 18:00:00+00:00,/inventory,1,317.0,475.0,SeasonalNaive,20260909T132210Z,2026-08-01 17:00:00+00:00
2026-08-01 23:00:00+00:00,/inventory,6,182.0,334.0,SeasonalNaive,20260909T132210Z,2026-08-01 17:00:00+00:00
2026-08-02 05:00:00+00:00,/inventory,12,213.0,228.0,SeasonalNaive,20260909T132210Z,2026-08-01 17:00:00+00:00
2026-08-01 19:00:00+00:00,/inventory,1,287.0,445.0,SeasonalNaive,20260909T132210Z,2026-08-01 18:00:00+00:00
2026-08-02 00:00:00+00:00,/inventory,6,239.0,265.0,SeasonalNaive,20260909T132210Z,2026-08-01 18:00:00+00:00
2026-08-02 06:00:00+00:00,/inventory,12,312.0,246.0,SeasonalNaive,20260909T132210Z,2026-08-01 18:00:00+00:00
2026-08-01 20:00:00+00:00,/inventory,1,318.0,382.0,SeasonalNaive,20260909T132210Z,2026-08-01 19:00:00+00:00
2026-08-02 01:00:00+00:00,/inventory,6,231.0,190.0,SeasonalNaive,20260909T132210Z,2026-08-01 19:00:00+00:00
2026-08-02 07:00:00+00:00,/inventory,12,285.0,279.0,SeasonalNaive,20260909T132210Z,2026-08-01 19:00:00+00:00
2026-08-01 21:00:00+00:00,/inventory,1,267.0,378.0,SeasonalNaive,20260909T132210Z,2026-08-01 20:00:00+00:00
2026-08-02 02:00:00+00:00,/inventory,6,195.0,179.0,SeasonalNaive,20260909T132210Z,2026-08-01 20:00:00+00:00
2026-08-02 08:00:00+00:00,/inventory,12,283.0,320.0,SeasonalNaive,20260909T132210Z,2026-08-01 20:00:00+00:00
2026-08-01 22:00:00+00:00,/inventory,1,238.0,296.0,SeasonalNaive,20260909T132210Z,2026-08-01 21:00:00+00:00
2026-08-02 03:00:00+00:00,/inventory,6,224.0,172.0,SeasonalNaive,20260909T132210Z,2026-08-01 21:00:00+00:00
2026-08-02 09:00:00+00:00,/inventory,12,344.0,302.0,SeasonalNaive,20260909T132210Z,2026-08-01 21:00:00+00:00
2026-08-01 23:00:00+00:00,/inventory,1,182.0,334.0,SeasonalNaive,20260909T132210Z,2026-08-01 22:00:00+00:00
2026-08-02 04:00:00+00:00,/inventory,6,180.0,263.0,SeasonalNaive,20260909T132210Z,2026-08-01 22:00:00+00:00
2026-08-02 10:00:00+00:00,/inventory,12,335.0,316.0,SeasonalNaive,20260909T132210Z,2026-08-01 22:00:00+00:00
2026-08-02 00:00:00+00:00,/inventory,1,239.0,265.0,SeasonalNaive,20260909T132210Z,2026-08-01 23:00:00+00:00
2026-08-02 05:00:00+00:00,/inventory,6,213.0,228.0,SeasonalNaive,20260909T132210Z,2026-08-01 23:00:00+00:00
2026-08-02 11:00:00+00:00,/inventory,12,381.0,326.0,SeasonalNaive,20260909T132210Z,2026-08-01 23:00:00+00:00
2026-08-02 01:00:00+00:00,/inventory,1,231.0,190.0,SeasonalNaive,20260909T132210Z,2026-08-02 00:00:00+00:00
2026-08-02 06:00:00+00:00,/inventory,6,312.0,246.0,SeasonalNaive,20260909T132210Z,2026-08-02 00:00:00+00:00
2026-08-02 12:00:00+00:00,/inventory,12,349.0,384.0,SeasonalNaive,20260909T132210Z,2026-08-02 00:00:00+00:00
2026-08-02 02:00:00+00:00,/inventory,1,195.0,179.0,SeasonalNaive,20260909T132210Z,2026-08-02 01:00:00+00:00
2026-08-02 07:00:00+00:00,/inventory,6,285.0,279.0,SeasonalNaive,20260909T132210Z,2026-08-02 01:00:00+00:00
2026-08-02 13:00:00+00:00,/inventory,12,402.0,367.0,SeasonalNaive,20260909T132210Z,2026-08-02 01:00:00+00:00
2026-08-02 03:00:00+00:00,/inventory,1,224.0,172.0,SeasonalNaive,20260909T132210Z,2026-08-02 02:00:00+00:00
2026-08-02 08:00:00+00:00,/inventory,6,283.0,320.0,SeasonalNaive,20260909T132210Z,2026-08-02 02:00:00+00:00
2026-08-02 14:00:00+00:00,/inventory,12,399.0,383.0,SeasonalNaive,20260909T132210Z,2026-08-02 02:00:00+00:00
2026-08-02 04:00:00+00:00,/inventory,1,180.0,263.0,SeasonalNaive,20260909T132210Z,2026-08-02 03:00:00+00:00
2026-08-02 09:00:00+00:00,/inventory,6,344.0,302.0,SeasonalNaive,20260909T132210Z,2026-08-02 03:00:00+00:00
2026-08-02 15:00:00+00:00,/inventory,12,308.0,381.0,SeasonalNaive,20260909T132210Z,2026-08-02 03:00:00+00:00
2026-08-02 05:00:00+00:00,/inventory,1,213.0,228.0,SeasonalNaive,20260909T132210Z,2026-08-02 04:00:00+00:00
2026-08-02 10:00:00+00:00,/inventory,6,335.0,316.0,SeasonalNaive,20260909T132210Z,2026-08-02 04:00:00+00:00
2026-08-02 16:00:00+00:00,/inventory,12,350.0,335.0,SeasonalNaive,20260909T132210Z,2026-08-02 04:00:00+00:00
2026-08-02 06:00:00+00:00,/inventory,1,312.0,246.0,SeasonalNaive,20260909T132210Z,2026-08-02 05:00:00+00:00
2026-08-02 11:00:00+00:00,/inventory,6,381.0,326.0,SeasonalNaive,20260909T132210Z,2026-08-02 05:00:00+00:00
2026-08-02 17:00:00+00:00,/inventory,12,414.0,358.0,SeasonalNaive,20260909T132210Z,2026-08-02 05:00:00+00:00
2026-08-02 07:00:00+00:00,/inventory,1,285.0,279.0,SeasonalNaive,20260909T132210Z,2026-08-02 06:00:00+00:00
2026-08-02 12:00:00+00:00,/inventory,6,349.0,384.0,SeasonalNaive,20260909T132210Z,2026-08-02 06:00:00+00:00
2026-08-02 18:00:00+00:00,/inventory,12,310.0,317.0,SeasonalNaive,20260909T132210Z,2026-08-02 06:00:00+00:00
2026-08-02 08:00:00+00:00,/inventory,1,283.0,320.0,SeasonalNaive,20260909T132210Z,2026-08-02 07:00:00+00:00
2026-08-02 13:00:00+00:00,/inventory,6,402.0,367.0,SeasonalNaive,20260909T132210Z,2026-08-02 07:00:00+00:00
2026-08-02 19:00:00+00:00,/inventory,12,290.0,287.0,SeasonalNaive,20260909T132210Z,2026-08-02 07:00:00+00:00
2026-08-02 09:00:00+00:00,/inventory,1,344.0,302.0,SeasonalNaive,20260909T132210Z,2026-08-02 08:00:00+00:00
2026-08-02 14:00:00+00:00,/inventory,6,399.0,383.0,SeasonalNaive,20260909T132210Z,2026-08-02 08:00:00+00:00
2026-08-02 20:00:00+00:00,/inventory,12,209.0,318.0,SeasonalNaive,20260909T132210Z,2026-08-02 08:00:00+00:00
2026-08-02 10:00:00+00:00,/inventory,1,335.0,316.0,SeasonalNaive,20260909T132210Z,2026-08-02 09:00:00+00:00
2026-08-02 15:00:00+00:00,/inventory,6,308.0,381.0,SeasonalNaive,20260909T132210Z,2026-08-02 09:00:00+00:00
2026-08-02 21:00:00+00:00,/inventory,12,310.0,267.0,SeasonalNaive,20260909T132210Z,2026-08-02 09:00:00+00:00
2026-08-02 11:00:00+00:00,/inventory,1,381.0,326.0,SeasonalNaive,20260909T132210Z,2026-08-02 10:00:00+00:00
2026-08-02 16:00:00+00:00,/inventory,6,350.0,335.0,SeasonalNaive,20260909T132210Z,2026-08-02 10:00:00+00:00
2026-08-02 22:00:00+00:00,/inventory,12,237.0,238.0,SeasonalNaive,20260909T132210Z,2026-08-02 10:00:00+00:00
2026-08-02 12:00:00+00:00,/inventory,1,349.0,384.0,SeasonalNaive,20260909T132210Z,2026-08-02 11:00:00+00:00
2026-08-02 17:00:00+00:00,/inventory,6,414.0,358.0,SeasonalNaive,20260909T132210Z,2026-08-02 11:00:00+00:00
2026-08-02 23:00:00+00:00,/inventory,12,254.0,182.0,SeasonalNaive,20260909T132210Z,2026-08-02 11:00:00+00:00
2026-08-02 13:00:00+00:00,/inventory,1,402.0,367.0,SeasonalNaive,20260909T132210Z,2026-08-02 12:00:00+00:00
2026-08-02 18:00:00+00:00,/inventory,6,310.0,317.0,SeasonalNaive,20260909T132210Z,2026-08-02 12:00:00+00:00
2026-08-03 00:00:00+00:00,/inventory,12,288.0,239.0,SeasonalNaive,20260909T132210Z,2026-08-02 12:00:00+00:00
2026-08-02 14:00:00+00:00,/inventory,1,399.0,383.0,SeasonalNaive,20260909T132210Z,2026-08-02 13:00:00+00:00
2026-08-02 19:00:00+00:00,/inventory,6,290.0,287.0,SeasonalNaive,20260909T132210Z,2026-08-02 13:00:00+00:00
2026-08-03 01:00:00+00:00,/inventory,12,262.0,231.0,SeasonalNaive,20260909T132210Z,2026-08-02 13:00:00+00:00
2026-08-02 15:00:00+00:00,/inventory,1,308.0,381.0,SeasonalNaive,20260909T132210Z,2026-08-02 14:00:00+00:00
2026-08-02 20:00:00+00:00,/inventory,6,209.0,318.0,SeasonalNaive,20260909T132210Z,2026-08-02 14:00:00+00:00
2026-08-03 02:00:00+00:00,/inventory,12,283.0,195.0,SeasonalNaive,20260909T132210Z,2026-08-02 14:00:00+00:00
2026-08-02 16:00:00+00:00,/inventory,1,350.0,335.0,SeasonalNaive,20260909T132210Z,2026-08-02 15:00:00+00:00
2026-08-02 21:00:00+00:00,/inventory,6,310.0,267.0,SeasonalNaive,20260909T132210Z,2026-08-02 15:00:00+00:00
2026-08-03 03:00:00+00:00,/inventory,12,379.0,224.0,SeasonalNaive,20260909T132210Z,2026-08-02 15:00:00+00:00
2026-08-02 17:00:00+00:00,/inventory,1,414.0,358.0,SeasonalNaive,20260909T132210Z,2026-08-02 16:00:00+00:00
2026-08-02 22:00:00+00:00,/inventory,6,237.0,238.0,SeasonalNaive,20260909T132210Z,2026-08-02 16:00:00+00:00
2026-08-03 04:00:00+00:00,/inventory,12,259.0,180.0,SeasonalNaive,20260909T132210Z,2026-08-02 16:00:00+00:00
2026-08-02 18:00:00+00:00,/inventory,1,310.0,317.0,SeasonalNaive,20260909T132210Z,2026-08-02 17:00:00+00:00
2026-08-02 23:00:00+00:00,/inventory,6,254.0,182.0,SeasonalNaive,20260909T132210Z,2026-08-02 17:00:00+00:00
2026-08-03 05:00:00+00:00,/inventory,12,311.0,213.0,SeasonalNaive,20260909T132210Z,2026-08-02 17:00:00+00:00
2026-08-02 19:00:00+00:00,/inventory,1,290.0,287.0,SeasonalNaive,20260909T132210Z,2026-08-02 18:00:00+00:00
2026-08-03 00:00:00+00:00,/inventory,6,288.0,239.0,SeasonalNaive,20260909T132210Z,2026-08-02 18:00:00+00:00
2026-08-03 06:00:00+00:00,/inventory,12,319.0,312.0,SeasonalNaive,20260909T132210Z,2026-08-02 18:00:00+00:00
2026-08-02 20:00:00+00:00,/inventory,1,209.0,318.0,SeasonalNaive,20260909T132210Z,2026-08-02 19:00:00+00:00
2026-08-03 01:00:00+00:00,/inventory,6,262.0,231.0,SeasonalNaive,20260909T132210Z,2026-08-02 19:00:00+00:00
2026-08-03 07:00:00+00:00,/inventory,12,339.0,285.0,SeasonalNaive,20260909T132210Z,2026-08-02 19:00:00+00:00
2026-08-02 21:00:00+00:00,/inventory,1,310.0,267.0,SeasonalNaive,20260909T132210Z,2026-08-02 20:00:00+00:00
2026-08-03 02:00:00+00:00,/inventory,6,283.0,195.0,SeasonalNaive,20260909T132210Z,2026-08-02 20:00:00+00:00
2026-08-03 08:00:00+00:00,/inventory,12,384.0,283.0,SeasonalNaive,20260909T132210Z,2026-08-02 20:00:00+00:00
2026-08-02 22:00:00+00:00,/inventory,1,237.0,238.0,SeasonalNaive,20260909T132210Z,2026-08-02 21:00:00+00:00
2026-08-03 03:00:00+00:00,/inventory,6,379.0,224.0,SeasonalNaive,20260909T132210Z,2026-08-02 21:00:00+00:00
2026-08-03 09:00:00+00:00,/inventory,12,451.0,344.0,SeasonalNaive,20260909T132210Z,2026-08-02 21:00:00+00:00
2026-08-02 23:00:00+00:00,/inventory,1,254.0,182.0,SeasonalNaive,20260909T132210Z,2026-08-02 22:00:00+00:00
2026-08-03 04:00:00+00:00,/inventory,6,259.0,180.0,SeasonalNaive,20260909T132210Z,2026-08-02 22:00:00+00:00
2026-08-03 10:00:00+00:00,/inventory,12,469.0,335.0,SeasonalNaive,20260909T132210Z,2026-08-02 22:00:00+00:00
2026-08-03 00:00:00+00:00,/inventory,1,288.0,239.0,SeasonalNaive,20260909T132210Z,2026-08-02 23:00:00+00:00
2026-08-03 05:00:00+00:00,/inventory,6,311.0,213.0,SeasonalNaive,20260909T132210Z,2026-08-02 23:00:00+00:00
2026-08-03 11:00:00+00:00,/inventory,12,468.0,381.0,SeasonalNaive,20260909T132210Z,2026-08-02 23:00:00+00:00
2026-08-03 01:00:00+00:00,/inventory,1,262.0,231.0,SeasonalNaive,20260909T132210Z,2026-08-03 00:00:00+00:00
2026-08-03 06:00:00+00:00,/inventory,6,319.0,312.0,SeasonalNaive,20260909T132210Z,2026-08-03 00:00:00+00:00
2026-08-03 12:00:00+00:00,/inventory,12,489.0,349.0,SeasonalNaive,20260909T132210Z,2026-08-03 00:00:00+00:00
2026-08-03 02:00:00+00:00,/inventory,1,283.0,195.0,SeasonalNaive,20260909T132210Z,2026-08-03 01:00:00+00:00
2026-08-03 07:00:00+00:00,/inventory,6,339.0,285.0,SeasonalNaive,20260909T132210Z,2026-08-03 01:00:00+00:00
2026-08-03 13:00:00+00:00,/inventory,12,587.0,402.0,SeasonalNaive,20260909T132210Z,2026-08-03 01:00:00+00:00
2026-08-03 03:00:00+00:00,/inventory,1,379.0,224.0,SeasonalNaive,20260909T132210Z,2026-08-03 02:00:00+00:00
2026-08-03 08:00:00+00:00,/inventory,6,384.0,283.0,SeasonalNaive,20260909T132210Z,2026-08-03 02:00:00+00:00
2026-08-03 14:00:00+00:00,/inventory,12,480.0,399.0,SeasonalNaive,20260909T132210Z,2026-08-03 02:00:00+00:00
2026-08-03 04:00:00+00:00,/inventory,1,259.0,180.0,SeasonalNaive,20260909T132210Z,2026-08-03 03:00:00+00:00
2026-08-03 09:00:00+00:00,/inventory,6,451.0,344.0,SeasonalNaive,20260909T132210Z,2026-08-03 03:00:00+00:00
2026-08-03 15:00:00+00:00,/inventory,12,481.0,308.0,SeasonalNaive,20260909T132210Z,2026-08-03 03:00:00+00:00
2026-08-03 05:00:00+00:00,/inventory,1,311.0,213.0,SeasonalNaive,20260909T132210Z,2026-08-03 04:00:00+00:00
2026-08-03 10:00:00+00:00,/inventory,6,469.0,335.0,SeasonalNaive,20260909T132210Z,2026-08-03 04:00:00+00:00
2026-08-03 16:00:00+00:00,/inventory,12,467.0,350.0,SeasonalNaive,20260909T132210Z,2026-08-03 04:00:00+00:00
2026-08-03 06:00:00+00:00,/inventory,1,319.0,312.0,SeasonalNaive,20260909T132210Z,2026-08-03 05:00:00+00:00
2026-08-03 11:00:00+00:00,/inventory,6,468.0,381.0,SeasonalNaive,20260909T132210Z,2026-08-03 05:00:00+00:00
2026-08-03 17:00:00+00:00,/inventory,12,501.0,414.0,SeasonalNaive,20260909T132210Z,2026-08-03 05:00:00+00:00
2026-08-03 07:00:00+00:00,/inventory,1,339.0,285.0,SeasonalNaive,20260909T132210Z,2026-08-03 06:00:00+00:00
2026-08-03 12:00:00+00:00,/inventory,6,489.0,349.0,SeasonalNaive,20260909T132210Z,2026-08-03 06:00:00+00:00
2026-08-03 18:00:00+00:00,/inventory,12,450.0,310.0,SeasonalNaive,20260909T132210Z,2026-08-03 06:00:00+00:00
2026-08-03 08:00:00+00:00,/inventory,1,384.0,283.0,SeasonalNaive,20260909T132210Z,2026-08-03 07:00:00+00:00
2026-08-03 13:00:00+00:00,/inventory,6,587.0,402.0,SeasonalNaive,20260909T132210Z,2026-08-03 07:00:00+00:00
2026-08-03 19:00:00+00:00,/inventory,12,431.0,290.0,SeasonalNaive,20260909T132210Z,2026-08-03 07:00:00+00:00
2026-08-03 09:00:00+00:00,/inventory,1,451.0,344.0,SeasonalNaive,20260909T132210Z,2026-08-03 08:00:00+00:00
2026-08-03 14:00:00+00:00,/inventory,6,480.0,399.0,SeasonalNaive,20260909T132210Z,2026-08-03 08:00:00+00:00
2026-08-03 20:00:00+00:00,/inventory,12,397.0,209.0,SeasonalNaive,20260909T132210Z,2026-08-03 08:00:00+00:00
2026-08-03 10:00:00+00:00,/inventory,1,469.0,335.0,SeasonalNaive,20260909T132210Z,2026-08-03 09:00:00+00:00
2026-08-03 15:00:00+00:00,/inventory,6,481.0,308.0,SeasonalNaive,20260909T132210Z,2026-08-03 09:00:00+00:00
2026-08-03 21:00:00+00:00,/inventory,12,400.0,310.0,SeasonalNaive,20260909T132210Z,2026-08-03 09:00:00+00:00
2026-08-03 11:00:00+00:00,/inventory,1,468.0,381.0,SeasonalNaive,20260909T132210Z,2026-08-03 10:00:00+00:00
2026-08-03 16:00:00+00:00,/inventory,6,467.0,350.0,SeasonalNaive,20260909T132210Z,2026-08-03 10:00:00+00:00
2026-08-03 22:00:00+00:00,/inventory,12,284.0,237.0,SeasonalNaive,20260909T132210Z,2026-08-03 10:00:00+00:00
2026-08-03 12:00:00+00:00,/inventory,1,489.0,349.0,SeasonalNaive,20260909T132210Z,2026-08-03 11:00:00+00:00
2026-08-03 17:00:00+00:00,/inventory,6,501.0,414.0,SeasonalNaive,20260909T132210Z,2026-08-03 11:00:00+00:00
2026-08-03 23:00:00+00:00,/inventory,12,268.0,254.0,SeasonalNaive,20260909T132210Z,2026-08-03 11:00:00+00:00
2026-08-03 13:00:00+00:00,/inventory,1,587.0,402.0,SeasonalNaive,20260909T132210Z,2026-08-03 12:00:00+00:00
2026-08-03 18:00:00+00:00,/inventory,6,450.0,310.0,SeasonalNaive,20260909T132210Z,2026-08-03 12:00:00+00:00
2026-08-04 00:00:00+00:00,/inventory,12,347.0,288.0,SeasonalNaive,20260909T132210Z,2026-08-03 12:00:00+00:00
2026-08-03 14:00:00+00:00,/inventory,1,480.0,399.0,SeasonalNaive,20260909T132210Z,2026-08-03 13:00:00+00:00
2026-08-03 19:00:00+00:00,/inventory,6,431.0,290.0,SeasonalNaive,20260909T132210Z,2026-08-03 13:00:00+00:00
2026-08-04 01:00:00+00:00,/inventory,12,329.0,262.0,SeasonalNaive,20260909T132210Z,2026-08-03 13:00:00+00:00
2026-08-03 15:00:00+00:00,/inventory,1,481.0,308.0,SeasonalNaive,20260909T132210Z,2026-08-03 14:00:00+00:00
2026-08-03 20:00:00+00:00,/inventory,6,397.0,209.0,SeasonalNaive,20260909T132210Z,2026-08-03 14:00:00+00:00
2026-08-04 02:00:00+00:00,/inventory,12,260.0,283.0,SeasonalNaive,20260909T132210Z,2026-08-03 14:00:00+00:00
2026-08-03 16:00:00+00:00,/inventory,1,467.0,350.0,SeasonalNaive,20260909T132210Z,2026-08-03 15:00:00+00:00
2026-08-03 21:00:00+00:00,/inventory,6,400.0,310.0,SeasonalNaive,20260909T132210Z,2026-08-03 15:00:00+00:00
2026-08-04 03:00:00+00:00,/inventory,12,320.0,379.0,SeasonalNaive,20260909T132210Z,2026-08-03 15:00:00+00:00
2026-08-03 17:00:00+00:00,/inventory,1,501.0,414.0,SeasonalNaive,20260909T132210Z,2026-08-03 16:00:00+00:00
2026-08-03 22:00:00+00:00,/inventory,6,284.0,237.0,SeasonalNaive,20260909T132210Z,2026-08-03 16:00:00+00:00
2026-08-04 04:00:00+00:00,/inventory,12,253.0,259.0,SeasonalNaive,20260909T132210Z,2026-08-03 16:00:00+00:00
2026-08-03 18:00:00+00:00,/inventory,1,450.0,310.0,SeasonalNaive,20260909T132210Z,2026-08-03 17:00:00+00:00
2026-08-03 23:00:00+00:00,/inventory,6,268.0,254.0,SeasonalNaive,20260909T132210Z,2026-08-03 17:00:00+00:00
2026-08-04 05:00:00+00:00,/inventory,12,356.0,311.0,SeasonalNaive,20260909T132210Z,2026-08-03 17:00:00+00:00
2026-08-01 12:00:00+00:00,/orders,1,613.0,548.75,RF,20260909T132210Z,2026-08-01 11:00:00+00:00
2026-08-01 17:00:00+00:00,/orders,6,446.0,508.27,RF,20260909T132210Z,2026-08-01 11:00:00+00:00
2026-08-01 23:00:00+00:00,/orders,12,347.0,443.09,RF,20260909T132210Z,2026-08-01 11:00:00+00:00
2026-08-01 13:00:00+00:00,/orders,1,538.0,545.61,RF,20260909T132210Z,2026-08-01 12:00:00+00:00
2026-08-01 18:00:00+00:00,/orders,6,497.0,706.41,RF,20260909T132210Z,2026-08-01 12:00:00+00:00
2026-08-02 00:00:00+00:00,/orders,12,167.0,519.1,RF,20260909T132210Z,2026-08-01 12:00:00+00:00
2026-08-01 14:00:00+00:00,/orders,1,491.0,622.81,RF,20260909T132210Z,2026-08-01 13:00:00+00:00
2026-08-01 19:00:00+00:00,/orders,6,499.0,487.94,RF,20260909T132210Z,2026-08-01 13:00:00+00:00
2026-08-02 01:00:00+00:00,/orders,12,215.0,400.14,RF,20260909T132210Z,2026-08-01 13:00:00+00:00
2026-08-01 15:00:00+00:00,/orders,1,534.0,551.56,RF,20260909T132210Z,2026-08-01 14:00:00+00:00
2026-08-01 20:00:00+00:00,/orders,6,449.0,494.37,RF,20260909T132210Z,2026-08-01 14:00:00+00:00
2026-08-02 02:00:00+00:00,/orders,12,262.0,395.75,RF,20260909T132210Z,2026-08-01 14:00:00+00:00
2026-08-01 16:00:00+00:00,/orders,1,579.0,528.73,RF,20260909T132210Z,2026-08-01 15:00:00+00:00
2026-08-01 21:00:00+00:00,/orders,6,334.0,471.04,RF,20260909T132210Z,2026-08-01 15:00:00+00:00
2026-08-02 03:00:00+00:00,/orders,12,384.0,362.45,RF,20260909T132210Z,2026-08-01 15:00:00+00:00
2026-08-01 17:00:00+00:00,/orders,1,446.0,509.7,RF,20260909T132210Z,2026-08-01 16:00:00+00:00
2026-08-01 22:00:00+00:00,/orders,6,373.0,501.76,RF,20260909T132210Z,2026-08-01 16:00:00+00:00
2026-08-02 04:00:00+00:00,/orders,12,347.0,363.49,RF,20260909T132210Z,2026-08-01 16:00:00+00:00
2026-08-01 18:00:00+00:00,/orders,1,497.0,523.56,RF,20260909T132210Z,2026-08-01 17:00:00+00:00
2026-08-01 23:00:00+00:00,/orders,6,347.0,441.66,RF,20260909T132210Z,2026-08-01 17:00:00+00:00
2026-08-02 05:00:00+00:00,/orders,12,336.0,387.78,RF,20260909T132210Z,2026-08-01 17:00:00+00:00
2026-08-01 19:00:00+00:00,/orders,1,499.0,470.24,RF,20260909T132210Z,2026-08-01 18:00:00+00:00
2026-08-02 00:00:00+00:00,/orders,6,167.0,423.25,RF,20260909T132210Z,2026-08-01 18:00:00+00:00
2026-08-02 06:00:00+00:00,/orders,12,347.0,345.27,RF,20260909T132210Z,2026-08-01 18:00:00+00:00
2026-08-01 20:00:00+00:00,/orders,1,449.0,491.11,RF,20260909T132210Z,2026-08-01 19:00:00+00:00
2026-08-02 01:00:00+00:00,/orders,6,215.0,392.88,RF,20260909T132210Z,2026-08-01 19:00:00+00:00
2026-08-02 07:00:00+00:00,/orders,12,328.0,334.88,RF,20260909T132210Z,2026-08-01 19:00:00+00:00
2026-08-01 21:00:00+00:00,/orders,1,334.0,481.72,RF,20260909T132210Z,2026-08-01 20:00:00+00:00
2026-08-02 02:00:00+00:00,/orders,6,262.0,399.06,RF,20260909T132210Z,2026-08-01 20:00:00+00:00
2026-08-02 08:00:00+00:00,/orders,12,439.0,370.62,RF,20260909T132210Z,2026-08-01 20:00:00+00:00
2026-08-01 22:00:00+00:00,/orders,1,373.0,462.91,RF,20260909T132210Z,2026-08-01 21:00:00+00:00
2026-08-02 03:00:00+00:00,/orders,6,384.0,332.84,RF,20260909T132210Z,2026-08-01 21:00:00+00:00
2026-08-02 09:00:00+00:00,/orders,12,454.0,390.44,RF,20260909T132210Z,2026-08-01 21:00:00+00:00
2026-08-01 23:00:00+00:00,/orders,1,347.0,378.07,RF,20260909T132210Z,2026-08-01 22:00:00+00:00
2026-08-02 04:00:00+00:00,/orders,6,347.0,331.18,RF,20260909T132210Z,2026-08-01 22:00:00+00:00
2026-08-02 10:00:00+00:00,/orders,12,420.0,379.76,RF,20260909T132210Z,2026-08-01 22:00:00+00:00
2026-08-02 00:00:00+00:00,/orders,1,167.0,363.06,RF,20260909T132210Z,2026-08-01 23:00:00+00:00
2026-08-02 05:00:00+00:00,/orders,6,336.0,362.63,RF,20260909T132210Z,2026-08-01 23:00:00+00:00
2026-08-02 11:00:00+00:00,/orders,12,607.0,397.2,RF,20260909T132210Z,2026-08-01 23:00:00+00:00
2026-08-02 01:00:00+00:00,/orders,1,215.0,316.4,RF,20260909T132210Z,2026-08-02 00:00:00+00:00
2026-08-02 06:00:00+00:00,/orders,6,347.0,334.25,RF,20260909T132210Z,2026-08-02 00:00:00+00:00
2026-08-02 12:00:00+00:00,/orders,12,534.0,429.89,RF,20260909T132210Z,2026-08-02 00:00:00+00:00
2026-08-02 02:00:00+00:00,/orders,1,262.0,328.55,RF,20260909T132210Z,2026-08-02 01:00:00+00:00
2026-08-02 07:00:00+00:00,/orders,6,328.0,338.78,RF,20260909T132210Z,2026-08-02 01:00:00+00:00
2026-08-02 13:00:00+00:00,/orders,12,572.0,487.79,RF,20260909T132210Z,2026-08-02 01:00:00+00:00
2026-08-02 03:00:00+00:00,/orders,1,384.0,337.58,RF,20260909T132210Z,2026-08-02 02:00:00+00:00
2026-08-02 08:00:00+00:00,/orders,6,439.0,359.96,RF,20260909T132210Z,2026-08-02 02:00:00+00:00
2026-08-02 14:00:00+00:00,/orders,12,500.0,458.74,RF,20260909T132210Z,2026-08-02 02:00:00+00:00
2026-08-02 04:00:00+00:00,/orders,1,347.0,346.52,RF,20260909T132210Z,2026-08-02 03:00:00+00:00
2026-08-02 09:00:00+00:00,/orders,6,454.0,395.5,RF,20260909T132210Z,2026-08-02 03:00:00+00:00
2026-08-02 15:00:00+00:00,/orders,12,485.0,494.46,RF,20260909T132210Z,2026-08-02 03:00:00+00:00
2026-08-02 05:00:00+00:00,/orders,1,336.0,341.78,RF,20260909T132210Z,2026-08-02 04:00:00+00:00
2026-08-02 10:00:00+00:00,/orders,6,420.0,401.84,RF,20260909T132210Z,2026-08-02 04:00:00+00:00
2026-08-02 16:00:00+00:00,/orders,12,567.0,523.42,RF,20260909T132210Z,2026-08-02 04:00:00+00:00
2026-08-02 06:00:00+00:00,/orders,1,347.0,345.32,RF,20260909T132210Z,2026-08-02 05:00:00+00:00
2026-08-02 11:00:00+00:00,/orders,6,607.0,411.41,RF,20260909T132210Z,2026-08-02 05:00:00+00:00
2026-08-02 17:00:00+00:00,/orders,12,476.0,524.41,RF,20260909T132210Z,2026-08-02 05:00:00+00:00
2026-08-02 07:00:00+00:00,/orders,1,328.0,355.49,RF,20260909T132210Z,2026-08-02 06:00:00+00:00
2026-08-02 12:00:00+00:00,/orders,6,534.0,424.04,RF,20260909T132210Z,2026-08-02 06:00:00+00:00
2026-08-02 18:00:00+00:00,/orders,12,521.0,511.09,RF,20260909T132210Z,2026-08-02 06:00:00+00:00
2026-08-02 08:00:00+00:00,/orders,1,439.0,359.88,RF,20260909T132210Z,2026-08-02 07:00:00+00:00
2026-08-02 13:00:00+00:00,/orders,6,572.0,488.6,RF,20260909T132210Z,2026-08-02 07:00:00+00:00
2026-08-02 19:00:00+00:00,/orders,12,399.0,517.42,RF,20260909T132210Z,2026-08-02 07:00:00+00:00
2026-08-02 09:00:00+00:00,/orders,1,454.0,409.91,RF,20260909T132210Z,2026-08-02 08:00:00+00:00
2026-08-02 14:00:00+00:00,/orders,6,500.0,543.34,RF,20260909T132210Z,2026-08-02 08:00:00+00:00
2026-08-02 20:00:00+00:00,/orders,12,384.0,505.2,RF,20260909T132210Z,2026-08-02 08:00:00+00:00
2026-08-02 10:00:00+00:00,/orders,1,420.0,456.8,RF,20260909T132210Z,2026-08-02 09:00:00+00:00
2026-08-02 15:00:00+00:00,/orders,6,485.0,524.43,RF,20260909T132210Z,2026-08-02 09:00:00+00:00
2026-08-02 21:00:00+00:00,/orders,12,428.0,491.57,RF,20260909T132210Z,2026-08-02 09:00:00+00:00
2026-08-02 11:00:00+00:00,/orders,1,607.0,483.61,RF,20260909T132210Z,2026-08-02 10:00:00+00:00
2026-08-02 16:00:00+00:00,/orders,6,567.0,522.34,RF,20260909T132210Z,2026-08-02 10:00:00+00:00
2026-08-02 22:00:00+00:00,/orders,12,325.0,466.14,RF,20260909T132210Z,2026-08-02 10:00:00+00:00
2026-08-02 12:00:00+00:00,/orders,1,534.0,445.13,RF,20260909T132210Z,2026-08-02 11:00:00+00:00
2026-08-02 17:00:00+00:00,/orders,6,476.0,591.32,RF,20260909T132210Z,2026-08-02 11:00:00+00:00
2026-08-02 23:00:00+00:00,/orders,12,355.0,449.12,RF,20260909T132210Z,2026-08-02 11:00:00+00:00
2026-08-02 13:00:00+00:00,/orders,1,572.0,585.39,RF,20260909T132210Z,2026-08-02 12:00:00+00:00
2026-08-02 18:00:00+00:00,/orders,6,521.0,496.42,RF,20260909T132210Z,2026-08-02 12:00:00+00:00
2026-08-03 00:00:00+00:00,/orders,12,478.0,387.34,RF,20260909T132210Z,2026-08-02 12:00:00+00:00
2026-08-02 14:00:00+00:00,/orders,1,500.0,536.71,RF,20260909T132210Z,2026-08-02 13:00:00+00:00
2026-08-02 19:00:00+00:00,/orders,6,399.0,510.5,RF,20260909T132210Z,2026-08-02 13:00:00+00:00
2026-08-03 01:00:00+00:00,/orders,12,354.0,430.68,RF,20260909T132210Z,2026-08-02 13:00:00+00:00
2026-08-02 15:00:00+00:00,/orders,1,485.0,556.74,RF,20260909T132210Z,2026-08-02 14:00:00+00:00
2026-08-02 20:00:00+00:00,/orders,6,384.0,487.07,RF,20260909T132210Z,2026-08-02 14:00:00+00:00
2026-08-03 02:00:00+00:00,/orders,12,433.0,423.85,RF,20260909T132210Z,2026-08-02 14:00:00+00:00
2026-08-02 16:00:00+00:00,/orders,1,567.0,524.12,RF,20260909T132210Z,2026-08-02 15:00:00+00:00
2026-08-02 21:00:00+00:00,/orders,6,428.0,498.96,RF,20260909T132210Z,2026-08-02 15:00:00+00:00
2026-08-03 03:00:00+00:00,/orders,12,383.0,440.26,RF,20260909T132210Z,2026-08-02 15:00:00+00:00
2026-08-02 17:00:00+00:00,/orders,1,476.0,525.97,RF,20260909T132210Z,2026-08-02 16:00:00+00:00
2026-08-02 22:00:00+00:00,/orders,6,325.0,458.76,RF,20260909T132210Z,2026-08-02 16:00:00+00:00
2026-08-03 04:00:00+00:00,/orders,12,494.0,457.32,RF,20260909T132210Z,2026-08-02 16:00:00+00:00
2026-08-02 18:00:00+00:00,/orders,1,521.0,511.99,RF,20260909T132210Z,2026-08-02 17:00:00+00:00
2026-08-02 23:00:00+00:00,/orders,6,355.0,442.91,RF,20260909T132210Z,2026-08-02 17:00:00+00:00
2026-08-03 05:00:00+00:00,/orders,12,463.0,445.75,RF,20260909T132210Z,2026-08-02 17:00:00+00:00
2026-08-02 19:00:00+00:00,/orders,1,399.0,495.25,RF,20260909T132210Z,2026-08-02 18:00:00+00:00
2026-08-03 00:00:00+00:00,/orders,6,478.0,424.36,RF,20260909T132210Z,2026-08-02 18:00:00+00:00
2026-08-03 06:00:00+00:00,/orders,12,453.0,464.88,RF,20260909T132210Z,2026-08-02 18:00:00+00:00
2026-08-02 20:00:00+00:00,/orders,1,384.0,508.59,RF,20260909T132210Z,2026-08-02 19:00:00+00:00
2026-08-03 01:00:00+00:00,/orders,6,354.0,464.89,RF,20260909T132210Z,2026-08-02 19:00:00+00:00
2026-08-03 07:00:00+00:00,/orders,12,512.0,463.85,RF,20260909T132210Z,2026-08-02 19:00:00+00:00
2026-08-02 21:00:00+00:00,/orders,1,428.0,406.69,RF,20260909T132210Z,2026-08-02 20:00:00+00:00
2026-08-03 02:00:00+00:00,/orders,6,433.0,399.8,RF,20260909T132210Z,2026-08-02 20:00:00+00:00
2026-08-03 08:00:00+00:00,/orders,12,538.0,472.58,RF,20260909T132210Z,2026-08-02 20:00:00+00:00
2026-08-02 22:00:00+00:00,/orders,1,325.0,362.28,RF,20260909T132210Z,2026-08-02 21:00:00+00:00
2026-08-03 03:00:00+00:00,/orders,6,383.0,454.09,RF,20260909T132210Z,2026-08-02 21:00:00+00:00
2026-08-03 09:00:00+00:00,/orders,12,655.0,504.92,RF,20260909T132210Z,2026-08-02 21:00:00+00:00
2026-08-02 23:00:00+00:00,/orders,1,355.0,407.85,RF,20260909T132210Z,2026-08-02 22:00:00+00:00
2026-08-03 04:00:00+00:00,/orders,6,494.0,439.63,RF,20260909T132210Z,2026-08-02 22:00:00+00:00
2026-08-03 10:00:00+00:00,/orders,12,789.0,531.45,RF,20260909T132210Z,2026-08-02 22:00:00+00:00
2026-08-03 00:00:00+00:00,/orders,1,478.0,376.79,RF,20260909T132210Z,2026-08-02 23:00:00+00:00
2026-08-03 05:00:00+00:00,/orders,6,463.0,445.62,RF,20260909T132210Z,2026-08-02 23:00:00+00:00
2026-08-03 11:00:00+00:00,/orders,12,716.0,510.39,RF,20260909T132210Z,2026-08-02 23:00:00+00:00
2026-08-03 01:00:00+00:00,/orders,1,354.0,442.55,RF,20260909T132210Z,2026-08-03 00:00:00+00:00
2026-08-03 06:00:00+00:00,/orders,6,453.0,445.57,RF,20260909T132210Z,2026-08-03 00:00:00+00:00
2026-08-03 12:00:00+00:00,/orders,12,672.0,573.31,RF,20260909T132210Z,2026-08-03 00:00:00+00:00
2026-08-03 02:00:00+00:00,/orders,1,433.0,476.27,RF,20260909T132210Z,2026-08-03 01:00:00+00:00
2026-08-03 07:00:00+00:00,/orders,6,512.0,439.79,RF,20260909T132210Z,2026-08-03 01:00:00+00:00
2026-08-03 13:00:00+00:00,/orders,12,683.0,572.43,RF,20260909T132210Z,2026-08-03 01:00:00+00:00
2026-08-03 03:00:00+00:00,/orders,1,383.0,391.71,RF,20260909T132210Z,2026-08-03 02:00:00+00:00
2026-08-03 08:00:00+00:00,/orders,6,538.0,456.86,RF,20260909T132210Z,2026-08-03 02:00:00+00:00
2026-08-03 14:00:00+00:00,/orders,12,763.0,583.84,RF,20260909T132210Z,2026-08-03 02:00:00+00:00
2026-08-03 04:00:00+00:00,/orders,1,494.0,438.86,RF,20260909T132210Z,2026-08-03 03:00:00+00:00
2026-08-03 09:00:00+00:00,/orders,6,655.0,494.13,RF,20260909T132210Z,2026-08-03 03:00:00+00:00
2026-08-03 15:00:00+00:00,/orders,12,691.0,560.51,RF,20260909T132210Z,2026-08-03 03:00:00+00:00
2026-08-03 05:00:00+00:00,/orders,1,463.0,396.4,RF,20260909T132210Z,2026-08-03 04:00:00+00:00
2026-08-03 10:00:00+00:00,/orders,6,789.0,547.38,RF,20260909T132210Z,2026-08-03 04:00:00+00:00
2026-08-03 16:00:00+00:00,/orders,12,670.0,589.27,RF,20260909T132210Z,2026-08-03 04:00:00+00:00
2026-08-03 06:00:00+00:00,/orders,1,453.0,476.81,RF,20260909T132210Z,2026-08-03 05:00:00+00:00
2026-08-03 11:00:00+00:00,/orders,6,716.0,530.6,RF,20260909T132210Z,2026-08-03 05:00:00+00:00
2026-08-03 17:00:00+00:00,/orders,12,756.0,533.28,RF,20260909T132210Z,2026-08-03 05:00:00+00:00
2026-08-03 07:00:00+00:00,/orders,1,512.0,470.82,RF,20260909T132210Z,2026-08-03 06:00:00+00:00
2026-08-03 12:00:00+00:00,/orders,6,672.0,585.47,RF,20260909T132210Z,2026-08-03 06:00:00+00:00
2026-08-03 18:00:00+00:00,/orders,12,697.0,574.9,RF,20260909T132210Z,2026-08-03 06:00:00+00:00
2026-08-03 08:00:00+00:00,/orders,1,538.0,469.69,RF,20260909T132210Z,2026-08-03 07:00:00+00:00
2026-08-03 13:00:00+00:00,/orders,6,683.0,565.37,RF,20260909T132210Z,2026-08-03 07:00:00+00:00
2026-08-03 19:00:00+00:00,/orders,12,698.0,515.51,RF,20260909T132210Z,2026-08-03 07:00:00+00:00
2026-08-03 09:00:00+00:00,/orders,1,655.0,545.07,RF,20260909T132210Z,2026-08-03 08:00:00+00:00
2026-08-03 14:00:00+00:00,/orders,6,763.0,600.0,RF,20260909T132210Z,2026-08-03 08:00:00+00:00
2026-08-03 20:00:00+00:00,/orders,12,676.0,498.53,RF,20260909T132210Z,2026-08-03 08:00:00+00:00
2026-08-03 10:00:00+00:00,/orders,1,789.0,549.9,RF,20260909T132210Z,2026-08-03 09:00:00+00:00
2026-08-03 15:00:00+00:00,/orders,6,691.0,749.5,RF,20260909T132210Z,2026-08-03 09:00:00+00:00
2026-08-03 21:00:00+00:00,/orders,12,552.0,627.08,RF,20260909T132210Z,2026-08-03 09:00:00+00:00
2026-08-03 11:00:00+00:00,/orders,1,716.0,681.46,RF,20260909T132210Z,2026-08-03 10:00:00+00:00
2026-08-03 16:00:00+00:00,/orders,6,670.0,767.02,RF,20260909T132210Z,2026-08-03 10:00:00+00:00
2026-08-03 22:00:00+00:00,/orders,12,440.0,545.77,RF,20260909T132210Z,2026-08-03 10:00:00+00:00
2026-08-03 12:00:00+00:00,/orders,1,672.0,723.37,RF,20260909T132210Z,2026-08-03 11:00:00+00:00
2026-08-03 17:00:00+00:00,/orders,6,756.0,768.17,RF,20260909T132210Z,2026-08-03 11:00:00+00:00
2026-08-03 23:00:00+00:00,/orders,12,502.0,493.02,RF,20260909T132210Z,2026-08-03 11:00:00+00:00
2026-08-03 13:00:00+00:00,/orders,1,683.0,733.05,RF,20260909T132210Z,2026-08-03 12:00:00+00:00
2026-08-03 18:00:00+00:00,/orders,6,697.0,760.45,RF,20260909T132210Z,2026-08-03 12:00:00+00:00
2026-08-04 00:00:00+00:00,/orders,12,431.0,467.75,RF,20260909T132210Z,2026-08-03 12:00:00+00:00
2026-08-03 14:00:00+00:00,/orders,1,763.0,760.09,RF,20260909T132210Z,2026-08-03 13:00:00+00:00
2026-08-03 19:00:00+00:00,/orders,6,698.0,646.37,RF,20260909T132210Z,2026-08-03 13:00:00+00:00
2026-08-04 01:00:00+00:00,/orders,12,468.0,507.94,RF,20260909T132210Z,2026-08-03 13:00:00+00:00
2026-08-03 15:00:00+00:00,/orders,1,691.0,750.58,RF,20260909T132210Z,2026-08-03 14:00:00+00:00
2026-08-03 20:00:00+00:00,/orders,6,676.0,641.5,RF,20260909T132210Z,2026-08-03 14:00:00+00:00
2026-08-04 02:00:00+00:00,/orders,12,374.0,427.81,RF,20260909T132210Z,2026-08-03 14:00:00+00:00
2026-08-03 16:00:00+00:00,/orders,1,670.0,757.96,RF,20260909T132210Z,2026-08-03 15:00:00+00:00
2026-08-03 21:00:00+00:00,/orders,6,552.0,564.71,RF,20260909T132210Z,2026-08-03 15:00:00+00:00
2026-08-04 03:00:00+00:00,/orders,12,436.0,429.66,RF,20260909T132210Z,2026-08-03 15:00:00+00:00
2026-08-03 17:00:00+00:00,/orders,1,756.0,743.22,RF,20260909T132210Z,2026-08-03 16:00:00+00:00
2026-08-03 22:00:00+00:00,/orders,6,440.0,562.97,RF,20260909T132210Z,2026-08-03 16:00:00+00:00
2026-08-04 04:00:00+00:00,/orders,12,461.0,399.49,RF,20260909T132210Z,2026-08-03 16:00:00+00:00
2026-08-03 18:00:00+00:00,/orders,1,697.0,748.9,RF,20260909T132210Z,2026-08-03 17:00:00+00:00
2026-08-03 23:00:00+00:00,/orders,6,502.0,501.22,RF,20260909T132210Z,2026-08-03 17:00:00+00:00
2026-08-04 05:00:00+00:00,/orders,12,501.0,445.47,RF,20260909T132210Z,2026-08-03 17:00:00+00:00
2026-08-01 12:00:00+00:00,/orders,1,613.0,502.0,Persistence,20260909T132210Z,2026-08-01 11:00:00+00:00
2026-08-01 17:00:00+00:00,/orders,6,446.0,502.0,Persistence,20260909T132210Z,2026-08-01 11:00:00+00:00
2026-08-01 23:00:00+00:00,/orders,12,347.0,502.0,Persistence,20260909T132210Z,2026-08-01 11:00:00+00:00
2026-08-01 13:00:00+00:00,/orders,1,538.0,613.0,Persistence,20260909T132210Z,2026-08-01 12:00:00+00:00
2026-08-01 18:00:00+00:00,/orders,6,497.0,613.0,Persistence,20260909T132210Z,2026-08-01 12:00:00+00:00
2026-08-02 00:00:00+00:00,/orders,12,167.0,613.0,Persistence,20260909T132210Z,2026-08-01 12:00:00+00:00
2026-08-01 14:00:00+00:00,/orders,1,491.0,538.0,Persistence,20260909T132210Z,2026-08-01 13:00:00+00:00
2026-08-01 19:00:00+00:00,/orders,6,499.0,538.0,Persistence,20260909T132210Z,2026-08-01 13:00:00+00:00
2026-08-02 01:00:00+00:00,/orders,12,215.0,538.0,Persistence,20260909T132210Z,2026-08-01 13:00:00+00:00
2026-08-01 15:00:00+00:00,/orders,1,534.0,491.0,Persistence,20260909T132210Z,2026-08-01 14:00:00+00:00
2026-08-01 20:00:00+00:00,/orders,6,449.0,491.0,Persistence,20260909T132210Z,2026-08-01 14:00:00+00:00
2026-08-02 02:00:00+00:00,/orders,12,262.0,491.0,Persistence,20260909T132210Z,2026-08-01 14:00:00+00:00
2026-08-01 16:00:00+00:00,/orders,1,579.0,534.0,Persistence,20260909T132210Z,2026-08-01 15:00:00+00:00
2026-08-01 21:00:00+00:00,/orders,6,334.0,534.0,Persistence,20260909T132210Z,2026-08-01 15:00:00+00:00
2026-08-02 03:00:00+00:00,/orders,12,384.0,534.0,Persistence,20260909T132210Z,2026-08-01 15:00:00+00:00
2026-08-01 17:00:00+00:00,/orders,1,446.0,579.0,Persistence,20260909T132210Z,2026-08-01 16:00:00+00:00
2026-08-01 22:00:00+00:00,/orders,6,373.0,579.0,Persistence,20260909T132210Z,2026-08-01 16:00:00+00:00
2026-08-02 04:00:00+00:00,/orders,12,347.0,579.0,Persistence,20260909T132210Z,2026-08-01 16:00:00+00:00
2026-08-01 18:00:00+00:00,/orders,1,497.0,446.0,Persistence,20260909T132210Z,2026-08-01 17:00:00+00:00
2026-08-01 23:00:00+00:00,/orders,6,347.0,446.0,Persistence,20260909T132210Z,2026-08-01 17:00:00+00:00
2026-08-02 05:00:00+00:00,/orders,12,336.0,446.0,Persistence,20260909T132210Z,2026-08-01 17:00:00+00:00
2026-08-01 19:00:00+00:00,/orders,1,499.0,497.0,Persistence,20260909T132210Z,2026-08-01 18:00:00+00:00
2026-08-02 00:00:00+00:00,/orders,6,167.0,497.0,Persistence,20260909T132210Z,2026-08-01 18:00:00+00:00
2026-08-02 06:00:00+00:00,/orders,12,347.0,497.0,Persistence,20260909T132210Z,2026-08-01 18:00:00+00:00
2026-08-01 20:00:00+00:00,/orders,1,449.0,499.0,Persistence,20260909T132210Z,2026-08-01 19:00:00+00:00
2026-08-02 01:00:00+00:00,/orders,6,215.0,499.0,Persistence,20260909T132210Z,2026-08-01 19:00:00+00:00
2026-08-02 07:00:00+00:00,/orders,12,328.0,499.0,Persistence,20260909T132210Z,2026-08-01 19:00:00+00:00
2026-08-01 21:00:00+00:00,/orders,1,334.0,449.0,Persistence,20260909T132210Z,2026-08-01 20:00:00+00:00
2026-08-02 02:00:00+00:00,/orders,6,262.0,449.0,Persistence,20260909T132210Z,2026-08-01 20:00:00+00:00
2026-08-02 08:00:00+00:00,/orders,12,439.0,449.0,Persistence,20260909T132210Z,2026-08-01 20:00:00+00:00
2026-08-01 22:00:00+00:00,/orders,1,373.0,334.0,Persistence,20260909T132210Z,2026-08-01 21:00:00+00:00
2026-08-02 03:00:00+00:00,/orders,6,384.0,334.0,Persistence,20260909T132210Z,2026-08-01 21:00:00+00:00
2026-08-02 09:00:00+00:00,/orders,12,454.0,334.0,Persistence,20260909T132210Z,2026-08-01 21:00:00+00:00
2026-08-01 23:00:00+00:00,/orders,1,347.0,373.0,Persistence,20260909T132210Z,2026-08-01 22:00:00+00:00
2026-08-02 04:00:00+00:00,/orders,6,347.0,373.0,Persistence,20260909T132210Z,2026-08-01 22:00:00+00:00
2026-08-02 10:00:00+00:00,/orders,12,420.0,373.0,Persistence,20260909T132210Z,2026-08-01 22:00:00+00:00
2026-08-02 00:00:00+00:00,/orders,1,167.0,347.0,Persistence,20260909T132210Z,2026-08-01 23:00:00+00:00
2026-08-02 05:00:00+00:00,/orders,6,336.0,347.0,Persistence,20260909T132210Z,2026-08-01 23:00:00+00:00
2026-08-02 11:00:00+00:00,/orders,12,607.0,347.0,Persistence,20260909T132210Z,2026-08-01 23:00:00+00:00
2026-08-02 01:00:00+00:00,/orders,1,215.0,167.0,Persistence,20260909T132210Z,2026-08-02 00:00:00+00:00
2026-08-02 06:00:00+00:00,/orders,6,347.0,167.0,Persistence,20260909T132210Z,2026-08-02 00:00:00+00:00
2026-08-02 12:00:00+00:00,/orders,12,534.0,167.0,Persistence,20260909T132210Z,2026-08-02 00:00:00+00:00
2026-08-02 02:00:00+00:00,/orders,1,262.0,215.0,Persistence,20260909T132210Z,2026-08-02 01:00:00+00:00
2026-08-02 07:00:00+00:00,/orders,6,328.0,215.0,Persistence,20260909T132210Z,2026-08-02 01:00:00+00:00
2026-08-02 13:00:00+00:00,/orders,12,572.0,215.0,Persistence,20260909T132210Z,2026-08-02 01:00:00+00:00
2026-08-02 03:00:00+00:00,/orders,1,384.0,262.0,Persistence,20260909T132210Z,2026-08-02 02:00:00+00:00
2026-08-02 08:00:00+00:00,/orders,6,439.0,262.0,Persistence,20260909T132210Z,2026-08-02 02:00:00+00:00
2026-08-02 14:00:00+00:00,/orders,12,500.0,262.0,Persistence,20260909T132210Z,2026-08-02 02:00:00+00:00
2026-08-02 04:00:00+00:00,/orders,1,347.0,384.0,Persistence,20260909T132210Z,2026-08-02 03:00:00+00:00
2026-08-02 09:00:00+00:00,/orders,6,454.0,384.0,Persistence,20260909T132210Z,2026-08-02 03:00:00+00:00
2026-08-02 15:00:00+00:00,/orders,12,485.0,384.0,Persistence,20260909T132210Z,2026-08-02 03:00:00+00:00
2026-08-02 05:00:00+00:00,/orders,1,336.0,347.0,Persistence,20260909T132210Z,2026-08-02 04:00:00+00:00
2026-08-02 10:00:00+00:00,/orders,6,420.0,347.0,Persistence,20260909T132210Z,2026-08-02 04:00:00+00:00
2026-08-02 16:00:00+00:00,/orders,12,567.0,347.0,Persistence,20260909T132210Z,2026-08-02 04:00:00+00:00
2026-08-02 06:00:00+00:00,/orders,1,347.0,336.0,Persistence,20260909T132210Z,2026-08-02 05:00:00+00:00
2026-08-02 11:00:00+00:00,/orders,6,607.0,336.0,Persistence,20260909T132210Z,2026-08-02 05:00:00+00:00
2026-08-02 17:00:00+00:00,/orders,12,476.0,336.0,Persistence,20260909T132210Z,2026-08-02 05:00:00+00:00
2026-08-02 07:00:00+00:00,/orders,1,328.0,347.0,Persistence,20260909T132210Z,2026-08-02 06:00:00+00:00
2026-08-02 12:00:00+00:00,/orders,6,534.0,347.0,Persistence,20260909T132210Z,2026-08-02 06:00:00+00:00
2026-08-02 18:00:00+00:00,/orders,12,521.0,347.0,Persistence,20260909T132210Z,2026-08-02 06:00:00+00:00
2026-08-02 08:00:00+00:00,/orders,1,439.0,328.0,Persistence,20260909T132210Z,2026-08-02 07:00:00+00:00
2026-08-02 13:00:00+00:00,/orders,6,572.0,328.0,Persistence,20260909T132210Z,2026-08-02 07:00:00+00:00
2026-08-02 19:00:00+00:00,/orders,12,399.0,328.0,Persistence,20260909T132210Z,2026-08-02 07:00:00+00:00
2026-08-02 09:00:00+00:00,/orders,1,454.0,439.0,Persistence,20260909T132210Z,2026-08-02 08:00:00+00:00
2026-08-02 14:00:00+00:00,/orders,6,500.0,439.0,Persistence,20260909T132210Z,2026-08-02 08:00:00+00:00
2026-08-02 20:00:00+00:00,/orders,12,384.0,439.0,Persistence,20260909T132210Z,2026-08-02 08:00:00+00:00
2026-08-02 10:00:00+00:00,/orders,1,420.0,454.0,Persistence,20260909T132210Z,2026-08-02 09:00:00+00:00
2026-08-02 15:00:00+00:00,/orders,6,485.0,454.0,Persistence,20260909T132210Z,2026-08-02 09:00:00+00:00
2026-08-02 21:00:00+00:00,/orders,12,428.0,454.0,Persistence,20260909T132210Z,2026-08-02 09:00:00+00:00
2026-08-02 11:00:00+00:00,/orders,1,607.0,420.0,Persistence,20260909T132210Z,2026-08-02 10:00:00+00:00
2026-08-02 16:00:00+00:00,/orders,6,567.0,420.0,Persistence,20260909T132210Z,2026-08-02 10:00:00+00:00
2026-08-02 22:00:00+00:00,/orders,12,325.0,420.0,Persistence,20260909T132210Z,2026-08-02 10:00:00+00:00
2026-08-02 12:00:00+00:00,/orders,1,534.0,607.0,Persistence,20260909T132210Z,2026-08-02 11:00:00+00:00
2026-08-02 17:00:00+00:00,/orders,6,476.0,607.0,Persistence,20260909T132210Z,2026-08-02 11:00:00+00:00
2026-08-02 23:00:00+00:00,/orders,12,355.0,607.0,Persistence,20260909T132210Z,2026-08-02 11:00:00+00:00
2026-08-02 13:00:00+00:00,/orders,1,572.0,534.0,Persistence,20260909T132210Z,2026-08-02 12:00:00+00:00
2026-08-02 18:00:00+00:00,/orders,6,521.0,534.0,Persistence,20260909T132210Z,2026-08-02 12:00:00+00:00
2026-08-03 00:00:00+00:00,/orders,12,478.0,534.0,Persistence,20260909T132210Z,2026-08-02 12:00:00+00:00
2026-08-02 14:00:00+00:00,/orders,1,500.0,572.0,Persistence,20260909T132210Z,2026-08-02 13:00:00+00:00
2026-08-02 19:00:00+00:00,/orders,6,399.0,572.0,Persistence,20260909T132210Z,2026-08-02 13:00:00+00:00
2026-08-03 01:00:00+00:00,/orders,12,354.0,572.0,Persistence,20260909T132210Z,2026-08-02 13:00:00+00:00
2026-08-02 15:00:00+00:00,/orders,1,485.0,500.0,Persistence,20260909T132210Z,2026-08-02 14:00:00+00:00
2026-08-02 20:00:00+00:00,/orders,6,384.0,500.0,Persistence,20260909T132210Z,2026-08-02 14:00:00+00:00
2026-08-03 02:00:00+00:00,/orders,12,433.0,500.0,Persistence,20260909T132210Z,2026-08-02 14:00:00+00:00
2026-08-02 16:00:00+00:00,/orders,1,567.0,485.0,Persistence,20260909T132210Z,2026-08-02 15:00:00+00:00
2026-08-02 21:00:00+00:00,/orders,6,428.0,485.0,Persistence,20260909T132210Z,2026-08-02 15:00:00+00:00
2026-08-03 03:00:00+00:00,/orders,12,383.0,485.0,Persistence,20260909T132210Z,2026-08-02 15:00:00+00:00
2026-08-02 17:00:00+00:00,/orders,1,476.0,567.0,Persistence,20260909T132210Z,2026-08-02 16:00:00+00:00
2026-08-02 22:00:00+00:00,/orders,6,325.0,567.0,Persistence,20260909T132210Z,2026-08-02 16:00:00+00:00
2026-08-03 04:00:00+00:00,/orders,12,494.0,567.0,Persistence,20260909T132210Z,2026-08-02 16:00:00+00:00
2026-08-02 18:00:00+00:00,/orders,1,521.0,476.0,Persistence,20260909T132210Z,2026-08-02 17:00:00+00:00
2026-08-02 23:00:00+00:00,/orders,6,355.0,476.0,Persistence,20260909T132210Z,2026-08-02 17:00:00+00:00
2026-08-03 05:00:00+00:00,/orders,12,463.0,476.0,Persistence,20260909T132210Z,2026-08-02 17:00:00+00:00
2026-08-02 19:00:00+00:00,/orders,1,399.0,521.0,Persistence,20260909T132210Z,2026-08-02 18:00:00+00:00
2026-08-03 00:00:00+00:00,/orders,6,478.0,521.0,Persistence,20260909T132210Z,2026-08-02 18:00:00+00:00
2026-08-03 06:00:00+00:00,/orders,12,453.0,521.0,Persistence,20260909T132210Z,2026-08-02 18:00:00+00:00
2026-08-02 20:00:00+00:00,/orders,1,384.0,399.0,Persistence,20260909T132210Z,2026-08-02 19:00:00+00:00
2026-08-03 01:00:00+00:00,/orders,6,354.0,399.0,Persistence,20260909T132210Z,2026-08-02 19:00:00+00:00
2026-08-03 07:00:00+00:00,/orders,12,512.0,399.0,Persistence,20260909T132210Z,2026-08-02 19:00:00+00:00
2026-08-02 21:00:00+00:00,/orders,1,428.0,384.0,Persistence,20260909T132210Z,2026-08-02 20:00:00+00:00
2026-08-03 02:00:00+00:00,/orders,6,433.0,384.0,Persistence,20260909T132210Z,2026-08-02 20:00:00+00:00
2026-08-03 08:00:00+00:00,/orders,12,538.0,384.0,Persistence,20260909T132210Z,2026-08-02 20:00:00+00:00
2026-08-02 22:00:00+00:00,/orders,1,325.0,428.0,Persistence,20260909T132210Z,2026-08-02 21:00:00+00:00
2026-08-03 03:00:00+00:00,/orders,6,383.0,428.0,Persistence,20260909T132210Z,2026-08-02 21:00:00+00:00
2026-08-03 09:00:00+00:00,/orders,12,655.0,428.0,Persistence,20260909T132210Z,2026-08-02 21:00:00+00:00
2026-08-02 23:00:00+00:00,/orders,1,355.0,325.0,Persistence,20260909T132210Z,2026-08-02 22:00:00+00:00
2026-08-03 04:00:00+00:00,/orders,6,494.0,325.0,Persistence,20260909T132210Z,2026-08-02 22:00:00+00:00
2026-08-03 10:00:00+00:00,/orders,12,789.0,325.0,Persistence,20260909T132210Z,2026-08-02 22:00:00+00:00
2026-08-03 00:00:00+00:00,/orders,1,478.0,355.0,Persistence,20260909T132210Z,2026-08-02 23:00:00+00:00
2026-08-03 05:00:00+00:00,/orders,6,463.0,355.0,Persistence,20260909T132210Z,2026-08-02 23:00:00+00:00
2026-08-03 11:00:00+00:00,/orders,12,716.0,355.0,Persistence,20260909T132210Z,2026-08-02 23:00:00+00:00
2026-08-03 01:00:00+00:00,/orders,1,354.0,478.0,Persistence,20260909T132210Z,2026-08-03 00:00:00+00:00
2026-08-03 06:00:00+00:00,/orders,6,453.0,478.0,Persistence,20260909T132210Z,2026-08-03 00:00:00+00:00
2026-08-03 12:00:00+00:00,/orders,12,672.0,478.0,Persistence,20260909T132210Z,2026-08-03 00:00:00+00:00
2026-08-03 02:00:00+00:00,/orders,1,433.0,354.0,Persistence,20260909T132210Z,2026-08-03 01:00:00+00:00
2026-08-03 07:00:00+00:00,/orders,6,512.0,354.0,Persistence,20260909T132210Z,2026-08-03 01:00:00+00:00
2026-08-03 13:00:00+00:00,/orders,12,683.0,354.0,Persistence,20260909T132210Z,2026-08-03 01:00:00+00:00
2026-08-03 03:00:00+00:00,/orders,1,383.0,433.0,Persistence,20260909T132210Z,2026-08-03 02:00:00+00:00
2026-08-03 08:00:00+00:00,/orders,6,538.0,433.0,Persistence,20260909T132210Z,2026-08-03 02:00:00+00:00
2026-08-03 14:00:00+00:00,/orders,12,763.0,433.0,Persistence,20260909T132210Z,2026-08-03 02:00:00+00:00
2026-08-03 04:00:00+00:00,/orders,1,494.0,383.0,Persistence,20260909T132210Z,2026-08-03 03:00:00+00:00
2026-08-03 09:00:00+00:00,/orders,6,655.0,383.0,Persistence,20260909T132210Z,2026-08-03 03:00:00+00:00
2026-08-03 15:00:00+00:00,/orders,12,691.0,383.0,Persistence,20260909T132210Z,2026-08-03 03:00:00+00:00
2026-08-03 05:00:00+00:00,/orders,1,463.0,494.0,Persistence,20260909T132210Z,2026-08-03 04:00:00+00:00
2026-08-03 10:00:00+00:00,/orders,6,789.0,494.0,Persistence,20260909T132210Z,2026-08-03 04:00:00+00:00
2026-08-03 16:00:00+00:00,/orders,12,670.0,494.0,Persistence,20260909T132210Z,2026-08-03 04:00:00+00:00
2026-08-03 06:00:00+00:00,/orders,1,453.0,463.0,Persistence,20260909T132210Z,2026-08-03 05:00:00+00:00
2026-08-03 11:00:00+00:00,/orders,6,716.0,463.0,Persistence,20260909T132210Z,2026-08-03 05:00:00+00:00
2026-08-03 17:00:00+00:00,/orders,12,756.0,463.0,Persistence,20260909T132210Z,2026-08-03 05:00:00+00:00
2026-08-03 07:00:00+00:00,/orders,1,512.0,453.0,Persistence,20260909T132210Z,2026-08-03 06:00:00+00:00
2026-08-03 12:00:00+00:00,/orders,6,672.0,453.0,Persistence,20260909T132210Z,2026-08-03 06:00:00+00:00
2026-08-03 18:00:00+00:00,/orders,12,697.0,453.0,Persistence,20260909T132210Z,2026-08-03 06:00:00+00:00
2026-08-03 08:00:00+00:00,/orders,1,538.0,512.0,Persistence,20260909T132210Z,2026-08-03 07:00:00+00:00
2026-08-03 13:00:00+00:00,/orders,6,683.0,512.0,Persistence,20260909T132210Z,2026-08-03 07:00:00+00:00
2026-08-03 19:00:00+00:00,/orders,12,698.0,512.0,Persistence,20260909T132210Z,2026-08-03 07:00:00+00:00
2026-08-03 09:00:00+00:00,/orders,1,655.0,538.0,Persistence,20260909T132210Z,2026-08-03 08:00:00+00:00
2026-08-03 14:00:00+00:00,/orders,6,763.0,538.0,Persistence,20260909T132210Z,2026-08-03 08:00:00+00:00
2026-08-03 20:00:00+00:00,/orders,12,676.0,538.0,Persistence,20260909T132210Z,2026-08-03 08:00:00+00:00
2026-08-03 10:00:00+00:00,/orders,1,789.0,655.0,Persistence,20260909T132210Z,2026-08-03 09:00:00+00:00
2026-08-03 15:00:00+00:00,/orders,6,691.0,655.0,Persistence,20260909T132210Z,2026-08-03 09:00:00+00:00
2026-08-03 21:00:00+00:00,/orders,12,552.0,655.0,Persistence,20260909T132210Z,2026-08-03 09:00:00+00:00
2026-08-03 11:00:00+00:00,/orders,1,716.0,789.0,Persistence,20260909T132210Z,2026-08-03 10:00:00+00:00
2026-08-03 16:00:00+00:00,/orders,6,670.0,789.0,Persistence,20260909T132210Z,2026-08-03 10:00:00+00:00
2026-08-03 22:00:00+00:00,/orders,12,440.0,789.0,Persistence,20260909T132210Z,2026-08-03 10:00:00+00:00
2026-08-03 12:00:00+00:00,/orders,1,672.0,716.0,Persistence,20260909T132210Z,2026-08-03 11:00:00+00:00
2026-08-03 17:00:00+00:00,/orders,6,756.0,716.0,Persistence,20260909T132210Z,2026-08-03 11:00:00+00:00
2026-08-03 23:00:00+00:00,/orders,12,502.0,716.0,Persistence,20260909T132210Z,2026-08-03 11:00:00+00:00
2026-08-03 13:00:00+00:00,/orders,1,683.0,672.0,Persistence,20260909T132210Z,2026-08-03 12:00:00+00:00
2026-08-03 18:00:00+00:00,/orders,6,697.0,672.0,Persistence,20260909T132210Z,2026-08-03 12:00:00+00:00
2026-08-04 00:00:00+00:00,/orders,12,431.0,672.0,Persistence,20260909T132210Z,2026-08-03 12:00:00+00:00
2026-08-03 14:00:00+00:00,/orders,1,763.0,683.0,Persistence,20260909T132210Z,2026-08-03 13:00:00+00:00
2026-08-03 19:00:00+00:00,/orders,6,698.0,683.0,Persistence,20260909T132210Z,2026-08-03 13:00:00+00:00
2026-08-04 01:00:00+00:00,/orders,12,468.0,683.0,Persistence,20260909T132210Z,2026-08-03 13:00:00+00:00
2026-08-03 15:00:00+00:00,/orders,1,691.0,763.0,Persistence,20260909T132210Z,2026-08-03 14:00:00+00:00
2026-08-03 20:00:00+00:00,/orders,6,676.0,763.0,Persistence,20260909T132210Z,2026-08-03 14:00:00+00:00
2026-08-04 02:00:00+00:00,/orders,12,374.0,763.0,Persistence,20260909T132210Z,2026-08-03 14:00:00+00:00
2026-08-03 16:00:00+00:00,/orders,1,670.0,691.0,Persistence,20260909T132210Z,2026-08-03 15:00:00+00:00
2026-08-03 21:00:00+00:00,/orders,6,552.0,691.0,Persistence,20260909T132210Z,2026-08-03 15:00:00+00:00
2026-08-04 03:00:00+00:00,/orders,12,436.0,691.0,Persistence,20260909T132210Z,2026-08-03 15:00:00+00:00
2026-08-03 17:00:00+00:00,/orders,1,756.0,670.0,Persistence,20260909T132210Z,2026-08-03 16:00:00+00:00
2026-08-03 22:00:00+00:00,/orders,6,440.0,670.0,Persistence,20260909T132210Z,2026-08-03 16:00:00+00:00
2026-08-04 04:00:00+00:00,/orders,12,461.0,670.0,Persistence,20260909T132210Z,2026-08-03 16:00:00+00:00
2026-08-03 18:00:00+00:00,/orders,1,697.0,756.0,Persistence,20260909T132210Z,2026-08-03 17:00:00+00:00
2026-08-03 23:00:00+00:00,/orders,6,502.0,756.0,Persistence,20260909T132210Z,2026-08-03 17:00:00+00:00
2026-08-04 05:00:00+00:00,/orders,12,501.0,756.0,Persistence,20260909T132210Z,2026-08-03 17:00:00+00:00
2026-08-01 12:00:00+00:00,/orders,1,613.0,706.0,SeasonalNaive,20260909T132210Z,2026-08-01 11:00:00+00:00
2026-08-01 17:00:00+00:00,/orders,6,446.0,665.0,SeasonalNaive,20260909T132210Z,2026-08-01 11:00:00+00:00
2026-08-01 23:00:00+00:00,/orders,12,347.0,375.0,SeasonalNaive,20260909T132210Z,2026-08-01 11:00:00+00:00
2026-08-01 13:00:00+00:00,/orders,1,538.0,705.0,SeasonalNaive,20260909T132210Z,2026-08-01 12:00:00+00:00
2026-08-01 18:00:00+00:00,/orders,6,497.0,672.0,SeasonalNaive,20260909T132210Z,2026-08-01 12:00:00+00:00
2026-08-02 00:00:00+00:00,/orders,12,167.0,259.0,SeasonalNaive,20260909T132210Z,2026-08-01 12:00:00+00:00
2026-08-01 14:00:00+00:00,/orders,1,491.0,717.0,SeasonalNaive,20260909T132210Z,2026-08-01 13:00:00+00:00
2026-08-01 19:00:00+00:00,/orders,6,499.0,619.0,SeasonalNaive,20260909T132210Z,2026-08-01 13:00:00+00:00
2026-08-02 01:00:00+00:00,/orders,12,215.0,393.0,SeasonalNaive,20260909T132210Z,2026-08-01 13:00:00+00:00
2026-08-01 15:00:00+00:00,/orders,1,534.0,717.0,SeasonalNaive,20260909T132210Z,2026-08-01 14:00:00+00:00
2026-08-01 20:00:00+00:00,/orders,6,449.0,620.0,SeasonalNaive,20260909T132210Z,2026-08-01 14:00:00+00:00
2026-08-02 02:00:00+00:00,/orders,12,262.0,240.0,SeasonalNaive,20260909T132210Z,2026-08-01 14:00:00+00:00
2026-08-01 16:00:00+00:00,/orders,1,579.0,722.0,SeasonalNaive,20260909T132210Z,2026-08-01 15:00:00+00:00
2026-08-01 21:00:00+00:00,/orders,6,334.0,587.0,SeasonalNaive,20260909T132210Z,2026-08-01 15:00:00+00:00
2026-08-02 03:00:00+00:00,/orders,12,384.0,264.0,SeasonalNaive,20260909T132210Z,2026-08-01 15:00:00+00:00
2026-08-01 17:00:00+00:00,/orders,1,446.0,665.0,SeasonalNaive,20260909T132210Z,2026-08-01 16:00:00+00:00
2026-08-01 22:00:00+00:00,/orders,6,373.0,543.0,SeasonalNaive,20260909T132210Z,2026-08-01 16:00:00+00:00
2026-08-02 04:00:00+00:00,/orders,12,347.0,443.0,SeasonalNaive,20260909T132210Z,2026-08-01 16:00:00+00:00
2026-08-01 18:00:00+00:00,/orders,1,497.0,672.0,SeasonalNaive,20260909T132210Z,2026-08-01 17:00:00+00:00
2026-08-01 23:00:00+00:00,/orders,6,347.0,375.0,SeasonalNaive,20260909T132210Z,2026-08-01 17:00:00+00:00
2026-08-02 05:00:00+00:00,/orders,12,336.0,341.0,SeasonalNaive,20260909T132210Z,2026-08-01 17:00:00+00:00
2026-08-01 19:00:00+00:00,/orders,1,499.0,619.0,SeasonalNaive,20260909T132210Z,2026-08-01 18:00:00+00:00
2026-08-02 00:00:00+00:00,/orders,6,167.0,259.0,SeasonalNaive,20260909T132210Z,2026-08-01 18:00:00+00:00
2026-08-02 06:00:00+00:00,/orders,12,347.0,345.0,SeasonalNaive,20260909T132210Z,2026-08-01 18:00:00+00:00
2026-08-01 20:00:00+00:00,/orders,1,449.0,620.0,SeasonalNaive,20260909T132210Z,2026-08-01 19:00:00+00:00
2026-08-02 01:00:00+00:00,/orders,6,215.0,393.0,SeasonalNaive,20260909T132210Z,2026-08-01 19:00:00+00:00
2026-08-02 07:00:00+00:00,/orders,12,328.0,462.0,SeasonalNaive,20260909T132210Z,2026-08-01 19:00:00+00:00
2026-08-01 21:00:00+00:00,/orders,1,334.0,587.0,SeasonalNaive,20260909T132210Z,2026-08-01 20:00:00+00:00
2026-08-02 02:00:00+00:00,/orders,6,262.0,240.0,SeasonalNaive,20260909T132210Z,2026-08-01 20:00:00+00:00
2026-08-02 08:00:00+00:00,/orders,12,439.0,459.0,SeasonalNaive,20260909T132210Z,2026-08-01 20:00:00+00:00
2026-08-01 22:00:00+00:00,/orders,1,373.0,543.0,SeasonalNaive,20260909T132210Z,2026-08-01 21:00:00+00:00
2026-08-02 03:00:00+00:00,/orders,6,384.0,264.0,SeasonalNaive,20260909T132210Z,2026-08-01 21:00:00+00:00
2026-08-02 09:00:00+00:00,/orders,12,454.0,456.0,SeasonalNaive,20260909T132210Z,2026-08-01 21:00:00+00:00
2026-08-01 23:00:00+00:00,/orders,1,347.0,375.0,SeasonalNaive,20260909T132210Z,2026-08-01 22:00:00+00:00
2026-08-02 04:00:00+00:00,/orders,6,347.0,443.0,SeasonalNaive,20260909T132210Z,2026-08-01 22:00:00+00:00
2026-08-02 10:00:00+00:00,/orders,12,420.0,511.0,SeasonalNaive,20260909T132210Z,2026-08-01 22:00:00+00:00
2026-08-02 00:00:00+00:00,/orders,1,167.0,259.0,SeasonalNaive,20260909T132210Z,2026-08-01 23:00:00+00:00
2026-08-02 05:00:00+00:00,/orders,6,336.0,341.0,SeasonalNaive,20260909T132210Z,2026-08-01 23:00:00+00:00
2026-08-02 11:00:00+00:00,/orders,12,607.0,502.0,SeasonalNaive,20260909T132210Z,2026-08-01 23:00:00+00:00
2026-08-02 01:00:00+00:00,/orders,1,215.0,393.0,SeasonalNaive,20260909T132210Z,2026-08-02 00:00:00+00:00
2026-08-02 06:00:00+00:00,/orders,6,347.0,345.0,SeasonalNaive,20260909T132210Z,2026-08-02 00:00:00+00:00
2026-08-02 12:00:00+00:00,/orders,12,534.0,613.0,SeasonalNaive,20260909T132210Z,2026-08-02 00:00:00+00:00
2026-08-02 02:00:00+00:00,/orders,1,262.0,240.0,SeasonalNaive,20260909T132210Z,2026-08-02 01:00:00+00:00
2026-08-02 07:00:00+00:00,/orders,6,328.0,462.0,SeasonalNaive,20260909T132210Z,2026-08-02 01:00:00+00:00
2026-08-02 13:00:00+00:00,/orders,12,572.0,538.0,SeasonalNaive,20260909T132210Z,2026-08-02 01:00:00+00:00
2026-08-02 03:00:00+00:00,/orders,1,384.0,264.0,SeasonalNaive,20260909T132210Z,2026-08-02 02:00:00+00:00
2026-08-02 08:00:00+00:00,/orders,6,439.0,459.0,SeasonalNaive,20260909T132210Z,2026-08-02 02:00:00+00:00
2026-08-02 14:00:00+00:00,/orders,12,500.0,491.0,SeasonalNaive,20260909T132210Z,2026-08-02 02:00:00+00:00
2026-08-02 04:00:00+00:00,/orders,1,347.0,443.0,SeasonalNaive,20260909T132210Z,2026-08-02 03:00:00+00:00
2026-08-02 09:00:00+00:00,/orders,6,454.0,456.0,SeasonalNaive,20260909T132210Z,2026-08-02 03:00:00+00:00
2026-08-02 15:00:00+00:00,/orders,12,485.0,534.0,SeasonalNaive,20260909T132210Z,2026-08-02 03:00:00+00:00
2026-08-02 05:00:00+00:00,/orders,1,336.0,341.0,SeasonalNaive,20260909T132210Z,2026-08-02 04:00:00+00:00
2026-08-02 10:00:00+00:00,/orders,6,420.0,511.0,SeasonalNaive,20260909T132210Z,2026-08-02 04:00:00+00:00
2026-08-02 16:00:00+00:00,/orders,12,567.0,579.0,SeasonalNaive,20260909T132210Z,2026-08-02 04:00:00+00:00
2026-08-02 06:00:00+00:00,/orders,1,347.0,345.0,SeasonalNaive,20260909T132210Z,2026-08-02 05:00:00+00:00
2026-08-02 11:00:00+00:00,/orders,6,607.0,502.0,SeasonalNaive,20260909T132210Z,2026-08-02 05:00:00+00:00
2026-08-02 17:00:00+00:00,/orders,12,476.0,446.0,SeasonalNaive,20260909T132210Z,2026-08-02 05:00:00+00:00
2026-08-02 07:00:00+00:00,/orders,1,328.0,462.0,SeasonalNaive,20260909T132210Z,2026-08-02 06:00:00+00:00
2026-08-02 12:00:00+00:00,/orders,6,534.0,613.0,SeasonalNaive,20260909T132210Z,2026-08-02 06:00:00+00:00
2026-08-02 18:00:00+00:00,/orders,12,521.0,497.0,SeasonalNaive,20260909T132210Z,2026-08-02 06:00:00+00:00
2026-08-02 08:00:00+00:00,/orders,1,439.0,459.0,SeasonalNaive,20260909T132210Z,2026-08-02 07:00:00+00:00
2026-08-02 13:00:00+00:00,/orders,6,572.0,538.0,SeasonalNaive,20260909T132210Z,2026-08-02 07:00:00+00:00
2026-08-02 19:00:00+00:00,/orders,12,399.0,499.0,SeasonalNaive,20260909T132210Z,2026-08-02 07:00:00+00:00
2026-08-02 09:00:00+00:00,/orders,1,454.0,456.0,SeasonalNaive,20260909T132210Z,2026-08-02 08:00:00+00:00
2026-08-02 14:00:00+00:00,/orders,6,500.0,491.0,SeasonalNaive,20260909T132210Z,2026-08-02 08:00:00+00:00
2026-08-02 20:00:00+00:00,/orders,12,384.0,449.0,SeasonalNaive,20260909T132210Z,2026-08-02 08:00:00+00:00
2026-08-02 10:00:00+00:00,/orders,1,420.0,511.0,SeasonalNaive,20260909T132210Z,2026-08-02 09:00:00+00:00
2026-08-02 15:00:00+00:00,/orders,6,485.0,534.0,SeasonalNaive,20260909T132210Z,2026-08-02 09:00:00+00:00
2026-08-02 21:00:00+00:00,/orders,12,428.0,334.0,SeasonalNaive,20260909T132210Z,2026-08-02 09:00:00+00:00
2026-08-02 11:00:00+00:00,/orders,1,607.0,502.0,SeasonalNaive,20260909T132210Z,2026-08-02 10:00:00+00:00
2026-08-02 16:00:00+00:00,/orders,6,567.0,579.0,SeasonalNaive,20260909T132210Z,2026-08-02 10:00:00+00:00
2026-08-02 22:00:00+00:00,/orders,12,325.0,373.0,SeasonalNaive,20260909T132210Z,2026-08-02 10:00:00+00:00
2026-08-02 12:00:00+00:00,/orders,1,534.0,613.0,SeasonalNaive,20260909T132210Z,2026-08-02 11:00:00+00:00
2026-08-02 17:00:00+00:00,/orders,6,476.0,446.0,SeasonalNaive,20260909T132210Z,2026-08-02 11:00:00+00:00
2026-08-02 23:00:00+00:00,/orders,12,355.0,347.0,SeasonalNaive,20260909T132210Z,2026-08-02 11:00:00+00:00
2026-08-02 13:00:00+00:00,/orders,1,572.0,538.0,SeasonalNaive,20260909T132210Z,2026-08-02 12:00:00+00:00
2026-08-02 18:00:00+00:00,/orders,6,521.0,497.0,SeasonalNaive,20260909T132210Z,2026-08-02 12:00:00+00:00
2026-08-03 00:00:00+00:00,/orders,12,478.0,167.0,SeasonalNaive,20260909T132210Z,2026-08-02 12:00:00+00:00
2026-08-02 14:00:00+00:00,/orders,1,500.0,491.0,SeasonalNaive,20260909T132210Z,2026-08-02 13:00:00+00:00
2026-08-02 19:00:00+00:00,/orders,6,399.0,499.0,SeasonalNaive,20260909T132210Z,2026-08-02 13:00:00+00:00
2026-08-03 01:00:00+00:00,/orders,12,354.0,215.0,SeasonalNaive,20260909T132210Z,2026-08-02 13:00:00+00:00
2026-08-02 15:00:00+00:00,/orders,1,485.0,534.0,SeasonalNaive,20260909T132210Z,2026-08-02 14:00:00+00:00
2026-08-02 20:00:00+00:00,/orders,6,384.0,449.0,SeasonalNaive,20260909T132210Z,2026-08-02 14:00:00+00:00
2026-08-03 02:00:00+00:00,/orders,12,433.0,262.0,SeasonalNaive,20260909T132210Z,2026-08-02 14:00:00+00:00
2026-08-02 16:00:00+00:00,/orders,1,567.0,579.0,SeasonalNaive,20260909T132210Z,2026-08-02 15:00:00+00:00
2026-08-02 21:00:00+00:00,/orders,6,428.0,334.0,SeasonalNaive,20260909T132210Z,2026-08-02 15:00:00+00:00
2026-08-03 03:00:00+00:00,/orders,12,383.0,384.0,SeasonalNaive,20260909T132210Z,2026-08-02 15:00:00+00:00
2026-08-02 17:00:00+00:00,/orders,1,476.0,446.0,SeasonalNaive,20260909T132210Z,2026-08-02 16:00:00+00:00
2026-08-02 22:00:00+00:00,/orders,6,325.0,373.0,SeasonalNaive,20260909T132210Z,2026-08-02 16:00:00+00:00
2026-08-03 04:00:00+00:00,/orders,12,494.0,347.0,SeasonalNaive,20260909T132210Z,2026-08-02 16:00:00+00:00
2026-08-02 18:00:00+00:00,/orders,1,521.0,497.0,SeasonalNaive,20260909T132210Z,2026-08-02 17:00:00+00:00
2026-08-02 23:00:00+00:00,/orders,6,355.0,347.0,SeasonalNaive,20260909T132210Z,2026-08-02 17:00:00+00:00
2026-08-03 05:00:00+00:00,/orders,12,463.0,336.0,SeasonalNaive,20260909T132210Z,2026-08-02 17:00:00+00:00
2026-08-02 19:00:00+00:00,/orders,1,399.0,499.0,SeasonalNaive,20260909T132210Z,2026-08-02 18:00:00+00:00
2026-08-03 00:00:00+00:00,/orders,6,478.0,167.0,SeasonalNaive,20260909T132210Z,2026-08-02 18:00:00+00:00
2026-08-03 06:00:00+00:00,/orders,12,453.0,347.0,SeasonalNaive,20260909T132210Z,2026-08-02 18:00:00+00:00
2026-08-02 20:00:00+00:00,/orders,1,384.0,449.0,SeasonalNaive,20260909T132210Z,2026-08-02 19:00:00+00:00
2026-08-03 01:00:00+00:00,/orders,6,354.0,215.0,SeasonalNaive,20260909T132210Z,2026-08-02 19:00:00+00:00
2026-08-03 07:00:00+00:00,/orders,12,512.0,328.0,SeasonalNaive,20260909T132210Z,2026-08-02 19:00:00+00:00
2026-08-02 21:00:00+00:00,/orders,1,428.0,334.0,SeasonalNaive,20260909T132210Z,2026-08-02 20:00:00+00:00
2026-08-03 02:00:00+00:00,/orders,6,433.0,262.0,SeasonalNaive,20260909T132210Z,2026-08-02 20:00:00+00:00
2026-08-03 08:00:00+00:00,/orders,12,538.0,439.0,SeasonalNaive,20260909T132210Z,2026-08-02 20:00:00+00:00
2026-08-02 22:00:00+00:00,/orders,1,325.0,373.0,SeasonalNaive,20260909T132210Z,2026-08-02 21:00:00+00:00
2026-08-03 03:00:00+00:00,/orders,6,383.0,384.0,SeasonalNaive,20260909T132210Z,2026-08-02 21:00:00+00:00
2026-08-03 09:00:00+00:00,/orders,12,655.0,454.0,SeasonalNaive,20260909T132210Z,2026-08-02 21:00:00+00:00
2026-08-02 23:00:00+00:00,/orders,1,355.0,347.0,SeasonalNaive,20260909T132210Z,2026-08-02 22:00:00+00:00
2026-08-03 04:00:00+00:00,/orders,6,494.0,347.0,SeasonalNaive,20260909T132210Z,2026-08-02 22:00:00+00:00
2026-08-03 10:00:00+00:00,/orders,12,789.0,420.0,SeasonalNaive,20260909T132210Z,2026-08-02 22:00:00+00:00
2026-08-03 00:00:00+00:00,/orders,1,478.0,167.0,SeasonalNaive,20260909T132210Z,2026-08-02 23:00:00+00:00
2026-08-03 05:00:00+00:00,/orders,6,463.0,336.0,SeasonalNaive,20260909T132210Z,2026-08-02 23:00:00+00:00
2026-08-03 11:00:00+00:00,/orders,12,716.0,607.0,SeasonalNaive,20260909T132210Z,2026-08-02 23:00:00+00:00
2026-08-03 01:00:00+00:00,/orders,1,354.0,215.0,SeasonalNaive,20260909T132210Z,2026-08-03 00:00:00+00:00
2026-08-03 06:00:00+00:00,/orders,6,453.0,347.0,SeasonalNaive,20260909T132210Z,2026-08-03 00:00:00+00:00
2026-08-03 12:00:00+00:00,/orders,12,672.0,534.0,SeasonalNaive,20260909T132210Z,2026-08-03 00:00:00+00:00
2026-08-03 02:00:00+00:00,/orders,1,433.0,262.0,SeasonalNaive,20260909T132210Z,2026-08-03 01:00:00+00:00
2026-08-03 07:00:00+00:00,/orders,6,512.0,328.0,SeasonalNaive,20260909T132210Z,2026-08-03 01:00:00+00:00
2026-08-03 13:00:00+00:00,/orders,12,683.0,572.0,SeasonalNaive,20260909T132210Z,2026-08-03 01:00:00+00:00
2026-08-03 03:00:00+00:00,/orders,1,383.0,384.0,SeasonalNaive,20260909T132210Z,2026-08-03 02:00:00+00:00
2026-08-03 08:00:00+00:00,/orders,6,538.0,439.0,SeasonalNaive,20260909T132210Z,2026-08-03 02:00:00+00:00
2026-08-03 14:00:00+00:00,/orders,12,763.0,500.0,SeasonalNaive,20260909T132210Z,2026-08-03 02:00:00+00:00
2026-08-03 04:00:00+00:00,/orders,1,494.0,347.0,SeasonalNaive,20260909T132210Z,2026-08-03 03:00:00+00:00
2026-08-03 09:00:00+00:00,/orders,6,655.0,454.0,SeasonalNaive,20260909T132210Z,2026-08-03 03:00:00+00:00
2026-08-03 15:00:00+00:00,/orders,12,691.0,485.0,SeasonalNaive,20260909T132210Z,2026-08-03 03:00:00+00:00
2026-08-03 05:00:00+00:00,/orders,1,463.0,336.0,SeasonalNaive,20260909T132210Z,2026-08-03 04:00:00+00:00
2026-08-03 10:00:00+00:00,/orders,6,789.0,420.0,SeasonalNaive,20260909T132210Z,2026-08-03 04:00:00+00:00
2026-08-03 16:00:00+00:00,/orders,12,670.0,567.0,SeasonalNaive,20260909T132210Z,2026-08-03 04:00:00+00:00
2026-08-03 06:00:00+00:00,/orders,1,453.0,347.0,SeasonalNaive,20260909T132210Z,2026-08-03 05:00:00+00:00
2026-08-03 11:00:00+00:00,/orders,6,716.0,607.0,SeasonalNaive,20260909T132210Z,2026-08-03 05:00:00+00:00
2026-08-03 17:00:00+00:00,/orders,12,756.0,476.0,SeasonalNaive,20260909T132210Z,2026-08-03 05:00:00+00:00
2026-08-03 07:00:00+00:00,/orders,1,512.0,328.0,SeasonalNaive,20260909T132210Z,2026-08-03 06:00:00+00:00
2026-08-03 12:00:00+00:00,/orders,6,672.0,534.0,SeasonalNaive,20260909T132210Z,2026-08-03 06:00:00+00:00
2026-08-03 18:00:00+00:00,/orders,12,697.0,521.0,SeasonalNaive,20260909T132210Z,2026-08-03 06:00:00+00:00
2026-08-03 08:00:00+00:00,/orders,1,538.0,439.0,SeasonalNaive,20260909T132210Z,2026-08-03 07:00:00+00:00
2026-08-03 13:00:00+00:00,/orders,6,683.0,572.0,SeasonalNaive,20260909T132210Z,2026-08-03 07:00:00+00:00
2026-08-03 19:00:00+00:00,/orders,12,698.0,399.0,SeasonalNaive,20260909T132210Z,2026-08-03 07:00:00+00:00
2026-08-03 09:00:00+00:00,/orders,1,655.0,454.0,SeasonalNaive,20260909T132210Z,2026-08-03 08:00:00+00:00
2026-08-03 14:00:00+00:00,/orders,6,763.0,500.0,SeasonalNaive,20260909T132210Z,2026-08-03 08:00:00+00:00
2026-08-03 20:00:00+00:00,/orders,12,676.0,384.0,SeasonalNaive,20260909T132210Z,2026-08-03 08:00:00+00:00
2026-08-03 10:00:00+00:00,/orders,1,789.0,420.0,SeasonalNaive,20260909T132210Z,2026-08-03 09:00:00+00:00
2026-08-03 15:00:00+00:00,/orders,6,691.0,485.0,SeasonalNaive,20260909T132210Z,2026-08-03 09:00:00+00:00
2026-08-03 21:00:00+00:00,/orders,12,552.0,428.0,SeasonalNaive,20260909T132210Z,2026-08-03 09:00:00+00:00
2026-08-03 11:00:00+00:00,/orders,1,716.0,607.0,SeasonalNaive,20260909T132210Z,2026-08-03 10:00:00+00:00
2026-08-03 16:00:00+00:00,/orders,6,670.0,567.0,SeasonalNaive,20260909T132210Z,2026-08-03 10:00:00+00:00
2026-08-03 22:00:00+00:00,/orders,12,440.0,325.0,SeasonalNaive,20260909T132210Z,2026-08-03 10:00:00+00:00
2026-08-03 12:00:00+00:00,/orders,1,672.0,534.0,SeasonalNaive,20260909T132210Z,2026-08-03 11:00:00+00:00
2026-08-03 17:00:00+00:00,/orders,6,756.0,476.0,SeasonalNaive,20260909T132210Z,2026-08-03 11:00:00+00:00
2026-08-03 23:00:00+00:00,/orders,12,502.0,355.0,SeasonalNaive,20260909T132210Z,2026-08-03 11:00:00+00:00
2026-08-03 13:00:00+00:00,/orders,1,683.0,572.0,SeasonalNaive,20260909T132210Z,2026-08-03 12:00:00+00:00
2026-08-03 18:00:00+00:00,/orders,6,697.0,521.0,SeasonalNaive,20260909T132210Z,2026-08-03 12:00:00+00:00
2026-08-04 00:00:00+00:00,/orders,12,431.0,478.0,SeasonalNaive,20260909T132210Z,2026-08-03 12:00:00+00:00
2026-08-03 14:00:00+00:00,/orders,1,763.0,500.0,SeasonalNaive,20260909T132210Z,2026-08-03 13:00:00+00:00
2026-08-03 19:00:00+00:00,/orders,6,698.0,399.0,SeasonalNaive,20260909T132210Z,2026-08-03 13:00:00+00:00
2026-08-04 01:00:00+00:00,/orders,12,468.0,354.0,SeasonalNaive,20260909T132210Z,2026-08-03 13:00:00+00:00
2026-08-03 15:00:00+00:00,/orders,1,691.0,485.0,SeasonalNaive,20260909T132210Z,2026-08-03 14:00:00+00:00
2026-08-03 20:00:00+00:00,/orders,6,676.0,384.0,SeasonalNaive,20260909T132210Z,2026-08-03 14:00:00+00:00
2026-08-04 02:00:00+00:00,/orders,12,374.0,433.0,SeasonalNaive,20260909T132210Z,2026-08-03 14:00:00+00:00
2026-08-03 16:00:00+00:00,/orders,1,670.0,567.0,SeasonalNaive,20260909T132210Z,2026-08-03 15:00:00+00:00
2026-08-03 21:00:00+00:00,/orders,6,552.0,428.0,SeasonalNaive,20260909T132210Z,2026-08-03 15:00:00+00:00
2026-08-04 03:00:00+00:00,/orders,12,436.0,383.0,SeasonalNaive,20260909T132210Z,2026-08-03 15:00:00+00:00
2026-08-03 17:00:00+00:00,/orders,1,756.0,476.0,SeasonalNaive,20260909T132210Z,2026-08-03 16:00:00+00:00
2026-08-03 22:00:00+00:00,/orders,6,440.0,325.0,SeasonalNaive,20260909T132210Z,2026-08-03 16:00:00+00:00
2026-08-04 04:00:00+00:00,/orders,12,461.0,494.0,SeasonalNaive,20260909T132210Z,2026-08-03 16:00:00+00:00
2026-08-03 18:00:00+00:00,/orders,1,697.0,521.0,SeasonalNaive,20260909T132210Z,2026-08-03 17:00:00+00:00
2026-08-03 23:00:00+00:00,/orders,6,502.0,355.0,SeasonalNaive,20260909T132210Z,2026-08-03 17:00:00+00:00
2026-08-04 05:00:00+00:00,/orders,12,501.0,463.0,SeasonalNaive,20260909T132210Z,2026-08-03 17:00:00+00:00
2026-08-01 12:00:00+00:00,/payments,1,368.0,418.06,RF,20260909T132210Z,2026-08-01 11:00:00+00:00
2026-08-01 17:00:00+00:00,/payments,6,392.0,398.0,RF,20260909T132210Z,2026-08-01 11:00:00+00:00
2026-08-01 23:00:00+00:00,/payments,12,321.0,359.54,RF,20260909T132210Z,2026-08-01 11:00:00+00:00
2026-08-01 13:00:00+00:00,/payments,1,406.0,414.2,RF,20260909T132210Z,2026-08-01 12:00:00+00:00
2026-08-01 18:00:00+00:00,/payments,6,398.0,422.08,RF,20260909T132210Z,2026-08-01 12:00:00+00:00
2026-08-02 00:00:00+00:00,/payments,12,281.0,361.28,RF,20260909T132210Z,2026-08-01 12:00:00+00:00
2026-08-01 14:00:00+00:00,/payments,1,443.0,396.81,RF,20260909T132210Z,2026-08-01 13:00:00+00:00
2026-08-01 19:00:00+00:00,/payments,6,370.0,430.84,RF,20260909T132210Z,2026-08-01 13:00:00+00:00
2026-08-02 01:00:00+00:00,/payments,12,215.0,333.54,RF,20260909T132210Z,2026-08-01 13:00:00+00:00
2026-08-01 15:00:00+00:00,/payments,1,429.0,423.39,RF,20260909T132210Z,2026-08-01 14:00:00+00:00
2026-08-01 20:00:00+00:00,/payments,6,279.0,377.18,RF,20260909T132210Z,2026-08-01 14:00:00+00:00
2026-08-02 02:00:00+00:00,/payments,12,315.0,334.09,RF,20260909T132210Z,2026-08-01 14:00:00+00:00
2026-08-01 16:00:00+00:00,/payments,1,398.0,446.68,RF,20260909T132210Z,2026-08-01 15:00:00+00:00
2026-08-01 21:00:00+00:00,/payments,6,300.0,371.49,RF,20260909T132210Z,2026-08-01 15:00:00+00:00
2026-08-02 03:00:00+00:00,/payments,12,197.0,333.31,RF,20260909T132210Z,2026-08-01 15:00:00+00:00
2026-08-01 17:00:00+00:00,/payments,1,392.0,401.32,RF,20260909T132210Z,2026-08-01 16:00:00+00:00
2026-08-01 22:00:00+00:00,/payments,6,237.0,358.66,RF,20260909T132210Z,2026-08-01 16:00:00+00:00
2026-08-02 04:00:00+00:00,/payments,12,317.0,347.89,RF,20260909T132210Z,2026-08-01 16:00:00+00:00
2026-08-01 18:00:00+00:00,/payments,1,398.0,421.43,RF,20260909T132210Z,2026-08-01 17:00:00+00:00
2026-08-01 23:00:00+00:00,/payments,6,321.0,364.36,RF,20260909T132210Z,2026-08-01 17:00:00+00:00
2026-08-02 05:00:00+00:00,/payments,12,182.0,348.7,RF,20260909T132210Z,2026-08-01 17:00:00+00:00
2026-08-01 19:00:00+00:00,/payments,1,370.0,433.9,RF,20260909T132210Z,2026-08-01 18:00:00+00:00
2026-08-02 00:00:00+00:00,/payments,6,281.0,361.28,RF,20260909T132210Z,2026-08-01 18:00:00+00:00
2026-08-02 06:00:00+00:00,/payments,12,282.0,375.11,RF,20260909T132210Z,2026-08-01 18:00:00+00:00
2026-08-01 20:00:00+00:00,/payments,1,279.0,370.82,RF,20260909T132210Z,2026-08-01 19:00:00+00:00
2026-08-02 01:00:00+00:00,/payments,6,215.0,342.58,RF,20260909T132210Z,2026-08-01 19:00:00+00:00
2026-08-02 07:00:00+00:00,/payments,12,322.0,392.05,RF,20260909T132210Z,2026-08-01 19:00:00+00:00
2026-08-01 21:00:00+00:00,/payments,1,300.0,359.94,RF,20260909T132210Z,2026-08-01 20:00:00+00:00
2026-08-02 02:00:00+00:00,/payments,6,315.0,270.96,RF,20260909T132210Z,2026-08-01 20:00:00+00:00
2026-08-02 08:00:00+00:00,/payments,12,387.0,294.39,RF,20260909T132210Z,2026-08-01 20:00:00+00:00
2026-08-01 22:00:00+00:00,/payments,1,237.0,300.31,RF,20260909T132210Z,2026-08-01 21:00:00+00:00
2026-08-02 03:00:00+00:00,/payments,6,197.0,310.36,RF,20260909T132210Z,2026-08-01 21:00:00+00:00
2026-08-02 09:00:00+00:00,/payments,12,376.0,353.34,RF,20260909T132210Z,2026-08-01 21:00:00+00:00
2026-08-01 23:00:00+00:00,/payments,1,321.0,300.48,RF,20260909T132210Z,2026-08-01 22:00:00+00:00
2026-08-02 04:00:00+00:00,/payments,6,317.0,317.68,RF,20260909T132210Z,2026-08-01 22:00:00+00:00
2026-08-02 10:00:00+00:00,/payments,12,368.0,382.7,RF,20260909T132210Z,2026-08-01 22:00:00+00:00
2026-08-02 00:00:00+00:00,/payments,1,281.0,278.23,RF,20260909T132210Z,2026-08-01 23:00:00+00:00
2026-08-02 05:00:00+00:00,/payments,6,182.0,356.4,RF,20260909T132210Z,2026-08-01 23:00:00+00:00
2026-08-02 11:00:00+00:00,/payments,12,430.0,426.56,RF,20260909T132210Z,2026-08-01 23:00:00+00:00
2026-08-02 01:00:00+00:00,/payments,1,215.0,321.18,RF,20260909T132210Z,2026-08-02 00:00:00+00:00
2026-08-02 06:00:00+00:00,/payments,6,282.0,320.68,RF,20260909T132210Z,2026-08-02 00:00:00+00:00
2026-08-02 12:00:00+00:00,/payments,12,439.0,345.63,RF,20260909T132210Z,2026-08-02 00:00:00+00:00
2026-08-02 02:00:00+00:00,/payments,1,315.0,266.75,RF,20260909T132210Z,2026-08-02 01:00:00+00:00
2026-08-02 07:00:00+00:00,/payments,6,322.0,342.94,RF,20260909T132210Z,2026-08-02 01:00:00+00:00
2026-08-02 13:00:00+00:00,/payments,12,464.0,437.86,RF,20260909T132210Z,2026-08-02 01:00:00+00:00
2026-08-02 03:00:00+00:00,/payments,1,197.0,293.63,RF,20260909T132210Z,2026-08-02 02:00:00+00:00
2026-08-02 08:00:00+00:00,/payments,6,387.0,381.93,RF,20260909T132210Z,2026-08-02 02:00:00+00:00
2026-08-02 14:00:00+00:00,/payments,12,448.0,467.78,RF,20260909T132210Z,2026-08-02 02:00:00+00:00
2026-08-02 04:00:00+00:00,/payments,1,317.0,341.27,RF,20260909T132210Z,2026-08-02 03:00:00+00:00
2026-08-02 09:00:00+00:00,/payments,6,376.0,296.13,RF,20260909T132210Z,2026-08-02 03:00:00+00:00
2026-08-02 15:00:00+00:00,/payments,12,515.0,299.78,RF,20260909T132210Z,2026-08-02 03:00:00+00:00
2026-08-02 05:00:00+00:00,/payments,1,182.0,282.82,RF,20260909T132210Z,2026-08-02 04:00:00+00:00
2026-08-02 10:00:00+00:00,/payments,6,368.0,362.31,RF,20260909T132210Z,2026-08-02 04:00:00+00:00
2026-08-02 16:00:00+00:00,/payments,12,410.0,446.32,RF,20260909T132210Z,2026-08-02 04:00:00+00:00
2026-08-02 06:00:00+00:00,/payments,1,282.0,328.64,RF,20260909T132210Z,2026-08-02 05:00:00+00:00
2026-08-02 11:00:00+00:00,/payments,6,430.0,296.08,RF,20260909T132210Z,2026-08-02 05:00:00+00:00
2026-08-02 17:00:00+00:00,/payments,12,415.0,297.94,RF,20260909T132210Z,2026-08-02 05:00:00+00:00
2026-08-02 07:00:00+00:00,/payments,1,322.0,272.22,RF,20260909T132210Z,2026-08-02 06:00:00+00:00
2026-08-02 12:00:00+00:00,/payments,6,439.0,354.22,RF,20260909T132210Z,2026-08-02 06:00:00+00:00
2026-08-02 18:00:00+00:00,/payments,12,347.0,447.07,RF,20260909T132210Z,2026-08-02 06:00:00+00:00
2026-08-02 08:00:00+00:00,/payments,1,387.0,314.99,RF,20260909T132210Z,2026-08-02 07:00:00+00:00
2026-08-02 13:00:00+00:00,/payments,6,464.0,377.27,RF,20260909T132210Z,2026-08-02 07:00:00+00:00
2026-08-02 19:00:00+00:00,/payments,12,378.0,457.64,RF,20260909T132210Z,2026-08-02 07:00:00+00:00
2026-08-02 09:00:00+00:00,/payments,1,376.0,329.44,RF,20260909T132210Z,2026-08-02 08:00:00+00:00
2026-08-02 14:00:00+00:00,/payments,6,448.0,429.61,RF,20260909T132210Z,2026-08-02 08:00:00+00:00
2026-08-02 20:00:00+00:00,/payments,12,384.0,449.88,RF,20260909T132210Z,2026-08-02 08:00:00+00:00
2026-08-02 10:00:00+00:00,/payments,1,368.0,357.49,RF,20260909T132210Z,2026-08-02 09:00:00+00:00
2026-08-02 15:00:00+00:00,/payments,6,515.0,405.14,RF,20260909T132210Z,2026-08-02 09:00:00+00:00
2026-08-02 21:00:00+00:00,/payments,12,341.0,387.77,RF,20260909T132210Z,2026-08-02 09:00:00+00:00
2026-08-02 11:00:00+00:00,/payments,1,430.0,381.93,RF,20260909T132210Z,2026-08-02 10:00:00+00:00
2026-08-02 16:00:00+00:00,/payments,6,410.0,459.92,RF,20260909T132210Z,2026-08-02 10:00:00+00:00
2026-08-02 22:00:00+00:00,/payments,12,323.0,385.53,RF,20260909T132210Z,2026-08-02 10:00:00+00:00
2026-08-02 12:00:00+00:00,/payments,1,439.0,384.39,RF,20260909T132210Z,2026-08-02 11:00:00+00:00
2026-08-02 17:00:00+00:00,/payments,6,415.0,450.39,RF,20260909T132210Z,2026-08-02 11:00:00+00:00
2026-08-02 23:00:00+00:00,/payments,12,246.0,387.54,RF,20260909T132210Z,2026-08-02 11:00:00+00:00
2026-08-02 13:00:00+00:00,/payments,1,464.0,412.76,RF,20260909T132210Z,2026-08-02 12:00:00+00:00
2026-08-02 18:00:00+00:00,/payments,6,347.0,464.44,RF,20260909T132210Z,2026-08-02 12:00:00+00:00
2026-08-03 00:00:00+00:00,/payments,12,414.0,378.5,RF,20260909T132210Z,2026-08-02 12:00:00+00:00
2026-08-02 14:00:00+00:00,/payments,1,448.0,454.65,RF,20260909T132210Z,2026-08-02 13:00:00+00:00
2026-08-02 19:00:00+00:00,/payments,6,378.0,451.68,RF,20260909T132210Z,2026-08-02 13:00:00+00:00
2026-08-03 01:00:00+00:00,/payments,12,315.0,360.49,RF,20260909T132210Z,2026-08-02 13:00:00+00:00
2026-08-02 15:00:00+00:00,/payments,1,515.0,468.39,RF,20260909T132210Z,2026-08-02 14:00:00+00:00
2026-08-02 20:00:00+00:00,/payments,6,384.0,392.2,RF,20260909T132210Z,2026-08-02 14:00:00+00:00
2026-08-03 02:00:00+00:00,/payments,12,381.0,350.96,RF,20260909T132210Z,2026-08-02 14:00:00+00:00
2026-08-02 16:00:00+00:00,/payments,1,410.0,469.23,RF,20260909T132210Z,2026-08-02 15:00:00+00:00
2026-08-02 21:00:00+00:00,/payments,6,341.0,414.57,RF,20260909T132210Z,2026-08-02 15:00:00+00:00
2026-08-03 03:00:00+00:00,/payments,12,390.0,352.85,RF,20260909T132210Z,2026-08-02 15:00:00+00:00
2026-08-02 17:00:00+00:00,/payments,1,415.0,512.64,RF,20260909T132210Z,2026-08-02 16:00:00+00:00
2026-08-02 22:00:00+00:00,/payments,6,323.0,365.19,RF,20260909T132210Z,2026-08-02 16:00:00+00:00
2026-08-03 04:00:00+00:00,/payments,12,423.0,364.37,RF,20260909T132210Z,2026-08-02 16:00:00+00:00
2026-08-02 18:00:00+00:00,/payments,1,347.0,406.54,RF,20260909T132210Z,2026-08-02 17:00:00+00:00
2026-08-02 23:00:00+00:00,/payments,6,246.0,364.87,RF,20260909T132210Z,2026-08-02 17:00:00+00:00
2026-08-03 05:00:00+00:00,/payments,12,417.0,380.18,RF,20260909T132210Z,2026-08-02 17:00:00+00:00
2026-08-02 19:00:00+00:00,/payments,1,378.0,400.97,RF,20260909T132210Z,2026-08-02 18:00:00+00:00
2026-08-03 00:00:00+00:00,/payments,6,414.0,349.81,RF,20260909T132210Z,2026-08-02 18:00:00+00:00
2026-08-03 06:00:00+00:00,/payments,12,451.0,407.27,RF,20260909T132210Z,2026-08-02 18:00:00+00:00
2026-08-02 20:00:00+00:00,/payments,1,384.0,355.71,RF,20260909T132210Z,2026-08-02 19:00:00+00:00
2026-08-03 01:00:00+00:00,/payments,6,315.0,363.94,RF,20260909T132210Z,2026-08-02 19:00:00+00:00
2026-08-03 07:00:00+00:00,/payments,12,550.0,430.09,RF,20260909T132210Z,2026-08-02 19:00:00+00:00
2026-08-02 21:00:00+00:00,/payments,1,341.0,363.86,RF,20260909T132210Z,2026-08-02 20:00:00+00:00
2026-08-03 02:00:00+00:00,/payments,6,381.0,365.02,RF,20260909T132210Z,2026-08-02 20:00:00+00:00
2026-08-03 08:00:00+00:00,/payments,12,565.0,433.31,RF,20260909T132210Z,2026-08-02 20:00:00+00:00
2026-08-02 22:00:00+00:00,/payments,1,323.0,377.61,RF,20260909T132210Z,2026-08-02 21:00:00+00:00
2026-08-03 03:00:00+00:00,/payments,6,390.0,357.84,RF,20260909T132210Z,2026-08-02 21:00:00+00:00
2026-08-03 09:00:00+00:00,/payments,12,646.0,454.54,RF,20260909T132210Z,2026-08-02 21:00:00+00:00
2026-08-02 23:00:00+00:00,/payments,1,246.0,354.23,RF,20260909T132210Z,2026-08-02 22:00:00+00:00
2026-08-03 04:00:00+00:00,/payments,6,423.0,354.74,RF,20260909T132210Z,2026-08-02 22:00:00+00:00
2026-08-03 10:00:00+00:00,/payments,12,622.0,461.71,RF,20260909T132210Z,2026-08-02 22:00:00+00:00
2026-08-03 00:00:00+00:00,/payments,1,414.0,315.2,RF,20260909T132210Z,2026-08-02 23:00:00+00:00
2026-08-03 05:00:00+00:00,/payments,6,417.0,301.71,RF,20260909T132210Z,2026-08-02 23:00:00+00:00
2026-08-03 11:00:00+00:00,/payments,12,743.0,309.06,RF,20260909T132210Z,2026-08-02 23:00:00+00:00
2026-08-03 01:00:00+00:00,/payments,1,315.0,297.55,RF,20260909T132210Z,2026-08-03 00:00:00+00:00
2026-08-03 06:00:00+00:00,/payments,6,451.0,415.4,RF,20260909T132210Z,2026-08-03 00:00:00+00:00
2026-08-03 12:00:00+00:00,/payments,12,828.0,460.07,RF,20260909T132210Z,2026-08-03 00:00:00+00:00
2026-08-03 02:00:00+00:00,/payments,1,381.0,396.63,RF,20260909T132210Z,2026-08-03 01:00:00+00:00
2026-08-03 07:00:00+00:00,/payments,6,550.0,368.31,RF,20260909T132210Z,2026-08-03 01:00:00+00:00
2026-08-03 13:00:00+00:00,/payments,12,777.0,419.27,RF,20260909T132210Z,2026-08-03 01:00:00+00:00
2026-08-03 03:00:00+00:00,/payments,1,390.0,323.54,RF,20260909T132210Z,2026-08-03 02:00:00+00:00
2026-08-03 08:00:00+00:00,/payments,6,565.0,430.0,RF,20260909T132210Z,2026-08-03 02:00:00+00:00
2026-08-03 14:00:00+00:00,/payments,12,844.0,498.7,RF,20260909T132210Z,2026-08-03 02:00:00+00:00
2026-08-03 04:00:00+00:00,/payments,1,423.0,394.03,RF,20260909T132210Z,2026-08-03 03:00:00+00:00
2026-08-03 09:00:00+00:00,/payments,6,646.0,457.7,RF,20260909T132210Z,2026-08-03 03:00:00+00:00
2026-08-03 15:00:00+00:00,/payments,12,861.0,497.4,RF,20260909T132210Z,2026-08-03 03:00:00+00:00
2026-08-03 05:00:00+00:00,/payments,1,417.0,397.62,RF,20260909T132210Z,2026-08-03 04:00:00+00:00
2026-08-03 10:00:00+00:00,/payments,6,622.0,444.29,RF,20260909T132210Z,2026-08-03 04:00:00+00:00
2026-08-03 16:00:00+00:00,/payments,12,875.0,414.49,RF,20260909T132210Z,2026-08-03 04:00:00+00:00
2026-08-03 06:00:00+00:00,/payments,1,451.0,424.81,RF,20260909T132210Z,2026-08-03 05:00:00+00:00
2026-08-03 11:00:00+00:00,/payments,6,743.0,462.1,RF,20260909T132210Z,2026-08-03 05:00:00+00:00
2026-08-03 17:00:00+00:00,/payments,12,825.0,569.0,RF,20260909T132210Z,2026-08-03 05:00:00+00:00
2026-08-03 07:00:00+00:00,/payments,1,550.0,416.64,RF,20260909T132210Z,2026-08-03 06:00:00+00:00
2026-08-03 12:00:00+00:00,/payments,6,828.0,502.01,RF,20260909T132210Z,2026-08-03 06:00:00+00:00
2026-08-03 18:00:00+00:00,/payments,12,750.0,583.69,RF,20260909T132210Z,2026-08-03 06:00:00+00:00
2026-08-03 08:00:00+00:00,/payments,1,565.0,454.26,RF,20260909T132210Z,2026-08-03 07:00:00+00:00
2026-08-03 13:00:00+00:00,/payments,6,777.0,589.76,RF,20260909T132210Z,2026-08-03 07:00:00+00:00
2026-08-03 19:00:00+00:00,/payments,12,691.0,538.95,RF,20260909T132210Z,2026-08-03 07:00:00+00:00
2026-08-03 09:00:00+00:00,/payments,1,646.0,525.88,RF,20260909T132210Z,2026-08-03 08:00:00+00:00
2026-08-03 14:00:00+00:00,/payments,6,844.0,590.76,RF,20260909T132210Z,2026-08-03 08:00:00+00:00
2026-08-03 20:00:00+00:00,/payments,12,743.0,508.16,RF,20260909T132210Z,2026-08-03 08:00:00+00:00
2026-08-03 10:00:00+00:00,/payments,1,622.0,569.06,RF,20260909T132210Z,2026-08-03 09:00:00+00:00
2026-08-03 15:00:00+00:00,/payments,6,861.0,586.97,RF,20260909T132210Z,2026-08-03 09:00:00+00:00
2026-08-03 21:00:00+00:00,/payments,12,720.0,507.15,RF,20260909T132210Z,2026-08-03 09:00:00+00:00
2026-08-03 11:00:00+00:00,/payments,1,743.0,585.48,RF,20260909T132210Z,2026-08-03 10:00:00+00:00
2026-08-03 16:00:00+00:00,/payments,6,875.0,583.03,RF,20260909T132210Z,2026-08-03 10:00:00+00:00
2026-08-03 22:00:00+00:00,/payments,12,633.0,449.19,RF,20260909T132210Z,2026-08-03 10:00:00+00:00
2026-08-03 12:00:00+00:00,/payments,1,828.0,596.39,RF,20260909T132210Z,2026-08-03 11:00:00+00:00
2026-08-03 17:00:00+00:00,/payments,6,825.0,570.75,RF,20260909T132210Z,2026-08-03 11:00:00+00:00
2026-08-03 23:00:00+00:00,/payments,12,622.0,437.0,RF,20260909T132210Z,2026-08-03 11:00:00+00:00
2026-08-03 13:00:00+00:00,/payments,1,777.0,590.72,RF,20260909T132210Z,2026-08-03 12:00:00+00:00
2026-08-03 18:00:00+00:00,/payments,6,750.0,564.22,RF,20260909T132210Z,2026-08-03 12:00:00+00:00
2026-08-04 00:00:00+00:00,/payments,12,587.0,418.24,RF,20260909T132210Z,2026-08-03 12:00:00+00:00
2026-08-03 14:00:00+00:00,/payments,1,844.0,578.58,RF,20260909T132210Z,2026-08-03 13:00:00+00:00
2026-08-03 19:00:00+00:00,/payments,6,691.0,509.47,RF,20260909T132210Z,2026-08-03 13:00:00+00:00
2026-08-04 01:00:00+00:00,/payments,12,525.0,368.55,RF,20260909T132210Z,2026-08-03 13:00:00+00:00
2026-08-03 15:00:00+00:00,/payments,1,861.0,581.02,RF,20260909T132210Z,2026-08-03 14:00:00+00:00
2026-08-03 20:00:00+00:00,/payments,6,743.0,496.64,RF,20260909T132210Z,2026-08-03 14:00:00+00:00
2026-08-04 02:00:00+00:00,/payments,12,534.0,362.11,RF,20260909T132210Z,2026-08-03 14:00:00+00:00
2026-08-03 16:00:00+00:00,/payments,1,875.0,573.31,RF,20260909T132210Z,2026-08-03 15:00:00+00:00
2026-08-03 21:00:00+00:00,/payments,6,720.0,485.07,RF,20260909T132210Z,2026-08-03 15:00:00+00:00
2026-08-04 03:00:00+00:00,/payments,12,555.0,341.82,RF,20260909T132210Z,2026-08-03 15:00:00+00:00
2026-08-03 17:00:00+00:00,/payments,1,825.0,570.12,RF,20260909T132210Z,2026-08-03 16:00:00+00:00
2026-08-03 22:00:00+00:00,/payments,6,633.0,452.5,RF,20260909T132210Z,2026-08-03 16:00:00+00:00
2026-08-04 04:00:00+00:00,/payments,12,756.0,351.19,RF,20260909T132210Z,2026-08-03 16:00:00+00:00
2026-08-03 18:00:00+00:00,/payments,1,750.0,566.18,RF,20260909T132210Z,2026-08-03 17:00:00+00:00
2026-08-03 23:00:00+00:00,/payments,6,622.0,445.3,RF,20260909T132210Z,2026-08-03 17:00:00+00:00
2026-08-04 05:00:00+00:00,/payments,12,479.0,359.26,RF,20260909T132210Z,2026-08-03 17:00:00+00:00
2026-08-01 12:00:00+00:00,/payments,1,368.0,374.0,Persistence,20260909T132210Z,2026-08-01 11:00:00+00:00
2026-08-01 17:00:00+00:00,/payments,6,392.0,374.0,Persistence,20260909T132210Z,2026-08-01 11:00:00+00:00
2026-08-01 23:00:00+00:00,/payments,12,321.0,374.0,Persistence,20260909T132210Z,2026-08-01 11:00:00+00:00
2026-08-01 13:00:00+00:00,/payments,1,406.0,368.0,Persistence,20260909T132210Z,2026-08-01 12:00:00+00:00
2026-08-01 18:00:00+00:00,/payments,6,398.0,368.0,Persistence,20260909T132210Z,2026-08-01 12:00:00+00:00
2026-08-02 00:00:00+00:00,/payments,12,281.0,368.0,Persistence,20260909T132210Z,2026-08-01 12:00:00+00:00
2026-08-01 14:00:00+00:00,/payments,1,443.0,406.0,Persistence,20260909T132210Z,2026-08-01 13:00:00+00:00
2026-08-01 19:00:00+00:00,/payments,6,370.0,406.0,Persistence,20260909T132210Z,2026-08-01 13:00:00+00:00
2026-08-02 01:00:00+00:00,/payments,12,215.0,406.0,Persistence,20260909T132210Z,2026-08-01 13:00:00+00:00
2026-08-01 15:00:00+00:00,/payments,1,429.0,443.0,Persistence,20260909T132210Z,2026-08-01 14:00:00+00:00
2026-08-01 20:00:00+00:00,/payments,6,279.0,443.0,Persistence,20260909T132210Z,2026-08-01 14:00:00+00:00
2026-08-02 02:00:00+00:00,/payments,12,315.0,443.0,Persistence,20260909T132210Z,2026-08-01 14:00:00+00:00
2026-08-01 16:00:00+00:00,/payments,1,398.0,429.0,Persistence,20260909T132210Z,2026-08-01 15:00:00+00:00
2026-08-01 21:00:00+00:00,/payments,6,300.0,429.0,Persistence,20260909T132210Z,2026-08-01 15:00:00+00:00
2026-08-02 03:00:00+00:00,/payments,12,197.0,429.0,Persistence,20260909T132210Z,2026-08-01 15:00:00+00:00
2026-08-01 17:00:00+00:00,/payments,1,392.0,398.0,Persistence,20260909T132210Z,2026-08-01 16:00:00+00:00
2026-08-01 22:00:00+00:00,/payments,6,237.0,398.0,Persistence,20260909T132210Z,2026-08-01 16:00:00+00:00
2026-08-02 04:00:00+00:00,/payments,12,317.0,398.0,Persistence,20260909T132210Z,2026-08-01 16:00:00+00:00
2026-08-01 18:00:00+00:00,/payments,1,398.0,392.0,Persistence,20260909T132210Z,2026-08-01 17:00:00+00:00
2026-08-01 23:00:00+00:00,/payments,6,321.0,392.0,Persistence,20260909T132210Z,2026-08-01 17:00:00+00:00
2026-08-02 05:00:00+00:00,/payments,12,182.0,392.0,Persistence,20260909T132210Z,2026-08-01 17:00:00+00:00
2026-08-01 19:00:00+00:00,/payments,1,370.0,398.0,Persistence,20260909T132210Z,2026-08-01 18:00:00+00:00
2026-08-02 00:00:00+00:00,/payments,6,281.0,398.0,Persistence,20260909T132210Z,2026-08-01 18:00:00+00:00
2026-08-02 06:00:00+00:00,/payments,12,282.0,398.0,Persistence,20260909T132210Z,2026-08-01 18:00:00+00:00
2026-08-01 20:00:00+00:00,/payments,1,279.0,370.0,Persistence,20260909T132210Z,2026-08-01 19:00:00+00:00
2026-08-02 01:00:00+00:00,/payments,6,215.0,370.0,Persistence,20260909T132210Z,2026-08-01 19:00:00+00:00
2026-08-02 07:00:00+00:00,/payments,12,322.0,370.0,Persistence,20260909T132210Z,2026-08-01 19:00:00+00:00
2026-08-01 21:00:00+00:00,/payments,1,300.0,279.0,Persistence,20260909T132210Z,2026-08-01 20:00:00+00:00
2026-08-02 02:00:00+00:00,/payments,6,315.0,279.0,Persistence,20260909T132210Z,2026-08-01 20:00:00+00:00
2026-08-02 08:00:00+00:00,/payments,12,387.0,279.0,Persistence,20260909T132210Z,2026-08-01 20:00:00+00:00
2026-08-01 22:00:00+00:00,/payments,1,237.0,300.0,Persistence,20260909T132210Z,2026-08-01 21:00:00+00:00
2026-08-02 03:00:00+00:00,/payments,6,197.0,300.0,Persistence,20260909T132210Z,2026-08-01 21:00:00+00:00
2026-08-02 09:00:00+00:00,/payments,12,376.0,300.0,Persistence,20260909T132210Z,2026-08-01 21:00:00+00:00
2026-08-01 23:00:00+00:00,/payments,1,321.0,237.0,Persistence,20260909T132210Z,2026-08-01 22:00:00+00:00
2026-08-02 04:00:00+00:00,/payments,6,317.0,237.0,Persistence,20260909T132210Z,2026-08-01 22:00:00+00:00
2026-08-02 10:00:00+00:00,/payments,12,368.0,237.0,Persistence,20260909T132210Z,2026-08-01 22:00:00+00:00
2026-08-02 00:00:00+00:00,/payments,1,281.0,321.0,Persistence,20260909T132210Z,2026-08-01 23:00:00+00:00
2026-08-02 05:00:00+00:00,/payments,6,182.0,321.0,Persistence,20260909T132210Z,2026-08-01 23:00:00+00:00
2026-08-02 11:00:00+00:00,/payments,12,430.0,321.0,Persistence,20260909T132210Z,2026-08-01 23:00:00+00:00
2026-08-02 01:00:00+00:00,/payments,1,215.0,281.0,Persistence,20260909T132210Z,2026-08-02 00:00:00+00:00
2026-08-02 06:00:00+00:00,/payments,6,282.0,281.0,Persistence,20260909T132210Z,2026-08-02 00:00:00+00:00
2026-08-02 12:00:00+00:00,/payments,12,439.0,281.0,Persistence,20260909T132210Z,2026-08-02 00:00:00+00:00
2026-08-02 02:00:00+00:00,/payments,1,315.0,215.0,Persistence,20260909T132210Z,2026-08-02 01:00:00+00:00
2026-08-02 07:00:00+00:00,/payments,6,322.0,215.0,Persistence,20260909T132210Z,2026-08-02 01:00:00+00:00
2026-08-02 13:00:00+00:00,/payments,12,464.0,215.0,Persistence,20260909T132210Z,2026-08-02 01:00:00+00:00
2026-08-02 03:00:00+00:00,/payments,1,197.0,315.0,Persistence,20260909T132210Z,2026-08-02 02:00:00+00:00
2026-08-02 08:00:00+00:00,/payments,6,387.0,315.0,Persistence,20260909T132210Z,2026-08-02 02:00:00+00:00
2026-08-02 14:00:00+00:00,/payments,12,448.0,315.0,Persistence,20260909T132210Z,2026-08-02 02:00:00+00:00
2026-08-02 04:00:00+00:00,/payments,1,317.0,197.0,Persistence,20260909T132210Z,2026-08-02 03:00:00+00:00
2026-08-02 09:00:00+00:00,/payments,6,376.0,197.0,Persistence,20260909T132210Z,2026-08-02 03:00:00+00:00
2026-08-02 15:00:00+00:00,/payments,12,515.0,197.0,Persistence,20260909T132210Z,2026-08-02 03:00:00+00:00
2026-08-02 05:00:00+00:00,/payments,1,182.0,317.0,Persistence,20260909T132210Z,2026-08-02 04:00:00+00:00
2026-08-02 10:00:00+00:00,/payments,6,368.0,317.0,Persistence,20260909T132210Z,2026-08-02 04:00:00+00:00
2026-08-02 16:00:00+00:00,/payments,12,410.0,317.0,Persistence,20260909T132210Z,2026-08-02 04:00:00+00:00
2026-08-02 06:00:00+00:00,/payments,1,282.0,182.0,Persistence,20260909T132210Z,2026-08-02 05:00:00+00:00
2026-08-02 11:00:00+00:00,/payments,6,430.0,182.0,Persistence,20260909T132210Z,2026-08-02 05:00:00+00:00
2026-08-02 17:00:00+00:00,/payments,12,415.0,182.0,Persistence,20260909T132210Z,2026-08-02 05:00:00+00:00
2026-08-02 07:00:00+00:00,/payments,1,322.0,282.0,Persistence,20260909T132210Z,2026-08-02 06:00:00+00:00
2026-08-02 12:00:00+00:00,/payments,6,439.0,282.0,Persistence,20260909T132210Z,2026-08-02 06:00:00+00:00
2026-08-02 18:00:00+00:00,/payments,12,347.0,282.0,Persistence,20260909T132210Z,2026-08-02 06:00:00+00:00
2026-08-02 08:00:00+00:00,/payments,1,387.0,322.0,Persistence,20260909T132210Z,2026-08-02 07:00:00+00:00
2026-08-02 13:00:00+00:00,/payments,6,464.0,322.0,Persistence,20260909T132210Z,2026-08-02 07:00:00+00:00
2026-08-02 19:00:00+00:00,/payments,12,378.0,322.0,Persistence,20260909T132210Z,2026-08-02 07:00:00+00:00
2026-08-02 09:00:00+00:00,/payments,1,376.0,387.0,Persistence,20260909T132210Z,2026-08-02 08:00:00+00:00
2026-08-02 14:00:00+00:00,/payments,6,448.0,387.0,Persistence,20260909T132210Z,2026-08-02 08:00:00+00:00
2026-08-02 20:00:00+00:00,/payments,12,384.0,387.0,Persistence,20260909T132210Z,2026-08-02 08:00:00+00:00
2026-08-02 10:00:00+00:00,/payments,1,368.0,376.0,Persistence,20260909T132210Z,2026-08-02 09:00:00+00:00
2026-08-02 15:00:00+00:00,/payments,6,515.0,376.0,Persistence,20260909T132210Z,2026-08-02 09:00:00+00:00
2026-08-02 21:00:00+00:00,/payments,12,341.0,376.0,Persistence,20260909T132210Z,2026-08-02 09:00:00+00:00
2026-08-02 11:00:00+00:00,/payments,1,430.0,368.0,Persistence,20260909T132210Z,2026-08-02 10:00:00+00:00
2026-08-02 16:00:00+00:00,/payments,6,410.0,368.0,Persistence,20260909T132210Z,2026-08-02 10:00:00+00:00
2026-08-02 22:00:00+00:00,/payments,12,323.0,368.0,Persistence,20260909T132210Z,2026-08-02 10:00:00+00:00
2026-08-02 12:00:00+00:00,/payments,1,439.0,430.0,Persistence,20260909T132210Z,2026-08-02 11:00:00+00:00
2026-08-02 17:00:00+00:00,/payments,6,415.0,430.0,Persistence,20260909T132210Z,2026-08-02 11:00:00+00:00
2026-08-02 23:00:00+00:00,/payments,12,246.0,430.0,Persistence,20260909T132210Z,2026-08-02 11:00:00+00:00
2026-08-02 13:00:00+00:00,/payments,1,464.0,439.0,Persistence,20260909T132210Z,2026-08-02 12:00:00+00:00
2026-08-02 18:00:00+00:00,/payments,6,347.0,439.0,Persistence,20260909T132210Z,2026-08-02 12:00:00+00:00
2026-08-03 00:00:00+00:00,/payments,12,414.0,439.0,Persistence,20260909T132210Z,2026-08-02 12:00:00+00:00
2026-08-02 14:00:00+00:00,/payments,1,448.0,464.0,Persistence,20260909T132210Z,2026-08-02 13:00:00+00:00
2026-08-02 19:00:00+00:00,/payments,6,378.0,464.0,Persistence,20260909T132210Z,2026-08-02 13:00:00+00:00
2026-08-03 01:00:00+00:00,/payments,12,315.0,464.0,Persistence,20260909T132210Z,2026-08-02 13:00:00+00:00
2026-08-02 15:00:00+00:00,/payments,1,515.0,448.0,Persistence,20260909T132210Z,2026-08-02 14:00:00+00:00
2026-08-02 20:00:00+00:00,/payments,6,384.0,448.0,Persistence,20260909T132210Z,2026-08-02 14:00:00+00:00
2026-08-03 02:00:00+00:00,/payments,12,381.0,448.0,Persistence,20260909T132210Z,2026-08-02 14:00:00+00:00
2026-08-02 16:00:00+00:00,/payments,1,410.0,515.0,Persistence,20260909T132210Z,2026-08-02 15:00:00+00:00
2026-08-02 21:00:00+00:00,/payments,6,341.0,515.0,Persistence,20260909T132210Z,2026-08-02 15:00:00+00:00
2026-08-03 03:00:00+00:00,/payments,12,390.0,515.0,Persistence,20260909T132210Z,2026-08-02 15:00:00+00:00
2026-08-02 17:00:00+00:00,/payments,1,415.0,410.0,Persistence,20260909T132210Z,2026-08-02 16:00:00+00:00
2026-08-02 22:00:00+00:00,/payments,6,323.0,410.0,Persistence,20260909T132210Z,2026-08-02 16:00:00+00:00
2026-08-03 04:00:00+00:00,/payments,12,423.0,410.0,Persistence,20260909T132210Z,2026-08-02 16:00:00+00:00
2026-08-02 18:00:00+00:00,/payments,1,347.0,415.0,Persistence,20260909T132210Z,2026-08-02 17:00:00+00:00
2026-08-02 23:00:00+00:00,/payments,6,246.0,415.0,Persistence,20260909T132210Z,2026-08-02 17:00:00+00:00
2026-08-03 05:00:00+00:00,/payments,12,417.0,415.0,Persistence,20260909T132210Z,2026-08-02 17:00:00+00:00
2026-08-02 19:00:00+00:00,/payments,1,378.0,347.0,Persistence,20260909T132210Z,2026-08-02 18:00:00+00:00
2026-08-03 00:00:00+00:00,/payments,6,414.0,347.0,Persistence,20260909T132210Z,2026-08-02 18:00:00+00:00
2026-08-03 06:00:00+00:00,/payments,12,451.0,347.0,Persistence,20260909T132210Z,2026-08-02 18:00:00+00:00
2026-08-02 20:00:00+00:00,/payments,1,384.0,378.0,Persistence,20260909T132210Z,2026-08-02 19:00:00+00:00
2026-08-03 01:00:00+00:00,/payments,6,315.0,378.0,Persistence,20260909T132210Z,2026-08-02 19:00:00+00:00
2026-08-03 07:00:00+00:00,/payments,12,550.0,378.0,Persistence,20260909T132210Z,2026-08-02 19:00:00+00:00
2026-08-02 21:00:00+00:00,/payments,1,341.0,384.0,Persistence,20260909T132210Z,2026-08-02 20:00:00+00:00
2026-08-03 02:00:00+00:00,/payments,6,381.0,384.0,Persistence,20260909T132210Z,2026-08-02 20:00:00+00:00
2026-08-03 08:00:00+00:00,/payments,12,565.0,384.0,Persistence,20260909T132210Z,2026-08-02 20:00:00+00:00
2026-08-02 22:00:00+00:00,/payments,1,323.0,341.0,Persistence,20260909T132210Z,2026-08-02 21:00:00+00:00
2026-08-03 03:00:00+00:00,/payments,6,390.0,341.0,Persistence,20260909T132210Z,2026-08-02 21:00:00+00:00
2026-08-03 09:00:00+00:00,/payments,12,646.0,341.0,Persistence,20260909T132210Z,2026-08-02 21:00:00+00:00
2026-08-02 23:00:00+00:00,/payments,1,246.0,323.0,Persistence,20260909T132210Z,2026-08-02 22:00:00+00:00
2026-08-03 04:00:00+00:00,/payments,6,423.0,323.0,Persistence,20260909T132210Z,2026-08-02 22:00:00+00:00
2026-08-03 10:00:00+00:00,/payments,12,622.0,323.0,Persistence,20260909T132210Z,2026-08-02 22:00:00+00:00
2026-08-03 00:00:00+00:00,/payments,1,414.0,246.0,Persistence,20260909T132210Z,2026-08-02 23:00:00+00:00
2026-08-03 05:00:00+00:00,/payments,6,417.0,246.0,Persistence,20260909T132210Z,2026-08-02 23:00:00+00:00
2026-08-03 11:00:00+00:00,/payments,12,743.0,246.0,Persistence,20260909T132210Z,2026-08-02 23:00:00+00:00
2026-08-03 01:00:00+00:00,/payments,1,315.0,414.0,Persistence,20260909T132210Z,2026-08-03 00:00:00+00:00
2026-08-03 06:00:00+00:00,/payments,6,451.0,414.0,Persistence,20260909T132210Z,2026-08-03 00:00:00+00:00
2026-08-03 12:00:00+00:00,/payments,12,828.0,414.0,Persistence,20260909T132210Z,2026-08-03 00:00:00+00:00
2026-08-03 02:00:00+00:00,/payments,1,381.0,315.0,Persistence,20260909T132210Z,2026-08-03 01:00:00+00:00
2026-08-03 07:00:00+00:00,/payments,6,550.0,315.0,Persistence,20260909T132210Z,2026-08-03 01:00:00+00:00
2026-08-03 13:00:00+00:00,/payments,12,777.0,315.0,Persistence,20260909T132210Z,2026-08-03 01:00:00+00:00
2026-08-03 03:00:00+00:00,/payments,1,390.0,381.0,Persistence,20260909T132210Z,2026-08-03 02:00:00+00:00
2026-08-03 08:00:00+00:00,/payments,6,565.0,381.0,Persistence,20260909T132210Z,2026-08-03 02:00:00+00:00
2026-08-03 14:00:00+00:00,/payments,12,844.0,381.0,Persistence,20260909T132210Z,2026-08-03 02:00:00+00:00
2026-08-03 04:00:00+00:00,/payments,1,423.0,390.0,Persistence,20260909T132210Z,2026-08-03 03:00:00+00:00
2026-08-03 09:00:00+00:00,/payments,6,646.0,390.0,Persistence,20260909T132210Z,2026-08-03 03:00:00+00:00
2026-08-03 15:00:00+00:00,/payments,12,861.0,390.0,Persistence,20260909T132210Z,2026-08-03 03:00:00+00:00
2026-08-03 05:00:00+00:00,/payments,1,417.0,423.0,Persistence,20260909T132210Z,2026-08-03 04:00:00+00:00
2026-08-03 10:00:00+00:00,/payments,6,622.0,423.0,Persistence,20260909T132210Z,2026-08-03 04:00:00+00:00
2026-08-03 16:00:00+00:00,/payments,12,875.0,423.0,Persistence,20260909T132210Z,2026-08-03 04:00:00+00:00
2026-08-03 06:00:00+00:00,/payments,1,451.0,417.0,Persistence,20260909T132210Z,2026-08-03 05:00:00+00:00
2026-08-03 11:00:00+00:00,/payments,6,743.0,417.0,Persistence,20260909T132210Z,2026-08-03 05:00:00+00:00
2026-08-03 17:00:00+00:00,/payments,12,825.0,417.0,Persistence,20260909T132210Z,2026-08-03 05:00:00+00:00
2026-08-03 07:00:00+00:00,/payments,1,550.0,451.0,Persistence,20260909T132210Z,2026-08-03 06:00:00+00:00
2026-08-03 12:00:00+00:00,/payments,6,828.0,451.0,Persistence,20260909T132210Z,2026-08-03 06:00:00+00:00
2026-08-03 18:00:00+00:00,/payments,12,750.0,451.0,Persistence,20260909T132210Z,2026-08-03 06:00:00+00:00
2026-08-03 08:00:00+00:00,/payments,1,565.0,550.0,Persistence,20260909T132210Z,2026-08-03 07:00:00+00:00
2026-08-03 13:00:00+00:00,/payments,6,777.0,550.0,Persistence,20260909T132210Z,2026-08-03 07:00:00+00:00
2026-08-03 19:00:00+00:00,/payments,12,691.0,550.0,Persistence,20260909T132210Z,2026-08-03 07:00:00+00:00
2026-08-03 09:00:00+00:00,/payments,1,646.0,565.0,Persistence,20260909T132210Z,2026-08-03 08:00:00+00:00
2026-08-03 14:00:00+00:00,/payments,6,844.0,565.0,Persistence,20260909T132210Z,2026-08-03 08:00:00+00:00
2026-08-03 20:00:00+00:00,/payments,12,743.0,565.0,Persistence,20260909T132210Z,2026-08-03 08:00:00+00:00
2026-08-03 10:00:00+00:00,/payments,1,622.0,646.0,Persistence,20260909T132210Z,2026-08-03 09:00:00+00:00
2026-08-03 15:00:00+00:00,/payments,6,861.0,646.0,Persistence,20260909T132210Z,2026-08-03 09:00:00+00:00
2026-08-03 21:00:00+00:00,/payments,12,720.0,646.0,Persistence,20260909T132210Z,2026-08-03 09:00:00+00:00
2026-08-03 11:00:00+00:00,/payments,1,743.0,622.0,Persistence,20260909T132210Z,2026-08-03 10:00:00+00:00
2026-08-03 16:00:00+00:00,/payments,6,875.0,622.0,Persistence,20260909T132210Z,2026-08-03 10:00:00+00:00
2026-08-03 22:00:00+00:00,/payments,12,633.0,622.0,Persistence,20260909T132210Z,2026-08-03 10:00:00+00:00
2026-08-03 12:00:00+00:00,/payments,1,828.0,743.0,Persistence,20260909T132210Z,2026-08-03 11:00:00+00:00
2026-08-03 17:00:00+00:00,/payments,6,825.0,743.0,Persistence,20260909T132210Z,2026-08-03 11:00:00+00:00
2026-08-03 23:00:00+00:00,/payments,12,622.0,743.0,Persistence,20260909T132210Z,2026-08-03 11:00:00+00:00
2026-08-03 13:00:00+00:00,/payments,1,777.0,828.0,Persistence,20260909T132210Z,2026-08-03 12:00:00+00:00
2026-08-03 18:00:00+00:00,/payments,6,750.0,828.0,Persistence,20260909T132210Z,2026-08-03 12:00:00+00:00
2026-08-04 00:00:00+00:00,/payments,12,587.0,828.0,Persistence,20260909T132210Z,2026-08-03 12:00:00+00:00
2026-08-03 14:00:00+00:00,/payments,1,844.0,777.0,Persistence,20260909T132210Z,2026-08-03 13:00:00+00:00
2026-08-03 19:00:00+00:00,/payments,6,691.0,777.0,Persistence,20260909T132210Z,2026-08-03 13:00:00+00:00
2026-08-04 01:00:00+00:00,/payments,12,525.0,777.0,Persistence,20260909T132210Z,2026-08-03 13:00:00+00:00
2026-08-03 15:00:00+00:00,/payments,1,861.0,844.0,Persistence,20260909T132210Z,2026-08-03 14:00:00+00:00
2026-08-03 20:00:00+00:00,/payments,6,743.0,844.0,Persistence,20260909T132210Z,2026-08-03 14:00:00+00:00
2026-08-04 02:00:00+00:00,/payments,12,534.0,844.0,Persistence,20260909T132210Z,2026-08-03 14:00:00+00:00
2026-08-03 16:00:00+00:00,/payments,1,875.0,861.0,Persistence,20260909T132210Z,2026-08-03 15:00:00+00:00
2026-08-03 21:00:00+00:00,/payments,6,720.0,861.0,Persistence,20260909T132210Z,2026-08-03 15:00:00+00:00
2026-08-04 03:00:00+00:00,/payments,12,555.0,861.0,Persistence,20260909T132210Z,2026-08-03 15:00:00+00:00
2026-08-03 17:00:00+00:00,/payments,1,825.0,875.0,Persistence,20260909T132210Z,2026-08-03 16:00:00+00:00
2026-08-03 22:00:00+00:00,/payments,6,633.0,875.0,Persistence,20260909T132210Z,2026-08-03 16:00:00+00:00
2026-08-04 04:00:00+00:00,/payments,12,756.0,875.0,Persistence,20260909T132210Z,2026-08-03 16:00:00+00:00
2026-08-03 18:00:00+00:00,/payments,1,750.0,825.0,Persistence,20260909T132210Z,2026-08-03 17:00:00+00:00
2026-08-03 23:00:00+00:00,/payments,6,622.0,825.0,Persistence,20260909T132210Z,2026-08-03 17:00:00+00:00
2026-08-04 05:00:00+00:00,/payments,12,479.0,825.0,Persistence,20260909T132210Z,2026-08-03 17:00:00+00:00
2026-08-01 12:00:00+00:00,/payments,1,368.0,596.0,SeasonalNaive,20260909T132210Z,2026-08-01 11:00:00+00:00
2026-08-01 17:00:00+00:00,/payments,6,392.0,638.0,SeasonalNaive,20260909T132210Z,2026-08-01 11:00:00+00:00
2026-08-01 23:00:00+00:00,/payments,12,321.0,378.0,SeasonalNaive,20260909T132210Z,2026-08-01 11:00:00+00:00
2026-08-01 13:00:00+00:00,/payments,1,406.0,661.0,SeasonalNaive,20260909T132210Z,2026-08-01 12:00:00+00:00
2026-08-01 18:00:00+00:00,/payments,6,398.0,508.0,SeasonalNaive,20260909T132210Z,2026-08-01 12:00:00+00:00
2026-08-02 00:00:00+00:00,/payments,12,281.0,316.0,SeasonalNaive,20260909T132210Z,2026-08-01 12:00:00+00:00
2026-08-01 14:00:00+00:00,/payments,1,443.0,609.0,SeasonalNaive,20260909T132210Z,2026-08-01 13:00:00+00:00
2026-08-01 19:00:00+00:00,/payments,6,370.0,471.0,SeasonalNaive,20260909T132210Z,2026-08-01 13:00:00+00:00
2026-08-02 01:00:00+00:00,/payments,12,215.0,301.0,SeasonalNaive,20260909T132210Z,2026-08-01 13:00:00+00:00
2026-08-01 15:00:00+00:00,/payments,1,429.0,705.0,SeasonalNaive,20260909T132210Z,2026-08-01 14:00:00+00:00
2026-08-01 20:00:00+00:00,/payments,6,279.0,443.0,SeasonalNaive,20260909T132210Z,2026-08-01 14:00:00+00:00
2026-08-02 02:00:00+00:00,/payments,12,315.0,203.0,SeasonalNaive,20260909T132210Z,2026-08-01 14:00:00+00:00
2026-08-01 16:00:00+00:00,/payments,1,398.0,557.0,SeasonalNaive,20260909T132210Z,2026-08-01 15:00:00+00:00
2026-08-01 21:00:00+00:00,/payments,6,300.0,427.0,SeasonalNaive,20260909T132210Z,2026-08-01 15:00:00+00:00
2026-08-02 03:00:00+00:00,/payments,12,197.0,191.0,SeasonalNaive,20260909T132210Z,2026-08-01 15:00:00+00:00
2026-08-01 17:00:00+00:00,/payments,1,392.0,638.0,SeasonalNaive,20260909T132210Z,2026-08-01 16:00:00+00:00
2026-08-01 22:00:00+00:00,/payments,6,237.0,447.0,SeasonalNaive,20260909T132210Z,2026-08-01 16:00:00+00:00
2026-08-02 04:00:00+00:00,/payments,12,317.0,211.0,SeasonalNaive,20260909T132210Z,2026-08-01 16:00:00+00:00
2026-08-01 18:00:00+00:00,/payments,1,398.0,508.0,SeasonalNaive,20260909T132210Z,2026-08-01 17:00:00+00:00
2026-08-01 23:00:00+00:00,/payments,6,321.0,378.0,SeasonalNaive,20260909T132210Z,2026-08-01 17:00:00+00:00
2026-08-02 05:00:00+00:00,/payments,12,182.0,324.0,SeasonalNaive,20260909T132210Z,2026-08-01 17:00:00+00:00
2026-08-01 19:00:00+00:00,/payments,1,370.0,471.0,SeasonalNaive,20260909T132210Z,2026-08-01 18:00:00+00:00
2026-08-02 00:00:00+00:00,/payments,6,281.0,316.0,SeasonalNaive,20260909T132210Z,2026-08-01 18:00:00+00:00
2026-08-02 06:00:00+00:00,/payments,12,282.0,316.0,SeasonalNaive,20260909T132210Z,2026-08-01 18:00:00+00:00
2026-08-01 20:00:00+00:00,/payments,1,279.0,443.0,SeasonalNaive,20260909T132210Z,2026-08-01 19:00:00+00:00
2026-08-02 01:00:00+00:00,/payments,6,215.0,301.0,SeasonalNaive,20260909T132210Z,2026-08-01 19:00:00+00:00
2026-08-02 07:00:00+00:00,/payments,12,322.0,386.0,SeasonalNaive,20260909T132210Z,2026-08-01 19:00:00+00:00
2026-08-01 21:00:00+00:00,/payments,1,300.0,427.0,SeasonalNaive,20260909T132210Z,2026-08-01 20:00:00+00:00
2026-08-02 02:00:00+00:00,/payments,6,315.0,203.0,SeasonalNaive,20260909T132210Z,2026-08-01 20:00:00+00:00
2026-08-02 08:00:00+00:00,/payments,12,387.0,337.0,SeasonalNaive,20260909T132210Z,2026-08-01 20:00:00+00:00
2026-08-01 22:00:00+00:00,/payments,1,237.0,447.0,SeasonalNaive,20260909T132210Z,2026-08-01 21:00:00+00:00
2026-08-02 03:00:00+00:00,/payments,6,197.0,191.0,SeasonalNaive,20260909T132210Z,2026-08-01 21:00:00+00:00
2026-08-02 09:00:00+00:00,/payments,12,376.0,344.0,SeasonalNaive,20260909T132210Z,2026-08-01 21:00:00+00:00
2026-08-01 23:00:00+00:00,/payments,1,321.0,378.0,SeasonalNaive,20260909T132210Z,2026-08-01 22:00:00+00:00
2026-08-02 04:00:00+00:00,/payments,6,317.0,211.0,SeasonalNaive,20260909T132210Z,2026-08-01 22:00:00+00:00
2026-08-02 10:00:00+00:00,/payments,12,368.0,413.0,SeasonalNaive,20260909T132210Z,2026-08-01 22:00:00+00:00
2026-08-02 00:00:00+00:00,/payments,1,281.0,316.0,SeasonalNaive,20260909T132210Z,2026-08-01 23:00:00+00:00
2026-08-02 05:00:00+00:00,/payments,6,182.0,324.0,SeasonalNaive,20260909T132210Z,2026-08-01 23:00:00+00:00
2026-08-02 11:00:00+00:00,/payments,12,430.0,374.0,SeasonalNaive,20260909T132210Z,2026-08-01 23:00:00+00:00
2026-08-02 01:00:00+00:00,/payments,1,215.0,301.0,SeasonalNaive,20260909T132210Z,2026-08-02 00:00:00+00:00
2026-08-02 06:00:00+00:00,/payments,6,282.0,316.0,SeasonalNaive,20260909T132210Z,2026-08-02 00:00:00+00:00
2026-08-02 12:00:00+00:00,/payments,12,439.0,368.0,SeasonalNaive,20260909T132210Z,2026-08-02 00:00:00+00:00
2026-08-02 02:00:00+00:00,/payments,1,315.0,203.0,SeasonalNaive,20260909T132210Z,2026-08-02 01:00:00+00:00
2026-08-02 07:00:00+00:00,/payments,6,322.0,386.0,SeasonalNaive,20260909T132210Z,2026-08-02 01:00:00+00:00
2026-08-02 13:00:00+00:00,/payments,12,464.0,406.0,SeasonalNaive,20260909T132210Z,2026-08-02 01:00:00+00:00
2026-08-02 03:00:00+00:00,/payments,1,197.0,191.0,SeasonalNaive,20260909T132210Z,2026-08-02 02:00:00+00:00
2026-08-02 08:00:00+00:00,/payments,6,387.0,337.0,SeasonalNaive,20260909T132210Z,2026-08-02 02:00:00+00:00
2026-08-02 14:00:00+00:00,/payments,12,448.0,443.0,SeasonalNaive,20260909T132210Z,2026-08-02 02:00:00+00:00
2026-08-02 04:00:00+00:00,/payments,1,317.0,211.0,SeasonalNaive,20260909T132210Z,2026-08-02 03:00:00+00:00
2026-08-02 09:00:00+00:00,/payments,6,376.0,344.0,SeasonalNaive,20260909T132210Z,2026-08-02 03:00:00+00:00
2026-08-02 15:00:00+00:00,/payments,12,515.0,429.0,SeasonalNaive,20260909T132210Z,2026-08-02 03:00:00+00:00
2026-08-02 05:00:00+00:00,/payments,1,182.0,324.0,SeasonalNaive,20260909T132210Z,2026-08-02 04:00:00+00:00
2026-08-02 10:00:00+00:00,/payments,6,368.0,413.0,SeasonalNaive,20260909T132210Z,2026-08-02 04:00:00+00:00
2026-08-02 16:00:00+00:00,/payments,12,410.0,398.0,SeasonalNaive,20260909T132210Z,2026-08-02 04:00:00+00:00
2026-08-02 06:00:00+00:00,/payments,1,282.0,316.0,SeasonalNaive,20260909T132210Z,2026-08-02 05:00:00+00:00
2026-08-02 11:00:00+00:00,/payments,6,430.0,374.0,SeasonalNaive,20260909T132210Z,2026-08-02 05:00:00+00:00
2026-08-02 17:00:00+00:00,/payments,12,415.0,392.0,SeasonalNaive,20260909T132210Z,2026-08-02 05:00:00+00:00
2026-08-02 07:00:00+00:00,/payments,1,322.0,386.0,SeasonalNaive,20260909T132210Z,2026-08-02 06:00:00+00:00
2026-08-02 12:00:00+00:00,/payments,6,439.0,368.0,SeasonalNaive,20260909T132210Z,2026-08-02 06:00:00+00:00
2026-08-02 18:00:00+00:00,/payments,12,347.0,398.0,SeasonalNaive,20260909T132210Z,2026-08-02 06:00:00+00:00
2026-08-02 08:00:00+00:00,/payments,1,387.0,337.0,SeasonalNaive,20260909T132210Z,2026-08-02 07:00:00+00:00
2026-08-02 13:00:00+00:00,/payments,6,464.0,406.0,SeasonalNaive,20260909T132210Z,2026-08-02 07:00:00+00:00
2026-08-02 19:00:00+00:00,/payments,12,378.0,370.0,SeasonalNaive,20260909T132210Z,2026-08-02 07:00:00+00:00
2026-08-02 09:00:00+00:00,/payments,1,376.0,344.0,SeasonalNaive,20260909T132210Z,2026-08-02 08:00:00+00:00
2026-08-02 14:00:00+00:00,/payments,6,448.0,443.0,SeasonalNaive,20260909T132210Z,2026-08-02 08:00:00+00:00
2026-08-02 20:00:00+00:00,/payments,12,384.0,279.0,SeasonalNaive,20260909T132210Z,2026-08-02 08:00:00+00:00
2026-08-02 10:00:00+00:00,/payments,1,368.0,413.0,SeasonalNaive,20260909T132210Z,2026-08-02 09:00:00+00:00
2026-08-02 15:00:00+00:00,/payments,6,515.0,429.0,SeasonalNaive,20260909T132210Z,2026-08-02 09:00:00+00:00
2026-08-02 21:00:00+00:00,/payments,12,341.0,300.0,SeasonalNaive,20260909T132210Z,2026-08-02 09:00:00+00:00
2026-08-02 11:00:00+00:00,/payments,1,430.0,374.0,SeasonalNaive,20260909T132210Z,2026-08-02 10:00:00+00:00
2026-08-02 16:00:00+00:00,/payments,6,410.0,398.0,SeasonalNaive,20260909T132210Z,2026-08-02 10:00:00+00:00
2026-08-02 22:00:00+00:00,/payments,12,323.0,237.0,SeasonalNaive,20260909T132210Z,2026-08-02 10:00:00+00:00
2026-08-02 12:00:00+00:00,/payments,1,439.0,368.0,SeasonalNaive,20260909T132210Z,2026-08-02 11:00:00+00:00
2026-08-02 17:00:00+00:00,/payments,6,415.0,392.0,SeasonalNaive,20260909T132210Z,2026-08-02 11:00:00+00:00
2026-08-02 23:00:00+00:00,/payments,12,246.0,321.0,SeasonalNaive,20260909T132210Z,2026-08-02 11:00:00+00:00
2026-08-02 13:00:00+00:00,/payments,1,464.0,406.0,SeasonalNaive,20260909T132210Z,2026-08-02 12:00:00+00:00
2026-08-02 18:00:00+00:00,/payments,6,347.0,398.0,SeasonalNaive,20260909T132210Z,2026-08-02 12:00:00+00:00
2026-08-03 00:00:00+00:00,/payments,12,414.0,281.0,SeasonalNaive,20260909T132210Z,2026-08-02 12:00:00+00:00
2026-08-02 14:00:00+00:00,/payments,1,448.0,443.0,SeasonalNaive,20260909T132210Z,2026-08-02 13:00:00+00:00
2026-08-02 19:00:00+00:00,/payments,6,378.0,370.0,SeasonalNaive,20260909T132210Z,2026-08-02 13:00:00+00:00
2026-08-03 01:00:00+00:00,/payments,12,315.0,215.0,SeasonalNaive,20260909T132210Z,2026-08-02 13:00:00+00:00
2026-08-02 15:00:00+00:00,/payments,1,515.0,429.0,SeasonalNaive,20260909T132210Z,2026-08-02 14:00:00+00:00
2026-08-02 20:00:00+00:00,/payments,6,384.0,279.0,SeasonalNaive,20260909T132210Z,2026-08-02 14:00:00+00:00
2026-08-03 02:00:00+00:00,/payments,12,381.0,315.0,SeasonalNaive,20260909T132210Z,2026-08-02 14:00:00+00:00
2026-08-02 16:00:00+00:00,/payments,1,410.0,398.0,SeasonalNaive,20260909T132210Z,2026-08-02 15:00:00+00:00
2026-08-02 21:00:00+00:00,/payments,6,341.0,300.0,SeasonalNaive,20260909T132210Z,2026-08-02 15:00:00+00:00
2026-08-03 03:00:00+00:00,/payments,12,390.0,197.0,SeasonalNaive,20260909T132210Z,2026-08-02 15:00:00+00:00
2026-08-02 17:00:00+00:00,/payments,1,415.0,392.0,SeasonalNaive,20260909T132210Z,2026-08-02 16:00:00+00:00
2026-08-02 22:00:00+00:00,/payments,6,323.0,237.0,SeasonalNaive,20260909T132210Z,2026-08-02 16:00:00+00:00
2026-08-03 04:00:00+00:00,/payments,12,423.0,317.0,SeasonalNaive,20260909T132210Z,2026-08-02 16:00:00+00:00
2026-08-02 18:00:00+00:00,/payments,1,347.0,398.0,SeasonalNaive,20260909T132210Z,2026-08-02 17:00:00+00:00
2026-08-02 23:00:00+00:00,/payments,6,246.0,321.0,SeasonalNaive,20260909T132210Z,2026-08-02 17:00:00+00:00
2026-08-03 05:00:00+00:00,/payments,12,417.0,182.0,SeasonalNaive,20260909T132210Z,2026-08-02 17:00:00+00:00
2026-08-02 19:00:00+00:00,/payments,1,378.0,370.0,SeasonalNaive,20260909T132210Z,2026-08-02 18:00:00+00:00
2026-08-03 00:00:00+00:00,/payments,6,414.0,281.0,SeasonalNaive,20260909T132210Z,2026-08-02 18:00:00+00:00
2026-08-03 06:00:00+00:00,/payments,12,451.0,282.0,SeasonalNaive,20260909T132210Z,2026-08-02 18:00:00+00:00
2026-08-02 20:00:00+00:00,/payments,1,384.0,279.0,SeasonalNaive,20260909T132210Z,2026-08-02 19:00:00+00:00
2026-08-03 01:00:00+00:00,/payments,6,315.0,215.0,SeasonalNaive,20260909T132210Z,2026-08-02 19:00:00+00:00
2026-08-03 07:00:00+00:00,/payments,12,550.0,322.0,SeasonalNaive,20260909T132210Z,2026-08-02 19:00:00+00:00
2026-08-02 21:00:00+00:00,/payments,1,341.0,300.0,SeasonalNaive,20260909T132210Z,2026-08-02 20:00:00+00:00
2026-08-03 02:00:00+00:00,/payments,6,381.0,315.0,SeasonalNaive,20260909T132210Z,2026-08-02 20:00:00+00:00
2026-08-03 08:00:00+00:00,/payments,12,565.0,387.0,SeasonalNaive,20260909T132210Z,2026-08-02 20:00:00+00:00
2026-08-02 22:00:00+00:00,/payments,1,323.0,237.0,SeasonalNaive,20260909T132210Z,2026-08-02 21:00:00+00:00
2026-08-03 03:00:00+00:00,/payments,6,390.0,197.0,SeasonalNaive,20260909T132210Z,2026-08-02 21:00:00+00:00
2026-08-03 09:00:00+00:00,/payments,12,646.0,376.0,SeasonalNaive,20260909T132210Z,2026-08-02 21:00:00+00:00
2026-08-02 23:00:00+00:00,/payments,1,246.0,321.0,SeasonalNaive,20260909T132210Z,2026-08-02 22:00:00+00:00
2026-08-03 04:00:00+00:00,/payments,6,423.0,317.0,SeasonalNaive,20260909T132210Z,2026-08-02 22:00:00+00:00
2026-08-03 10:00:00+00:00,/payments,12,622.0,368.0,SeasonalNaive,20260909T132210Z,2026-08-02 22:00:00+00:00
2026-08-03 00:00:00+00:00,/payments,1,414.0,281.0,SeasonalNaive,20260909T132210Z,2026-08-02 23:00:00+00:00
2026-08-03 05:00:00+00:00,/payments,6,417.0,182.0,SeasonalNaive,20260909T132210Z,2026-08-02 23:00:00+00:00
2026-08-03 11:00:00+00:00,/payments,12,743.0,430.0,SeasonalNaive,20260909T132210Z,2026-08-02 23:00:00+00:00
2026-08-03 01:00:00+00:00,/payments,1,315.0,215.0,SeasonalNaive,20260909T132210Z,2026-08-03 00:00:00+00:00
2026-08-03 06:00:00+00:00,/payments,6,451.0,282.0,SeasonalNaive,20260909T132210Z,2026-08-03 00:00:00+00:00
2026-08-03 12:00:00+00:00,/payments,12,828.0,439.0,SeasonalNaive,20260909T132210Z,2026-08-03 00:00:00+00:00
2026-08-03 02:00:00+00:00,/payments,1,381.0,315.0,SeasonalNaive,20260909T132210Z,2026-08-03 01:00:00+00:00
2026-08-03 07:00:00+00:00,/payments,6,550.0,322.0,SeasonalNaive,20260909T132210Z,2026-08-03 01:00:00+00:00
2026-08-03 13:00:00+00:00,/payments,12,777.0,464.0,SeasonalNaive,20260909T132210Z,2026-08-03 01:00:00+00:00
2026-08-03 03:00:00+00:00,/payments,1,390.0,197.0,SeasonalNaive,20260909T132210Z,2026-08-03 02:00:00+00:00
2026-08-03 08:00:00+00:00,/payments,6,565.0,387.0,SeasonalNaive,20260909T132210Z,2026-08-03 02:00:00+00:00
2026-08-03 14:00:00+00:00,/payments,12,844.0,448.0,SeasonalNaive,20260909T132210Z,2026-08-03 02:00:00+00:00
2026-08-03 04:00:00+00:00,/payments,1,423.0,317.0,SeasonalNaive,20260909T132210Z,2026-08-03 03:00:00+00:00
2026-08-03 09:00:00+00:00,/payments,6,646.0,376.0,SeasonalNaive,20260909T132210Z,2026-08-03 03:00:00+00:00
2026-08-03 15:00:00+00:00,/payments,12,861.0,515.0,SeasonalNaive,20260909T132210Z,2026-08-03 03:00:00+00:00
2026-08-03 05:00:00+00:00,/payments,1,417.0,182.0,SeasonalNaive,20260909T132210Z,2026-08-03 04:00:00+00:00
2026-08-03 10:00:00+00:00,/payments,6,622.0,368.0,SeasonalNaive,20260909T132210Z,2026-08-03 04:00:00+00:00
2026-08-03 16:00:00+00:00,/payments,12,875.0,410.0,SeasonalNaive,20260909T132210Z,2026-08-03 04:00:00+00:00
2026-08-03 06:00:00+00:00,/payments,1,451.0,282.0,SeasonalNaive,20260909T132210Z,2026-08-03 05:00:00+00:00
2026-08-03 11:00:00+00:00,/payments,6,743.0,430.0,SeasonalNaive,20260909T132210Z,2026-08-03 05:00:00+00:00
2026-08-03 17:00:00+00:00,/payments,12,825.0,415.0,SeasonalNaive,20260909T132210Z,2026-08-03 05:00:00+00:00
2026-08-03 07:00:00+00:00,/payments,1,550.0,322.0,SeasonalNaive,20260909T132210Z,2026-08-03 06:00:00+00:00
2026-08-03 12:00:00+00:00,/payments,6,828.0,439.0,SeasonalNaive,20260909T132210Z,2026-08-03 06:00:00+00:00
2026-08-03 18:00:00+00:00,/payments,12,750.0,347.0,SeasonalNaive,20260909T132210Z,2026-08-03 06:00:00+00:00
2026-08-03 08:00:00+00:00,/payments,1,565.0,387.0,SeasonalNaive,20260909T132210Z,2026-08-03 07:00:00+00:00
2026-08-03 13:00:00+00:00,/payments,6,777.0,464.0,SeasonalNaive,20260909T132210Z,2026-08-03 07:00:00+00:00
2026-08-03 19:00:00+00:00,/payments,12,691.0,378.0,SeasonalNaive,20260909T132210Z,2026-08-03 07:00:00+00:00
2026-08-03 09:00:00+00:00,/payments,1,646.0,376.0,SeasonalNaive,20260909T132210Z,2026-08-03 08:00:00+00:00
2026-08-03 14:00:00+00:00,/payments,6,844.0,448.0,SeasonalNaive,20260909T132210Z,2026-08-03 08:00:00+00:00
2026-08-03 20:00:00+00:00,/payments,12,743.0,384.0,SeasonalNaive,20260909T132210Z,2026-08-03 08:00:00+00:00
2026-08-03 10:00:00+00:00,/payments,1,622.0,368.0,SeasonalNaive,20260909T132210Z,2026-08-03 09:00:00+00:00
2026-08-03 15:00:00+00:00,/payments,6,861.0,515.0,SeasonalNaive,20260909T132210Z,2026-08-03 09:00:00+00:00
2026-08-03 21:00:00+00:00,/payments,12,720.0,341.0,SeasonalNaive,20260909T132210Z,2026-08-03 09:00:00+00:00
2026-08-03 11:00:00+00:00,/payments,1,743.0,430.0,SeasonalNaive,20260909T132210Z,2026-08-03 10:00:00+00:00
2026-08-03 16:00:00+00:00,/payments,6,875.0,410.0,SeasonalNaive,20260909T132210Z,2026-08-03 10:00:00+00:00
2026-08-03 22:00:00+00:00,/payments,12,633.0,323.0,SeasonalNaive,20260909T132210Z,2026-08-03 10:00:00+00:00
2026-08-03 12:00:00+00:00,/payments,1,828.0,439.0,SeasonalNaive,20260909T132210Z,2026-08-03 11:00:00+00:00
2026-08-03 17:00:00+00:00,/payments,6,825.0,415.0,SeasonalNaive,20260909T132210Z,2026-08-03 11:00:00+00:00
2026-08-03 23:00:00+00:00,/payments,12,622.0,246.0,SeasonalNaive,20260909T132210Z,2026-08-03 11:00:00+00:00
2026-08-03 13:00:00+00:00,/payments,1,777.0,464.0,SeasonalNaive,20260909T132210Z,2026-08-03 12:00:00+00:00
2026-08-03 18:00:00+00:00,/payments,6,750.0,347.0,SeasonalNaive,20260909T132210Z,2026-08-03 12:00:00+00:00
2026-08-04 00:00:00+00:00,/payments,12,587.0,414.0,SeasonalNaive,20260909T132210Z,2026-08-03 12:00:00+00:00
2026-08-03 14:00:00+00:00,/payments,1,844.0,448.0,SeasonalNaive,20260909T132210Z,2026-08-03 13:00:00+00:00
2026-08-03 19:00:00+00:00,/payments,6,691.0,378.0,SeasonalNaive,20260909T132210Z,2026-08-03 13:00:00+00:00
2026-08-04 01:00:00+00:00,/payments,12,525.0,315.0,SeasonalNaive,20260909T132210Z,2026-08-03 13:00:00+00:00
2026-08-03 15:00:00+00:00,/payments,1,861.0,515.0,SeasonalNaive,20260909T132210Z,2026-08-03 14:00:00+00:00
2026-08-03 20:00:00+00:00,/payments,6,743.0,384.0,SeasonalNaive,20260909T132210Z,2026-08-03 14:00:00+00:00
2026-08-04 02:00:00+00:00,/payments,12,534.0,381.0,SeasonalNaive,20260909T132210Z,2026-08-03 14:00:00+00:00
2026-08-03 16:00:00+00:00,/payments,1,875.0,410.0,SeasonalNaive,20260909T132210Z,2026-08-03 15:00:00+00:00
2026-08-03 21:00:00+00:00,/payments,6,720.0,341.0,SeasonalNaive,20260909T132210Z,2026-08-03 15:00:00+00:00
2026-08-04 03:00:00+00:00,/payments,12,555.0,390.0,SeasonalNaive,20260909T132210Z,2026-08-03 15:00:00+00:00
2026-08-03 17:00:00+00:00,/payments,1,825.0,415.0,SeasonalNaive,20260909T132210Z,2026-08-03 16:00:00+00:00
2026-08-03 22:00:00+00:00,/payments,6,633.0,323.0,SeasonalNaive,20260909T132210Z,2026-08-03 16:00:00+00:00
2026-08-04 04:00:00+00:00,/payments,12,756.0,423.0,SeasonalNaive,20260909T132210Z,2026-08-03 16:00:00+00:00
2026-08-03 18:00:00+00:00,/payments,1,750.0,347.0,SeasonalNaive,20260909T132210Z,2026-08-03 17:00:00+00:00
2026-08-03 23:00:00+00:00,/payments,6,622.0,246.0,SeasonalNaive,20260909T132210Z,2026-08-03 17:00:00+00:00
2026-08-04 05:00:00+00:00,/payments,12,479.0,417.0,SeasonalNaive,20260909T132210Z,2026-08-03 17:00:00+00:00
2026-08-01 12:00:00+00:00,/search,1,609.0,659.76,RF,20260909T132210Z,2026-08-01 11:00:00+00:00
2026-08-01 17:00:00+00:00,/search,6,891.0,739.77,RF,20260909T132210Z,2026-08-01 11:00:00+00:00
2026-08-01 23:00:00+00:00,/search,12,684.0,588.39,RF,20260909T132210Z,2026-08-01 11:00:00+00:00
2026-08-01 13:00:00+00:00,/search,1,689.0,711.65,RF,20260909T132210Z,2026-08-01 12:00:00+00:00
2026-08-01 18:00:00+00:00,/search,6,844.0,675.13,RF,20260909T132210Z,2026-08-01 12:00:00+00:00
2026-08-02 00:00:00+00:00,/search,12,388.0,518.74,RF,20260909T132210Z,2026-08-01 12:00:00+00:00
2026-08-01 14:00:00+00:00,/search,1,1119.0,688.23,RF,20260909T132210Z,2026-08-01 13:00:00+00:00
2026-08-01 19:00:00+00:00,/search,6,750.0,706.91,RF,20260909T132210Z,2026-08-01 13:00:00+00:00
2026-08-02 01:00:00+00:00,/search,12,251.0,483.55,RF,20260909T132210Z,2026-08-01 13:00:00+00:00
2026-08-01 15:00:00+00:00,/search,1,986.0,712.77,RF,20260909T132210Z,2026-08-01 14:00:00+00:00
2026-08-01 20:00:00+00:00,/search,6,826.0,734.49,RF,20260909T132210Z,2026-08-01 14:00:00+00:00
2026-08-02 02:00:00+00:00,/search,12,386.0,480.8,RF,20260909T132210Z,2026-08-01 14:00:00+00:00
2026-08-01 16:00:00+00:00,/search,1,929.0,861.67,RF,20260909T132210Z,2026-08-01 15:00:00+00:00
2026-08-01 21:00:00+00:00,/search,6,667.0,771.71,RF,20260909T132210Z,2026-08-01 15:00:00+00:00
2026-08-02 03:00:00+00:00,/search,12,390.0,408.16,RF,20260909T132210Z,2026-08-01 15:00:00+00:00
2026-08-01 17:00:00+00:00,/search,1,891.0,877.51,RF,20260909T132210Z,2026-08-01 16:00:00+00:00
2026-08-01 22:00:00+00:00,/search,6,653.0,731.63,RF,20260909T132210Z,2026-08-01 16:00:00+00:00
2026-08-02 04:00:00+00:00,/search,12,384.0,428.38,RF,20260909T132210Z,2026-08-01 16:00:00+00:00
2026-08-01 18:00:00+00:00,/search,1,844.0,877.53,RF,20260909T132210Z,2026-08-01 17:00:00+00:00
2026-08-01 23:00:00+00:00,/search,6,684.0,661.86,RF,20260909T132210Z,2026-08-01 17:00:00+00:00
2026-08-02 05:00:00+00:00,/search,12,467.0,373.8,RF,20260909T132210Z,2026-08-01 17:00:00+00:00
2026-08-01 19:00:00+00:00,/search,1,750.0,863.81,RF,20260909T132210Z,2026-08-01 18:00:00+00:00
2026-08-02 00:00:00+00:00,/search,6,388.0,590.17,RF,20260909T132210Z,2026-08-01 18:00:00+00:00
2026-08-02 06:00:00+00:00,/search,12,414.0,384.83,RF,20260909T132210Z,2026-08-01 18:00:00+00:00
2026-08-01 20:00:00+00:00,/search,1,826.0,780.93,RF,20260909T132210Z,2026-08-01 19:00:00+00:00
2026-08-02 01:00:00+00:00,/search,6,251.0,492.62,RF,20260909T132210Z,2026-08-01 19:00:00+00:00
2026-08-02 07:00:00+00:00,/search,12,452.0,410.88,RF,20260909T132210Z,2026-08-01 19:00:00+00:00
2026-08-01 21:00:00+00:00,/search,1,667.0,774.39,RF,20260909T132210Z,2026-08-01 20:00:00+00:00
2026-08-02 02:00:00+00:00,/search,6,386.0,479.76,RF,20260909T132210Z,2026-08-01 20:00:00+00:00
2026-08-02 08:00:00+00:00,/search,12,539.0,450.1,RF,20260909T132210Z,2026-08-01 20:00:00+00:00
2026-08-01 22:00:00+00:00,/search,1,653.0,700.23,RF,20260909T132210Z,2026-08-01 21:00:00+00:00
2026-08-02 03:00:00+00:00,/search,6,390.0,388.85,RF,20260909T132210Z,2026-08-01 21:00:00+00:00
2026-08-02 09:00:00+00:00,/search,12,548.0,439.16,RF,20260909T132210Z,2026-08-01 21:00:00+00:00
2026-08-01 23:00:00+00:00,/search,1,684.0,552.95,RF,20260909T132210Z,2026-08-01 22:00:00+00:00
2026-08-02 04:00:00+00:00,/search,6,384.0,379.26,RF,20260909T132210Z,2026-08-01 22:00:00+00:00
2026-08-02 10:00:00+00:00,/search,12,589.0,521.56,RF,20260909T132210Z,2026-08-01 22:00:00+00:00
2026-08-02 00:00:00+00:00,/search,1,388.0,532.61,RF,20260909T132210Z,2026-08-01 23:00:00+00:00
2026-08-02 05:00:00+00:00,/search,6,467.0,369.28,RF,20260909T132210Z,2026-08-01 23:00:00+00:00
2026-08-02 11:00:00+00:00,/search,12,678.0,528.22,RF,20260909T132210Z,2026-08-01 23:00:00+00:00
2026-08-02 01:00:00+00:00,/search,1,251.0,536.52,RF,20260909T132210Z,2026-08-02 00:00:00+00:00
2026-08-02 06:00:00+00:00,/search,6,414.0,394.23,RF,20260909T132210Z,2026-08-02 00:00:00+00:00
2026-08-02 12:00:00+00:00,/search,12,586.0,564.88,RF,20260909T132210Z,2026-08-02 00:00:00+00:00
2026-08-02 02:00:00+00:00,/search,1,386.0,410.57,RF,20260909T132210Z,2026-08-02 01:00:00+00:00
2026-08-02 07:00:00+00:00,/search,6,452.0,438.12,RF,20260909T132210Z,2026-08-02 01:00:00+00:00
2026-08-02 13:00:00+00:00,/search,12,673.0,571.91,RF,20260909T132210Z,2026-08-02 01:00:00+00:00
2026-08-02 03:00:00+00:00,/search,1,390.0,403.69,RF,20260909T132210Z,2026-08-02 02:00:00+00:00
2026-08-02 08:00:00+00:00,/search,6,539.0,448.65,RF,20260909T132210Z,2026-08-02 02:00:00+00:00
2026-08-02 14:00:00+00:00,/search,12,595.0,629.5,RF,20260909T132210Z,2026-08-02 02:00:00+00:00
2026-08-02 04:00:00+00:00,/search,1,384.0,379.92,RF,20260909T132210Z,2026-08-02 03:00:00+00:00
2026-08-02 09:00:00+00:00,/search,6,548.0,440.18,RF,20260909T132210Z,2026-08-02 03:00:00+00:00
2026-08-02 15:00:00+00:00,/search,12,664.0,651.15,RF,20260909T132210Z,2026-08-02 03:00:00+00:00
2026-08-02 05:00:00+00:00,/search,1,467.0,378.95,RF,20260909T132210Z,2026-08-02 04:00:00+00:00
2026-08-02 10:00:00+00:00,/search,6,589.0,521.4,RF,20260909T132210Z,2026-08-02 04:00:00+00:00
2026-08-02 16:00:00+00:00,/search,12,586.0,659.56,RF,20260909T132210Z,2026-08-02 04:00:00+00:00
2026-08-02 06:00:00+00:00,/search,1,414.0,403.36,RF,20260909T132210Z,2026-08-02 05:00:00+00:00
2026-08-02 11:00:00+00:00,/search,6,678.0,524.66,RF,20260909T132210Z,2026-08-02 05:00:00+00:00
2026-08-02 17:00:00+00:00,/search,12,546.0,663.92,RF,20260909T132210Z,2026-08-02 05:00:00+00:00
2026-08-02 07:00:00+00:00,/search,1,452.0,424.64,RF,20260909T132210Z,2026-08-02 06:00:00+00:00
2026-08-02 12:00:00+00:00,/search,6,586.0,577.97,RF,20260909T132210Z,2026-08-02 06:00:00+00:00
2026-08-02 18:00:00+00:00,/search,12,553.0,660.01,RF,20260909T132210Z,2026-08-02 06:00:00+00:00
2026-08-02 08:00:00+00:00,/search,1,539.0,437.73,RF,20260909T132210Z,2026-08-02 07:00:00+00:00
2026-08-02 13:00:00+00:00,/search,6,673.0,580.1,RF,20260909T132210Z,2026-08-02 07:00:00+00:00
2026-08-02 19:00:00+00:00,/search,12,515.0,634.23,RF,20260909T132210Z,2026-08-02 07:00:00+00:00
2026-08-02 09:00:00+00:00,/search,1,548.0,444.99,RF,20260909T132210Z,2026-08-02 08:00:00+00:00
2026-08-02 14:00:00+00:00,/search,6,595.0,643.36,RF,20260909T132210Z,2026-08-02 08:00:00+00:00
2026-08-02 20:00:00+00:00,/search,12,536.0,640.21,RF,20260909T132210Z,2026-08-02 08:00:00+00:00
2026-08-02 10:00:00+00:00,/search,1,589.0,557.16,RF,20260909T132210Z,2026-08-02 09:00:00+00:00
2026-08-02 15:00:00+00:00,/search,6,664.0,702.34,RF,20260909T132210Z,2026-08-02 09:00:00+00:00
2026-08-02 21:00:00+00:00,/search,12,409.0,676.63,RF,20260909T132210Z,2026-08-02 09:00:00+00:00
2026-08-02 11:00:00+00:00,/search,1,678.0,600.66,RF,20260909T132210Z,2026-08-02 10:00:00+00:00
2026-08-02 16:00:00+00:00,/search,6,586.0,676.05,RF,20260909T132210Z,2026-08-02 10:00:00+00:00
2026-08-02 22:00:00+00:00,/search,12,493.0,557.02,RF,20260909T132210Z,2026-08-02 10:00:00+00:00
2026-08-02 12:00:00+00:00,/search,1,586.0,635.32,RF,20260909T132210Z,2026-08-02 11:00:00+00:00
2026-08-02 17:00:00+00:00,/search,6,546.0,707.76,RF,20260909T132210Z,2026-08-02 11:00:00+00:00
2026-08-02 23:00:00+00:00,/search,12,537.0,558.61,RF,20260909T132210Z,2026-08-02 11:00:00+00:00
2026-08-02 13:00:00+00:00,/search,1,673.0,631.14,RF,20260909T132210Z,2026-08-02 12:00:00+00:00
2026-08-02 18:00:00+00:00,/search,6,553.0,674.35,RF,20260909T132210Z,2026-08-02 12:00:00+00:00
2026-08-03 00:00:00+00:00,/search,12,453.0,554.04,RF,20260909T132210Z,2026-08-02 12:00:00+00:00
2026-08-02 14:00:00+00:00,/search,1,595.0,653.42,RF,20260909T132210Z,2026-08-02 13:00:00+00:00
2026-08-02 19:00:00+00:00,/search,6,515.0,700.38,RF,20260909T132210Z,2026-08-02 13:00:00+00:00
2026-08-03 01:00:00+00:00,/search,12,560.0,576.66,RF,20260909T132210Z,2026-08-02 13:00:00+00:00
2026-08-02 15:00:00+00:00,/search,1,664.0,702.28,RF,20260909T132210Z,2026-08-02 14:00:00+00:00
2026-08-02 20:00:00+00:00,/search,6,536.0,596.42,RF,20260909T132210Z,2026-08-02 14:00:00+00:00
2026-08-03 02:00:00+00:00,/search,12,502.0,581.96,RF,20260909T132210Z,2026-08-02 14:00:00+00:00
2026-08-02 16:00:00+00:00,/search,1,586.0,673.3,RF,20260909T132210Z,2026-08-02 15:00:00+00:00
2026-08-02 21:00:00+00:00,/search,6,409.0,627.02,RF,20260909T132210Z,2026-08-02 15:00:00+00:00
2026-08-03 03:00:00+00:00,/search,12,602.0,560.01,RF,20260909T132210Z,2026-08-02 15:00:00+00:00
2026-08-02 17:00:00+00:00,/search,1,546.0,673.19,RF,20260909T132210Z,2026-08-02 16:00:00+00:00
2026-08-02 22:00:00+00:00,/search,6,493.0,549.16,RF,20260909T132210Z,2026-08-02 16:00:00+00:00
2026-08-03 04:00:00+00:00,/search,12,516.0,558.95,RF,20260909T132210Z,2026-08-02 16:00:00+00:00
2026-08-02 18:00:00+00:00,/search,1,553.0,617.71,RF,20260909T132210Z,2026-08-02 17:00:00+00:00
2026-08-02 23:00:00+00:00,/search,6,537.0,600.38,RF,20260909T132210Z,2026-08-02 17:00:00+00:00
2026-08-03 05:00:00+00:00,/search,12,640.0,570.39,RF,20260909T132210Z,2026-08-02 17:00:00+00:00
2026-08-02 19:00:00+00:00,/search,1,515.0,613.48,RF,20260909T132210Z,2026-08-02 18:00:00+00:00
2026-08-03 00:00:00+00:00,/search,6,453.0,619.04,RF,20260909T132210Z,2026-08-02 18:00:00+00:00
2026-08-03 06:00:00+00:00,/search,12,606.0,610.66,RF,20260909T132210Z,2026-08-02 18:00:00+00:00
2026-08-02 20:00:00+00:00,/search,1,536.0,585.13,RF,20260909T132210Z,2026-08-02 19:00:00+00:00
2026-08-03 01:00:00+00:00,/search,6,560.0,572.81,RF,20260909T132210Z,2026-08-02 19:00:00+00:00
2026-08-03 07:00:00+00:00,/search,12,653.0,632.3,RF,20260909T132210Z,2026-08-02 19:00:00+00:00
2026-08-02 21:00:00+00:00,/search,1,409.0,588.58,RF,20260909T132210Z,2026-08-02 20:00:00+00:00
2026-08-03 02:00:00+00:00,/search,6,502.0,576.42,RF,20260909T132210Z,2026-08-02 20:00:00+00:00
2026-08-03 08:00:00+00:00,/search,12,617.0,649.05,RF,20260909T132210Z,2026-08-02 20:00:00+00:00
2026-08-02 22:00:00+00:00,/search,1,493.0,564.92,RF,20260909T132210Z,2026-08-02 21:00:00+00:00
2026-08-03 03:00:00+00:00,/search,6,602.0,560.03,RF,20260909T132210Z,2026-08-02 21:00:00+00:00
2026-08-03 09:00:00+00:00,/search,12,751.0,667.22,RF,20260909T132210Z,2026-08-02 21:00:00+00:00
2026-08-02 23:00:00+00:00,/search,1,537.0,504.99,RF,20260909T132210Z,2026-08-02 22:00:00+00:00
2026-08-03 04:00:00+00:00,/search,6,516.0,559.83,RF,20260909T132210Z,2026-08-02 22:00:00+00:00
2026-08-03 10:00:00+00:00,/search,12,920.0,673.58,RF,20260909T132210Z,2026-08-02 22:00:00+00:00
2026-08-03 00:00:00+00:00,/search,1,453.0,533.46,RF,20260909T132210Z,2026-08-02 23:00:00+00:00
2026-08-03 05:00:00+00:00,/search,6,640.0,570.78,RF,20260909T132210Z,2026-08-02 23:00:00+00:00
2026-08-03 11:00:00+00:00,/search,12,851.0,677.6,RF,20260909T132210Z,2026-08-02 23:00:00+00:00
2026-08-03 01:00:00+00:00,/search,1,560.0,566.05,RF,20260909T132210Z,2026-08-03 00:00:00+00:00
2026-08-03 06:00:00+00:00,/search,6,606.0,475.0,RF,20260909T132210Z,2026-08-03 00:00:00+00:00
2026-08-03 12:00:00+00:00,/search,12,1012.0,646.13,RF,20260909T132210Z,2026-08-03 00:00:00+00:00
2026-08-03 02:00:00+00:00,/search,1,502.0,430.45,RF,20260909T132210Z,2026-08-03 01:00:00+00:00
2026-08-03 07:00:00+00:00,/search,6,653.0,612.25,RF,20260909T132210Z,2026-08-03 01:00:00+00:00
2026-08-03 13:00:00+00:00,/search,12,987.0,678.91,RF,20260909T132210Z,2026-08-03 01:00:00+00:00
2026-08-03 03:00:00+00:00,/search,1,602.0,555.46,RF,20260909T132210Z,2026-08-03 02:00:00+00:00
2026-08-03 08:00:00+00:00,/search,6,617.0,629.89,RF,20260909T132210Z,2026-08-03 02:00:00+00:00
2026-08-03 14:00:00+00:00,/search,12,803.0,780.02,RF,20260909T132210Z,2026-08-03 02:00:00+00:00
2026-08-03 04:00:00+00:00,/search,1,516.0,531.23,RF,20260909T132210Z,2026-08-03 03:00:00+00:00
2026-08-03 09:00:00+00:00,/search,6,751.0,673.77,RF,20260909T132210Z,2026-08-03 03:00:00+00:00
2026-08-03 15:00:00+00:00,/search,12,874.0,619.56,RF,20260909T132210Z,2026-08-03 03:00:00+00:00
2026-08-03 05:00:00+00:00,/search,1,640.0,566.65,RF,20260909T132210Z,2026-08-03 04:00:00+00:00
2026-08-03 10:00:00+00:00,/search,6,920.0,659.33,RF,20260909T132210Z,2026-08-03 04:00:00+00:00
2026-08-03 16:00:00+00:00,/search,12,842.0,741.86,RF,20260909T132210Z,2026-08-03 04:00:00+00:00
2026-08-03 06:00:00+00:00,/search,1,606.0,583.16,RF,20260909T132210Z,2026-08-03 05:00:00+00:00
2026-08-03 11:00:00+00:00,/search,6,851.0,715.64,RF,20260909T132210Z,2026-08-03 05:00:00+00:00
2026-08-03 17:00:00+00:00,/search,12,843.0,725.86,RF,20260909T132210Z,2026-08-03 05:00:00+00:00
2026-08-03 07:00:00+00:00,/search,1,653.0,636.38,RF,20260909T132210Z,2026-08-03 06:00:00+00:00
2026-08-03 12:00:00+00:00,/search,6,1012.0,666.04,RF,20260909T132210Z,2026-08-03 06:00:00+00:00
2026-08-03 18:00:00+00:00,/search,12,811.0,599.95,RF,20260909T132210Z,2026-08-03 06:00:00+00:00
2026-08-03 08:00:00+00:00,/search,1,617.0,641.93,RF,20260909T132210Z,2026-08-03 07:00:00+00:00
2026-08-03 13:00:00+00:00,/search,6,987.0,733.58,RF,20260909T132210Z,2026-08-03 07:00:00+00:00
2026-08-03 19:00:00+00:00,/search,12,848.0,716.0,RF,20260909T132210Z,2026-08-03 07:00:00+00:00
2026-08-03 09:00:00+00:00,/search,1,751.0,698.88,RF,20260909T132210Z,2026-08-03 08:00:00+00:00
2026-08-03 14:00:00+00:00,/search,6,803.0,639.78,RF,20260909T132210Z,2026-08-03 08:00:00+00:00
2026-08-03 20:00:00+00:00,/search,12,739.0,601.89,RF,20260909T132210Z,2026-08-03 08:00:00+00:00
2026-08-03 10:00:00+00:00,/search,1,920.0,673.22,RF,20260909T132210Z,2026-08-03 09:00:00+00:00
2026-08-03 15:00:00+00:00,/search,6,874.0,786.77,RF,20260909T132210Z,2026-08-03 09:00:00+00:00
2026-08-03 21:00:00+00:00,/search,12,731.0,732.58,RF,20260909T132210Z,2026-08-03 09:00:00+00:00
2026-08-03 11:00:00+00:00,/search,1,851.0,790.78,RF,20260909T132210Z,2026-08-03 10:00:00+00:00
2026-08-03 16:00:00+00:00,/search,6,842.0,930.95,RF,20260909T132210Z,2026-08-03 10:00:00+00:00
2026-08-03 22:00:00+00:00,/search,12,605.0,686.47,RF,20260909T132210Z,2026-08-03 10:00:00+00:00
2026-08-03 12:00:00+00:00,/search,1,1012.0,876.71,RF,20260909T132210Z,2026-08-03 11:00:00+00:00
2026-08-03 17:00:00+00:00,/search,6,843.0,781.1,RF,20260909T132210Z,2026-08-03 11:00:00+00:00
2026-08-03 23:00:00+00:00,/search,12,639.0,643.68,RF,20260909T132210Z,2026-08-03 11:00:00+00:00
2026-08-03 13:00:00+00:00,/search,1,987.0,799.39,RF,20260909T132210Z,2026-08-03 12:00:00+00:00
2026-08-03 18:00:00+00:00,/search,6,811.0,882.62,RF,20260909T132210Z,2026-08-03 12:00:00+00:00
2026-08-04 00:00:00+00:00,/search,12,515.0,592.14,RF,20260909T132210Z,2026-08-03 12:00:00+00:00
2026-08-03 14:00:00+00:00,/search,1,803.0,933.21,RF,20260909T132210Z,2026-08-03 13:00:00+00:00
2026-08-03 19:00:00+00:00,/search,6,848.0,799.52,RF,20260909T132210Z,2026-08-03 13:00:00+00:00
2026-08-04 01:00:00+00:00,/search,12,541.0,529.26,RF,20260909T132210Z,2026-08-03 13:00:00+00:00
2026-08-03 15:00:00+00:00,/search,1,874.0,921.49,RF,20260909T132210Z,2026-08-03 14:00:00+00:00
2026-08-03 20:00:00+00:00,/search,6,739.0,744.34,RF,20260909T132210Z,2026-08-03 14:00:00+00:00
2026-08-04 02:00:00+00:00,/search,12,531.0,537.5,RF,20260909T132210Z,2026-08-03 14:00:00+00:00
2026-08-03 16:00:00+00:00,/search,1,842.0,814.18,RF,20260909T132210Z,2026-08-03 15:00:00+00:00
2026-08-03 21:00:00+00:00,/search,6,731.0,736.91,RF,20260909T132210Z,2026-08-03 15:00:00+00:00
2026-08-04 03:00:00+00:00,/search,12,478.0,551.84,RF,20260909T132210Z,2026-08-03 15:00:00+00:00
2026-08-03 17:00:00+00:00,/search,1,843.0,864.21,RF,20260909T132210Z,2026-08-03 16:00:00+00:00
2026-08-03 22:00:00+00:00,/search,6,605.0,661.81,RF,20260909T132210Z,2026-08-03 16:00:00+00:00
2026-08-04 04:00:00+00:00,/search,12,456.0,541.54,RF,20260909T132210Z,2026-08-03 16:00:00+00:00
2026-08-03 18:00:00+00:00,/search,1,811.0,809.82,RF,20260909T132210Z,2026-08-03 17:00:00+00:00
2026-08-03 23:00:00+00:00,/search,6,639.0,647.14,RF,20260909T132210Z,2026-08-03 17:00:00+00:00
2026-08-04 05:00:00+00:00,/search,12,678.0,560.54,RF,20260909T132210Z,2026-08-03 17:00:00+00:00
2026-08-01 12:00:00+00:00,/search,1,609.0,682.0,Persistence,20260909T132210Z,2026-08-01 11:00:00+00:00
2026-08-01 17:00:00+00:00,/search,6,891.0,682.0,Persistence,20260909T132210Z,2026-08-01 11:00:00+00:00
2026-08-01 23:00:00+00:00,/search,12,684.0,682.0,Persistence,20260909T132210Z,2026-08-01 11:00:00+00:00
2026-08-01 13:00:00+00:00,/search,1,689.0,609.0,Persistence,20260909T132210Z,2026-08-01 12:00:00+00:00
2026-08-01 18:00:00+00:00,/search,6,844.0,609.0,Persistence,20260909T132210Z,2026-08-01 12:00:00+00:00
2026-08-02 00:00:00+00:00,/search,12,388.0,609.0,Persistence,20260909T132210Z,2026-08-01 12:00:00+00:00
2026-08-01 14:00:00+00:00,/search,1,1119.0,689.0,Persistence,20260909T132210Z,2026-08-01 13:00:00+00:00
2026-08-01 19:00:00+00:00,/search,6,750.0,689.0,Persistence,20260909T132210Z,2026-08-01 13:00:00+00:00
2026-08-02 01:00:00+00:00,/search,12,251.0,689.0,Persistence,20260909T132210Z,2026-08-01 13:00:00+00:00
2026-08-01 15:00:00+00:00,/search,1,986.0,1119.0,Persistence,20260909T132210Z,2026-08-01 14:00:00+00:00
2026-08-01 20:00:00+00:00,/search,6,826.0,1119.0,Persistence,20260909T132210Z,2026-08-01 14:00:00+00:00
2026-08-02 02:00:00+00:00,/search,12,386.0,1119.0,Persistence,20260909T132210Z,2026-08-01 14:00:00+00:00
2026-08-01 16:00:00+00:00,/search,1,929.0,986.0,Persistence,20260909T132210Z,2026-08-01 15:00:00+00:00
2026-08-01 21:00:00+00:00,/search,6,667.0,986.0,Persistence,20260909T132210Z,2026-08-01 15:00:00+00:00
2026-08-02 03:00:00+00:00,/search,12,390.0,986.0,Persistence,20260909T132210Z,2026-08-01 15:00:00+00:00
2026-08-01 17:00:00+00:00,/search,1,891.0,929.0,Persistence,20260909T132210Z,2026-08-01 16:00:00+00:00
2026-08-01 22:00:00+00:00,/search,6,653.0,929.0,Persistence,20260909T132210Z,2026-08-01 16:00:00+00:00
2026-08-02 04:00:00+00:00,/search,12,384.0,929.0,Persistence,20260909T132210Z,2026-08-01 16:00:00+00:00
2026-08-01 18:00:00+00:00,/search,1,844.0,891.0,Persistence,20260909T132210Z,2026-08-01 17:00:00+00:00
2026-08-01 23:00:00+00:00,/search,6,684.0,891.0,Persistence,20260909T132210Z,2026-08-01 17:00:00+00:00
2026-08-02 05:00:00+00:00,/search,12,467.0,891.0,Persistence,20260909T132210Z,2026-08-01 17:00:00+00:00
2026-08-01 19:00:00+00:00,/search,1,750.0,844.0,Persistence,20260909T132210Z,2026-08-01 18:00:00+00:00
2026-08-02 00:00:00+00:00,/search,6,388.0,844.0,Persistence,20260909T132210Z,2026-08-01 18:00:00+00:00
2026-08-02 06:00:00+00:00,/search,12,414.0,844.0,Persistence,20260909T132210Z,2026-08-01 18:00:00+00:00
2026-08-01 20:00:00+00:00,/search,1,826.0,750.0,Persistence,20260909T132210Z,2026-08-01 19:00:00+00:00
2026-08-02 01:00:00+00:00,/search,6,251.0,750.0,Persistence,20260909T132210Z,2026-08-01 19:00:00+00:00
2026-08-02 07:00:00+00:00,/search,12,452.0,750.0,Persistence,20260909T132210Z,2026-08-01 19:00:00+00:00
2026-08-01 21:00:00+00:00,/search,1,667.0,826.0,Persistence,20260909T132210Z,2026-08-01 20:00:00+00:00
2026-08-02 02:00:00+00:00,/search,6,386.0,826.0,Persistence,20260909T132210Z,2026-08-01 20:00:00+00:00
2026-08-02 08:00:00+00:00,/search,12,539.0,826.0,Persistence,20260909T132210Z,2026-08-01 20:00:00+00:00
2026-08-01 22:00:00+00:00,/search,1,653.0,667.0,Persistence,20260909T132210Z,2026-08-01 21:00:00+00:00
2026-08-02 03:00:00+00:00,/search,6,390.0,667.0,Persistence,20260909T132210Z,2026-08-01 21:00:00+00:00
2026-08-02 09:00:00+00:00,/search,12,548.0,667.0,Persistence,20260909T132210Z,2026-08-01 21:00:00+00:00
2026-08-01 23:00:00+00:00,/search,1,684.0,653.0,Persistence,20260909T132210Z,2026-08-01 22:00:00+00:00
2026-08-02 04:00:00+00:00,/search,6,384.0,653.0,Persistence,20260909T132210Z,2026-08-01 22:00:00+00:00
2026-08-02 10:00:00+00:00,/search,12,589.0,653.0,Persistence,20260909T132210Z,2026-08-01 22:00:00+00:00
2026-08-02 00:00:00+00:00,/search,1,388.0,684.0,Persistence,20260909T132210Z,2026-08-01 23:00:00+00:00
2026-08-02 05:00:00+00:00,/search,6,467.0,684.0,Persistence,20260909T132210Z,2026-08-01 23:00:00+00:00
2026-08-02 11:00:00+00:00,/search,12,678.0,684.0,Persistence,20260909T132210Z,2026-08-01 23:00:00+00:00
2026-08-02 01:00:00+00:00,/search,1,251.0,388.0,Persistence,20260909T132210Z,2026-08-02 00:00:00+00:00
2026-08-02 06:00:00+00:00,/search,6,414.0,388.0,Persistence,20260909T132210Z,2026-08-02 00:00:00+00:00
2026-08-02 12:00:00+00:00,/search,12,586.0,388.0,Persistence,20260909T132210Z,2026-08-02 00:00:00+00:00
2026-08-02 02:00:00+00:00,/search,1,386.0,251.0,Persistence,20260909T132210Z,2026-08-02 01:00:00+00:00
2026-08-02 07:00:00+00:00,/search,6,452.0,251.0,Persistence,20260909T132210Z,2026-08-02 01:00:00+00:00
2026-08-02 13:00:00+00:00,/search,12,673.0,251.0,Persistence,20260909T132210Z,2026-08-02 01:00:00+00:00
2026-08-02 03:00:00+00:00,/search,1,390.0,386.0,Persistence,20260909T132210Z,2026-08-02 02:00:00+00:00
2026-08-02 08:00:00+00:00,/search,6,539.0,386.0,Persistence,20260909T132210Z,2026-08-02 02:00:00+00:00
2026-08-02 14:00:00+00:00,/search,12,595.0,386.0,Persistence,20260909T132210Z,2026-08-02 02:00:00+00:00
2026-08-02 04:00:00+00:00,/search,1,384.0,390.0,Persistence,20260909T132210Z,2026-08-02 03:00:00+00:00
2026-08-02 09:00:00+00:00,/search,6,548.0,390.0,Persistence,20260909T132210Z,2026-08-02 03:00:00+00:00
2026-08-02 15:00:00+00:00,/search,12,664.0,390.0,Persistence,20260909T132210Z,2026-08-02 03:00:00+00:00
2026-08-02 05:00:00+00:00,/search,1,467.0,384.0,Persistence,20260909T132210Z,2026-08-02 04:00:00+00:00
2026-08-02 10:00:00+00:00,/search,6,589.0,384.0,Persistence,20260909T132210Z,2026-08-02 04:00:00+00:00
2026-08-02 16:00:00+00:00,/search,12,586.0,384.0,Persistence,20260909T132210Z,2026-08-02 04:00:00+00:00
2026-08-02 06:00:00+00:00,/search,1,414.0,467.0,Persistence,20260909T132210Z,2026-08-02 05:00:00+00:00
2026-08-02 11:00:00+00:00,/search,6,678.0,467.0,Persistence,20260909T132210Z,2026-08-02 05:00:00+00:00
2026-08-02 17:00:00+00:00,/search,12,546.0,467.0,Persistence,20260909T132210Z,2026-08-02 05:00:00+00:00
2026-08-02 07:00:00+00:00,/search,1,452.0,414.0,Persistence,20260909T132210Z,2026-08-02 06:00:00+00:00
2026-08-02 12:00:00+00:00,/search,6,586.0,414.0,Persistence,20260909T132210Z,2026-08-02 06:00:00+00:00
2026-08-02 18:00:00+00:00,/search,12,553.0,414.0,Persistence,20260909T132210Z,2026-08-02 06:00:00+00:00
2026-08-02 08:00:00+00:00,/search,1,539.0,452.0,Persistence,20260909T132210Z,2026-08-02 07:00:00+00:00
2026-08-02 13:00:00+00:00,/search,6,673.0,452.0,Persistence,20260909T132210Z,2026-08-02 07:00:00+00:00
2026-08-02 19:00:00+00:00,/search,12,515.0,452.0,Persistence,20260909T132210Z,2026-08-02 07:00:00+00:00
2026-08-02 09:00:00+00:00,/search,1,548.0,539.0,Persistence,20260909T132210Z,2026-08-02 08:00:00+00:00
2026-08-02 14:00:00+00:00,/search,6,595.0,539.0,Persistence,20260909T132210Z,2026-08-02 08:00:00+00:00
2026-08-02 20:00:00+00:00,/search,12,536.0,539.0,Persistence,20260909T132210Z,2026-08-02 08:00:00+00:00
2026-08-02 10:00:00+00:00,/search,1,589.0,548.0,Persistence,20260909T132210Z,2026-08-02 09:00:00+00:00
2026-08-02 15:00:00+00:00,/search,6,664.0,548.0,Persistence,20260909T132210Z,2026-08-02 09:00:00+00:00
2026-08-02 21:00:00+00:00,/search,12,409.0,548.0,Persistence,20260909T132210Z,2026-08-02 09:00:00+00:00
2026-08-02 11:00:00+00:00,/search,1,678.0,589.0,Persistence,20260909T132210Z,2026-08-02 10:00:00+00:00
2026-08-02 16:00:00+00:00,/search,6,586.0,589.0,Persistence,20260909T132210Z,2026-08-02 10:00:00+00:00
2026-08-02 22:00:00+00:00,/search,12,493.0,589.0,Persistence,20260909T132210Z,2026-08-02 10:00:00+00:00
2026-08-02 12:00:00+00:00,/search,1,586.0,678.0,Persistence,20260909T132210Z,2026-08-02 11:00:00+00:00
2026-08-02 17:00:00+00:00,/search,6,546.0,678.0,Persistence,20260909T132210Z,2026-08-02 11:00:00+00:00
2026-08-02 23:00:00+00:00,/search,12,537.0,678.0,Persistence,20260909T132210Z,2026-08-02 11:00:00+00:00
2026-08-02 13:00:00+00:00,/search,1,673.0,586.0,Persistence,20260909T132210Z,2026-08-02 12:00:00+00:00
2026-08-02 18:00:00+00:00,/search,6,553.0,586.0,Persistence,20260909T132210Z,2026-08-02 12:00:00+00:00
2026-08-03 00:00:00+00:00,/search,12,453.0,586.0,Persistence,20260909T132210Z,2026-08-02 12:00:00+00:00
2026-08-02 14:00:00+00:00,/search,1,595.0,673.0,Persistence,20260909T132210Z,2026-08-02 13:00:00+00:00
2026-08-02 19:00:00+00:00,/search,6,515.0,673.0,Persistence,20260909T132210Z,2026-08-02 13:00:00+00:00
2026-08-03 01:00:00+00:00,/search,12,560.0,673.0,Persistence,20260909T132210Z,2026-08-02 13:00:00+00:00
2026-08-02 15:00:00+00:00,/search,1,664.0,595.0,Persistence,20260909T132210Z,2026-08-02 14:00:00+00:00
2026-08-02 20:00:00+00:00,/search,6,536.0,595.0,Persistence,20260909T132210Z,2026-08-02 14:00:00+00:00
2026-08-03 02:00:00+00:00,/search,12,502.0,595.0,Persistence,20260909T132210Z,2026-08-02 14:00:00+00:00
2026-08-02 16:00:00+00:00,/search,1,586.0,664.0,Persistence,20260909T132210Z,2026-08-02 15:00:00+00:00
2026-08-02 21:00:00+00:00,/search,6,409.0,664.0,Persistence,20260909T132210Z,2026-08-02 15:00:00+00:00
2026-08-03 03:00:00+00:00,/search,12,602.0,664.0,Persistence,20260909T132210Z,2026-08-02 15:00:00+00:00
2026-08-02 17:00:00+00:00,/search,1,546.0,586.0,Persistence,20260909T132210Z,2026-08-02 16:00:00+00:00
2026-08-02 22:00:00+00:00,/search,6,493.0,586.0,Persistence,20260909T132210Z,2026-08-02 16:00:00+00:00
2026-08-03 04:00:00+00:00,/search,12,516.0,586.0,Persistence,20260909T132210Z,2026-08-02 16:00:00+00:00
2026-08-02 18:00:00+00:00,/search,1,553.0,546.0,Persistence,20260909T132210Z,2026-08-02 17:00:00+00:00
2026-08-02 23:00:00+00:00,/search,6,537.0,546.0,Persistence,20260909T132210Z,2026-08-02 17:00:00+00:00
2026-08-03 05:00:00+00:00,/search,12,640.0,546.0,Persistence,20260909T132210Z,2026-08-02 17:00:00+00:00
2026-08-02 19:00:00+00:00,/search,1,515.0,553.0,Persistence,20260909T132210Z,2026-08-02 18:00:00+00:00
2026-08-03 00:00:00+00:00,/search,6,453.0,553.0,Persistence,20260909T132210Z,2026-08-02 18:00:00+00:00
2026-08-03 06:00:00+00:00,/search,12,606.0,553.0,Persistence,20260909T132210Z,2026-08-02 18:00:00+00:00
2026-08-02 20:00:00+00:00,/search,1,536.0,515.0,Persistence,20260909T132210Z,2026-08-02 19:00:00+00:00
2026-08-03 01:00:00+00:00,/search,6,560.0,515.0,Persistence,20260909T132210Z,2026-08-02 19:00:00+00:00
2026-08-03 07:00:00+00:00,/search,12,653.0,515.0,Persistence,20260909T132210Z,2026-08-02 19:00:00+00:00
2026-08-02 21:00:00+00:00,/search,1,409.0,536.0,Persistence,20260909T132210Z,2026-08-02 20:00:00+00:00
2026-08-03 02:00:00+00:00,/search,6,502.0,536.0,Persistence,20260909T132210Z,2026-08-02 20:00:00+00:00
2026-08-03 08:00:00+00:00,/search,12,617.0,536.0,Persistence,20260909T132210Z,2026-08-02 20:00:00+00:00
2026-08-02 22:00:00+00:00,/search,1,493.0,409.0,Persistence,20260909T132210Z,2026-08-02 21:00:00+00:00
2026-08-03 03:00:00+00:00,/search,6,602.0,409.0,Persistence,20260909T132210Z,2026-08-02 21:00:00+00:00
2026-08-03 09:00:00+00:00,/search,12,751.0,409.0,Persistence,20260909T132210Z,2026-08-02 21:00:00+00:00
2026-08-02 23:00:00+00:00,/search,1,537.0,493.0,Persistence,20260909T132210Z,2026-08-02 22:00:00+00:00
2026-08-03 04:00:00+00:00,/search,6,516.0,493.0,Persistence,20260909T132210Z,2026-08-02 22:00:00+00:00
2026-08-03 10:00:00+00:00,/search,12,920.0,493.0,Persistence,20260909T132210Z,2026-08-02 22:00:00+00:00
2026-08-03 00:00:00+00:00,/search,1,453.0,537.0,Persistence,20260909T132210Z,2026-08-02 23:00:00+00:00
2026-08-03 05:00:00+00:00,/search,6,640.0,537.0,Persistence,20260909T132210Z,2026-08-02 23:00:00+00:00
2026-08-03 11:00:00+00:00,/search,12,851.0,537.0,Persistence,20260909T132210Z,2026-08-02 23:00:00+00:00
2026-08-03 01:00:00+00:00,/search,1,560.0,453.0,Persistence,20260909T132210Z,2026-08-03 00:00:00+00:00
2026-08-03 06:00:00+00:00,/search,6,606.0,453.0,Persistence,20260909T132210Z,2026-08-03 00:00:00+00:00
2026-08-03 12:00:00+00:00,/search,12,1012.0,453.0,Persistence,20260909T132210Z,2026-08-03 00:00:00+00:00
2026-08-03 02:00:00+00:00,/search,1,502.0,560.0,Persistence,20260909T132210Z,2026-08-03 01:00:00+00:00
2026-08-03 07:00:00+00:00,/search,6,653.0,560.0,Persistence,20260909T132210Z,2026-08-03 01:00:00+00:00
2026-08-03 13:00:00+00:00,/search,12,987.0,560.0,Persistence,20260909T132210Z,2026-08-03 01:00:00+00:00
2026-08-03 03:00:00+00:00,/search,1,602.0,502.0,Persistence,20260909T132210Z,2026-08-03 02:00:00+00:00
2026-08-03 08:00:00+00:00,/search,6,617.0,502.0,Persistence,20260909T132210Z,2026-08-03 02:00:00+00:00
2026-08-03 14:00:00+00:00,/search,12,803.0,502.0,Persistence,20260909T132210Z,2026-08-03 02:00:00+00:00
2026-08-03 04:00:00+00:00,/search,1,516.0,602.0,Persistence,20260909T132210Z,2026-08-03 03:00:00+00:00
2026-08-03 09:00:00+00:00,/search,6,751.0,602.0,Persistence,20260909T132210Z,2026-08-03 03:00:00+00:00
2026-08-03 15:00:00+00:00,/search,12,874.0,602.0,Persistence,20260909T132210Z,2026-08-03 03:00:00+00:00
2026-08-03 05:00:00+00:00,/search,1,640.0,516.0,Persistence,20260909T132210Z,2026-08-03 04:00:00+00:00
2026-08-03 10:00:00+00:00,/search,6,920.0,516.0,Persistence,20260909T132210Z,2026-08-03 04:00:00+00:00
2026-08-03 16:00:00+00:00,/search,12,842.0,516.0,Persistence,20260909T132210Z,2026-08-03 04:00:00+00:00
2026-08-03 06:00:00+00:00,/search,1,606.0,640.0,Persistence,20260909T132210Z,2026-08-03 05:00:00+00:00
2026-08-03 11:00:00+00:00,/search,6,851.0,640.0,Persistence,20260909T132210Z,2026-08-03 05:00:00+00:00
2026-08-03 17:00:00+00:00,/search,12,843.0,640.0,Persistence,20260909T132210Z,2026-08-03 05:00:00+00:00
2026-08-03 07:00:00+00:00,/search,1,653.0,606.0,Persistence,20260909T132210Z,2026-08-03 06:00:00+00:00
2026-08-03 12:00:00+00:00,/search,6,1012.0,606.0,Persistence,20260909T132210Z,2026-08-03 06:00:00+00:00
2026-08-03 18:00:00+00:00,/search,12,811.0,606.0,Persistence,20260909T132210Z,2026-08-03 06:00:00+00:00
2026-08-03 08:00:00+00:00,/search,1,617.0,653.0,Persistence,20260909T132210Z,2026-08-03 07:00:00+00:00
2026-08-03 13:00:00+00:00,/search,6,987.0,653.0,Persistence,20260909T132210Z,2026-08-03 07:00:00+00:00
2026-08-03 19:00:00+00:00,/search,12,848.0,653.0,Persistence,20260909T132210Z,2026-08-03 07:00:00+00:00
2026-08-03 09:00:00+00:00,/search,1,751.0,617.0,Persistence,20260909T132210Z,2026-08-03 08:00:00+00:00
2026-08-03 14:00:00+00:00,/search,6,803.0,617.0,Persistence,20260909T132210Z,2026-08-03 08:00:00+00:00
2026-08-03 20:00:00+00:00,/search,12,739.0,617.0,Persistence,20260909T132210Z,2026-08-03 08:00:00+00:00
2026-08-03 10:00:00+00:00,/search,1,920.0,751.0,Persistence,20260909T132210Z,2026-08-03 09:00:00+00:00
2026-08-03 15:00:00+00:00,/search,6,874.0,751.0,Persistence,20260909T132210Z,2026-08-03 09:00:00+00:00
2026-08-03 21:00:00+00:00,/search,12,731.0,751.0,Persistence,20260909T132210Z,2026-08-03 09:00:00+00:00
2026-08-03 11:00:00+00:00,/search,1,851.0,920.0,Persistence,20260909T132210Z,2026-08-03 10:00:00+00:00
2026-08-03 16:00:00+00:00,/search,6,842.0,920.0,Persistence,20260909T132210Z,2026-08-03 10:00:00+00:00
2026-08-03 22:00:00+00:00,/search,12,605.0,920.0,Persistence,20260909T132210Z,2026-08-03 10:00:00+00:00
2026-08-03 12:00:00+00:00,/search,1,1012.0,851.0,Persistence,20260909T132210Z,2026-08-03 11:00:00+00:00
2026-08-03 17:00:00+00:00,/search,6,843.0,851.0,Persistence,20260909T132210Z,2026-08-03 11:00:00+00:00
2026-08-03 23:00:00+00:00,/search,12,639.0,851.0,Persistence,20260909T132210Z,2026-08-03 11:00:00+00:00
2026-08-03 13:00:00+00:00,/search,1,987.0,1012.0,Persistence,20260909T132210Z,2026-08-03 12:00:00+00:00
2026-08-03 18:00:00+00:00,/search,6,811.0,1012.0,Persistence,20260909T132210Z,2026-08-03 12:00:00+00:00
2026-08-04 00:00:00+00:00,/search,12,515.0,1012.0,Persistence,20260909T132210Z,2026-08-03 12:00:00+00:00
2026-08-03 14:00:00+00:00,/search,1,803.0,987.0,Persistence,20260909T132210Z,2026-08-03 13:00:00+00:00
2026-08-03 19:00:00+00:00,/search,6,848.0,987.0,Persistence,20260909T132210Z,2026-08-03 13:00:00+00:00
2026-08-04 01:00:00+00:00,/search,12,541.0,987.0,Persistence,20260909T132210Z,2026-08-03 13:00:00+00:00
2026-08-03 15:00:00+00:00,/search,1,874.0,803.0,Persistence,20260909T132210Z,2026-08-03 14:00:00+00:00
2026-08-03 20:00:00+00:00,/search,6,739.0,803.0,Persistence,20260909T132210Z,2026-08-03 14:00:00+00:00
2026-08-04 02:00:00+00:00,/search,12,531.0,803.0,Persistence,20260909T132210Z,2026-08-03 14:00:00+00:00
2026-08-03 16:00:00+00:00,/search,1,842.0,874.0,Persistence,20260909T132210Z,2026-08-03 15:00:00+00:00
2026-08-03 21:00:00+00:00,/search,6,731.0,874.0,Persistence,20260909T132210Z,2026-08-03 15:00:00+00:00
2026-08-04 03:00:00+00:00,/search,12,478.0,874.0,Persistence,20260909T132210Z,2026-08-03 15:00:00+00:00
2026-08-03 17:00:00+00:00,/search,1,843.0,842.0,Persistence,20260909T132210Z,2026-08-03 16:00:00+00:00
2026-08-03 22:00:00+00:00,/search,6,605.0,842.0,Persistence,20260909T132210Z,2026-08-03 16:00:00+00:00
2026-08-04 04:00:00+00:00,/search,12,456.0,842.0,Persistence,20260909T132210Z,2026-08-03 16:00:00+00:00
2026-08-03 18:00:00+00:00,/search,1,811.0,843.0,Persistence,20260909T132210Z,2026-08-03 17:00:00+00:00
2026-08-03 23:00:00+00:00,/search,6,639.0,843.0,Persistence,20260909T132210Z,2026-08-03 17:00:00+00:00
2026-08-04 05:00:00+00:00,/search,12,678.0,843.0,Persistence,20260909T132210Z,2026-08-03 17:00:00+00:00
2026-08-01 12:00:00+00:00,/search,1,609.0,800.0,SeasonalNaive,20260909T132210Z,2026-08-01 11:00:00+00:00
2026-08-01 17:00:00+00:00,/search,6,891.0,815.0,SeasonalNaive,20260909T132210Z,2026-08-01 11:00:00+00:00
2026-08-01 23:00:00+00:00,/search,12,684.0,540.0,SeasonalNaive,20260909T132210Z,2026-08-01 11:00:00+00:00
2026-08-01 13:00:00+00:00,/search,1,689.0,918.0,SeasonalNaive,20260909T132210Z,2026-08-01 12:00:00+00:00
2026-08-01 18:00:00+00:00,/search,6,844.0,762.0,SeasonalNaive,20260909T132210Z,2026-08-01 12:00:00+00:00
2026-08-02 00:00:00+00:00,/search,12,388.0,429.0,SeasonalNaive,20260909T132210Z,2026-08-01 12:00:00+00:00
2026-08-01 14:00:00+00:00,/search,1,1119.0,1000.0,SeasonalNaive,20260909T132210Z,2026-08-01 13:00:00+00:00
2026-08-01 19:00:00+00:00,/search,6,750.0,784.0,SeasonalNaive,20260909T132210Z,2026-08-01 13:00:00+00:00
2026-08-02 01:00:00+00:00,/search,12,251.0,386.0,SeasonalNaive,20260909T132210Z,2026-08-01 13:00:00+00:00
2026-08-01 15:00:00+00:00,/search,1,986.0,891.0,SeasonalNaive,20260909T132210Z,2026-08-01 14:00:00+00:00
2026-08-01 20:00:00+00:00,/search,6,826.0,739.0,SeasonalNaive,20260909T132210Z,2026-08-01 14:00:00+00:00
2026-08-02 02:00:00+00:00,/search,12,386.0,325.0,SeasonalNaive,20260909T132210Z,2026-08-01 14:00:00+00:00
2026-08-01 16:00:00+00:00,/search,1,929.0,944.0,SeasonalNaive,20260909T132210Z,2026-08-01 15:00:00+00:00
2026-08-01 21:00:00+00:00,/search,6,667.0,708.0,SeasonalNaive,20260909T132210Z,2026-08-01 15:00:00+00:00
2026-08-02 03:00:00+00:00,/search,12,390.0,499.0,SeasonalNaive,20260909T132210Z,2026-08-01 15:00:00+00:00
2026-08-01 17:00:00+00:00,/search,1,891.0,815.0,SeasonalNaive,20260909T132210Z,2026-08-01 16:00:00+00:00
2026-08-01 22:00:00+00:00,/search,6,653.0,547.0,SeasonalNaive,20260909T132210Z,2026-08-01 16:00:00+00:00
2026-08-02 04:00:00+00:00,/search,12,384.0,371.0,SeasonalNaive,20260909T132210Z,2026-08-01 16:00:00+00:00
2026-08-01 18:00:00+00:00,/search,1,844.0,762.0,SeasonalNaive,20260909T132210Z,2026-08-01 17:00:00+00:00
2026-08-01 23:00:00+00:00,/search,6,684.0,540.0,SeasonalNaive,20260909T132210Z,2026-08-01 17:00:00+00:00
2026-08-02 05:00:00+00:00,/search,12,467.0,371.0,SeasonalNaive,20260909T132210Z,2026-08-01 17:00:00+00:00
2026-08-01 19:00:00+00:00,/search,1,750.0,784.0,SeasonalNaive,20260909T132210Z,2026-08-01 18:00:00+00:00
2026-08-02 00:00:00+00:00,/search,6,388.0,429.0,SeasonalNaive,20260909T132210Z,2026-08-01 18:00:00+00:00
2026-08-02 06:00:00+00:00,/search,12,414.0,476.0,SeasonalNaive,20260909T132210Z,2026-08-01 18:00:00+00:00
2026-08-01 20:00:00+00:00,/search,1,826.0,739.0,SeasonalNaive,20260909T132210Z,2026-08-01 19:00:00+00:00
2026-08-02 01:00:00+00:00,/search,6,251.0,386.0,SeasonalNaive,20260909T132210Z,2026-08-01 19:00:00+00:00
2026-08-02 07:00:00+00:00,/search,12,452.0,492.0,SeasonalNaive,20260909T132210Z,2026-08-01 19:00:00+00:00
2026-08-01 21:00:00+00:00,/search,1,667.0,708.0,SeasonalNaive,20260909T132210Z,2026-08-01 20:00:00+00:00
2026-08-02 02:00:00+00:00,/search,6,386.0,325.0,SeasonalNaive,20260909T132210Z,2026-08-01 20:00:00+00:00
2026-08-02 08:00:00+00:00,/search,12,539.0,489.0,SeasonalNaive,20260909T132210Z,2026-08-01 20:00:00+00:00
2026-08-01 22:00:00+00:00,/search,1,653.0,547.0,SeasonalNaive,20260909T132210Z,2026-08-01 21:00:00+00:00
2026-08-02 03:00:00+00:00,/search,6,390.0,499.0,SeasonalNaive,20260909T132210Z,2026-08-01 21:00:00+00:00
2026-08-02 09:00:00+00:00,/search,12,548.0,621.0,SeasonalNaive,20260909T132210Z,2026-08-01 21:00:00+00:00
2026-08-01 23:00:00+00:00,/search,1,684.0,540.0,SeasonalNaive,20260909T132210Z,2026-08-01 22:00:00+00:00
2026-08-02 04:00:00+00:00,/search,6,384.0,371.0,SeasonalNaive,20260909T132210Z,2026-08-01 22:00:00+00:00
2026-08-02 10:00:00+00:00,/search,12,589.0,659.0,SeasonalNaive,20260909T132210Z,2026-08-01 22:00:00+00:00
2026-08-02 00:00:00+00:00,/search,1,388.0,429.0,SeasonalNaive,20260909T132210Z,2026-08-01 23:00:00+00:00
2026-08-02 05:00:00+00:00,/search,6,467.0,371.0,SeasonalNaive,20260909T132210Z,2026-08-01 23:00:00+00:00
2026-08-02 11:00:00+00:00,/search,12,678.0,682.0,SeasonalNaive,20260909T132210Z,2026-08-01 23:00:00+00:00
2026-08-02 01:00:00+00:00,/search,1,251.0,386.0,SeasonalNaive,20260909T132210Z,2026-08-02 00:00:00+00:00
2026-08-02 06:00:00+00:00,/search,6,414.0,476.0,SeasonalNaive,20260909T132210Z,2026-08-02 00:00:00+00:00
2026-08-02 12:00:00+00:00,/search,12,586.0,609.0,SeasonalNaive,20260909T132210Z,2026-08-02 00:00:00+00:00
2026-08-02 02:00:00+00:00,/search,1,386.0,325.0,SeasonalNaive,20260909T132210Z,2026-08-02 01:00:00+00:00
2026-08-02 07:00:00+00:00,/search,6,452.0,492.0,SeasonalNaive,20260909T132210Z,2026-08-02 01:00:00+00:00
2026-08-02 13:00:00+00:00,/search,12,673.0,689.0,SeasonalNaive,20260909T132210Z,2026-08-02 01:00:00+00:00
2026-08-02 03:00:00+00:00,/search,1,390.0,499.0,SeasonalNaive,20260909T132210Z,2026-08-02 02:00:00+00:00
2026-08-02 08:00:00+00:00,/search,6,539.0,489.0,SeasonalNaive,20260909T132210Z,2026-08-02 02:00:00+00:00
2026-08-02 14:00:00+00:00,/search,12,595.0,1119.0,SeasonalNaive,20260909T132210Z,2026-08-02 02:00:00+00:00
2026-08-02 04:00:00+00:00,/search,1,384.0,371.0,SeasonalNaive,20260909T132210Z,2026-08-02 03:00:00+00:00
2026-08-02 09:00:00+00:00,/search,6,548.0,621.0,SeasonalNaive,20260909T132210Z,2026-08-02 03:00:00+00:00
2026-08-02 15:00:00+00:00,/search,12,664.0,986.0,SeasonalNaive,20260909T132210Z,2026-08-02 03:00:00+00:00
2026-08-02 05:00:00+00:00,/search,1,467.0,371.0,SeasonalNaive,20260909T132210Z,2026-08-02 04:00:00+00:00
2026-08-02 10:00:00+00:00,/search,6,589.0,659.0,SeasonalNaive,20260909T132210Z,2026-08-02 04:00:00+00:00
2026-08-02 16:00:00+00:00,/search,12,586.0,929.0,SeasonalNaive,20260909T132210Z,2026-08-02 04:00:00+00:00
2026-08-02 06:00:00+00:00,/search,1,414.0,476.0,SeasonalNaive,20260909T132210Z,2026-08-02 05:00:00+00:00
2026-08-02 11:00:00+00:00,/search,6,678.0,682.0,SeasonalNaive,20260909T132210Z,2026-08-02 05:00:00+00:00
2026-08-02 17:00:00+00:00,/search,12,546.0,891.0,SeasonalNaive,20260909T132210Z,2026-08-02 05:00:00+00:00
2026-08-02 07:00:00+00:00,/search,1,452.0,492.0,SeasonalNaive,20260909T132210Z,2026-08-02 06:00:00+00:00
2026-08-02 12:00:00+00:00,/search,6,586.0,609.0,SeasonalNaive,20260909T132210Z,2026-08-02 06:00:00+00:00
2026-08-02 18:00:00+00:00,/search,12,553.0,844.0,SeasonalNaive,20260909T132210Z,2026-08-02 06:00:00+00:00
2026-08-02 08:00:00+00:00,/search,1,539.0,489.0,SeasonalNaive,20260909T132210Z,2026-08-02 07:00:00+00:00
2026-08-02 13:00:00+00:00,/search,6,673.0,689.0,SeasonalNaive,20260909T132210Z,2026-08-02 07:00:00+00:00
2026-08-02 19:00:00+00:00,/search,12,515.0,750.0,SeasonalNaive,20260909T132210Z,2026-08-02 07:00:00+00:00
2026-08-02 09:00:00+00:00,/search,1,548.0,621.0,SeasonalNaive,20260909T132210Z,2026-08-02 08:00:00+00:00
2026-08-02 14:00:00+00:00,/search,6,595.0,1119.0,SeasonalNaive,20260909T132210Z,2026-08-02 08:00:00+00:00
2026-08-02 20:00:00+00:00,/search,12,536.0,826.0,SeasonalNaive,20260909T132210Z,2026-08-02 08:00:00+00:00
2026-08-02 10:00:00+00:00,/search,1,589.0,659.0,SeasonalNaive,20260909T132210Z,2026-08-02 09:00:00+00:00
2026-08-02 15:00:00+00:00,/search,6,664.0,986.0,SeasonalNaive,20260909T132210Z,2026-08-02 09:00:00+00:00
2026-08-02 21:00:00+00:00,/search,12,409.0,667.0,SeasonalNaive,20260909T132210Z,2026-08-02 09:00:00+00:00
2026-08-02 11:00:00+00:00,/search,1,678.0,682.0,SeasonalNaive,20260909T132210Z,2026-08-02 10:00:00+00:00
2026-08-02 16:00:00+00:00,/search,6,586.0,929.0,SeasonalNaive,20260909T132210Z,2026-08-02 10:00:00+00:00
2026-08-02 22:00:00+00:00,/search,12,493.0,653.0,SeasonalNaive,20260909T132210Z,2026-08-02 10:00:00+00:00
2026-08-02 12:00:00+00:00,/search,1,586.0,609.0,SeasonalNaive,20260909T132210Z,2026-08-02 11:00:00+00:00
2026-08-02 17:00:00+00:00,/search,6,546.0,891.0,SeasonalNaive,20260909T132210Z,2026-08-02 11:00:00+00:00
2026-08-02 23:00:00+00:00,/search,12,537.0,684.0,SeasonalNaive,20260909T132210Z,2026-08-02 11:00:00+00:00
2026-08-02 13:00:00+00:00,/search,1,673.0,689.0,SeasonalNaive,20260909T132210Z,2026-08-02 12:00:00+00:00
2026-08-02 18:00:00+00:00,/search,6,553.0,844.0,SeasonalNaive,20260909T132210Z,2026-08-02 12:00:00+00:00
2026-08-03 00:00:00+00:00,/search,12,453.0,388.0,SeasonalNaive,20260909T132210Z,2026-08-02 12:00:00+00:00
2026-08-02 14:00:00+00:00,/search,1,595.0,1119.0,SeasonalNaive,20260909T132210Z,2026-08-02 13:00:00+00:00
2026-08-02 19:00:00+00:00,/search,6,515.0,750.0,SeasonalNaive,20260909T132210Z,2026-08-02 13:00:00+00:00
2026-08-03 01:00:00+00:00,/search,12,560.0,251.0,SeasonalNaive,20260909T132210Z,2026-08-02 13:00:00+00:00
2026-08-02 15:00:00+00:00,/search,1,664.0,986.0,SeasonalNaive,20260909T132210Z,2026-08-02 14:00:00+00:00
2026-08-02 20:00:00+00:00,/search,6,536.0,826.0,SeasonalNaive,20260909T132210Z,2026-08-02 14:00:00+00:00
2026-08-03 02:00:00+00:00,/search,12,502.0,386.0,SeasonalNaive,20260909T132210Z,2026-08-02 14:00:00+00:00
2026-08-02 16:00:00+00:00,/search,1,586.0,929.0,SeasonalNaive,20260909T132210Z,2026-08-02 15:00:00+00:00
2026-08-02 21:00:00+00:00,/search,6,409.0,667.0,SeasonalNaive,20260909T132210Z,2026-08-02 15:00:00+00:00
2026-08-03 03:00:00+00:00,/search,12,602.0,390.0,SeasonalNaive,20260909T132210Z,2026-08-02 15:00:00+00:00
2026-08-02 17:00:00+00:00,/search,1,546.0,891.0,SeasonalNaive,20260909T132210Z,2026-08-02 16:00:00+00:00
2026-08-02 22:00:00+00:00,/search,6,493.0,653.0,SeasonalNaive,20260909T132210Z,2026-08-02 16:00:00+00:00
2026-08-03 04:00:00+00:00,/search,12,516.0,384.0,SeasonalNaive,20260909T132210Z,2026-08-02 16:00:00+00:00
2026-08-02 18:00:00+00:00,/search,1,553.0,844.0,SeasonalNaive,20260909T132210Z,2026-08-02 17:00:00+00:00
2026-08-02 23:00:00+00:00,/search,6,537.0,684.0,SeasonalNaive,20260909T132210Z,2026-08-02 17:00:00+00:00
2026-08-03 05:00:00+00:00,/search,12,640.0,467.0,SeasonalNaive,20260909T132210Z,2026-08-02 17:00:00+00:00
2026-08-02 19:00:00+00:00,/search,1,515.0,750.0,SeasonalNaive,20260909T132210Z,2026-08-02 18:00:00+00:00
2026-08-03 00:00:00+00:00,/search,6,453.0,388.0,SeasonalNaive,20260909T132210Z,2026-08-02 18:00:00+00:00
2026-08-03 06:00:00+00:00,/search,12,606.0,414.0,SeasonalNaive,20260909T132210Z,2026-08-02 18:00:00+00:00
2026-08-02 20:00:00+00:00,/search,1,536.0,826.0,SeasonalNaive,20260909T132210Z,2026-08-02 19:00:00+00:00
2026-08-03 01:00:00+00:00,/search,6,560.0,251.0,SeasonalNaive,20260909T132210Z,2026-08-02 19:00:00+00:00
2026-08-03 07:00:00+00:00,/search,12,653.0,452.0,SeasonalNaive,20260909T132210Z,2026-08-02 19:00:00+00:00
2026-08-02 21:00:00+00:00,/search,1,409.0,667.0,SeasonalNaive,20260909T132210Z,2026-08-02 20:00:00+00:00
2026-08-03 02:00:00+00:00,/search,6,502.0,386.0,SeasonalNaive,20260909T132210Z,2026-08-02 20:00:00+00:00
2026-08-03 08:00:00+00:00,/search,12,617.0,539.0,SeasonalNaive,20260909T132210Z,2026-08-02 20:00:00+00:00
2026-08-02 22:00:00+00:00,/search,1,493.0,653.0,SeasonalNaive,20260909T132210Z,2026-08-02 21:00:00+00:00
2026-08-03 03:00:00+00:00,/search,6,602.0,390.0,SeasonalNaive,20260909T132210Z,2026-08-02 21:00:00+00:00
2026-08-03 09:00:00+00:00,/search,12,751.0,548.0,SeasonalNaive,20260909T132210Z,2026-08-02 21:00:00+00:00
2026-08-02 23:00:00+00:00,/search,1,537.0,684.0,SeasonalNaive,20260909T132210Z,2026-08-02 22:00:00+00:00
2026-08-03 04:00:00+00:00,/search,6,516.0,384.0,SeasonalNaive,20260909T132210Z,2026-08-02 22:00:00+00:00
2026-08-03 10:00:00+00:00,/search,12,920.0,589.0,SeasonalNaive,20260909T132210Z,2026-08-02 22:00:00+00:00
2026-08-03 00:00:00+00:00,/search,1,453.0,388.0,SeasonalNaive,20260909T132210Z,2026-08-02 23:00:00+00:00
2026-08-03 05:00:00+00:00,/search,6,640.0,467.0,SeasonalNaive,20260909T132210Z,2026-08-02 23:00:00+00:00
2026-08-03 11:00:00+00:00,/search,12,851.0,678.0,SeasonalNaive,20260909T132210Z,2026-08-02 23:00:00+00:00
2026-08-03 01:00:00+00:00,/search,1,560.0,251.0,SeasonalNaive,20260909T132210Z,2026-08-03 00:00:00+00:00
2026-08-03 06:00:00+00:00,/search,6,606.0,414.0,SeasonalNaive,20260909T132210Z,2026-08-03 00:00:00+00:00
2026-08-03 12:00:00+00:00,/search,12,1012.0,586.0,SeasonalNaive,20260909T132210Z,2026-08-03 00:00:00+00:00
2026-08-03 02:00:00+00:00,/search,1,502.0,386.0,SeasonalNaive,20260909T132210Z,2026-08-03 01:00:00+00:00
2026-08-03 07:00:00+00:00,/search,6,653.0,452.0,SeasonalNaive,20260909T132210Z,2026-08-03 01:00:00+00:00
2026-08-03 13:00:00+00:00,/search,12,987.0,673.0,SeasonalNaive,20260909T132210Z,2026-08-03 01:00:00+00:00
2026-08-03 03:00:00+00:00,/search,1,602.0,390.0,SeasonalNaive,20260909T132210Z,2026-08-03 02:00:00+00:00
2026-08-03 08:00:00+00:00,/search,6,617.0,539.0,SeasonalNaive,20260909T132210Z,2026-08-03 02:00:00+00:00
2026-08-03 14:00:00+00:00,/search,12,803.0,595.0,SeasonalNaive,20260909T132210Z,2026-08-03 02:00:00+00:00
2026-08-03 04:00:00+00:00,/search,1,516.0,384.0,SeasonalNaive,20260909T132210Z,2026-08-03 03:00:00+00:00
2026-08-03 09:00:00+00:00,/search,6,751.0,548.0,SeasonalNaive,20260909T132210Z,2026-08-03 03:00:00+00:00
2026-08-03 15:00:00+00:00,/search,12,874.0,664.0,SeasonalNaive,20260909T132210Z,2026-08-03 03:00:00+00:00
2026-08-03 05:00:00+00:00,/search,1,640.0,467.0,SeasonalNaive,20260909T132210Z,2026-08-03 04:00:00+00:00
2026-08-03 10:00:00+00:00,/search,6,920.0,589.0,SeasonalNaive,20260909T132210Z,2026-08-03 04:00:00+00:00
2026-08-03 16:00:00+00:00,/search,12,842.0,586.0,SeasonalNaive,20260909T132210Z,2026-08-03 04:00:00+00:00
2026-08-03 06:00:00+00:00,/search,1,606.0,414.0,SeasonalNaive,20260909T132210Z,2026-08-03 05:00:00+00:00
2026-08-03 11:00:00+00:00,/search,6,851.0,678.0,SeasonalNaive,20260909T132210Z,2026-08-03 05:00:00+00:00
2026-08-03 17:00:00+00:00,/search,12,843.0,546.0,SeasonalNaive,20260909T132210Z,2026-08-03 05:00:00+00:00
2026-08-03 07:00:00+00:00,/search,1,653.0,452.0,SeasonalNaive,20260909T132210Z,2026-08-03 06:00:00+00:00
2026-08-03 12:00:00+00:00,/search,6,1012.0,586.0,SeasonalNaive,20260909T132210Z,2026-08-03 06:00:00+00:00
2026-08-03 18:00:00+00:00,/search,12,811.0,553.0,SeasonalNaive,20260909T132210Z,2026-08-03 06:00:00+00:00
2026-08-03 08:00:00+00:00,/search,1,617.0,539.0,SeasonalNaive,20260909T132210Z,2026-08-03 07:00:00+00:00
2026-08-03 13:00:00+00:00,/search,6,987.0,673.0,SeasonalNaive,20260909T132210Z,2026-08-03 07:00:00+00:00
2026-08-03 19:00:00+00:00,/search,12,848.0,515.0,SeasonalNaive,20260909T132210Z,2026-08-03 07:00:00+00:00
2026-08-03 09:00:00+00:00,/search,1,751.0,548.0,SeasonalNaive,20260909T132210Z,2026-08-03 08:00:00+00:00
2026-08-03 14:00:00+00:00,/search,6,803.0,595.0,SeasonalNaive,20260909T132210Z,2026-08-03 08:00:00+00:00
2026-08-03 20:00:00+00:00,/search,12,739.0,536.0,SeasonalNaive,20260909T132210Z,2026-08-03 08:00:00+00:00
2026-08-03 10:00:00+00:00,/search,1,920.0,589.0,SeasonalNaive,20260909T132210Z,2026-08-03 09:00:00+00:00
2026-08-03 15:00:00+00:00,/search,6,874.0,664.0,SeasonalNaive,20260909T132210Z,2026-08-03 09:00:00+00:00
2026-08-03 21:00:00+00:00,/search,12,731.0,409.0,SeasonalNaive,20260909T132210Z,2026-08-03 09:00:00+00:00
2026-08-03 11:00:00+00:00,/search,1,851.0,678.0,SeasonalNaive,20260909T132210Z,2026-08-03 10:00:00+00:00
2026-08-03 16:00:00+00:00,/search,6,842.0,586.0,SeasonalNaive,20260909T132210Z,2026-08-03 10:00:00+00:00
2026-08-03 22:00:00+00:00,/search,12,605.0,493.0,SeasonalNaive,20260909T132210Z,2026-08-03 10:00:00+00:00
2026-08-03 12:00:00+00:00,/search,1,1012.0,586.0,SeasonalNaive,20260909T132210Z,2026-08-03 11:00:00+00:00
2026-08-03 17:00:00+00:00,/search,6,843.0,546.0,SeasonalNaive,20260909T132210Z,2026-08-03 11:00:00+00:00
2026-08-03 23:00:00+00:00,/search,12,639.0,537.0,SeasonalNaive,20260909T132210Z,2026-08-03 11:00:00+00:00
2026-08-03 13:00:00+00:00,/search,1,987.0,673.0,SeasonalNaive,20260909T132210Z,2026-08-03 12:00:00+00:00
2026-08-03 18:00:00+00:00,/search,6,811.0,553.0,SeasonalNaive,20260909T132210Z,2026-08-03 12:00:00+00:00
2026-08-04 00:00:00+00:00,/search,12,515.0,453.0,SeasonalNaive,20260909T132210Z,2026-08-03 12:00:00+00:00
2026-08-03 14:00:00+00:00,/search,1,803.0,595.0,SeasonalNaive,20260909T132210Z,2026-08-03 13:00:00+00:00
2026-08-03 19:00:00+00:00,/search,6,848.0,515.0,SeasonalNaive,20260909T132210Z,2026-08-03 13:00:00+00:00
2026-08-04 01:00:00+00:00,/search,12,541.0,560.0,SeasonalNaive,20260909T132210Z,2026-08-03 13:00:00+00:00
2026-08-03 15:00:00+00:00,/search,1,874.0,664.0,SeasonalNaive,20260909T132210Z,2026-08-03 14:00:00+00:00
2026-08-03 20:00:00+00:00,/search,6,739.0,536.0,SeasonalNaive,20260909T132210Z,2026-08-03 14:00:00+00:00
2026-08-04 02:00:00+00:00,/search,12,531.0,502.0,SeasonalNaive,20260909T132210Z,2026-08-03 14:00:00+00:00
2026-08-03 16:00:00+00:00,/search,1,842.0,586.0,SeasonalNaive,20260909T132210Z,2026-08-03 15:00:00+00:00
2026-08-03 21:00:00+00:00,/search,6,731.0,409.0,SeasonalNaive,20260909T132210Z,2026-08-03 15:00:00+00:00
2026-08-04 03:00:00+00:00,/search,12,478.0,602.0,SeasonalNaive,20260909T132210Z,2026-08-03 15:00:00+00:00
2026-08-03 17:00:00+00:00,/search,1,843.0,546.0,SeasonalNaive,20260909T132210Z,2026-08-03 16:00:00+00:00
2026-08-03 22:00:00+00:00,/search,6,605.0,493.0,SeasonalNaive,20260909T132210Z,2026-08-03 16:00:00+00:00
2026-08-04 04:00:00+00:00,/search,12,456.0,516.0,SeasonalNaive,20260909T132210Z,2026-08-03 16:00:00+00:00
2026-08-03 18:00:00+00:00,/search,1,811.0,553.0,SeasonalNaive,20260909T132210Z,2026-08-03 17:00:00+00:00
2026-08-03 23:00:00+00:00,/search,6,639.0,537.0,SeasonalNaive,20260909T132210Z,2026-08-03 17:00:00+00:00
2026-08-04 05:00:00+00:00,/search,12,678.0,640.0,SeasonalNaive,20260909T132210Z,2026-08-03 17:00:00+00:00
