timestamp,source_metric_value,endpoint,event_label,event_id,split,anomaly_score
2014-03-07 03:41:00+00:00,45.868,realKnownCause/ec2_request_latency_system_failure.csv,False,,train,0.4448166341136521
2014-03-07 03:46:00+00:00,47.606,realKnownCause/ec2_request_latency_system_failure.csv,False,,train,0.5138263562572192
2014-03-07 03:51:00+00:00,42.58,realKnownCause/ec2_request_latency_system_failure.csv,False,,train,0.5011197536758344
2014-03-07 03:56:00+00:00,46.03,realKnownCause/ec2_request_latency_system_failure.csv,False,,train,0.447081228569883
2014-03-07 04:01:00+00:00,44.992,realKnownCause/ec2_request_latency_system_failure.csv,False,,train,0.4365575232167204
2014-03-07 04:06:00+00:00,45.238,realKnownCause/ec2_request_latency_system_failure.csv,False,,train,0.4425845269493046
2014-03-07 04:11:00+00:00,45.752,realKnownCause/ec2_request_latency_system_failure.csv,False,,train,0.4358459349532149
2014-03-07 04:16:00+00:00,46.476000000000006,realKnownCause/ec2_request_latency_system_failure.csv,False,,train,0.4679935699786132
2014-03-07 04:21:00+00:00,42.752,realKnownCause/ec2_request_latency_system_failure.csv,False,,train,0.4943924286908922
2014-03-07 04:26:00+00:00,46.15600000000001,realKnownCause/ec2_request_latency_system_failure.csv,False,,train,0.4578298158221311
2014-03-07 04:31:00+00:00,43.35,realKnownCause/ec2_request_latency_system_failure.csv,False,,train,0.48645907516862735
2014-03-07 04:36:00+00:00,46.292,realKnownCause/ec2_request_latency_system_failure.csv,False,,train,0.4588226861059204
2014-03-07 04:41:00+00:00,43.428,realKnownCause/ec2_request_latency_system_failure.csv,False,,train,0.47884773095934746
2014-03-07 04:46:00+00:00,46.31399999999999,realKnownCause/ec2_request_latency_system_failure.csv,False,,train,0.46161088230047204
2014-03-07 04:51:00+00:00,43.688,realKnownCause/ec2_request_latency_system_failure.csv,False,,train,0.4568202259201649
2014-03-07 04:56:00+00:00,45.4,realKnownCause/ec2_request_latency_system_failure.csv,False,,train,0.4368239752453172
2014-03-07 05:01:00+00:00,45.858,realKnownCause/ec2_request_latency_system_failure.csv,False,,train,0.44374486490973647
2014-03-07 05:06:00+00:00,43.13800000000001,realKnownCause/ec2_request_latency_system_failure.csv,False,,train,0.4898102752443335
2014-03-07 05:11:00+00:00,46.024,realKnownCause/ec2_request_latency_system_failure.csv,False,,train,0.4454723577841662
2014-03-07 05:16:00+00:00,46.502,realKnownCause/ec2_request_latency_system_failure.csv,False,,train,0.4652554045720079
2014-03-07 05:21:00+00:00,42.606,realKnownCause/ec2_request_latency_system_failure.csv,False,,train,0.5034702816251027
2014-03-07 05:26:00+00:00,45.47,realKnownCause/ec2_request_latency_system_failure.csv,False,,train,0.4322810560513369
2014-03-07 05:31:00+00:00,42.652,realKnownCause/ec2_request_latency_system_failure.csv,False,,train,0.5001480593083064
2014-03-07 05:36:00+00:00,46.48,realKnownCause/ec2_request_latency_system_failure.csv,False,,train,0.4669658627716194
2014-03-07 05:41:00+00:00,45.47,realKnownCause/ec2_request_latency_system_failure.csv,False,,train,0.4322810560513369
2014-03-07 05:46:00+00:00,44.882,realKnownCause/ec2_request_latency_system_failure.csv,False,,train,0.43803456895540027
2014-03-07 05:51:00+00:00,42.502,realKnownCause/ec2_request_latency_system_failure.csv,False,,train,0.5010320178266137
2014-03-07 05:56:00+00:00,46.104,realKnownCause/ec2_request_latency_system_failure.csv,False,,train,0.45392759858049186
2014-03-07 06:01:00+00:00,43.88399999999999,realKnownCause/ec2_request_latency_system_failure.csv,False,,train,0.4437358820765981
2014-03-07 06:06:00+00:00,43.944,realKnownCause/ec2_request_latency_system_failure.csv,False,,train,0.43927815362027345
2014-03-07 06:11:00+00:00,46.056,realKnownCause/ec2_request_latency_system_failure.csv,False,,train,0.45074890852569605
2014-03-07 06:16:00+00:00,45.658,realKnownCause/ec2_request_latency_system_failure.csv,False,,train,0.4284468974951732
2014-03-07 06:21:00+00:00,43.662,realKnownCause/ec2_request_latency_system_failure.csv,False,,train,0.46067960633092153
2014-03-07 06:26:00+00:00,44.074,realKnownCause/ec2_request_latency_system_failure.csv,False,,train,0.4335223997895399
2014-03-07 06:31:00+00:00,42.91,realKnownCause/ec2_request_latency_system_failure.csv,False,,train,0.4947559122801428
2014-03-07 06:36:00+00:00,44.32,realKnownCause/ec2_request_latency_system_failure.csv,False,,train,0.4330044834390389
2014-03-07 06:41:00+00:00,44.718,realKnownCause/ec2_request_latency_system_failure.csv,False,,train,0.43889233069206235
2014-03-07 06:46:00+00:00,45.658,realKnownCause/ec2_request_latency_system_failure.csv,False,,train,0.4284468974951732
2014-03-07 06:51:00+00:00,42.63,realKnownCause/ec2_request_latency_system_failure.csv,False,,train,0.5010176335491263
2014-03-07 06:56:00+00:00,46.478,realKnownCause/ec2_request_latency_system_failure.csv,False,,train,0.46707257395543583
2014-03-07 07:01:00+00:00,46.432,realKnownCause/ec2_request_latency_system_failure.csv,False,,train,0.46758013287196515
2014-03-07 07:06:00+00:00,41.76600000000001,realKnownCause/ec2_request_latency_system_failure.csv,False,,train,0.5779884056708828
2014-03-07 07:11:00+00:00,47.008,realKnownCause/ec2_request_latency_system_failure.csv,False,,train,0.48448432820362186
2014-03-07 07:16:00+00:00,44.94600000000001,realKnownCause/ec2_request_latency_system_failure.csv,False,,train,0.4389131042050794
2014-03-07 07:21:00+00:00,42.112,realKnownCause/ec2_request_latency_system_failure.csv,False,,train,0.5495010863806946
2014-03-07 07:26:00+00:00,43.85,realKnownCause/ec2_request_latency_system_failure.csv,False,,train,0.446544517159325
2014-03-07 07:31:00+00:00,43.78,realKnownCause/ec2_request_latency_system_failure.csv,False,,train,0.4516881294336873
2014-03-07 07:36:00+00:00,46.11,realKnownCause/ec2_request_latency_system_failure.csv,False,,train,0.453381043356632
2014-03-07 07:41:00+00:00,43.662,realKnownCause/ec2_request_latency_system_failure.csv,False,,train,0.46067960633092153
2014-03-07 07:46:00+00:00,46.808,realKnownCause/ec2_request_latency_system_failure.csv,False,,train,0.48145786115395783
2014-03-07 07:51:00+00:00,40.586,realKnownCause/ec2_request_latency_system_failure.csv,False,,train,0.6897978653413603
2014-03-07 07:56:00+00:00,45.87,realKnownCause/ec2_request_latency_system_failure.csv,False,,train,0.44432130778568263
2014-03-07 08:01:00+00:00,43.618,realKnownCause/ec2_request_latency_system_failure.csv,False,,train,0.47179952216436005
2014-03-07 08:06:00+00:00,43.63800000000001,realKnownCause/ec2_request_latency_system_failure.csv,False,,train,0.4630586081193363
2014-03-07 08:11:00+00:00,48.412,realKnownCause/ec2_request_latency_system_failure.csv,False,,train,0.5566937439268945
2014-03-07 08:16:00+00:00,40.61,realKnownCause/ec2_request_latency_system_failure.csv,False,,train,0.6862599898650906
2014-03-07 08:21:00+00:00,43.402,realKnownCause/ec2_request_latency_system_failure.csv,False,,train,0.4793532977083591
2014-03-07 08:26:00+00:00,42.324,realKnownCause/ec2_request_latency_system_failure.csv,False,,train,0.522051256570903
2014-03-07 08:31:00+00:00,44.56399999999999,realKnownCause/ec2_request_latency_system_failure.csv,False,,train,0.4348039251560348
2014-03-07 08:36:00+00:00,42.858,realKnownCause/ec2_request_latency_system_failure.csv,False,,train,0.4901411722824005
2014-03-07 08:41:00+00:00,45.63800000000001,realKnownCause/ec2_request_latency_system_failure.csv,False,,train,0.4290180537042899
2014-03-07 08:46:00+00:00,44.32,realKnownCause/ec2_request_latency_system_failure.csv,False,,train,0.4330044834390389
2014-03-07 08:51:00+00:00,40.916,realKnownCause/ec2_request_latency_system_failure.csv,False,,train,0.6523783986795776
2014-03-07 08:56:00+00:00,45.58600000000001,realKnownCause/ec2_request_latency_system_failure.csv,False,,train,0.43493393374782885
2014-03-07 09:01:00+00:00,43.69600000000001,realKnownCause/ec2_request_latency_system_failure.csv,False,,train,0.4575030678883003
2014-03-07 09:06:00+00:00,43.908,realKnownCause/ec2_request_latency_system_failure.csv,False,,train,0.44185364902501684
2014-03-07 09:11:00+00:00,47.042,realKnownCause/ec2_request_latency_system_failure.csv,False,,train,0.4826378331104159
2014-03-07 09:16:00+00:00,43.49800000000001,realKnownCause/ec2_request_latency_system_failure.csv,False,,train,0.4769200365024189
2014-03-07 09:21:00+00:00,43.772,realKnownCause/ec2_request_latency_system_failure.csv,False,,train,0.45168474454871166
2014-03-07 09:26:00+00:00,42.642,realKnownCause/ec2_request_latency_system_failure.csv,False,,train,0.5006288489677096
2014-03-07 09:31:00+00:00,44.194,realKnownCause/ec2_request_latency_system_failure.csv,False,,train,0.435163372245927
2014-03-07 09:36:00+00:00,45.63399999999999,realKnownCause/ec2_request_latency_system_failure.csv,False,,train,0.42830323402121195
2014-03-07 09:41:00+00:00,43.17,realKnownCause/ec2_request_latency_system_failure.csv,False,,train,0.48890592751009093
2014-03-07 09:46:00+00:00,43.732,realKnownCause/ec2_request_latency_system_failure.csv,False,,train,0.45634123092332796
2014-03-07 09:51:00+00:00,43.49800000000001,realKnownCause/ec2_request_latency_system_failure.csv,False,,train,0.4769200365024189
2014-03-07 09:56:00+00:00,45.492,realKnownCause/ec2_request_latency_system_failure.csv,False,,train,0.4357790558007872
2014-03-07 10:01:00+00:00,44.742,realKnownCause/ec2_request_latency_system_failure.csv,False,,train,0.43773936957533155
2014-03-07 10:06:00+00:00,43.216,realKnownCause/ec2_request_latency_system_failure.csv,False,,train,0.48864173836156893
2014-03-07 10:11:00+00:00,45.848,realKnownCause/ec2_request_latency_system_failure.csv,False,,train,0.4456037132438245
2014-03-07 10:16:00+00:00,42.824,realKnownCause/ec2_request_latency_system_failure.csv,False,,train,0.49250294509967424
2014-03-07 10:21:00+00:00,42.23,realKnownCause/ec2_request_latency_system_failure.csv,False,,train,0.5334191278959407
2014-03-07 10:26:00+00:00,42.442,realKnownCause/ec2_request_latency_system_failure.csv,False,,train,0.5099858613552871
2014-03-07 10:31:00+00:00,43.474,realKnownCause/ec2_request_latency_system_failure.csv,False,,train,0.47698526708829403
2014-03-07 10:36:00+00:00,46.666,realKnownCause/ec2_request_latency_system_failure.csv,False,,train,0.4713603443327956
2014-03-07 10:41:00+00:00,40.97,realKnownCause/ec2_request_latency_system_failure.csv,False,,train,0.648887711204362
2014-03-07 10:46:00+00:00,43.732,realKnownCause/ec2_request_latency_system_failure.csv,False,,train,0.45634123092332796
2014-03-07 10:51:00+00:00,45.164,realKnownCause/ec2_request_latency_system_failure.csv,False,,train,0.44206300889374345
2014-03-07 10:56:00+00:00,44.782,realKnownCause/ec2_request_latency_system_failure.csv,False,,train,0.43834106964903724
2014-03-07 11:01:00+00:00,44.084,realKnownCause/ec2_request_latency_system_failure.csv,False,,train,0.42889341458206837
2014-03-07 11:06:00+00:00,44.968,realKnownCause/ec2_request_latency_system_failure.csv,False,,train,0.4365263938612644
2014-03-07 11:11:00+00:00,46.104,realKnownCause/ec2_request_latency_system_failure.csv,False,,train,0.45392759858049186
2014-03-07 11:16:00+00:00,43.688,realKnownCause/ec2_request_latency_system_failure.csv,False,,train,0.4568202259201649
2014-03-07 11:21:00+00:00,42.332,realKnownCause/ec2_request_latency_system_failure.csv,False,,train,0.5210499651668911
2014-03-07 11:26:00+00:00,43.756,realKnownCause/ec2_request_latency_system_failure.csv,False,,train,0.4544087350869944
2014-03-07 11:31:00+00:00,43.708,realKnownCause/ec2_request_latency_system_failure.csv,False,,train,0.4579021753792813
2014-03-07 11:36:00+00:00,45.49800000000001,realKnownCause/ec2_request_latency_system_failure.csv,False,,train,0.43421762790511215
2014-03-07 11:41:00+00:00,45.774,realKnownCause/ec2_request_latency_system_failure.csv,False,,train,0.4402249188138403
2014-03-07 11:46:00+00:00,42.31,realKnownCause/ec2_request_latency_system_failure.csv,False,,train,0.5241259573221279
2014-03-07 11:51:00+00:00,46.682,realKnownCause/ec2_request_latency_system_failure.csv,False,,train,0.4733365746780083
2014-03-07 11:56:00+00:00,43.49800000000001,realKnownCause/ec2_request_latency_system_failure.csv,False,,train,0.4769200365024189
2014-03-07 12:01:00+00:00,44.096,realKnownCause/ec2_request_latency_system_failure.csv,False,,train,0.4312640861156812
2014-03-07 12:06:00+00:00,44.022,realKnownCause/ec2_request_latency_system_failure.csv,False,,train,0.4456018586670515
2014-03-07 12:11:00+00:00,47.572,realKnownCause/ec2_request_latency_system_failure.csv,False,,train,0.511451365836408
2014-03-07 12:16:00+00:00,42.258,realKnownCause/ec2_request_latency_system_failure.csv,False,,train,0.5290238526164408
2014-03-07 12:21:00+00:00,44.202,realKnownCause/ec2_request_latency_system_failure.csv,False,,train,0.4344588537703677
2014-03-07 12:26:00+00:00,44.32,realKnownCause/ec2_request_latency_system_failure.csv,False,,train,0.4330044834390389
2014-03-07 12:31:00+00:00,44.014,realKnownCause/ec2_request_latency_system_failure.csv,False,,train,0.44510842042244514
2014-03-07 12:36:00+00:00,44.984,realKnownCause/ec2_request_latency_system_failure.csv,False,,train,0.43907061960894195
2014-03-07 12:41:00+00:00,45.59,realKnownCause/ec2_request_latency_system_failure.csv,False,,train,0.4341465287888514
2014-03-07 12:46:00+00:00,40.69,realKnownCause/ec2_request_latency_system_failure.csv,False,,train,0.6732263786920174
2014-03-07 12:51:00+00:00,44.176,realKnownCause/ec2_request_latency_system_failure.csv,False,,train,0.43528965637767786
2014-03-07 12:56:00+00:00,46.264,realKnownCause/ec2_request_latency_system_failure.csv,False,,train,0.4603463007476392
2014-03-07 13:01:00+00:00,44.108,realKnownCause/ec2_request_latency_system_failure.csv,False,,train,0.43091970562063475
2014-03-07 13:06:00+00:00,45.58600000000001,realKnownCause/ec2_request_latency_system_failure.csv,False,,train,0.43493393374782885
2014-03-07 13:11:00+00:00,44.9,realKnownCause/ec2_request_latency_system_failure.csv,False,,train,0.4364917461098355
2014-03-07 13:16:00+00:00,43.58600000000001,realKnownCause/ec2_request_latency_system_failure.csv,False,,train,0.472517244117317
2014-03-07 13:21:00+00:00,43.556,realKnownCause/ec2_request_latency_system_failure.csv,False,,train,0.4749869780439275
2014-03-07 13:26:00+00:00,45.774,realKnownCause/ec2_request_latency_system_failure.csv,False,,train,0.4402249188138403
2014-03-07 13:31:00+00:00,43.122,realKnownCause/ec2_request_latency_system_failure.csv,False,,train,0.48743092617376915
2014-03-07 13:36:00+00:00,44.83600000000001,realKnownCause/ec2_request_latency_system_failure.csv,False,,train,0.4385961278336985
2014-03-07 13:41:00+00:00,47.37,realKnownCause/ec2_request_latency_system_failure.csv,False,,train,0.5053503126072775
2014-03-07 13:46:00+00:00,42.03,realKnownCause/ec2_request_latency_system_failure.csv,False,,train,0.5545409535231075
2014-03-07 13:51:00+00:00,45.61,realKnownCause/ec2_request_latency_system_failure.csv,False,,train,0.42953429966551965
2014-03-07 13:56:00+00:00,44.962,realKnownCause/ec2_request_latency_system_failure.csv,False,,train,0.4372122069945875
2014-03-07 14:01:00+00:00,44.812,realKnownCause/ec2_request_latency_system_failure.csv,False,,train,0.44126674458672105
2014-03-07 14:06:00+00:00,45.63399999999999,realKnownCause/ec2_request_latency_system_failure.csv,False,,train,0.42830323402121195
2014-03-07 14:11:00+00:00,44.51600000000001,realKnownCause/ec2_request_latency_system_failure.csv,False,,train,0.43309717229928163
2014-03-07 14:16:00+00:00,45.164,realKnownCause/ec2_request_latency_system_failure.csv,False,,train,0.44206300889374345
2014-03-07 14:21:00+00:00,43.56800000000001,realKnownCause/ec2_request_latency_system_failure.csv,False,,train,0.47279309863301777
2014-03-07 14:26:00+00:00,45.216,realKnownCause/ec2_request_latency_system_failure.csv,False,,train,0.442781399490087
2014-03-07 14:31:00+00:00,42.88800000000001,realKnownCause/ec2_request_latency_system_failure.csv,False,,train,0.490479934010925
2014-03-07 14:36:00+00:00,44.70399999999999,realKnownCause/ec2_request_latency_system_failure.csv,False,,train,0.43813374482978756
2014-03-07 14:41:00+00:00,46.288,realKnownCause/ec2_request_latency_system_failure.csv,False,,train,0.4588946349043111
2014-03-07 14:46:00+00:00,42.606,realKnownCause/ec2_request_latency_system_failure.csv,False,,train,0.5034702816251027
2014-03-07 14:51:00+00:00,44.622,realKnownCause/ec2_request_latency_system_failure.csv,False,,train,0.4355408794467799
2014-03-07 14:56:00+00:00,45.962,realKnownCause/ec2_request_latency_system_failure.csv,False,,train,0.4433516007087148
2014-03-07 15:01:00+00:00,46.236,realKnownCause/ec2_request_latency_system_failure.csv,False,,train,0.4583641407307653
2014-03-07 15:06:00+00:00,43.262,realKnownCause/ec2_request_latency_system_failure.csv,False,,train,0.4914566148976027
2014-03-07 15:11:00+00:00,43.942,realKnownCause/ec2_request_latency_system_failure.csv,False,,train,0.43958513180953357
2014-03-07 15:16:00+00:00,42.582,realKnownCause/ec2_request_latency_system_failure.csv,False,,train,0.501275187827796
2014-03-07 15:21:00+00:00,43.67,realKnownCause/ec2_request_latency_system_failure.csv,False,,train,0.46002389229699014
2014-03-07 15:26:00+00:00,44.142,realKnownCause/ec2_request_latency_system_failure.csv,False,,train,0.4357362757505714
2014-03-07 15:31:00+00:00,43.79,realKnownCause/ec2_request_latency_system_failure.csv,False,,train,0.4512767704890101
2014-03-07 15:36:00+00:00,44.882,realKnownCause/ec2_request_latency_system_failure.csv,False,,train,0.43803456895540027
2014-03-07 15:41:00+00:00,48.68600000000001,realKnownCause/ec2_request_latency_system_failure.csv,False,,train,0.5684205707825525
2014-03-07 15:46:00+00:00,40.938,realKnownCause/ec2_request_latency_system_failure.csv,False,,train,0.6513826301423175
2014-03-07 15:51:00+00:00,45.58600000000001,realKnownCause/ec2_request_latency_system_failure.csv,False,,train,0.43493393374782885
2014-03-07 15:56:00+00:00,45.734,realKnownCause/ec2_request_latency_system_failure.csv,False,,train,0.4353964070828266
2014-03-07 16:01:00+00:00,44.554,realKnownCause/ec2_request_latency_system_failure.csv,False,,train,0.43327554820505476
2014-03-07 16:06:00+00:00,44.43600000000001,realKnownCause/ec2_request_latency_system_failure.csv,False,,train,0.4302246579615832
2014-03-07 16:11:00+00:00,47.676,realKnownCause/ec2_request_latency_system_failure.csv,False,,train,0.5147048275183076
2014-03-07 16:16:00+00:00,42.606,realKnownCause/ec2_request_latency_system_failure.csv,False,,train,0.5034702816251027
2014-03-07 16:21:00+00:00,45.492,realKnownCause/ec2_request_latency_system_failure.csv,False,,train,0.4357790558007872
2014-03-07 16:26:00+00:00,43.08600000000001,realKnownCause/ec2_request_latency_system_failure.csv,False,,train,0.48633737321089876
2014-03-07 16:31:00+00:00,45.306,realKnownCause/ec2_request_latency_system_failure.csv,False,,train,0.44162471934564274
2014-03-07 16:36:00+00:00,43.536,realKnownCause/ec2_request_latency_system_failure.csv,False,,train,0.4766679673775554
2014-03-07 16:41:00+00:00,45.694,realKnownCause/ec2_request_latency_system_failure.csv,False,,train,0.4332827592832789
2014-03-07 16:46:00+00:00,43.24,realKnownCause/ec2_request_latency_system_failure.csv,False,,train,0.4904457232235148
2014-03-07 16:51:00+00:00,43.122,realKnownCause/ec2_request_latency_system_failure.csv,False,,train,0.48743092617376915
2014-03-07 16:56:00+00:00,46.338,realKnownCause/ec2_request_latency_system_failure.csv,False,,train,0.4610596169397069
2014-03-07 17:01:00+00:00,45.822,realKnownCause/ec2_request_latency_system_failure.csv,False,,train,0.4421793985670508
2014-03-07 17:06:00+00:00,43.098,realKnownCause/ec2_request_latency_system_failure.csv,False,,train,0.4856156607867569
2014-03-07 17:11:00+00:00,47.746,realKnownCause/ec2_request_latency_system_failure.csv,False,,train,0.5245070007618343
2014-03-07 17:16:00+00:00,44.428,realKnownCause/ec2_request_latency_system_failure.csv,False,,train,0.4293965669894118
2014-03-07 17:21:00+00:00,42.834,realKnownCause/ec2_request_latency_system_failure.csv,False,,train,0.49210360879226644
2014-03-07 17:26:00+00:00,44.758,realKnownCause/ec2_request_latency_system_failure.csv,False,,train,0.4402408520052086
2014-03-07 17:31:00+00:00,45.892,realKnownCause/ec2_request_latency_system_failure.csv,False,,train,0.4447062503643996
2014-03-07 17:36:00+00:00,49.014,realKnownCause/ec2_request_latency_system_failure.csv,False,,train,0.6109825072446525
2014-03-07 17:41:00+00:00,43.522,realKnownCause/ec2_request_latency_system_failure.csv,False,,train,0.47660799516701574
2014-03-07 17:46:00+00:00,45.63399999999999,realKnownCause/ec2_request_latency_system_failure.csv,False,,train,0.42830323402121195
2014-03-07 17:51:00+00:00,42.544,realKnownCause/ec2_request_latency_system_failure.csv,False,,train,0.5001768368406166
2014-03-07 17:56:00+00:00,44.994,realKnownCause/ec2_request_latency_system_failure.csv,False,,train,0.43733309523857716
2014-03-07 18:01:00+00:00,47.08,realKnownCause/ec2_request_latency_system_failure.csv,False,,train,0.48070355725311453
2014-03-07 18:06:00+00:00,45.24,realKnownCause/ec2_request_latency_system_failure.csv,False,,train,0.4429638511045413
2014-03-07 18:11:00+00:00,44.084,realKnownCause/ec2_request_latency_system_failure.csv,False,,train,0.42889341458206837
2014-03-07 18:16:00+00:00,45.79,realKnownCause/ec2_request_latency_system_failure.csv,False,,train,0.4390846693585954
2014-03-07 18:21:00+00:00,43.24800000000001,realKnownCause/ec2_request_latency_system_failure.csv,False,,train,0.4912093191272899
2014-03-07 18:26:00+00:00,46.848,realKnownCause/ec2_request_latency_system_failure.csv,False,,train,0.4848099249135648
2014-03-07 18:31:00+00:00,42.864,realKnownCause/ec2_request_latency_system_failure.csv,False,,train,0.4891762890345461
2014-03-07 18:36:00+00:00,44.202,realKnownCause/ec2_request_latency_system_failure.csv,False,,train,0.4344588537703677
2014-03-07 18:41:00+00:00,45.916,realKnownCause/ec2_request_latency_system_failure.csv,False,,train,0.44691469657984356
2014-03-07 18:46:00+00:00,43.924,realKnownCause/ec2_request_latency_system_failure.csv,False,,train,0.44273402227202363
2014-03-07 18:51:00+00:00,42.992,realKnownCause/ec2_request_latency_system_failure.csv,False,,train,0.4920065059489719
2014-03-07 18:56:00+00:00,46.38399999999999,realKnownCause/ec2_request_latency_system_failure.csv,False,,train,0.4647903029592666
2014-03-07 19:01:00+00:00,45.774,realKnownCause/ec2_request_latency_system_failure.csv,False,,train,0.4402249188138403
2014-03-07 19:06:00+00:00,43.816,realKnownCause/ec2_request_latency_system_failure.csv,False,,train,0.45087158149523876
2014-03-07 19:11:00+00:00,46.69,realKnownCause/ec2_request_latency_system_failure.csv,False,,train,0.4749431701798439
2014-03-07 19:16:00+00:00,42.394,realKnownCause/ec2_request_latency_system_failure.csv,False,,train,0.5137627082480004
2014-03-07 19:21:00+00:00,44.6,realKnownCause/ec2_request_latency_system_failure.csv,False,,train,0.4344664971837925
2014-03-07 19:26:00+00:00,44.038,realKnownCause/ec2_request_latency_system_failure.csv,False,,train,0.4417759454899964
2014-03-07 19:31:00+00:00,46.12600000000001,realKnownCause/ec2_request_latency_system_failure.csv,False,,train,0.4542553800399752
2014-03-07 19:36:00+00:00,46.644,realKnownCause/ec2_request_latency_system_failure.csv,False,,train,0.46878803454032014
2014-03-07 19:41:00+00:00,42.63800000000001,realKnownCause/ec2_request_latency_system_failure.csv,False,,train,0.5000588506278825
2014-03-07 19:46:00+00:00,45.23,realKnownCause/ec2_request_latency_system_failure.csv,False,,train,0.44303198417069406
2014-03-07 19:51:00+00:00,45.986,realKnownCause/ec2_request_latency_system_failure.csv,False,,train,0.4458432221090738
2014-03-07 19:56:00+00:00,45.07,realKnownCause/ec2_request_latency_system_failure.csv,False,,train,0.4402186391474919
2014-03-07 20:01:00+00:00,44.394,realKnownCause/ec2_request_latency_system_failure.csv,False,,train,0.43202137573453286
2014-03-07 20:06:00+00:00,44.788,realKnownCause/ec2_request_latency_system_failure.csv,False,,train,0.4385413590967417
2014-03-07 20:11:00+00:00,48.874,realKnownCause/ec2_request_latency_system_failure.csv,False,,train,0.596479831088242
2014-03-07 20:16:00+00:00,41.972,realKnownCause/ec2_request_latency_system_failure.csv,False,,train,0.5592083195564858
2014-03-07 20:21:00+00:00,45.56800000000001,realKnownCause/ec2_request_latency_system_failure.csv,False,,train,0.4359728880417478
2014-03-07 20:26:00+00:00,43.122,realKnownCause/ec2_request_latency_system_failure.csv,False,,train,0.48743092617376915
2014-03-07 20:31:00+00:00,44.202,realKnownCause/ec2_request_latency_system_failure.csv,False,,train,0.4344588537703677
2014-03-07 20:36:00+00:00,44.554,realKnownCause/ec2_request_latency_system_failure.csv,False,,train,0.43327554820505476
2014-03-07 20:41:00+00:00,44.882,realKnownCause/ec2_request_latency_system_failure.csv,False,,train,0.43803456895540027
2014-03-07 20:46:00+00:00,45.258,realKnownCause/ec2_request_latency_system_failure.csv,False,,train,0.4387504927205348
2014-03-07 20:51:00+00:00,44.36600000000001,realKnownCause/ec2_request_latency_system_failure.csv,False,,train,0.4307109844955651
2014-03-07 20:56:00+00:00,45.606,realKnownCause/ec2_request_latency_system_failure.csv,False,,train,0.43083704148333374
2014-03-07 21:01:00+00:00,44.43600000000001,realKnownCause/ec2_request_latency_system_failure.csv,False,,train,0.4302246579615832
2014-03-07 21:06:00+00:00,44.226000000000006,realKnownCause/ec2_request_latency_system_failure.csv,False,,train,0.4326682263486753
2014-03-07 21:11:00+00:00,47.476000000000006,realKnownCause/ec2_request_latency_system_failure.csv,False,,train,0.5084843120270838
2014-03-07 21:16:00+00:00,45.164,realKnownCause/ec2_request_latency_system_failure.csv,False,,train,0.44206300889374345
2014-03-07 21:21:00+00:00,42.91,realKnownCause/ec2_request_latency_system_failure.csv,False,,train,0.4947559122801428
2014-03-07 21:26:00+00:00,46.784,realKnownCause/ec2_request_latency_system_failure.csv,False,,train,0.47946830760769243
2014-03-07 21:31:00+00:00,42.54,realKnownCause/ec2_request_latency_system_failure.csv,False,,train,0.49885607419485906
2014-03-07 21:36:00+00:00,45.404,realKnownCause/ec2_request_latency_system_failure.csv,False,,train,0.4353317131069659
2014-03-07 21:41:00+00:00,46.198,realKnownCause/ec2_request_latency_system_failure.csv,False,,train,0.4588434783746833
2014-03-07 21:46:00+00:00,46.338,realKnownCause/ec2_request_latency_system_failure.csv,False,,train,0.4610596169397069
2014-03-07 21:51:00+00:00,42.536,realKnownCause/ec2_request_latency_system_failure.csv,False,,train,0.49788798616918445
2014-03-07 21:56:00+00:00,46.5,realKnownCause/ec2_request_latency_system_failure.csv,False,,train,0.465445809650073
2014-03-07 22:01:00+00:00,45.88399999999999,realKnownCause/ec2_request_latency_system_failure.csv,False,,train,0.4448758860117325
2014-03-07 22:06:00+00:00,43.45,realKnownCause/ec2_request_latency_system_failure.csv,False,,train,0.4775826186670703
2014-03-07 22:11:00+00:00,46.252,realKnownCause/ec2_request_latency_system_failure.csv,False,,train,0.4587515148575126
2014-03-07 22:16:00+00:00,46.08,realKnownCause/ec2_request_latency_system_failure.csv,False,,train,0.45165825990729647
2014-03-07 22:21:00+00:00,42.77,realKnownCause/ec2_request_latency_system_failure.csv,False,,train,0.49439185135785796
2014-03-07 22:26:00+00:00,44.648,realKnownCause/ec2_request_latency_system_failure.csv,False,,train,0.43559593190354357
2014-03-07 22:31:00+00:00,43.36600000000001,realKnownCause/ec2_request_latency_system_failure.csv,False,,train,0.48224475012213247
2014-03-07 22:36:00+00:00,45.46,realKnownCause/ec2_request_latency_system_failure.csv,False,,train,0.4336604144994727
2014-03-07 22:41:00+00:00,44.508,realKnownCause/ec2_request_latency_system_failure.csv,False,,train,0.4305159052251081
2014-03-07 22:46:00+00:00,43.15600000000001,realKnownCause/ec2_request_latency_system_failure.csv,False,,train,0.4901669742888985
2014-03-07 22:51:00+00:00,46.432,realKnownCause/ec2_request_latency_system_failure.csv,False,,train,0.46758013287196515
2014-03-07 22:56:00+00:00,44.83600000000001,realKnownCause/ec2_request_latency_system_failure.csv,False,,train,0.4385961278336985
2014-03-07 23:01:00+00:00,44.43600000000001,realKnownCause/ec2_request_latency_system_failure.csv,False,,train,0.4302246579615832
2014-03-07 23:06:00+00:00,45.0,realKnownCause/ec2_request_latency_system_failure.csv,False,,train,0.4387651203167708
2014-03-07 23:11:00+00:00,47.664,realKnownCause/ec2_request_latency_system_failure.csv,False,,train,0.5159274365697138
2014-03-07 23:16:00+00:00,43.874,realKnownCause/ec2_request_latency_system_failure.csv,False,,train,0.44479962368119735
2014-03-07 23:21:00+00:00,45.624,realKnownCause/ec2_request_latency_system_failure.csv,False,,train,0.4300751520385335
2014-03-07 23:26:00+00:00,48.38,realKnownCause/ec2_request_latency_system_failure.csv,False,,train,0.5581653704461683
2014-03-07 23:31:00+00:00,41.738,realKnownCause/ec2_request_latency_system_failure.csv,False,,train,0.5821198711723163
2014-03-07 23:36:00+00:00,45.44600000000001,realKnownCause/ec2_request_latency_system_failure.csv,False,,train,0.43435735888937343
2014-03-07 23:41:00+00:00,46.644,realKnownCause/ec2_request_latency_system_failure.csv,False,,train,0.46878803454032014
2014-03-07 23:46:00+00:00,46.352,realKnownCause/ec2_request_latency_system_failure.csv,False,,train,0.46198318479952327
2014-03-07 23:51:00+00:00,45.142,realKnownCause/ec2_request_latency_system_failure.csv,False,,train,0.4412266877535353
2014-03-07 23:56:00+00:00,45.606,realKnownCause/ec2_request_latency_system_failure.csv,False,,train,0.43083704148333374
2014-03-08 00:01:00+00:00,46.39,realKnownCause/ec2_request_latency_system_failure.csv,False,,train,0.4654499865573623
2014-03-08 00:06:00+00:00,43.31,realKnownCause/ec2_request_latency_system_failure.csv,False,,train,0.49137514194127
2014-03-08 00:11:00+00:00,48.12,realKnownCause/ec2_request_latency_system_failure.csv,False,,train,0.5467162742657756
2014-03-08 00:16:00+00:00,44.334,realKnownCause/ec2_request_latency_system_failure.csv,False,,train,0.43163343829454504
2014-03-08 00:21:00+00:00,44.794,realKnownCause/ec2_request_latency_system_failure.csv,False,,train,0.44066268410267145
2014-03-08 00:26:00+00:00,46.76,realKnownCause/ec2_request_latency_system_failure.csv,False,,train,0.478322977961853
2014-03-08 00:31:00+00:00,45.088,realKnownCause/ec2_request_latency_system_failure.csv,False,,train,0.44101637467317073
2014-03-08 00:36:00+00:00,43.392,realKnownCause/ec2_request_latency_system_failure.csv,False,,train,0.4806730372358648
2014-03-08 00:41:00+00:00,44.882,realKnownCause/ec2_request_latency_system_failure.csv,False,,train,0.43803456895540027
2014-03-08 00:46:00+00:00,44.86,realKnownCause/ec2_request_latency_system_failure.csv,False,,train,0.4361225635230164
2014-03-08 00:51:00+00:00,45.112,realKnownCause/ec2_request_latency_system_failure.csv,False,,train,0.4390251043289831
2014-03-08 00:56:00+00:00,46.784,realKnownCause/ec2_request_latency_system_failure.csv,False,,train,0.47946830760769243
2014-03-08 01:01:00+00:00,46.996,realKnownCause/ec2_request_latency_system_failure.csv,False,,train,0.483379743152726
2014-03-08 01:06:00+00:00,44.68,realKnownCause/ec2_request_latency_system_failure.csv,False,,train,0.43675083561240896
2014-03-08 01:11:00+00:00,45.492,realKnownCause/ec2_request_latency_system_failure.csv,False,,train,0.4357790558007872
2014-03-08 01:16:00+00:00,44.578,realKnownCause/ec2_request_latency_system_failure.csv,False,,train,0.43511265435511687
2014-03-08 01:21:00+00:00,43.36,realKnownCause/ec2_request_latency_system_failure.csv,False,,train,0.48584422452099496
2014-03-08 01:26:00+00:00,45.83,realKnownCause/ec2_request_latency_system_failure.csv,False,,train,0.44350873325079565
2014-03-08 01:31:00+00:00,44.88800000000001,realKnownCause/ec2_request_latency_system_failure.csv,False,,train,0.4367124836364273
2014-03-08 01:36:00+00:00,44.4,realKnownCause/ec2_request_latency_system_failure.csv,False,,train,0.4327312938400981
2014-03-08 01:41:00+00:00,47.558,realKnownCause/ec2_request_latency_system_failure.csv,False,,train,0.5123160049581562
2014-03-08 01:46:00+00:00,45.014,realKnownCause/ec2_request_latency_system_failure.csv,False,,train,0.4389473775835826
2014-03-08 01:51:00+00:00,43.732,realKnownCause/ec2_request_latency_system_failure.csv,False,,train,0.45634123092332796
2014-03-08 01:56:00+00:00,46.854,realKnownCause/ec2_request_latency_system_failure.csv,False,,train,0.48708190033956017
2014-03-08 02:01:00+00:00,46.244,realKnownCause/ec2_request_latency_system_failure.csv,False,,train,0.4598535617070339
2014-03-08 02:06:00+00:00,42.958,realKnownCause/ec2_request_latency_system_failure.csv,False,,train,0.4959502744421218
2014-03-08 02:11:00+00:00,46.644,realKnownCause/ec2_request_latency_system_failure.csv,False,,train,0.46878803454032014
2014-03-08 02:16:00+00:00,47.548,realKnownCause/ec2_request_latency_system_failure.csv,False,,train,0.5118248995997599
2014-03-08 02:21:00+00:00,40.658,realKnownCause/ec2_request_latency_system_failure.csv,False,,train,0.6794224319222018
2014-03-08 02:26:00+00:00,44.718,realKnownCause/ec2_request_latency_system_failure.csv,False,,train,0.43889233069206235
2014-03-08 02:31:00+00:00,46.58600000000001,realKnownCause/ec2_request_latency_system_failure.csv,False,,train,0.4690437003615511
2014-03-08 02:36:00+00:00,44.12,realKnownCause/ec2_request_latency_system_failure.csv,False,,train,0.43374382187233146
2014-03-08 02:41:00+00:00,43.802,realKnownCause/ec2_request_latency_system_failure.csv,False,,train,0.4523739421433192
2014-03-08 02:46:00+00:00,45.024,realKnownCause/ec2_request_latency_system_failure.csv,False,,train,0.43868155066786335
2014-03-08 02:51:00+00:00,46.362,realKnownCause/ec2_request_latency_system_failure.csv,False,,train,0.4653235847577914
2014-03-08 02:56:00+00:00,47.464,realKnownCause/ec2_request_latency_system_failure.csv,False,,train,0.5073986379036944
2014-03-08 03:01:00+00:00,44.06800000000001,realKnownCause/ec2_request_latency_system_failure.csv,False,,train,0.43459296266799624
2014-03-08 03:06:00+00:00,44.084,realKnownCause/ec2_request_latency_system_failure.csv,False,,train,0.42889341458206837
2014-03-08 03:11:00+00:00,46.644,realKnownCause/ec2_request_latency_system_failure.csv,False,,train,0.46878803454032014
2014-03-08 03:16:00+00:00,46.298,realKnownCause/ec2_request_latency_system_failure.csv,False,,train,0.4596472893374294
2014-03-08 03:21:00+00:00,45.29,realKnownCause/ec2_request_latency_system_failure.csv,False,,train,0.44299398997478145
2014-03-08 03:26:00+00:00,44.538,realKnownCause/ec2_request_latency_system_failure.csv,False,,train,0.4339123041523589
2014-03-08 03:31:00+00:00,45.78,realKnownCause/ec2_request_latency_system_failure.csv,False,,train,0.4395559716145706
2014-03-08 03:36:00+00:00,45.932,realKnownCause/ec2_request_latency_system_failure.csv,False,,train,0.4475970999339822
2014-03-08 03:41:00+00:00,46.096,realKnownCause/ec2_request_latency_system_failure.csv,False,,train,0.45378587361712985
2014-03-08 03:46:00+00:00,44.812,realKnownCause/ec2_request_latency_system_failure.csv,False,,train,0.44126674458672105
2014-03-08 03:51:00+00:00,47.058,realKnownCause/ec2_request_latency_system_failure.csv,False,,train,0.4823854680327661
2014-03-08 03:56:00+00:00,44.79600000000001,realKnownCause/ec2_request_latency_system_failure.csv,False,,train,0.4403628158790683
2014-03-08 04:01:00+00:00,44.578,realKnownCause/ec2_request_latency_system_failure.csv,False,,train,0.43511265435511687
2014-03-08 04:06:00+00:00,47.348,realKnownCause/ec2_request_latency_system_failure.csv,False,,train,0.5038807719847228
2014-03-08 04:11:00+00:00,42.794,realKnownCause/ec2_request_latency_system_failure.csv,False,,train,0.4938662380485482
2014-03-08 04:16:00+00:00,44.648,realKnownCause/ec2_request_latency_system_failure.csv,False,,train,0.43559593190354357
2014-03-08 04:21:00+00:00,46.596,realKnownCause/ec2_request_latency_system_failure.csv,False,,train,0.46760453465437096
2014-03-08 04:26:00+00:00,43.21,realKnownCause/ec2_request_latency_system_failure.csv,False,,train,0.48868019893922554
2014-03-08 04:31:00+00:00,45.14,realKnownCause/ec2_request_latency_system_failure.csv,False,,train,0.43962903255077845
2014-03-08 04:36:00+00:00,45.094,realKnownCause/ec2_request_latency_system_failure.csv,False,,train,0.4409349441159919
2014-03-08 04:41:00+00:00,46.312,realKnownCause/ec2_request_latency_system_failure.csv,False,,train,0.46183133750389305
2014-03-08 04:46:00+00:00,42.584,realKnownCause/ec2_request_latency_system_failure.csv,False,,train,0.50217910106914
2014-03-08 04:51:00+00:00,47.394,realKnownCause/ec2_request_latency_system_failure.csv,False,,train,0.5052809960636011
2014-03-08 04:56:00+00:00,43.1,realKnownCause/ec2_request_latency_system_failure.csv,False,,train,0.4856156607867569
2014-03-08 05:01:00+00:00,44.448,realKnownCause/ec2_request_latency_system_failure.csv,False,,train,0.4302129478441618
2014-03-08 05:06:00+00:00,44.202,realKnownCause/ec2_request_latency_system_failure.csv,False,,train,0.4344588537703677
2014-03-08 05:11:00+00:00,46.784,realKnownCause/ec2_request_latency_system_failure.csv,False,,train,0.47946830760769243
2014-03-08 05:16:00+00:00,45.986,realKnownCause/ec2_request_latency_system_failure.csv,False,,train,0.4458432221090738
2014-03-08 05:21:00+00:00,44.508,realKnownCause/ec2_request_latency_system_failure.csv,False,,train,0.4305159052251081
2014-03-08 05:26:00+00:00,43.63399999999999,realKnownCause/ec2_request_latency_system_failure.csv,False,,train,0.46498381427799584
2014-03-08 05:31:00+00:00,42.974,realKnownCause/ec2_request_latency_system_failure.csv,False,,train,0.49527391387957237
2014-03-08 05:36:00+00:00,44.87,realKnownCause/ec2_request_latency_system_failure.csv,False,,train,0.43798560225603556
2014-03-08 05:41:00+00:00,45.714,realKnownCause/ec2_request_latency_system_failure.csv,False,,train,0.4322452574393111
2014-03-08 05:46:00+00:00,44.53,realKnownCause/ec2_request_latency_system_failure.csv,False,,train,0.4332412631009113
2014-03-08 05:51:00+00:00,47.392,realKnownCause/ec2_request_latency_system_failure.csv,False,,train,0.5048834521133022
2014-03-08 05:56:00+00:00,42.88800000000001,realKnownCause/ec2_request_latency_system_failure.csv,False,,train,0.490479934010925
2014-03-08 06:01:00+00:00,43.78,realKnownCause/ec2_request_latency_system_failure.csv,False,,train,0.4516881294336873
2014-03-08 06:06:00+00:00,44.39,realKnownCause/ec2_request_latency_system_failure.csv,False,,train,0.43231897172616146
2014-03-08 06:11:00+00:00,46.174,realKnownCause/ec2_request_latency_system_failure.csv,False,,train,0.45677215908364804
2014-03-08 06:16:00+00:00,45.37600000000001,realKnownCause/ec2_request_latency_system_failure.csv,False,,train,0.4355830696549549
2014-03-08 06:21:00+00:00,44.32,realKnownCause/ec2_request_latency_system_failure.csv,False,,train,0.4330044834390389
2014-03-08 06:26:00+00:00,42.512,realKnownCause/ec2_request_latency_system_failure.csv,False,,train,0.5007998689991017
2014-03-08 06:31:00+00:00,45.396,realKnownCause/ec2_request_latency_system_failure.csv,False,,train,0.43781655727053054
2014-03-08 06:36:00+00:00,44.038,realKnownCause/ec2_request_latency_system_failure.csv,False,,train,0.4417759454899964
2014-03-08 06:41:00+00:00,42.40600000000001,realKnownCause/ec2_request_latency_system_failure.csv,False,,train,0.5126670087857358
2014-03-08 06:46:00+00:00,43.92,realKnownCause/ec2_request_latency_system_failure.csv,False,,train,0.4413592152903603
2014-03-08 06:51:00+00:00,46.056,realKnownCause/ec2_request_latency_system_failure.csv,False,,train,0.45074890852569605
2014-03-08 06:56:00+00:00,44.43600000000001,realKnownCause/ec2_request_latency_system_failure.csv,False,,train,0.4302246579615832
2014-03-08 07:01:00+00:00,45.078,realKnownCause/ec2_request_latency_system_failure.csv,False,,train,0.4409190152051113
2014-03-08 07:06:00+00:00,42.87600000000001,realKnownCause/ec2_request_latency_system_failure.csv,False,,train,0.48947492029673484
2014-03-08 07:11:00+00:00,47.23,realKnownCause/ec2_request_latency_system_failure.csv,False,,train,0.49435819223417193
2014-03-08 07:16:00+00:00,46.174,realKnownCause/ec2_request_latency_system_failure.csv,False,,train,0.45677215908364804
2014-03-08 07:21:00+00:00,40.798,realKnownCause/ec2_request_latency_system_failure.csv,False,,train,0.6619019285911615
2014-03-08 07:26:00+00:00,44.1,realKnownCause/ec2_request_latency_system_failure.csv,False,,train,0.4319398042038352
2014-03-08 07:31:00+00:00,43.788,realKnownCause/ec2_request_latency_system_failure.csv,False,,train,0.45071247844873136
2014-03-08 07:36:00+00:00,44.742,realKnownCause/ec2_request_latency_system_failure.csv,False,,train,0.43773936957533155
2014-03-08 07:41:00+00:00,44.938,realKnownCause/ec2_request_latency_system_failure.csv,False,,train,0.43905886126671534
2014-03-08 07:46:00+00:00,48.36600000000001,realKnownCause/ec2_request_latency_system_failure.csv,False,,train,0.5568955815080882
2014-03-08 07:51:00+00:00,39.718,realKnownCause/ec2_request_latency_system_failure.csv,False,,train,0.7517669076191797
2014-03-08 07:56:00+00:00,45.684,realKnownCause/ec2_request_latency_system_failure.csv,False,,train,0.43068275645472237
2014-03-08 08:01:00+00:00,43.978,realKnownCause/ec2_request_latency_system_failure.csv,False,,train,0.4397110564525514
2014-03-08 08:06:00+00:00,45.094,realKnownCause/ec2_request_latency_system_failure.csv,False,,train,0.4409349441159919
2014-03-08 08:11:00+00:00,43.122,realKnownCause/ec2_request_latency_system_failure.csv,False,,train,0.48743092617376915
2014-03-08 08:16:00+00:00,45.658,realKnownCause/ec2_request_latency_system_failure.csv,False,,train,0.4284468974951732
2014-03-08 08:21:00+00:00,41.83,realKnownCause/ec2_request_latency_system_failure.csv,False,,train,0.5709076660138108
2014-03-08 08:26:00+00:00,44.83600000000001,realKnownCause/ec2_request_latency_system_failure.csv,False,,train,0.4385961278336985
2014-03-08 08:31:00+00:00,42.558,realKnownCause/ec2_request_latency_system_failure.csv,False,,train,0.5011493728194476
2014-03-08 08:36:00+00:00,44.508,realKnownCause/ec2_request_latency_system_failure.csv,False,,train,0.4305159052251081
2014-03-08 08:41:00+00:00,42.354,realKnownCause/ec2_request_latency_system_failure.csv,False,,train,0.5164045827496545
2014-03-08 08:46:00+00:00,45.36600000000001,realKnownCause/ec2_request_latency_system_failure.csv,False,,train,0.4369862719718522
2014-03-08 08:51:00+00:00,41.972,realKnownCause/ec2_request_latency_system_failure.csv,False,,train,0.5592083195564858
2014-03-08 08:56:00+00:00,45.70399999999999,realKnownCause/ec2_request_latency_system_failure.csv,False,,train,0.43355890315626966
2014-03-08 09:01:00+00:00,44.63,realKnownCause/ec2_request_latency_system_failure.csv,False,,train,0.4357655935735387
2014-03-08 09:06:00+00:00,42.042,realKnownCause/ec2_request_latency_system_failure.csv,False,,train,0.5554376713538983
2014-03-08 09:11:00+00:00,46.012,realKnownCause/ec2_request_latency_system_failure.csv,False,,train,0.444518453500395
2014-03-08 09:16:00+00:00,45.56399999999999,realKnownCause/ec2_request_latency_system_failure.csv,False,,train,0.43469855889689296
2014-03-08 09:21:00+00:00,43.56,realKnownCause/ec2_request_latency_system_failure.csv,False,,train,0.4742406536499567
2014-03-08 09:26:00+00:00,42.184,realKnownCause/ec2_request_latency_system_failure.csv,False,,train,0.5417851423332849
2014-03-08 09:31:00+00:00,43.662,realKnownCause/ec2_request_latency_system_failure.csv,False,,train,0.46067960633092153
2014-03-08 09:36:00+00:00,45.47,realKnownCause/ec2_request_latency_system_failure.csv,False,,train,0.4322810560513369
2014-03-08 09:41:00+00:00,43.334,realKnownCause/ec2_request_latency_system_failure.csv,False,,train,0.4887052790527925
2014-03-08 09:46:00+00:00,46.198,realKnownCause/ec2_request_latency_system_failure.csv,False,,train,0.4588434783746833
2014-03-08 09:51:00+00:00,40.774,realKnownCause/ec2_request_latency_system_failure.csv,False,,train,0.6648598920782415
2014-03-08 09:56:00+00:00,45.892,realKnownCause/ec2_request_latency_system_failure.csv,False,,train,0.4447062503643996
2014-03-08 10:01:00+00:00,43.63800000000001,realKnownCause/ec2_request_latency_system_failure.csv,False,,train,0.4630586081193363
2014-03-08 10:06:00+00:00,44.90600000000001,realKnownCause/ec2_request_latency_system_failure.csv,False,,train,0.434765798023881
2014-03-08 10:11:00+00:00,45.438,realKnownCause/ec2_request_latency_system_failure.csv,False,,train,0.43457243986602384
2014-03-08 10:16:00+00:00,44.276,realKnownCause/ec2_request_latency_system_failure.csv,False,,train,0.42916415122580226
2014-03-08 10:21:00+00:00,41.924,realKnownCause/ec2_request_latency_system_failure.csv,False,,train,0.5658042201001477
2014-03-08 10:26:00+00:00,43.334,realKnownCause/ec2_request_latency_system_failure.csv,False,,train,0.4887052790527925
2014-03-08 10:31:00+00:00,44.896,realKnownCause/ec2_request_latency_system_failure.csv,False,,train,0.43613607134749977
2014-03-08 10:36:00+00:00,42.752,realKnownCause/ec2_request_latency_system_failure.csv,False,,train,0.4943924286908922
2014-03-08 10:41:00+00:00,43.38,realKnownCause/ec2_request_latency_system_failure.csv,False,,train,0.4808163962407884
2014-03-08 10:46:00+00:00,46.38399999999999,realKnownCause/ec2_request_latency_system_failure.csv,False,,train,0.4647903029592666
2014-03-08 10:51:00+00:00,40.306,realKnownCause/ec2_request_latency_system_failure.csv,False,,train,0.7162639655644065
2014-03-08 10:56:00+00:00,45.774,realKnownCause/ec2_request_latency_system_failure.csv,False,,train,0.4402249188138403
2014-03-08 11:01:00+00:00,43.544,realKnownCause/ec2_request_latency_system_failure.csv,False,,train,0.4762142947683098
2014-03-08 11:06:00+00:00,43.756,realKnownCause/ec2_request_latency_system_failure.csv,False,,train,0.4544087350869944
2014-03-08 11:11:00+00:00,44.882,realKnownCause/ec2_request_latency_system_failure.csv,False,,train,0.43803456895540027
2014-03-08 11:16:00+00:00,47.158,realKnownCause/ec2_request_latency_system_failure.csv,False,,train,0.4882572510972619
2014-03-08 11:21:00+00:00,41.784,realKnownCause/ec2_request_latency_system_failure.csv,False,,train,0.5774962082736713
2014-03-08 11:26:00+00:00,42.458,realKnownCause/ec2_request_latency_system_failure.csv,False,,train,0.5099142777568225
2014-03-08 11:31:00+00:00,43.544,realKnownCause/ec2_request_latency_system_failure.csv,False,,train,0.4762142947683098
2014-03-08 11:36:00+00:00,44.272,realKnownCause/ec2_request_latency_system_failure.csv,False,,train,0.42898186007522504
2014-03-08 11:41:00+00:00,44.976000000000006,realKnownCause/ec2_request_latency_system_failure.csv,False,,train,0.4367896451771438
2014-03-08 11:46:00+00:00,44.86,realKnownCause/ec2_request_latency_system_failure.csv,False,,train,0.4361225635230164
2014-03-08 11:51:00+00:00,44.36600000000001,realKnownCause/ec2_request_latency_system_failure.csv,False,,train,0.4307109844955651
2014-03-08 11:56:00+00:00,44.018,realKnownCause/ec2_request_latency_system_failure.csv,False,,train,0.44571441230524167
2014-03-08 12:01:00+00:00,42.674,realKnownCause/ec2_request_latency_system_failure.csv,False,,train,0.49845357661094875
2014-03-08 12:06:00+00:00,45.328,realKnownCause/ec2_request_latency_system_failure.csv,False,,train,0.4378234224690767
2014-03-08 12:11:00+00:00,44.014,realKnownCause/ec2_request_latency_system_failure.csv,False,,train,0.44510842042244514
2014-03-08 12:16:00+00:00,45.70399999999999,realKnownCause/ec2_request_latency_system_failure.csv,False,,train,0.43355890315626966
2014-03-08 12:21:00+00:00,41.76,realKnownCause/ec2_request_latency_system_failure.csv,False,,train,0.5787424296678636
2014-03-08 12:26:00+00:00,43.468,realKnownCause/ec2_request_latency_system_failure.csv,False,,train,0.47689222709526047
2014-03-08 12:31:00+00:00,46.38,realKnownCause/ec2_request_latency_system_failure.csv,False,,train,0.4637137916814436
2014-03-08 12:36:00+00:00,41.278,realKnownCause/ec2_request_latency_system_failure.csv,False,,train,0.62969623587641
2014-03-08 12:41:00+00:00,44.084,realKnownCause/ec2_request_latency_system_failure.csv,False,,train,0.42889341458206837
2014-03-08 12:46:00+00:00,45.422,realKnownCause/ec2_request_latency_system_failure.csv,False,,train,0.43292748605429004
2014-03-08 12:51:00+00:00,42.136,realKnownCause/ec2_request_latency_system_failure.csv,False,,train,0.5441096962549824
2014-03-08 12:56:00+00:00,46.362,realKnownCause/ec2_request_latency_system_failure.csv,False,,train,0.4653235847577914
2014-03-08 13:01:00+00:00,44.178,realKnownCause/ec2_request_latency_system_failure.csv,False,,train,0.43593942905918953
2014-03-08 13:06:00+00:00,44.32,realKnownCause/ec2_request_latency_system_failure.csv,False,,train,0.4330044834390389
2014-03-08 13:11:00+00:00,49.238,realKnownCause/ec2_request_latency_system_failure.csv,False,,train,0.6347923380982606
2014-03-08 13:16:00+00:00,41.644,realKnownCause/ec2_request_latency_system_failure.csv,False,,train,0.5968856063881939
2014-03-08 13:21:00+00:00,44.694,realKnownCause/ec2_request_latency_system_failure.csv,False,,train,0.4375363241195134
2014-03-08 13:26:00+00:00,42.864,realKnownCause/ec2_request_latency_system_failure.csv,False,,train,0.4891762890345461
2014-03-08 13:31:00+00:00,44.108,realKnownCause/ec2_request_latency_system_failure.csv,False,,train,0.43091970562063475
2014-03-08 13:36:00+00:00,44.742,realKnownCause/ec2_request_latency_system_failure.csv,False,,train,0.43773936957533155
2014-03-08 13:41:00+00:00,45.188,realKnownCause/ec2_request_latency_system_failure.csv,False,,train,0.4423578361319057
2014-03-08 13:46:00+00:00,47.464,realKnownCause/ec2_request_latency_system_failure.csv,False,,train,0.5073986379036944
2014-03-08 13:51:00+00:00,42.344,realKnownCause/ec2_request_latency_system_failure.csv,False,,train,0.5169319612234328
2014-03-08 13:56:00+00:00,44.414,realKnownCause/ec2_request_latency_system_failure.csv,False,,train,0.4328803248190742
2014-03-08 14:01:00+00:00,44.32,realKnownCause/ec2_request_latency_system_failure.csv,False,,train,0.4330044834390389
2014-03-08 14:06:00+00:00,44.272,realKnownCause/ec2_request_latency_system_failure.csv,False,,train,0.42898186007522504
2014-03-08 14:11:00+00:00,46.528,realKnownCause/ec2_request_latency_system_failure.csv,False,,train,0.46425683725698025
2014-03-08 14:16:00+00:00,45.986,realKnownCause/ec2_request_latency_system_failure.csv,False,,train,0.4458432221090738
2014-03-08 14:21:00+00:00,42.512,realKnownCause/ec2_request_latency_system_failure.csv,False,,train,0.5007998689991017
2014-03-08 14:26:00+00:00,45.61,realKnownCause/ec2_request_latency_system_failure.csv,False,,train,0.42953429966551965
2014-03-08 14:31:00+00:00,44.44,realKnownCause/ec2_request_latency_system_failure.csv,False,,train,0.43096557352288495
2014-03-08 14:36:00+00:00,42.982,realKnownCause/ec2_request_latency_system_failure.csv,False,,train,0.4922923993982157
2014-03-08 14:41:00+00:00,44.24800000000001,realKnownCause/ec2_request_latency_system_failure.csv,False,,train,0.42945349395617555
2014-03-08 14:46:00+00:00,45.846,realKnownCause/ec2_request_latency_system_failure.csv,False,,train,0.4441259456879541
2014-03-08 14:51:00+00:00,42.356,realKnownCause/ec2_request_latency_system_failure.csv,False,,train,0.5166584817350152
2014-03-08 14:56:00+00:00,46.924,realKnownCause/ec2_request_latency_system_failure.csv,False,,train,0.4832608704944727
2014-03-08 15:01:00+00:00,45.024,realKnownCause/ec2_request_latency_system_failure.csv,False,,train,0.43868155066786335
2014-03-08 15:06:00+00:00,43.076,realKnownCause/ec2_request_latency_system_failure.csv,False,,train,0.48713469427374745
2014-03-08 15:11:00+00:00,46.408,realKnownCause/ec2_request_latency_system_failure.csv,False,,train,0.46738674557946036
2014-03-08 15:16:00+00:00,47.09,realKnownCause/ec2_request_latency_system_failure.csv,False,,train,0.48091348973647685
2014-03-08 15:21:00+00:00,41.578,realKnownCause/ec2_request_latency_system_failure.csv,False,,train,0.6026231896008181
2014-03-08 15:26:00+00:00,44.272,realKnownCause/ec2_request_latency_system_failure.csv,False,,train,0.42898186007522504
2014-03-08 15:31:00+00:00,44.46,realKnownCause/ec2_request_latency_system_failure.csv,False,,train,0.432789328447324
2014-03-08 15:36:00+00:00,45.0,realKnownCause/ec2_request_latency_system_failure.csv,False,,train,0.4387651203167708
2014-03-08 15:41:00+00:00,47.066,realKnownCause/ec2_request_latency_system_failure.csv,False,,train,0.4807503839610945
2014-03-08 15:46:00+00:00,46.522,realKnownCause/ec2_request_latency_system_failure.csv,False,,train,0.4658223938187752
2014-03-08 15:51:00+00:00,41.976000000000006,realKnownCause/ec2_request_latency_system_failure.csv,False,,train,0.5574836862231618
2014-03-08 15:56:00+00:00,46.666,realKnownCause/ec2_request_latency_system_failure.csv,False,,train,0.4713603443327956
2014-03-08 16:01:00+00:00,44.46,realKnownCause/ec2_request_latency_system_failure.csv,False,,train,0.432789328447324
2014-03-08 16:06:00+00:00,45.04600000000001,realKnownCause/ec2_request_latency_system_failure.csv,False,,train,0.4390489848674321
2014-03-08 16:11:00+00:00,45.738,realKnownCause/ec2_request_latency_system_failure.csv,False,,train,0.43613363532072363
2014-03-08 16:16:00+00:00,47.926,realKnownCause/ec2_request_latency_system_failure.csv,False,,train,0.5288861059401356
2014-03-08 16:21:00+00:00,41.526,realKnownCause/ec2_request_latency_system_failure.csv,False,,train,0.6036209813645875
2014-03-08 16:26:00+00:00,44.718,realKnownCause/ec2_request_latency_system_failure.csv,False,,train,0.43889233069206235
2014-03-08 16:31:00+00:00,45.798,realKnownCause/ec2_request_latency_system_failure.csv,False,,train,0.43867504780445893
2014-03-08 16:36:00+00:00,43.098,realKnownCause/ec2_request_latency_system_failure.csv,False,,train,0.4856156607867569
2014-03-08 16:41:00+00:00,44.894,realKnownCause/ec2_request_latency_system_failure.csv,False,,train,0.43685562734000793
2014-03-08 16:46:00+00:00,45.04600000000001,realKnownCause/ec2_request_latency_system_failure.csv,False,,train,0.4390489848674321
2014-03-08 16:51:00+00:00,45.44600000000001,realKnownCause/ec2_request_latency_system_failure.csv,False,,train,0.43435735888937343
2014-03-08 16:56:00+00:00,44.174,realKnownCause/ec2_request_latency_system_failure.csv,False,,train,0.4346661006848285
2014-03-08 17:01:00+00:00,45.164,realKnownCause/ec2_request_latency_system_failure.csv,False,,train,0.44206300889374345
2014-03-08 17:06:00+00:00,44.184,realKnownCause/ec2_request_latency_system_failure.csv,False,,train,0.4358194439663044
2014-03-08 17:11:00+00:00,46.244,realKnownCause/ec2_request_latency_system_failure.csv,False,,train,0.4598535617070339
2014-03-08 17:16:00+00:00,48.098,realKnownCause/ec2_request_latency_system_failure.csv,False,,train,0.5473100541825435
2014-03-08 17:21:00+00:00,41.88,realKnownCause/ec2_request_latency_system_failure.csv,False,,train,0.5652681249786727
2014-03-08 17:26:00+00:00,45.386,realKnownCause/ec2_request_latency_system_failure.csv,False,,train,0.43708199176644635
2014-03-08 17:31:00+00:00,43.152,realKnownCause/ec2_request_latency_system_failure.csv,False,,train,0.48906017681850295
2014-03-08 17:36:00+00:00,46.538,realKnownCause/ec2_request_latency_system_failure.csv,False,,train,0.46414557221958175
2014-03-08 17:41:00+00:00,44.226000000000006,realKnownCause/ec2_request_latency_system_failure.csv,False,,train,0.4326682263486753
2014-03-08 17:46:00+00:00,44.648,realKnownCause/ec2_request_latency_system_failure.csv,False,,train,0.43559593190354357
2014-03-08 17:51:00+00:00,46.338,realKnownCause/ec2_request_latency_system_failure.csv,False,,train,0.4610596169397069
2014-03-08 17:56:00+00:00,44.928,realKnownCause/ec2_request_latency_system_failure.csv,False,,train,0.4369557177443604
2014-03-08 18:01:00+00:00,45.018,realKnownCause/ec2_request_latency_system_failure.csv,False,,train,0.4388270199291236
2014-03-08 18:06:00+00:00,47.382,realKnownCause/ec2_request_latency_system_failure.csv,False,,train,0.5052682691074891
2014-03-08 18:11:00+00:00,44.394,realKnownCause/ec2_request_latency_system_failure.csv,False,,train,0.43202137573453286
2014-03-08 18:16:00+00:00,44.86600000000001,realKnownCause/ec2_request_latency_system_failure.csv,False,,train,0.43736346511047564
2014-03-08 18:21:00+00:00,46.136,realKnownCause/ec2_request_latency_system_failure.csv,False,,train,0.4565820469510999
2014-03-08 18:26:00+00:00,43.11600000000001,realKnownCause/ec2_request_latency_system_failure.csv,False,,train,0.48685268540886406
2014-03-08 18:31:00+00:00,44.418,realKnownCause/ec2_request_latency_system_failure.csv,False,,train,0.43268776127788955
2014-03-08 18:36:00+00:00,44.86,realKnownCause/ec2_request_latency_system_failure.csv,False,,train,0.4361225635230164
2014-03-08 18:41:00+00:00,44.22,realKnownCause/ec2_request_latency_system_failure.csv,False,,train,0.4322619075922413
2014-03-08 18:46:00+00:00,45.974,realKnownCause/ec2_request_latency_system_failure.csv,False,,train,0.44471027519741374
2014-03-08 18:51:00+00:00,46.244,realKnownCause/ec2_request_latency_system_failure.csv,False,,train,0.4598535617070339
2014-03-08 18:56:00+00:00,43.63800000000001,realKnownCause/ec2_request_latency_system_failure.csv,False,,train,0.4630586081193363
2014-03-08 19:01:00+00:00,44.578,realKnownCause/ec2_request_latency_system_failure.csv,False,,train,0.43511265435511687
2014-03-08 19:06:00+00:00,44.494,realKnownCause/ec2_request_latency_system_failure.csv,False,,train,0.43147710025665265
2014-03-08 19:11:00+00:00,46.502,realKnownCause/ec2_request_latency_system_failure.csv,False,,train,0.4652554045720079
2014-03-08 19:16:00+00:00,46.15,realKnownCause/ec2_request_latency_system_failure.csv,False,,train,0.45642973206493986
2014-03-08 19:21:00+00:00,44.53,realKnownCause/ec2_request_latency_system_failure.csv,False,,train,0.4332412631009113
2014-03-08 19:26:00+00:00,44.93,realKnownCause/ec2_request_latency_system_failure.csv,False,,train,0.4375204611438128
2014-03-08 19:31:00+00:00,43.098,realKnownCause/ec2_request_latency_system_failure.csv,False,,train,0.4856156607867569
2014-03-08 19:36:00+00:00,45.234,realKnownCause/ec2_request_latency_system_failure.csv,False,,train,0.4432502523316158
2014-03-08 19:41:00+00:00,45.962,realKnownCause/ec2_request_latency_system_failure.csv,False,,train,0.4433516007087148
2014-03-08 19:46:00+00:00,43.152,realKnownCause/ec2_request_latency_system_failure.csv,False,,train,0.48906017681850295
2014-03-08 19:51:00+00:00,46.478,realKnownCause/ec2_request_latency_system_failure.csv,False,,train,0.46707257395543583
2014-03-08 19:56:00+00:00,45.188,realKnownCause/ec2_request_latency_system_failure.csv,False,,train,0.4423578361319057
2014-03-08 20:01:00+00:00,47.19600000000001,realKnownCause/ec2_request_latency_system_failure.csv,False,,train,0.48862673201675855
2014-03-08 20:06:00+00:00,41.76600000000001,realKnownCause/ec2_request_latency_system_failure.csv,False,,train,0.5779884056708828
2014-03-08 20:11:00+00:00,46.198,realKnownCause/ec2_request_latency_system_failure.csv,False,,train,0.4588434783746833
2014-03-08 20:16:00+00:00,44.414,realKnownCause/ec2_request_latency_system_failure.csv,False,,train,0.4328803248190742
2014-03-08 20:21:00+00:00,46.83,realKnownCause/ec2_request_latency_system_failure.csv,False,,train,0.4836056400745994
2014-03-08 20:26:00+00:00,43.65,realKnownCause/ec2_request_latency_system_failure.csv,False,,train,0.4624557328167727
2014-03-08 20:31:00+00:00,43.198,realKnownCause/ec2_request_latency_system_failure.csv,False,,train,0.48899699948418335
2014-03-08 20:36:00+00:00,46.31399999999999,realKnownCause/ec2_request_latency_system_failure.csv,False,,train,0.46161088230047204
2014-03-08 20:41:00+00:00,43.87600000000001,realKnownCause/ec2_request_latency_system_failure.csv,False,,train,0.4437333687028775
2014-03-08 20:46:00+00:00,47.418,realKnownCause/ec2_request_latency_system_failure.csv,False,,train,0.5037813011203458
2014-03-08 20:51:00+00:00,41.22,realKnownCause/ec2_request_latency_system_failure.csv,False,,train,0.6319510345716394
2014-03-08 20:56:00+00:00,46.5,realKnownCause/ec2_request_latency_system_failure.csv,False,,train,0.465445809650073
2014-03-08 21:01:00+00:00,44.598,realKnownCause/ec2_request_latency_system_failure.csv,False,,train,0.435598016137025
2014-03-08 21:06:00+00:00,44.718,realKnownCause/ec2_request_latency_system_failure.csv,False,,train,0.43889233069206235
2014-03-08 21:11:00+00:00,48.592,realKnownCause/ec2_request_latency_system_failure.csv,False,,train,0.5598772365680091
2014-03-08 21:16:00+00:00,43.816,realKnownCause/ec2_request_latency_system_failure.csv,False,,train,0.45087158149523876
2014-03-08 21:21:00+00:00,42.724,realKnownCause/ec2_request_latency_system_failure.csv,False,,train,0.49438864634777396
2014-03-08 21:26:00+00:00,44.24800000000001,realKnownCause/ec2_request_latency_system_failure.csv,False,,train,0.42945349395617555
2014-03-08 21:31:00+00:00,45.328,realKnownCause/ec2_request_latency_system_failure.csv,False,,train,0.4378234224690767
2014-03-08 21:36:00+00:00,44.442,realKnownCause/ec2_request_latency_system_failure.csv,False,,train,0.43029257977270113
2014-03-08 21:41:00+00:00,45.358,realKnownCause/ec2_request_latency_system_failure.csv,False,,train,0.4373399267697353
2014-03-08 21:46:00+00:00,47.582,realKnownCause/ec2_request_latency_system_failure.csv,False,,train,0.5127517317738318
2014-03-08 21:51:00+00:00,41.556,realKnownCause/ec2_request_latency_system_failure.csv,False,,train,0.6028903254129185
2014-03-08 21:56:00+00:00,46.878,realKnownCause/ec2_request_latency_system_failure.csv,False,,train,0.4871963566080978
2014-03-08 22:01:00+00:00,44.226000000000006,realKnownCause/ec2_request_latency_system_failure.csv,False,,train,0.4326682263486753
2014-03-08 22:06:00+00:00,44.882,realKnownCause/ec2_request_latency_system_failure.csv,False,,train,0.43803456895540027
2014-03-08 22:11:00+00:00,46.878,realKnownCause/ec2_request_latency_system_failure.csv,False,,train,0.4871963566080978
2014-03-08 22:16:00+00:00,45.822,realKnownCause/ec2_request_latency_system_failure.csv,False,,train,0.4421793985670508
2014-03-08 22:21:00+00:00,44.844,realKnownCause/ec2_request_latency_system_failure.csv,False,,train,0.4383398740953239
2014-03-08 22:26:00+00:00,43.826,realKnownCause/ec2_request_latency_system_failure.csv,False,,train,0.44751141519517224
2014-03-08 22:31:00+00:00,43.004,realKnownCause/ec2_request_latency_system_failure.csv,False,,train,0.49211804533162157
2014-03-08 22:36:00+00:00,44.93,realKnownCause/ec2_request_latency_system_failure.csv,False,,train,0.4375204611438128
2014-03-08 22:41:00+00:00,44.53,realKnownCause/ec2_request_latency_system_failure.csv,False,,train,0.4332412631009113
2014-03-08 22:46:00+00:00,47.512,realKnownCause/ec2_request_latency_system_failure.csv,False,,train,0.5107853812171391
2014-03-08 22:51:00+00:00,41.414,realKnownCause/ec2_request_latency_system_failure.csv,False,,train,0.6162269850570306
2014-03-08 22:56:00+00:00,46.572,realKnownCause/ec2_request_latency_system_failure.csv,False,,train,0.46574072730541194
2014-03-08 23:01:00+00:00,46.056,realKnownCause/ec2_request_latency_system_failure.csv,False,,train,0.45074890852569605
2014-03-08 23:06:00+00:00,43.334,realKnownCause/ec2_request_latency_system_failure.csv,False,,train,0.4887052790527925
2014-03-08 23:11:00+00:00,50.14,realKnownCause/ec2_request_latency_system_failure.csv,False,,train,0.7055527001433075
2014-03-08 23:16:00+00:00,41.23,realKnownCause/ec2_request_latency_system_failure.csv,False,,train,0.6315736219257801
2014-03-08 23:21:00+00:00,44.788,realKnownCause/ec2_request_latency_system_failure.csv,False,,train,0.4385413590967417
2014-03-08 23:26:00+00:00,44.508,realKnownCause/ec2_request_latency_system_failure.csv,False,,train,0.4305159052251081
2014-03-08 23:31:00+00:00,44.90600000000001,realKnownCause/ec2_request_latency_system_failure.csv,False,,train,0.434765798023881
2014-03-08 23:36:00+00:00,45.54,realKnownCause/ec2_request_latency_system_failure.csv,False,,train,0.4341836577921198
2014-03-08 23:41:00+00:00,48.208,realKnownCause/ec2_request_latency_system_failure.csv,False,,train,0.5531639491361459
2014-03-08 23:46:00+00:00,42.418,realKnownCause/ec2_request_latency_system_failure.csv,False,,train,0.5122214480164862
2014-03-08 23:51:00+00:00,47.29,realKnownCause/ec2_request_latency_system_failure.csv,False,,train,0.5012015493542044
2014-03-08 23:56:00+00:00,44.188,realKnownCause/ec2_request_latency_system_failure.csv,False,,train,0.4349019992895638
2014-03-09 00:01:00+00:00,44.508,realKnownCause/ec2_request_latency_system_failure.csv,False,,train,0.4305159052251081
2014-03-09 00:06:00+00:00,44.672,realKnownCause/ec2_request_latency_system_failure.csv,False,,train,0.43753821283640176
2014-03-09 00:11:00+00:00,48.078,realKnownCause/ec2_request_latency_system_failure.csv,False,,train,0.5449172935844353
2014-03-09 00:16:00+00:00,43.08,realKnownCause/ec2_request_latency_system_failure.csv,False,,train,0.4857274516162483
2014-03-09 00:21:00+00:00,44.636,realKnownCause/ec2_request_latency_system_failure.csv,False,,train,0.4358587316977012
2014-03-09 00:26:00+00:00,45.43600000000001,realKnownCause/ec2_request_latency_system_failure.csv,False,,train,0.43430954636758895
2014-03-09 00:31:00+00:00,46.08,realKnownCause/ec2_request_latency_system_failure.csv,False,,train,0.45165825990729647
2014-03-09 00:36:00+00:00,43.78,realKnownCause/ec2_request_latency_system_failure.csv,False,,train,0.4516881294336873
2014-03-09 00:41:00+00:00,47.612,realKnownCause/ec2_request_latency_system_failure.csv,False,,train,0.5140747108142206
2014-03-09 00:46:00+00:00,41.478,realKnownCause/ec2_request_latency_system_failure.csv,False,,train,0.6109572017498941
2014-03-09 00:51:00+00:00,44.43600000000001,realKnownCause/ec2_request_latency_system_failure.csv,False,,train,0.4302246579615832
2014-03-09 00:56:00+00:00,46.948,realKnownCause/ec2_request_latency_system_failure.csv,False,,train,0.4832082581299229
2014-03-09 01:01:00+00:00,44.90600000000001,realKnownCause/ec2_request_latency_system_failure.csv,False,,train,0.434765798023881
2014-03-09 01:06:00+00:00,46.948,realKnownCause/ec2_request_latency_system_failure.csv,False,,train,0.4832082581299229
2014-03-09 01:11:00+00:00,45.44600000000001,realKnownCause/ec2_request_latency_system_failure.csv,False,,train,0.43435735888937343
2014-03-09 01:16:00+00:00,43.052,realKnownCause/ec2_request_latency_system_failure.csv,False,,train,0.48865106774006933
2014-03-09 01:21:00+00:00,44.46,realKnownCause/ec2_request_latency_system_failure.csv,False,,train,0.432789328447324
2014-03-09 01:26:00+00:00,44.554,realKnownCause/ec2_request_latency_system_failure.csv,False,,train,0.43327554820505476
2014-03-09 01:31:00+00:00,45.492,realKnownCause/ec2_request_latency_system_failure.csv,False,,train,0.4357790558007872
2014-03-09 01:36:00+00:00,44.648,realKnownCause/ec2_request_latency_system_failure.csv,False,,train,0.43559593190354357
2014-03-09 01:41:00+00:00,48.732,realKnownCause/ec2_request_latency_system_failure.csv,False,,train,0.5759590278885562
2014-03-09 01:46:00+00:00,41.15,realKnownCause/ec2_request_latency_system_failure.csv,False,,train,0.6338912418538852
2014-03-09 01:51:00+00:00,45.916,realKnownCause/ec2_request_latency_system_failure.csv,False,,train,0.44691469657984356
2014-03-09 01:56:00+00:00,44.038,realKnownCause/ec2_request_latency_system_failure.csv,False,,train,0.4417759454899964
2014-03-09 03:00:00+00:00,47.09,realKnownCause/ec2_request_latency_system_failure.csv,False,,train,0.48091348973647685
2014-03-09 03:01:00+00:00,45.962,realKnownCause/ec2_request_latency_system_failure.csv,False,,train,0.4433516007087148
2014-03-09 03:06:00+00:00,44.65600000000001,realKnownCause/ec2_request_latency_system_failure.csv,False,,train,0.4352655308248038
2014-03-09 03:11:00+00:00,46.422,realKnownCause/ec2_request_latency_system_failure.csv,False,,train,0.4678642916804724
2014-03-09 03:16:00+00:00,43.38,realKnownCause/ec2_request_latency_system_failure.csv,False,,train,0.4808163962407884
2014-03-09 03:21:00+00:00,47.042,realKnownCause/ec2_request_latency_system_failure.csv,False,,train,0.4826378331104159
2014-03-09 03:26:00+00:00,46.338,realKnownCause/ec2_request_latency_system_failure.csv,False,,train,0.4610596169397069
2014-03-09 03:31:00+00:00,43.17,realKnownCause/ec2_request_latency_system_failure.csv,False,,train,0.48890592751009093
2014-03-09 03:36:00+00:00,46.744,realKnownCause/ec2_request_latency_system_failure.csv,False,,train,0.480172061940621
2014-03-09 03:41:00+00:00,45.56399999999999,realKnownCause/ec2_request_latency_system_failure.csv,False,,train,0.43469855889689296
2014-03-09 03:46:00+00:00,42.77,realKnownCause/ec2_request_latency_system_failure.csv,False,,train,0.49439185135785796
2014-03-09 03:51:00+00:00,45.142,realKnownCause/ec2_request_latency_system_failure.csv,False,,train,0.4412266877535353
2014-03-09 03:56:00+00:00,46.15,realKnownCause/ec2_request_latency_system_failure.csv,False,,train,0.45642973206493986
2014-03-09 04:01:00+00:00,44.6,realKnownCause/ec2_request_latency_system_failure.csv,False,,train,0.4344664971837925
2014-03-09 04:06:00+00:00,46.362,realKnownCause/ec2_request_latency_system_failure.csv,False,,train,0.4653235847577914
2014-03-09 04:11:00+00:00,46.714,realKnownCause/ec2_request_latency_system_failure.csv,False,,train,0.47956139906059664
2014-03-09 04:16:00+00:00,43.228,realKnownCause/ec2_request_latency_system_failure.csv,False,,train,0.4902550592446184
2014-03-09 04:21:00+00:00,44.792,realKnownCause/ec2_request_latency_system_failure.csv,False,,train,0.4405434417023038
2014-03-09 04:26:00+00:00,44.508,realKnownCause/ec2_request_latency_system_failure.csv,False,,train,0.4305159052251081
2014-03-09 04:31:00+00:00,46.426,realKnownCause/ec2_request_latency_system_failure.csv,False,,train,0.46870853008067875
2014-03-09 04:36:00+00:00,44.628,realKnownCause/ec2_request_latency_system_failure.csv,False,,train,0.43598044111924633
2014-03-09 04:41:00+00:00,43.374,realKnownCause/ec2_request_latency_system_failure.csv,False,,train,0.4810966916617466
2014-03-09 04:46:00+00:00,45.892,realKnownCause/ec2_request_latency_system_failure.csv,False,,train,0.4447062503643996
2014-03-09 04:51:00+00:00,43.062,realKnownCause/ec2_request_latency_system_failure.csv,False,,train,0.4871257038072596
2014-03-09 04:56:00+00:00,46.526,realKnownCause/ec2_request_latency_system_failure.csv,False,,train,0.4649640465622216
2014-03-09 05:01:00+00:00,44.76600000000001,realKnownCause/ec2_request_latency_system_failure.csv,False,,train,0.43945652706265936
2014-03-09 05:06:00+00:00,46.202,realKnownCause/ec2_request_latency_system_failure.csv,False,,train,0.45960698220802565
2014-03-09 05:11:00+00:00,44.29600000000001,realKnownCause/ec2_request_latency_system_failure.csv,False,,train,0.43207583364438623
2014-03-09 05:16:00+00:00,44.95399999999999,realKnownCause/ec2_request_latency_system_failure.csv,False,,train,0.4378221748183924
2014-03-09 05:21:00+00:00,47.082,realKnownCause/ec2_request_latency_system_failure.csv,False,,train,0.48070355725311453
2014-03-09 05:26:00+00:00,41.878,realKnownCause/ec2_request_latency_system_failure.csv,False,,train,0.5651151646067025
2014-03-09 05:31:00+00:00,45.328,realKnownCause/ec2_request_latency_system_failure.csv,False,,train,0.4378234224690767
2014-03-09 05:36:00+00:00,47.042,realKnownCause/ec2_request_latency_system_failure.csv,False,,train,0.4826378331104159
2014-03-09 05:41:00+00:00,44.16,realKnownCause/ec2_request_latency_system_failure.csv,False,,train,0.43234101109337103
2014-03-09 05:46:00+00:00,45.986,realKnownCause/ec2_request_latency_system_failure.csv,False,,train,0.4458432221090738
2014-03-09 05:51:00+00:00,43.136,realKnownCause/ec2_request_latency_system_failure.csv,False,,train,0.49046211067775436
2014-03-09 05:56:00+00:00,46.292,realKnownCause/ec2_request_latency_system_failure.csv,False,,train,0.4588226861059204
2014-03-09 06:01:00+00:00,46.036,realKnownCause/ec2_request_latency_system_failure.csv,False,,train,0.44842683770870806
2014-03-09 06:06:00+00:00,44.612,realKnownCause/ec2_request_latency_system_failure.csv,False,,train,0.43531802057020985
2014-03-09 06:11:00+00:00,47.014,realKnownCause/ec2_request_latency_system_failure.csv,False,,train,0.48352862628443355
2014-03-09 06:16:00+00:00,42.722,realKnownCause/ec2_request_latency_system_failure.csv,False,,train,0.4938537413796032
2014-03-09 06:21:00+00:00,44.47,realKnownCause/ec2_request_latency_system_failure.csv,False,,train,0.4328191398858502
2014-03-09 06:26:00+00:00,44.774,realKnownCause/ec2_request_latency_system_failure.csv,False,,train,0.438609833832557
2014-03-09 06:31:00+00:00,45.728,realKnownCause/ec2_request_latency_system_failure.csv,False,,train,0.4327264764954421
2014-03-09 06:36:00+00:00,44.756,realKnownCause/ec2_request_latency_system_failure.csv,False,,train,0.4397095360776107
2014-03-09 06:41:00+00:00,45.258,realKnownCause/ec2_request_latency_system_failure.csv,False,,train,0.4387504927205348
2014-03-09 06:46:00+00:00,42.522,realKnownCause/ec2_request_latency_system_failure.csv,False,,train,0.4987855424271759
2014-03-09 06:51:00+00:00,45.632,realKnownCause/ec2_request_latency_system_failure.csv,False,,train,0.4292316020962313
2014-03-09 06:56:00+00:00,44.996,realKnownCause/ec2_request_latency_system_failure.csv,False,,train,0.4380400876966354
2014-03-09 07:01:00+00:00,44.484,realKnownCause/ec2_request_latency_system_failure.csv,False,,train,0.43171552761011284
2014-03-09 07:06:00+00:00,44.36600000000001,realKnownCause/ec2_request_latency_system_failure.csv,False,,train,0.4307109844955651
2014-03-09 07:11:00+00:00,49.238,realKnownCause/ec2_request_latency_system_failure.csv,False,,train,0.6347923380982606
2014-03-09 07:16:00+00:00,42.822,realKnownCause/ec2_request_latency_system_failure.csv,False,,train,0.4933620092815077
2014-03-09 07:21:00+00:00,42.88800000000001,realKnownCause/ec2_request_latency_system_failure.csv,False,,train,0.490479934010925
2014-03-09 07:26:00+00:00,44.32,realKnownCause/ec2_request_latency_system_failure.csv,False,,train,0.4330044834390389
2014-03-09 07:31:00+00:00,43.85,realKnownCause/ec2_request_latency_system_failure.csv,False,,train,0.446544517159325
2014-03-09 07:36:00+00:00,46.66,realKnownCause/ec2_request_latency_system_failure.csv,False,,train,0.46932249834330697
2014-03-09 07:41:00+00:00,44.788,realKnownCause/ec2_request_latency_system_failure.csv,False,,train,0.4385413590967417
2014-03-09 07:46:00+00:00,44.014,realKnownCause/ec2_request_latency_system_failure.csv,False,,train,0.44510842042244514
2014-03-09 07:51:00+00:00,42.53,realKnownCause/ec2_request_latency_system_failure.csv,False,,train,0.4984162973483014
2014-03-09 07:56:00+00:00,46.268,realKnownCause/ec2_request_latency_system_failure.csv,False,,train,0.45948752437721596
2014-03-09 08:01:00+00:00,43.732,realKnownCause/ec2_request_latency_system_failure.csv,False,,train,0.45634123092332796
2014-03-09 08:06:00+00:00,46.244,realKnownCause/ec2_request_latency_system_failure.csv,False,,train,0.4598535617070339
2014-03-09 08:11:00+00:00,43.428,realKnownCause/ec2_request_latency_system_failure.csv,False,,train,0.47884773095934746
2014-03-09 08:16:00+00:00,44.24800000000001,realKnownCause/ec2_request_latency_system_failure.csv,False,,train,0.42945349395617555
2014-03-09 08:21:00+00:00,46.432,realKnownCause/ec2_request_latency_system_failure.csv,False,,train,0.46758013287196515
2014-03-09 08:26:00+00:00,41.38399999999999,realKnownCause/ec2_request_latency_system_failure.csv,False,,train,0.6201408928821173
2014-03-09 08:31:00+00:00,44.002,realKnownCause/ec2_request_latency_system_failure.csv,False,,train,0.4442411192390446
2014-03-09 08:36:00+00:00,45.518,realKnownCause/ec2_request_latency_system_failure.csv,False,,train,0.43604114142056305
2014-03-09 08:41:00+00:00,42.422,realKnownCause/ec2_request_latency_system_failure.csv,False,,train,0.512407597082346
2014-03-09 08:46:00+00:00,43.968,realKnownCause/ec2_request_latency_system_failure.csv,False,,train,0.44034555114864427
2014-03-09 08:51:00+00:00,44.976000000000006,realKnownCause/ec2_request_latency_system_failure.csv,False,,train,0.4367896451771438
2014-03-09 08:56:00+00:00,44.66,realKnownCause/ec2_request_latency_system_failure.csv,False,,train,0.4361309922484374
2014-03-09 09:01:00+00:00,44.95399999999999,realKnownCause/ec2_request_latency_system_failure.csv,False,,train,0.4378221748183924
2014-03-09 09:06:00+00:00,44.648,realKnownCause/ec2_request_latency_system_failure.csv,False,,train,0.43559593190354357
2014-03-09 09:11:00+00:00,43.856,realKnownCause/ec2_request_latency_system_failure.csv,False,,train,0.4465860848413788
2014-03-09 09:16:00+00:00,44.154,realKnownCause/ec2_request_latency_system_failure.csv,False,,train,0.4329497265645287
2014-03-09 09:21:00+00:00,43.94600000000001,realKnownCause/ec2_request_latency_system_failure.csv,False,,train,0.440113551425757
2014-03-09 09:26:00+00:00,43.896,realKnownCause/ec2_request_latency_system_failure.csv,False,,train,0.4425270796620171
2014-03-09 09:31:00+00:00,43.662,realKnownCause/ec2_request_latency_system_failure.csv,False,,train,0.46067960633092153
2014-03-09 09:36:00+00:00,46.68,realKnownCause/ec2_request_latency_system_failure.csv,False,,train,0.4723692216204559
2014-03-09 09:41:00+00:00,45.822,realKnownCause/ec2_request_latency_system_failure.csv,False,,train,0.4421793985670508
2014-03-09 09:46:00+00:00,41.15,realKnownCause/ec2_request_latency_system_failure.csv,False,,train,0.6338912418538852
2014-03-09 09:51:00+00:00,43.944,realKnownCause/ec2_request_latency_system_failure.csv,False,,train,0.43927815362027345
2014-03-09 09:56:00+00:00,46.032,realKnownCause/ec2_request_latency_system_failure.csv,False,,train,0.44725438666628053
2014-03-09 10:01:00+00:00,45.234,realKnownCause/ec2_request_latency_system_failure.csv,False,,train,0.4432502523316158
2014-03-09 10:06:00+00:00,43.92,realKnownCause/ec2_request_latency_system_failure.csv,False,,train,0.4413592152903603
2014-03-09 10:11:00+00:00,43.63800000000001,realKnownCause/ec2_request_latency_system_failure.csv,False,,train,0.4630586081193363
2014-03-09 10:16:00+00:00,44.83600000000001,realKnownCause/ec2_request_latency_system_failure.csv,False,,train,0.4385961278336985
2014-03-09 10:21:00+00:00,42.31,realKnownCause/ec2_request_latency_system_failure.csv,False,,train,0.5241259573221279
2014-03-09 10:26:00+00:00,45.07,realKnownCause/ec2_request_latency_system_failure.csv,False,,train,0.4402186391474919
2014-03-09 10:31:00+00:00,42.536,realKnownCause/ec2_request_latency_system_failure.csv,False,,train,0.49788798616918445
2014-03-09 10:36:00+00:00,45.47,realKnownCause/ec2_request_latency_system_failure.csv,False,,train,0.4322810560513369
2014-03-09 10:41:00+00:00,42.136,realKnownCause/ec2_request_latency_system_failure.csv,False,,train,0.5441096962549824
2014-03-09 10:46:00+00:00,45.346,realKnownCause/ec2_request_latency_system_failure.csv,False,,train,0.43857774132163024
2014-03-09 10:51:00+00:00,43.49800000000001,realKnownCause/ec2_request_latency_system_failure.csv,False,,train,0.4769200365024189
2014-03-09 10:56:00+00:00,44.46,realKnownCause/ec2_request_latency_system_failure.csv,False,,train,0.432789328447324
2014-03-09 11:01:00+00:00,45.37600000000001,realKnownCause/ec2_request_latency_system_failure.csv,False,,train,0.4355830696549549
2014-03-09 11:06:00+00:00,42.582,realKnownCause/ec2_request_latency_system_failure.csv,False,,train,0.501275187827796
2014-03-09 11:11:00+00:00,46.972,realKnownCause/ec2_request_latency_system_failure.csv,False,,train,0.4848846193866296
2014-03-09 11:16:00+00:00,42.618,realKnownCause/ec2_request_latency_system_failure.csv,False,,train,0.5022820493719611
2014-03-09 11:21:00+00:00,44.038,realKnownCause/ec2_request_latency_system_failure.csv,False,,train,0.4417759454899964
2014-03-09 11:26:00+00:00,46.478,realKnownCause/ec2_request_latency_system_failure.csv,False,,train,0.46707257395543583
2014-03-09 11:31:00+00:00,40.586,realKnownCause/ec2_request_latency_system_failure.csv,False,,train,0.6897978653413603
2014-03-09 11:36:00+00:00,45.422,realKnownCause/ec2_request_latency_system_failure.csv,False,,train,0.43292748605429004
2014-03-09 11:41:00+00:00,43.826,realKnownCause/ec2_request_latency_system_failure.csv,False,,train,0.44751141519517224
2014-03-09 11:46:00+00:00,43.252,realKnownCause/ec2_request_latency_system_failure.csv,False,,train,0.49167168565005664
2014-03-09 11:51:00+00:00,43.826,realKnownCause/ec2_request_latency_system_failure.csv,False,,train,0.44751141519517224
2014-03-09 11:56:00+00:00,47.136,realKnownCause/ec2_request_latency_system_failure.csv,False,,train,0.4862726803053487
2014-03-09 12:01:00+00:00,44.36600000000001,realKnownCause/ec2_request_latency_system_failure.csv,False,,train,0.4307109844955651
2014-03-09 12:06:00+00:00,43.334,realKnownCause/ec2_request_latency_system_failure.csv,False,,train,0.4887052790527925
2014-03-09 12:11:00+00:00,43.944,realKnownCause/ec2_request_latency_system_failure.csv,False,,train,0.43927815362027345
2014-03-09 12:16:00+00:00,43.802,realKnownCause/ec2_request_latency_system_failure.csv,False,,train,0.4523739421433192
2014-03-09 12:21:00+00:00,43.918,realKnownCause/ec2_request_latency_system_failure.csv,False,,train,0.44083080730297286
2014-03-09 12:26:00+00:00,44.058,realKnownCause/ec2_request_latency_system_failure.csv,False,,train,0.43738105787968123
2014-03-09 12:31:00+00:00,45.51600000000001,realKnownCause/ec2_request_latency_system_failure.csv,False,,train,0.4353239014694586
2014-03-09 12:36:00+00:00,43.262,realKnownCause/ec2_request_latency_system_failure.csv,False,,train,0.4914566148976027
2014-03-09 12:41:00+00:00,44.192,realKnownCause/ec2_request_latency_system_failure.csv,False,,train,0.4359574263329995
2014-03-09 12:46:00+00:00,43.146,realKnownCause/ec2_request_latency_system_failure.csv,False,,train,0.4892474687232662
2014-03-09 12:51:00+00:00,43.508,realKnownCause/ec2_request_latency_system_failure.csv,False,,train,0.47634102326507927
2014-03-09 12:56:00+00:00,47.828,realKnownCause/ec2_request_latency_system_failure.csv,False,,train,0.5254031819678139
2014-03-09 13:01:00+00:00,42.3,realKnownCause/ec2_request_latency_system_failure.csv,False,,train,0.5255122734321858
2014-03-09 13:06:00+00:00,44.084,realKnownCause/ec2_request_latency_system_failure.csv,False,,train,0.42889341458206837
2014-03-09 13:11:00+00:00,48.0,realKnownCause/ec2_request_latency_system_failure.csv,False,,train,0.5354536421138006
2014-03-09 13:16:00+00:00,41.856,realKnownCause/ec2_request_latency_system_failure.csv,False,,train,0.5682052930410562
2014-03-09 13:21:00+00:00,43.802,realKnownCause/ec2_request_latency_system_failure.csv,False,,train,0.4523739421433192
2014-03-09 13:26:00+00:00,45.64,realKnownCause/ec2_request_latency_system_failure.csv,False,,train,0.4284987467153185
2014-03-09 13:31:00+00:00,43.472,realKnownCause/ec2_request_latency_system_failure.csv,False,,train,0.4762720289486594
2014-03-09 13:36:00+00:00,43.45399999999999,realKnownCause/ec2_request_latency_system_failure.csv,False,,train,0.47735073043749016
2014-03-09 13:41:00+00:00,45.208,realKnownCause/ec2_request_latency_system_failure.csv,False,,train,0.44295092289407506
2014-03-09 13:46:00+00:00,44.32,realKnownCause/ec2_request_latency_system_failure.csv,False,,train,0.4330044834390389
2014-03-09 13:51:00+00:00,45.0,realKnownCause/ec2_request_latency_system_failure.csv,False,,train,0.4387651203167708
2014-03-09 13:56:00+00:00,44.986,realKnownCause/ec2_request_latency_system_failure.csv,False,,train,0.43857233726224815
2014-03-09 14:01:00+00:00,46.056,realKnownCause/ec2_request_latency_system_failure.csv,False,,train,0.45074890852569605
2014-03-09 14:06:00+00:00,42.324,realKnownCause/ec2_request_latency_system_failure.csv,False,,train,0.522051256570903
2014-03-09 14:11:00+00:00,46.12600000000001,realKnownCause/ec2_request_latency_system_failure.csv,False,,train,0.4542553800399752
2014-03-09 14:16:00+00:00,44.574,realKnownCause/ec2_request_latency_system_failure.csv,False,,train,0.43446595726613196
2014-03-09 14:21:00+00:00,44.72,realKnownCause/ec2_request_latency_system_failure.csv,False,,train,0.43852760383556033
2014-03-09 14:26:00+00:00,43.90600000000001,realKnownCause/ec2_request_latency_system_failure.csv,False,,train,0.4423110519555561
2014-03-09 14:31:00+00:00,47.522,realKnownCause/ec2_request_latency_system_failure.csv,False,,train,0.5123753999199291
2014-03-09 14:36:00+00:00,41.056,realKnownCause/ec2_request_latency_system_failure.csv,False,,train,0.6443016766034293
2014-03-09 14:41:00+00:00,44.482,realKnownCause/ec2_request_latency_system_failure.csv,False,,train,0.43147480707874475
2014-03-09 14:46:00+00:00,44.014,realKnownCause/ec2_request_latency_system_failure.csv,False,,train,0.44510842042244514
2014-03-09 14:51:00+00:00,45.458,realKnownCause/ec2_request_latency_system_failure.csv,False,,train,0.43524291096851403
2014-03-09 14:56:00+00:00,45.356,realKnownCause/ec2_request_latency_system_failure.csv,False,,train,0.43738204460857716
2014-03-09 15:01:00+00:00,44.24800000000001,realKnownCause/ec2_request_latency_system_failure.csv,False,,train,0.42945349395617555
2014-03-09 15:06:00+00:00,46.338,realKnownCause/ec2_request_latency_system_failure.csv,False,,train,0.4610596169397069
2014-03-09 15:11:00+00:00,46.69,realKnownCause/ec2_request_latency_system_failure.csv,False,,train,0.4749431701798439
2014-03-09 15:16:00+00:00,42.066,realKnownCause/ec2_request_latency_system_failure.csv,False,,train,0.5534397967119136
2014-03-09 15:21:00+00:00,44.624,realKnownCause/ec2_request_latency_system_failure.csv,False,,train,0.4353718578930934
2014-03-09 15:26:00+00:00,44.32,realKnownCause/ec2_request_latency_system_failure.csv,False,,train,0.4330044834390389
2014-03-09 15:31:00+00:00,44.718,realKnownCause/ec2_request_latency_system_failure.csv,False,,train,0.43889233069206235
2014-03-09 15:36:00+00:00,47.3,realKnownCause/ec2_request_latency_system_failure.csv,False,,train,0.5042491239842049
2014-03-09 15:41:00+00:00,44.93,realKnownCause/ec2_request_latency_system_failure.csv,False,,train,0.4375204611438128
2014-03-09 15:46:00+00:00,44.46,realKnownCause/ec2_request_latency_system_failure.csv,False,,train,0.432789328447324
2014-03-09 15:51:00+00:00,43.192,realKnownCause/ec2_request_latency_system_failure.csv,False,,train,0.48853471810073257
2014-03-09 15:56:00+00:00,47.864,realKnownCause/ec2_request_latency_system_failure.csv,False,,train,0.5286815817240562
2014-03-09 16:01:00+00:00,43.262,realKnownCause/ec2_request_latency_system_failure.csv,False,,train,0.4914566148976027
2014-03-09 16:06:00+00:00,44.578,realKnownCause/ec2_request_latency_system_failure.csv,False,,train,0.43511265435511687
2014-03-09 16:11:00+00:00,48.38,realKnownCause/ec2_request_latency_system_failure.csv,False,,train,0.5581653704461683
2014-03-09 16:16:00+00:00,42.864,realKnownCause/ec2_request_latency_system_failure.csv,False,,train,0.4891762890345461
2014-03-09 16:21:00+00:00,45.928,realKnownCause/ec2_request_latency_system_failure.csv,False,,train,0.44755821451678085
2014-03-09 16:26:00+00:00,43.334,realKnownCause/ec2_request_latency_system_failure.csv,False,,train,0.4887052790527925
2014-03-09 16:31:00+00:00,46.22,realKnownCause/ec2_request_latency_system_failure.csv,False,,train,0.4590455122975732
2014-03-09 16:36:00+00:00,42.958,realKnownCause/ec2_request_latency_system_failure.csv,False,,train,0.4959502744421218
2014-03-09 16:41:00+00:00,46.426,realKnownCause/ec2_request_latency_system_failure.csv,False,,train,0.46870853008067875
2014-03-09 16:46:00+00:00,43.076,realKnownCause/ec2_request_latency_system_failure.csv,False,,train,0.48713469427374745
2014-03-09 16:51:00+00:00,45.074,realKnownCause/ec2_request_latency_system_failure.csv,False,,train,0.44037152246640876
2014-03-09 16:56:00+00:00,48.24,realKnownCause/ec2_request_latency_system_failure.csv,False,,train,0.5598692784466572
2014-03-09 17:01:00+00:00,44.132,realKnownCause/ec2_request_latency_system_failure.csv,False,,train,0.43270158773742423
2014-03-09 17:06:00+00:00,44.202,realKnownCause/ec2_request_latency_system_failure.csv,False,,train,0.4344588537703677
2014-03-09 17:11:00+00:00,47.86,realKnownCause/ec2_request_latency_system_failure.csv,False,,train,0.5278238014117003
2014-03-09 17:16:00+00:00,44.63399999999999,realKnownCause/ec2_request_latency_system_failure.csv,False,,train,0.43507707068481666
2014-03-09 17:21:00+00:00,43.262,realKnownCause/ec2_request_latency_system_failure.csv,False,,train,0.4914566148976027
2014-03-09 17:26:00+00:00,44.718,realKnownCause/ec2_request_latency_system_failure.csv,False,,train,0.43889233069206235
2014-03-09 17:31:00+00:00,46.174,realKnownCause/ec2_request_latency_system_failure.csv,False,,train,0.45677215908364804
2014-03-09 17:36:00+00:00,45.352,realKnownCause/ec2_request_latency_system_failure.csv,False,,train,0.43800546334561696
2014-03-09 17:41:00+00:00,49.024,realKnownCause/ec2_request_latency_system_failure.csv,False,,train,0.6109825072446525
2014-03-09 17:46:00+00:00,41.996,realKnownCause/ec2_request_latency_system_failure.csv,False,,train,0.5560199857537752
2014-03-09 17:51:00+00:00,45.282,realKnownCause/ec2_request_latency_system_failure.csv,False,,train,0.4412570462060989
2014-03-09 17:56:00+00:00,47.042,realKnownCause/ec2_request_latency_system_failure.csv,False,,train,0.4826378331104159
2014-03-09 18:01:00+00:00,45.54,realKnownCause/ec2_request_latency_system_failure.csv,False,,train,0.4341836577921198
2014-03-09 18:06:00+00:00,47.23,realKnownCause/ec2_request_latency_system_failure.csv,False,,train,0.49435819223417193
2014-03-09 18:11:00+00:00,44.812,realKnownCause/ec2_request_latency_system_failure.csv,False,,train,0.44126674458672105
2014-03-09 18:16:00+00:00,46.666,realKnownCause/ec2_request_latency_system_failure.csv,False,,train,0.4713603443327956
2014-03-09 18:21:00+00:00,43.098,realKnownCause/ec2_request_latency_system_failure.csv,False,,train,0.4856156607867569
2014-03-09 18:26:00+00:00,45.94,realKnownCause/ec2_request_latency_system_failure.csv,False,,train,0.44539351556868034
2014-03-09 18:31:00+00:00,43.85,realKnownCause/ec2_request_latency_system_failure.csv,False,,train,0.446544517159325
2014-03-09 18:36:00+00:00,44.578,realKnownCause/ec2_request_latency_system_failure.csv,False,,train,0.43511265435511687
2014-03-09 18:41:00+00:00,46.174,realKnownCause/ec2_request_latency_system_failure.csv,False,,train,0.45677215908364804
2014-03-09 18:46:00+00:00,45.294,realKnownCause/ec2_request_latency_system_failure.csv,False,,train,0.4406529036224938
2014-03-09 18:51:00+00:00,43.61600000000001,realKnownCause/ec2_request_latency_system_failure.csv,False,,train,0.47498247213431605
2014-03-09 18:56:00+00:00,45.752,realKnownCause/ec2_request_latency_system_failure.csv,False,,train,0.4358459349532149
2014-03-09 19:01:00+00:00,44.976000000000006,realKnownCause/ec2_request_latency_system_failure.csv,False,,train,0.4367896451771438
2014-03-09 19:06:00+00:00,44.94,realKnownCause/ec2_request_latency_system_failure.csv,False,,train,0.4389176275646369
2014-03-09 19:11:00+00:00,50.07,realKnownCause/ec2_request_latency_system_failure.csv,False,,train,0.6992064469230173
2014-03-09 19:16:00+00:00,45.966,realKnownCause/ec2_request_latency_system_failure.csv,False,,train,0.4428525935858588
2014-03-09 19:21:00+00:00,42.418,realKnownCause/ec2_request_latency_system_failure.csv,False,,train,0.5122214480164862
2014-03-09 19:26:00+00:00,44.484,realKnownCause/ec2_request_latency_system_failure.csv,False,,train,0.43171552761011284
2014-03-09 19:31:00+00:00,44.90600000000001,realKnownCause/ec2_request_latency_system_failure.csv,False,,train,0.434765798023881
2014-03-09 19:36:00+00:00,49.014,realKnownCause/ec2_request_latency_system_failure.csv,False,,train,0.6109825072446525
2014-03-09 19:41:00+00:00,42.78,realKnownCause/ec2_request_latency_system_failure.csv,False,,train,0.4949152795737205
2014-03-09 19:46:00+00:00,44.658,realKnownCause/ec2_request_latency_system_failure.csv,False,,train,0.4356435188758413
2014-03-09 19:51:00+00:00,44.752,realKnownCause/ec2_request_latency_system_failure.csv,False,,train,0.43950732357285105
2014-03-09 19:56:00+00:00,47.606,realKnownCause/ec2_request_latency_system_failure.csv,False,,train,0.5138263562572192
2014-03-09 20:01:00+00:00,43.646,realKnownCause/ec2_request_latency_system_failure.csv,False,,train,0.4622054875717652
2014-03-09 20:06:00+00:00,48.042,realKnownCause/ec2_request_latency_system_failure.csv,False,,train,0.5424921269736336
2014-03-09 20:11:00+00:00,43.23,realKnownCause/ec2_request_latency_system_failure.csv,False,,train,0.49085927761340303
2014-03-09 20:16:00+00:00,44.812,realKnownCause/ec2_request_latency_system_failure.csv,False,,train,0.44126674458672105
2014-03-09 20:21:00+00:00,45.752,realKnownCause/ec2_request_latency_system_failure.csv,False,,train,0.4358459349532149
2014-03-09 20:26:00+00:00,43.254,realKnownCause/ec2_request_latency_system_failure.csv,False,,train,0.4920434197885981
2014-03-09 20:31:00+00:00,44.982,realKnownCause/ec2_request_latency_system_failure.csv,False,,train,0.4385027927631591
2014-03-09 20:36:00+00:00,45.944,realKnownCause/ec2_request_latency_system_failure.csv,False,,train,0.44455531516532104
2014-03-09 20:41:00+00:00,45.104,realKnownCause/ec2_request_latency_system_failure.csv,False,,train,0.43830949669097996
2014-03-09 20:46:00+00:00,43.45,realKnownCause/ec2_request_latency_system_failure.csv,False,,train,0.4775826186670703
2014-03-09 20:51:00+00:00,44.484,realKnownCause/ec2_request_latency_system_failure.csv,False,,train,0.43171552761011284
2014-03-09 20:56:00+00:00,47.958,realKnownCause/ec2_request_latency_system_failure.csv,False,,train,0.5290553100792798
2014-03-09 21:01:00+00:00,43.216,realKnownCause/ec2_request_latency_system_failure.csv,False,,train,0.48864173836156893
2014-03-09 21:06:00+00:00,46.488,realKnownCause/ec2_request_latency_system_failure.csv,False,,train,0.4667979303671345
2014-03-09 21:11:00+00:00,46.83,realKnownCause/ec2_request_latency_system_failure.csv,False,,train,0.4836056400745994
2014-03-09 21:16:00+00:00,44.36600000000001,realKnownCause/ec2_request_latency_system_failure.csv,False,,train,0.4307109844955651
2014-03-09 21:21:00+00:00,43.122,realKnownCause/ec2_request_latency_system_failure.csv,False,,train,0.48743092617376915
2014-03-09 21:26:00+00:00,44.398,realKnownCause/ec2_request_latency_system_failure.csv,False,,train,0.43285054915168186
2014-03-09 21:31:00+00:00,45.358,realKnownCause/ec2_request_latency_system_failure.csv,False,,train,0.4373399267697353
2014-03-09 21:36:00+00:00,45.66,realKnownCause/ec2_request_latency_system_failure.csv,False,,train,0.42796235709692226
2014-03-09 21:41:00+00:00,47.652,realKnownCause/ec2_request_latency_system_failure.csv,False,,train,0.5167537667607183
2014-03-09 21:46:00+00:00,43.45,realKnownCause/ec2_request_latency_system_failure.csv,False,,train,0.4775826186670703
2014-03-09 21:51:00+00:00,46.76,realKnownCause/ec2_request_latency_system_failure.csv,False,,train,0.478322977961853
2014-03-09 21:56:00+00:00,44.672,realKnownCause/ec2_request_latency_system_failure.csv,False,,train,0.43753821283640176
2014-03-09 22:01:00+00:00,44.558,realKnownCause/ec2_request_latency_system_failure.csv,False,,train,0.433182653174658
2014-03-09 22:06:00+00:00,44.53,realKnownCause/ec2_request_latency_system_failure.csv,False,,train,0.4332412631009113
2014-03-09 22:11:00+00:00,48.428,realKnownCause/ec2_request_latency_system_failure.csv,False,,train,0.5568782757638963
2014-03-09 22:16:00+00:00,42.88800000000001,realKnownCause/ec2_request_latency_system_failure.csv,False,,train,0.490479934010925
2014-03-09 22:21:00+00:00,44.83600000000001,realKnownCause/ec2_request_latency_system_failure.csv,False,,train,0.4385961278336985
2014-03-09 22:26:00+00:00,46.056,realKnownCause/ec2_request_latency_system_failure.csv,False,,train,0.45074890852569605
2014-03-09 22:31:00+00:00,45.258,realKnownCause/ec2_request_latency_system_failure.csv,False,,train,0.4387504927205348
2014-03-09 22:36:00+00:00,43.262,realKnownCause/ec2_request_latency_system_failure.csv,False,,train,0.4914566148976027
2014-03-09 22:41:00+00:00,45.472,realKnownCause/ec2_request_latency_system_failure.csv,False,,train,0.43189278482229115
2014-03-09 22:46:00+00:00,46.714,realKnownCause/ec2_request_latency_system_failure.csv,False,,train,0.47956139906059664
2014-03-09 22:51:00+00:00,42.864,realKnownCause/ec2_request_latency_system_failure.csv,False,,train,0.4891762890345461
2014-03-09 22:56:00+00:00,47.348,realKnownCause/ec2_request_latency_system_failure.csv,False,,train,0.5038807719847228
2014-03-09 23:01:00+00:00,45.40600000000001,realKnownCause/ec2_request_latency_system_failure.csv,False,,train,0.43396265836178355
2014-03-09 23:06:00+00:00,47.298,realKnownCause/ec2_request_latency_system_failure.csv,False,,train,0.5044058596672454
2014-03-09 23:11:00+00:00,46.244,realKnownCause/ec2_request_latency_system_failure.csv,False,,train,0.4598535617070339
2014-03-09 23:16:00+00:00,48.56800000000001,realKnownCause/ec2_request_latency_system_failure.csv,False,,train,0.5600608267501527
2014-03-09 23:21:00+00:00,42.324,realKnownCause/ec2_request_latency_system_failure.csv,False,,train,0.522051256570903
2014-03-09 23:26:00+00:00,46.728,realKnownCause/ec2_request_latency_system_failure.csv,False,,train,0.4793910104479553
2014-03-09 23:31:00+00:00,44.11,realKnownCause/ec2_request_latency_system_failure.csv,False,,train,0.43128095994664645
2014-03-09 23:36:00+00:00,46.238,realKnownCause/ec2_request_latency_system_failure.csv,False,,train,0.45872192926858213
2014-03-09 23:41:00+00:00,47.16,realKnownCause/ec2_request_latency_system_failure.csv,False,,train,0.4882846565410343
2014-03-09 23:46:00+00:00,46.254,realKnownCause/ec2_request_latency_system_failure.csv,False,,train,0.459304003098826
2014-03-09 23:51:00+00:00,46.08,realKnownCause/ec2_request_latency_system_failure.csv,False,,train,0.45165825990729647
2014-03-09 23:56:00+00:00,45.37600000000001,realKnownCause/ec2_request_latency_system_failure.csv,False,,train,0.4355830696549549
2014-03-10 00:01:00+00:00,45.68,realKnownCause/ec2_request_latency_system_failure.csv,False,,train,0.4300850533320183
2014-03-10 00:06:00+00:00,47.06,realKnownCause/ec2_request_latency_system_failure.csv,False,,train,0.4817901185115407
2014-03-10 00:11:00+00:00,46.306,realKnownCause/ec2_request_latency_system_failure.csv,False,,train,0.4593343003464573
2014-03-10 00:16:00+00:00,44.202,realKnownCause/ec2_request_latency_system_failure.csv,False,,train,0.4344588537703677
2014-03-10 00:21:00+00:00,48.61600000000001,realKnownCause/ec2_request_latency_system_failure.csv,False,,train,0.5602340239994965
2014-03-10 00:26:00+00:00,41.978,realKnownCause/ec2_request_latency_system_failure.csv,False,,train,0.5578168245711493
2014-03-10 00:31:00+00:00,45.51600000000001,realKnownCause/ec2_request_latency_system_failure.csv,False,,train,0.4353239014694586
2014-03-10 00:36:00+00:00,45.338,realKnownCause/ec2_request_latency_system_failure.csv,False,,train,0.4389665241394834
2014-03-10 00:41:00+00:00,44.99800000000001,realKnownCause/ec2_request_latency_system_failure.csv,False,,train,0.43814112242015685
2014-03-10 00:46:00+00:00,45.658,realKnownCause/ec2_request_latency_system_failure.csv,False,,train,0.4284468974951732
2014-03-10 00:51:00+00:00,46.944,realKnownCause/ec2_request_latency_system_failure.csv,False,,train,0.4829922712465649
2014-03-10 00:56:00+00:00,45.782,realKnownCause/ec2_request_latency_system_failure.csv,False,,train,0.43844868054232095
2014-03-10 01:01:00+00:00,45.70399999999999,realKnownCause/ec2_request_latency_system_failure.csv,False,,train,0.43355890315626966
2014-03-10 01:06:00+00:00,50.90600000000001,realKnownCause/ec2_request_latency_system_failure.csv,False,,train,0.7578341855394599
2014-03-10 01:11:00+00:00,46.822,realKnownCause/ec2_request_latency_system_failure.csv,False,,train,0.4832439872334072
2014-03-10 01:16:00+00:00,45.892,realKnownCause/ec2_request_latency_system_failure.csv,False,,train,0.4447062503643996
2014-03-10 01:21:00+00:00,47.184,realKnownCause/ec2_request_latency_system_failure.csv,False,,train,0.48661188451073195
2014-03-10 01:26:00+00:00,43.592,realKnownCause/ec2_request_latency_system_failure.csv,False,,train,0.4715575983778264
2014-03-10 01:31:00+00:00,45.61,realKnownCause/ec2_request_latency_system_failure.csv,False,,train,0.42953429966551965
2014-03-10 01:36:00+00:00,51.198,realKnownCause/ec2_request_latency_system_failure.csv,False,,train,0.7683666053387262
2014-03-10 01:41:00+00:00,44.694,realKnownCause/ec2_request_latency_system_failure.csv,False,,train,0.4375363241195134
2014-03-10 01:46:00+00:00,47.582,realKnownCause/ec2_request_latency_system_failure.csv,False,,train,0.5127517317738318
2014-03-10 01:51:00+00:00,47.254,realKnownCause/ec2_request_latency_system_failure.csv,False,,train,0.49823949767895737
2014-03-10 01:56:00+00:00,45.846,realKnownCause/ec2_request_latency_system_failure.csv,False,,train,0.4441259456879541
2014-03-10 02:01:00+00:00,45.892,realKnownCause/ec2_request_latency_system_failure.csv,False,,train,0.4447062503643996
2014-03-10 02:06:00+00:00,45.22,realKnownCause/ec2_request_latency_system_failure.csv,False,,train,0.4421770147692111
2014-03-10 02:11:00+00:00,48.756,realKnownCause/ec2_request_latency_system_failure.csv,False,,train,0.5783506581011085
2014-03-10 02:16:00+00:00,44.648,realKnownCause/ec2_request_latency_system_failure.csv,False,,train,0.43559593190354357
2014-03-10 02:21:00+00:00,47.348,realKnownCause/ec2_request_latency_system_failure.csv,False,,train,0.5038807719847228
2014-03-10 02:26:00+00:00,45.61,realKnownCause/ec2_request_latency_system_failure.csv,False,,train,0.42953429966551965
2014-03-10 02:31:00+00:00,42.982,realKnownCause/ec2_request_latency_system_failure.csv,False,,train,0.4922923993982157
2014-03-10 02:36:00+00:00,45.78,realKnownCause/ec2_request_latency_system_failure.csv,False,,train,0.4395559716145706
2014-03-10 02:41:00+00:00,46.194,realKnownCause/ec2_request_latency_system_failure.csv,False,,train,0.45656014616486984
2014-03-10 02:46:00+00:00,48.428,realKnownCause/ec2_request_latency_system_failure.csv,False,,train,0.5568782757638963
2014-03-10 02:51:00+00:00,42.38399999999999,realKnownCause/ec2_request_latency_system_failure.csv,False,,train,0.5145207105278524
2014-03-10 02:56:00+00:00,46.286,realKnownCause/ec2_request_latency_system_failure.csv,False,,train,0.45985787888542323
2014-03-10 03:01:00+00:00,45.728,realKnownCause/ec2_request_latency_system_failure.csv,False,,train,0.4327264764954421
2014-03-10 03:06:00+00:00,44.29600000000001,realKnownCause/ec2_request_latency_system_failure.csv,False,,train,0.43207583364438623
2014-03-10 03:11:00+00:00,49.93,realKnownCause/ec2_request_latency_system_failure.csv,False,,train,0.6883058315179822
2014-03-10 03:16:00+00:00,43.904,realKnownCause/ec2_request_latency_system_failure.csv,False,,train,0.4418182885095743
2014-03-10 03:21:00+00:00,47.574,realKnownCause/ec2_request_latency_system_failure.csv,False,,train,0.5120527727030533
2014-03-10 03:26:00+00:00,44.488,realKnownCause/ec2_request_latency_system_failure.csv,False,,train,0.4313285831554465
2014-03-10 03:31:00+00:00,45.4,realKnownCause/ec2_request_latency_system_failure.csv,False,,train,0.4368239752453172
2014-03-10 03:36:00+00:00,46.456,realKnownCause/ec2_request_latency_system_failure.csv,False,,train,0.4681893233002742
2014-03-10 03:41:00+00:00,47.794,realKnownCause/ec2_request_latency_system_failure.csv,False,,train,0.5244239534876639
2014-03-10 03:46:00+00:00,45.986,realKnownCause/ec2_request_latency_system_failure.csv,False,,train,0.4458432221090738
2014-03-10 03:51:00+00:00,44.93,realKnownCause/ec2_request_latency_system_failure.csv,False,,train,0.4375204611438128
2014-03-10 03:56:00+00:00,45.74800000000001,realKnownCause/ec2_request_latency_system_failure.csv,False,,train,0.4380762388947827
2014-03-10 04:01:00+00:00,46.292,realKnownCause/ec2_request_latency_system_failure.csv,False,,train,0.4588226861059204
2014-03-10 04:06:00+00:00,44.154,realKnownCause/ec2_request_latency_system_failure.csv,False,,train,0.4329497265645287
2014-03-10 04:11:00+00:00,48.61600000000001,realKnownCause/ec2_request_latency_system_failure.csv,False,,train,0.5602340239994965
2014-03-10 04:16:00+00:00,43.414,realKnownCause/ec2_request_latency_system_failure.csv,False,,train,0.47891796236669393
2014-03-10 04:21:00+00:00,44.062,realKnownCause/ec2_request_latency_system_failure.csv,False,,train,0.43565402162523054
2014-03-10 04:26:00+00:00,45.194,realKnownCause/ec2_request_latency_system_failure.csv,False,,train,0.4434634004152167
2014-03-10 04:31:00+00:00,45.03,realKnownCause/ec2_request_latency_system_failure.csv,False,,train,0.4390387690685278
2014-03-10 04:36:00+00:00,46.82,realKnownCause/ec2_request_latency_system_failure.csv,False,,train,0.4823477324149655
2014-03-10 04:41:00+00:00,45.324,realKnownCause/ec2_request_latency_system_failure.csv,False,,train,0.43839548092095404
2014-03-10 04:46:00+00:00,45.61,realKnownCause/ec2_request_latency_system_failure.csv,False,,train,0.42953429966551965
2014-03-10 04:51:00+00:00,42.09,realKnownCause/ec2_request_latency_system_failure.csv,False,,train,0.551644226093612
2014-03-10 04:56:00+00:00,46.83,realKnownCause/ec2_request_latency_system_failure.csv,False,,train,0.4836056400745994
2014-03-10 05:01:00+00:00,45.4,realKnownCause/ec2_request_latency_system_failure.csv,False,,train,0.4368239752453172
2014-03-10 05:06:00+00:00,44.76600000000001,realKnownCause/ec2_request_latency_system_failure.csv,False,,train,0.43945652706265936
2014-03-10 05:11:00+00:00,48.83600000000001,realKnownCause/ec2_request_latency_system_failure.csv,False,,train,0.5934953487045883
2014-03-10 05:16:00+00:00,44.86,realKnownCause/ec2_request_latency_system_failure.csv,False,,train,0.4361225635230164
2014-03-10 05:21:00+00:00,43.99,realKnownCause/ec2_request_latency_system_failure.csv,False,,train,0.44253654620735267
2014-03-10 05:26:00+00:00,45.12600000000001,realKnownCause/ec2_request_latency_system_failure.csv,False,,train,0.4398410444991569
2014-03-10 05:31:00+00:00,46.526,realKnownCause/ec2_request_latency_system_failure.csv,False,,train,0.4649640465622216
2014-03-10 05:36:00+00:00,44.14,realKnownCause/ec2_request_latency_system_failure.csv,False,,train,0.43513778847410994
2014-03-10 05:41:00+00:00,48.188,realKnownCause/ec2_request_latency_system_failure.csv,False,,train,0.5490470377121768
2014-03-10 05:46:00+00:00,42.644,realKnownCause/ec2_request_latency_system_failure.csv,False,,train,0.5012866192010175
2014-03-10 05:51:00+00:00,45.962,realKnownCause/ec2_request_latency_system_failure.csv,False,,train,0.4433516007087148
2014-03-10 05:56:00+00:00,45.442,realKnownCause/ec2_request_latency_system_failure.csv,False,,train,0.4351776647917308
2014-03-10 06:01:00+00:00,44.672,realKnownCause/ec2_request_latency_system_failure.csv,False,,train,0.43753821283640176
2014-03-10 06:06:00+00:00,44.612,realKnownCause/ec2_request_latency_system_failure.csv,False,,train,0.43531802057020985
2014-03-10 06:11:00+00:00,48.61,realKnownCause/ec2_request_latency_system_failure.csv,False,,train,0.5600642932544195
2014-03-10 06:16:00+00:00,44.306,realKnownCause/ec2_request_latency_system_failure.csv,False,,train,0.43296321175237296
2014-03-10 06:21:00+00:00,43.848,realKnownCause/ec2_request_latency_system_failure.csv,False,,train,0.44727346230420223
2014-03-10 06:26:00+00:00,46.414,realKnownCause/ec2_request_latency_system_failure.csv,False,,train,0.46731123697057236
2014-03-10 06:31:00+00:00,43.31,realKnownCause/ec2_request_latency_system_failure.csv,False,,train,0.49137514194127
2014-03-10 06:36:00+00:00,44.83600000000001,realKnownCause/ec2_request_latency_system_failure.csv,False,,train,0.4385961278336985
2014-03-10 06:41:00+00:00,46.74,realKnownCause/ec2_request_latency_system_failure.csv,False,,train,0.48016235133430296
2014-03-10 06:46:00+00:00,42.858,realKnownCause/ec2_request_latency_system_failure.csv,False,,train,0.4901411722824005
2014-03-10 06:51:00+00:00,44.29600000000001,realKnownCause/ec2_request_latency_system_failure.csv,False,,train,0.43207583364438623
2014-03-10 06:56:00+00:00,46.146,realKnownCause/ec2_request_latency_system_failure.csv,False,,train,0.45626407567641664
2014-03-10 07:01:00+00:00,45.938,realKnownCause/ec2_request_latency_system_failure.csv,False,,train,0.4466448001926465
2014-03-10 07:06:00+00:00,45.70399999999999,realKnownCause/ec2_request_latency_system_failure.csv,False,,train,0.43355890315626966
2014-03-10 07:11:00+00:00,45.306,realKnownCause/ec2_request_latency_system_failure.csv,False,,train,0.44162471934564274
2014-03-10 07:16:00+00:00,42.816,realKnownCause/ec2_request_latency_system_failure.csv,False,,train,0.4932463258701573
2014-03-10 07:21:00+00:00,44.062,realKnownCause/ec2_request_latency_system_failure.csv,False,,train,0.43565402162523054
2014-03-10 07:26:00+00:00,44.554,realKnownCause/ec2_request_latency_system_failure.csv,False,,train,0.43327554820505476
2014-03-10 07:31:00+00:00,43.372,realKnownCause/ec2_request_latency_system_failure.csv,False,,train,0.4810966916617466
2014-03-10 07:36:00+00:00,48.61600000000001,realKnownCause/ec2_request_latency_system_failure.csv,False,,train,0.5602340239994965
2014-03-10 07:41:00+00:00,42.488,realKnownCause/ec2_request_latency_system_failure.csv,False,,train,0.5049567920220626
2014-03-10 07:46:00+00:00,44.272,realKnownCause/ec2_request_latency_system_failure.csv,False,,train,0.42898186007522504
2014-03-10 07:51:00+00:00,44.29600000000001,realKnownCause/ec2_request_latency_system_failure.csv,False,,train,0.43207583364438623
2014-03-10 07:56:00+00:00,46.338,realKnownCause/ec2_request_latency_system_failure.csv,False,,train,0.4610596169397069
2014-03-10 08:01:00+00:00,45.846,realKnownCause/ec2_request_latency_system_failure.csv,False,,train,0.4441259456879541
2014-03-10 08:06:00+00:00,42.652,realKnownCause/ec2_request_latency_system_failure.csv,False,,train,0.5001480593083064
2014-03-10 08:11:00+00:00,47.254,realKnownCause/ec2_request_latency_system_failure.csv,False,,train,0.49823949767895737
2014-03-10 08:16:00+00:00,42.84,realKnownCause/ec2_request_latency_system_failure.csv,False,,train,0.49186432228451094
2014-03-10 08:21:00+00:00,44.43600000000001,realKnownCause/ec2_request_latency_system_failure.csv,False,,train,0.4302246579615832
2014-03-10 08:26:00+00:00,44.108,realKnownCause/ec2_request_latency_system_failure.csv,False,,train,0.43091970562063475
2014-03-10 08:31:00+00:00,44.236,realKnownCause/ec2_request_latency_system_failure.csv,False,,train,0.42988883075995904
2014-03-10 08:36:00+00:00,46.268,realKnownCause/ec2_request_latency_system_failure.csv,False,,train,0.45948752437721596
2014-03-10 08:41:00+00:00,44.39,realKnownCause/ec2_request_latency_system_failure.csv,False,,train,0.43231897172616146
2014-03-10 08:46:00+00:00,41.812,realKnownCause/ec2_request_latency_system_failure.csv,False,,train,0.5721852889522401
2014-03-10 08:51:00+00:00,45.422,realKnownCause/ec2_request_latency_system_failure.csv,False,,train,0.43292748605429004
2014-03-10 08:56:00+00:00,44.788,realKnownCause/ec2_request_latency_system_failure.csv,False,,train,0.4385413590967417
2014-03-10 09:01:00+00:00,45.938,realKnownCause/ec2_request_latency_system_failure.csv,False,,train,0.4466448001926465
2014-03-10 09:06:00+00:00,42.512,realKnownCause/ec2_request_latency_system_failure.csv,False,,train,0.5007998689991017
2014-03-10 09:11:00+00:00,45.986,realKnownCause/ec2_request_latency_system_failure.csv,False,,train,0.4458432221090738
2014-03-10 09:16:00+00:00,44.232,realKnownCause/ec2_request_latency_system_failure.csv,False,,train,0.4323050805580331
2014-03-10 09:21:00+00:00,44.414,realKnownCause/ec2_request_latency_system_failure.csv,False,,train,0.4328803248190742
2014-03-10 09:26:00+00:00,50.212,realKnownCause/ec2_request_latency_system_failure.csv,False,,train,0.7120748564764972
2014-03-10 09:31:00+00:00,38.49800000000001,realKnownCause/ec2_request_latency_system_failure.csv,False,,train,0.7743358172303634
2014-03-10 09:36:00+00:00,45.07,realKnownCause/ec2_request_latency_system_failure.csv,False,,train,0.4402186391474919
2014-03-10 09:41:00+00:00,45.816,realKnownCause/ec2_request_latency_system_failure.csv,False,,train,0.44223170382437
2014-03-10 09:46:00+00:00,43.996,realKnownCause/ec2_request_latency_system_failure.csv,False,,train,0.44424216339793154
2014-03-10 09:51:00+00:00,46.032,realKnownCause/ec2_request_latency_system_failure.csv,False,,train,0.44725438666628053
2014-03-10 09:56:00+00:00,44.718,realKnownCause/ec2_request_latency_system_failure.csv,False,,train,0.43889233069206235
2014-03-10 10:01:00+00:00,45.422,realKnownCause/ec2_request_latency_system_failure.csv,False,,train,0.43292748605429004
2014-03-10 10:06:00+00:00,43.428,realKnownCause/ec2_request_latency_system_failure.csv,False,,train,0.47884773095934746
2014-03-10 10:11:00+00:00,48.982,realKnownCause/ec2_request_latency_system_failure.csv,False,,train,0.6099714461655259
2014-03-10 10:16:00+00:00,42.004,realKnownCause/ec2_request_latency_system_failure.csv,False,,train,0.5564716036799929
2014-03-10 10:21:00+00:00,46.5,realKnownCause/ec2_request_latency_system_failure.csv,False,,train,0.465445809650073
2014-03-10 10:26:00+00:00,42.582,realKnownCause/ec2_request_latency_system_failure.csv,False,,train,0.501275187827796
2014-03-10 10:31:00+00:00,44.272,realKnownCause/ec2_request_latency_system_failure.csv,False,,train,0.42898186007522504
2014-03-10 10:36:00+00:00,45.542,realKnownCause/ec2_request_latency_system_failure.csv,False,,train,0.4343255557200423
2014-03-10 10:41:00+00:00,43.272,realKnownCause/ec2_request_latency_system_failure.csv,False,,train,0.4894141831995401
2014-03-10 10:46:00+00:00,46.514,realKnownCause/ec2_request_latency_system_failure.csv,False,,train,0.46544433485905534
2014-03-10 10:51:00+00:00,42.68600000000001,realKnownCause/ec2_request_latency_system_failure.csv,False,,train,0.4977505150035358
2014-03-10 10:56:00+00:00,46.62,realKnownCause/ec2_request_latency_system_failure.csv,False,,train,0.4686121523339858
2014-03-10 11:01:00+00:00,44.32,realKnownCause/ec2_request_latency_system_failure.csv,False,,train,0.4330044834390389
2014-03-10 11:06:00+00:00,44.418,realKnownCause/ec2_request_latency_system_failure.csv,False,,train,0.43268776127788955
2014-03-10 11:11:00+00:00,47.36600000000001,realKnownCause/ec2_request_latency_system_failure.csv,False,,train,0.5042974104451293
2014-03-10 11:16:00+00:00,45.14,realKnownCause/ec2_request_latency_system_failure.csv,False,,train,0.43962903255077845
2014-03-10 11:21:00+00:00,42.794,realKnownCause/ec2_request_latency_system_failure.csv,False,,train,0.4938662380485482
2014-03-10 11:26:00+00:00,44.508,realKnownCause/ec2_request_latency_system_failure.csv,False,,train,0.4305159052251081
2014-03-10 11:31:00+00:00,44.694,realKnownCause/ec2_request_latency_system_failure.csv,False,,train,0.4375363241195134
2014-03-10 11:36:00+00:00,45.118,realKnownCause/ec2_request_latency_system_failure.csv,False,,train,0.43937965831254716
2014-03-10 11:41:00+00:00,47.7,realKnownCause/ec2_request_latency_system_failure.csv,False,,train,0.5186941258601508
2014-03-10 11:46:00+00:00,44.46,realKnownCause/ec2_request_latency_system_failure.csv,False,,train,0.432789328447324
2014-03-10 11:51:00+00:00,42.934,realKnownCause/ec2_request_latency_system_failure.csv,False,,train,0.4967703495139512
2014-03-10 11:56:00+00:00,46.996,realKnownCause/ec2_request_latency_system_failure.csv,False,,train,0.483379743152726
2014-03-10 12:01:00+00:00,44.508,realKnownCause/ec2_request_latency_system_failure.csv,False,,train,0.4305159052251081
2014-03-10 12:06:00+00:00,44.29600000000001,realKnownCause/ec2_request_latency_system_failure.csv,False,,train,0.43207583364438623
2014-03-10 12:11:00+00:00,48.004,realKnownCause/ec2_request_latency_system_failure.csv,False,,train,0.5355861130472213
2014-03-10 12:16:00+00:00,42.816,realKnownCause/ec2_request_latency_system_failure.csv,False,,train,0.4932463258701573
2014-03-10 12:21:00+00:00,45.774,realKnownCause/ec2_request_latency_system_failure.csv,False,,train,0.4402249188138403
2014-03-10 12:26:00+00:00,46.042,realKnownCause/ec2_request_latency_system_failure.csv,False,,train,0.4483013207081573
2014-03-10 12:31:00+00:00,42.136,realKnownCause/ec2_request_latency_system_failure.csv,False,,train,0.5441096962549824
2014-03-10 12:36:00+00:00,44.484,realKnownCause/ec2_request_latency_system_failure.csv,False,,train,0.43171552761011284
2014-03-10 12:41:00+00:00,46.67,realKnownCause/ec2_request_latency_system_failure.csv,False,,train,0.4708676600049212
2014-03-10 12:46:00+00:00,42.992,realKnownCause/ec2_request_latency_system_failure.csv,False,,train,0.4920065059489719
2014-03-10 12:51:00+00:00,45.182,realKnownCause/ec2_request_latency_system_failure.csv,False,,train,0.4421420504384743
2014-03-10 12:56:00+00:00,46.56399999999999,realKnownCause/ec2_request_latency_system_failure.csv,False,,train,0.46543126803990775
2014-03-10 13:01:00+00:00,46.338,realKnownCause/ec2_request_latency_system_failure.csv,False,,train,0.4610596169397069
2014-03-10 13:06:00+00:00,43.966,realKnownCause/ec2_request_latency_system_failure.csv,False,,train,0.44010727022245927
2014-03-10 13:11:00+00:00,49.062,realKnownCause/ec2_request_latency_system_failure.csv,False,,train,0.6133719718077871
2014-03-10 13:16:00+00:00,42.532,realKnownCause/ec2_request_latency_system_failure.csv,False,,train,0.49856319375732727
2014-03-10 13:21:00+00:00,44.624,realKnownCause/ec2_request_latency_system_failure.csv,False,,train,0.4353718578930934
2014-03-10 13:26:00+00:00,44.882,realKnownCause/ec2_request_latency_system_failure.csv,False,,train,0.43803456895540027
2014-03-10 13:31:00+00:00,45.144,realKnownCause/ec2_request_latency_system_failure.csv,False,,train,0.4409235186416186
2014-03-10 13:36:00+00:00,48.654,realKnownCause/ec2_request_latency_system_failure.csv,False,,train,0.5646543221853503
2014-03-10 13:41:00+00:00,42.63,realKnownCause/ec2_request_latency_system_failure.csv,False,,train,0.5010176335491263
2014-03-10 13:46:00+00:00,45.122,realKnownCause/ec2_request_latency_system_failure.csv,False,,train,0.43961754529831915
2014-03-10 13:51:00+00:00,44.802,realKnownCause/ec2_request_latency_system_failure.csv,False,,train,0.4412381179801501
2014-03-10 13:56:00+00:00,46.644,realKnownCause/ec2_request_latency_system_failure.csv,False,,train,0.46878803454032014
2014-03-10 14:01:00+00:00,43.87600000000001,realKnownCause/ec2_request_latency_system_failure.csv,False,,train,0.4437333687028775
2014-03-10 14:06:00+00:00,47.208,realKnownCause/ec2_request_latency_system_failure.csv,False,,train,0.49177003793974977
2014-03-10 14:11:00+00:00,46.628,realKnownCause/ec2_request_latency_system_failure.csv,False,,train,0.4688361624576376
2014-03-10 14:16:00+00:00,43.9,realKnownCause/ec2_request_latency_system_failure.csv,False,,train,0.4419114310933861
2014-03-10 14:21:00+00:00,44.648,realKnownCause/ec2_request_latency_system_failure.csv,False,,train,0.43559593190354357
2014-03-10 14:26:00+00:00,45.37600000000001,realKnownCause/ec2_request_latency_system_failure.csv,False,,train,0.4355830696549549
2014-03-10 14:31:00+00:00,46.62,realKnownCause/ec2_request_latency_system_failure.csv,False,,train,0.4686121523339858
2014-03-10 14:36:00+00:00,42.864,realKnownCause/ec2_request_latency_system_failure.csv,False,,train,0.4891762890345461
2014-03-10 14:41:00+00:00,47.582,realKnownCause/ec2_request_latency_system_failure.csv,False,,train,0.5127517317738318
2014-03-10 14:46:00+00:00,43.24,realKnownCause/ec2_request_latency_system_failure.csv,False,,train,0.4904457232235148
2014-03-10 14:51:00+00:00,43.224,realKnownCause/ec2_request_latency_system_failure.csv,False,,train,0.48915949429986605
2014-03-10 14:56:00+00:00,47.3,realKnownCause/ec2_request_latency_system_failure.csv,False,,train,0.5042491239842049
2014-03-10 15:01:00+00:00,46.572,realKnownCause/ec2_request_latency_system_failure.csv,False,,train,0.46574072730541194
2014-03-10 15:06:00+00:00,43.618,realKnownCause/ec2_request_latency_system_failure.csv,False,,train,0.47179952216436005
2014-03-10 15:11:00+00:00,46.77,realKnownCause/ec2_request_latency_system_failure.csv,False,,train,0.47801326226768504
2014-03-10 15:16:00+00:00,46.326,realKnownCause/ec2_request_latency_system_failure.csv,False,,train,0.4622277193750538
2014-03-10 15:21:00+00:00,44.99,realKnownCause/ec2_request_latency_system_failure.csv,False,,train,0.43708939813476483
2014-03-10 15:26:00+00:00,45.164,realKnownCause/ec2_request_latency_system_failure.csv,False,,train,0.44206300889374345
2014-03-10 15:31:00+00:00,49.622,realKnownCause/ec2_request_latency_system_failure.csv,False,,train,0.6605138406452349
2014-03-10 15:36:00+00:00,43.334,realKnownCause/ec2_request_latency_system_failure.csv,False,,train,0.4887052790527925
2014-03-10 15:41:00+00:00,46.432,realKnownCause/ec2_request_latency_system_failure.csv,False,,train,0.46758013287196515
2014-03-10 15:46:00+00:00,45.006,realKnownCause/ec2_request_latency_system_failure.csv,False,,train,0.43809672696495217
2014-03-10 15:51:00+00:00,45.09,realKnownCause/ec2_request_latency_system_failure.csv,False,,train,0.44101637467317073
2014-03-10 15:56:00+00:00,46.784,realKnownCause/ec2_request_latency_system_failure.csv,False,,train,0.47946830760769243
2014-03-10 16:01:00+00:00,46.948,realKnownCause/ec2_request_latency_system_failure.csv,False,,train,0.4832082581299229
2014-03-10 16:06:00+00:00,44.79,realKnownCause/ec2_request_latency_system_failure.csv,False,,train,0.43875705121613034
2014-03-10 16:11:00+00:00,45.61,realKnownCause/ec2_request_latency_system_failure.csv,False,,train,0.42953429966551965
2014-03-10 16:16:00+00:00,45.258,realKnownCause/ec2_request_latency_system_failure.csv,False,,train,0.4387504927205348
2014-03-10 16:21:00+00:00,44.58600000000001,realKnownCause/ec2_request_latency_system_failure.csv,False,,train,0.43593703222355995
2014-03-10 16:26:00+00:00,47.362,realKnownCause/ec2_request_latency_system_failure.csv,False,,train,0.5032310677284657
2014-03-10 16:31:00+00:00,45.966,realKnownCause/ec2_request_latency_system_failure.csv,False,,train,0.4428525935858588
2014-03-10 16:36:00+00:00,42.378,realKnownCause/ec2_request_latency_system_failure.csv,False,,train,0.5152826845070293
2014-03-10 16:41:00+00:00,45.54,realKnownCause/ec2_request_latency_system_failure.csv,False,,train,0.4341836577921198
2014-03-10 16:46:00+00:00,46.31399999999999,realKnownCause/ec2_request_latency_system_failure.csv,False,,train,0.46161088230047204
2014-03-10 16:51:00+00:00,43.736,realKnownCause/ec2_request_latency_system_failure.csv,False,,train,0.4562539679713087
2014-03-10 16:56:00+00:00,47.536,realKnownCause/ec2_request_latency_system_failure.csv,False,,train,0.5118616708703188
2014-03-10 17:01:00+00:00,47.84,realKnownCause/ec2_request_latency_system_failure.csv,False,,train,0.5251809659319144
2014-03-10 17:06:00+00:00,43.262,realKnownCause/ec2_request_latency_system_failure.csv,False,,train,0.4914566148976027
2014-03-10 17:11:00+00:00,47.864,realKnownCause/ec2_request_latency_system_failure.csv,False,,train,0.5286815817240562
2014-03-10 17:16:00+00:00,45.218,realKnownCause/ec2_request_latency_system_failure.csv,False,,train,0.44230971949630715
2014-03-10 17:21:00+00:00,48.858,realKnownCause/ec2_request_latency_system_failure.csv,False,,train,0.5946733847048786
2014-03-10 17:26:00+00:00,44.132,realKnownCause/ec2_request_latency_system_failure.csv,False,,train,0.43270158773742423
2014-03-10 17:31:00+00:00,44.85,realKnownCause/ec2_request_latency_system_failure.csv,False,,train,0.4374030482290262
2014-03-10 17:36:00+00:00,48.262,realKnownCause/ec2_request_latency_system_failure.csv,False,,train,0.5596054179726208
2014-03-10 17:41:00+00:00,44.788,realKnownCause/ec2_request_latency_system_failure.csv,False,,train,0.4385413590967417
2014-03-10 17:46:00+00:00,44.43,realKnownCause/ec2_request_latency_system_failure.csv,False,,train,0.4294455939933375
2014-03-10 17:51:00+00:00,45.006,realKnownCause/ec2_request_latency_system_failure.csv,False,,train,0.43809672696495217
2014-03-10 17:56:00+00:00,47.184,realKnownCause/ec2_request_latency_system_failure.csv,False,,train,0.48661188451073195
2014-03-10 18:01:00+00:00,46.666,realKnownCause/ec2_request_latency_system_failure.csv,False,,train,0.4713603443327956
2014-03-10 18:06:00+00:00,46.402,realKnownCause/ec2_request_latency_system_failure.csv,False,,train,0.4664713650889121
2014-03-10 18:11:00+00:00,46.55,realKnownCause/ec2_request_latency_system_failure.csv,False,,train,0.46360302350651167
2014-03-10 18:16:00+00:00,43.688,realKnownCause/ec2_request_latency_system_failure.csv,False,,train,0.4568202259201649
2014-03-10 18:21:00+00:00,46.744,realKnownCause/ec2_request_latency_system_failure.csv,False,,train,0.480172061940621
2014-03-10 18:26:00+00:00,45.108,realKnownCause/ec2_request_latency_system_failure.csv,False,,train,0.4386538274671014
2014-03-10 18:31:00+00:00,45.44600000000001,realKnownCause/ec2_request_latency_system_failure.csv,False,,train,0.43435735888937343
2014-03-10 18:36:00+00:00,45.37600000000001,realKnownCause/ec2_request_latency_system_failure.csv,False,,train,0.4355830696549549
2014-03-10 18:41:00+00:00,46.596,realKnownCause/ec2_request_latency_system_failure.csv,False,,train,0.46760453465437096
2014-03-10 18:46:00+00:00,45.894,realKnownCause/ec2_request_latency_system_failure.csv,False,,train,0.44458591378346146
2014-03-10 18:51:00+00:00,43.434,realKnownCause/ec2_request_latency_system_failure.csv,False,,train,0.47805823207355547
2014-03-10 18:56:00+00:00,47.462,realKnownCause/ec2_request_latency_system_failure.csv,False,,train,0.5072206683803814
2014-03-10 19:01:00+00:00,48.072,realKnownCause/ec2_request_latency_system_failure.csv,False,,train,0.5434829529514206
2014-03-10 19:06:00+00:00,43.49800000000001,realKnownCause/ec2_request_latency_system_failure.csv,False,,train,0.4769200365024189
2014-03-10 19:11:00+00:00,48.81399999999999,realKnownCause/ec2_request_latency_system_failure.csv,False,,train,0.5903660041105109
2014-03-10 19:16:00+00:00,44.6,realKnownCause/ec2_request_latency_system_failure.csv,False,,train,0.4344664971837925
2014-03-10 19:21:00+00:00,46.572,realKnownCause/ec2_request_latency_system_failure.csv,False,,train,0.46574072730541194
2014-03-10 19:26:00+00:00,44.43600000000001,realKnownCause/ec2_request_latency_system_failure.csv,False,,train,0.4302246579615832
2014-03-10 19:31:00+00:00,46.504,realKnownCause/ec2_request_latency_system_failure.csv,False,,train,0.46538133578780544
2014-03-10 19:36:00+00:00,46.854,realKnownCause/ec2_request_latency_system_failure.csv,False,,train,0.48708190033956017
2014-03-10 19:41:00+00:00,47.018,realKnownCause/ec2_request_latency_system_failure.csv,False,,train,0.4836595035341818
2014-03-10 19:46:00+00:00,45.526,realKnownCause/ec2_request_latency_system_failure.csv,False,,train,0.4368210093123027
2014-03-10 19:51:00+00:00,48.524,realKnownCause/ec2_request_latency_system_failure.csv,False,,train,0.5569411974231112
2014-03-10 19:56:00+00:00,45.118,realKnownCause/ec2_request_latency_system_failure.csv,False,,train,0.43937965831254716
2014-03-10 20:01:00+00:00,47.208,realKnownCause/ec2_request_latency_system_failure.csv,False,,train,0.49177003793974977
2014-03-10 20:06:00+00:00,44.114,realKnownCause/ec2_request_latency_system_failure.csv,False,,train,0.43291506461952367
2014-03-10 20:11:00+00:00,48.428,realKnownCause/ec2_request_latency_system_failure.csv,False,,train,0.5568782757638963
2014-03-10 20:16:00+00:00,47.652,realKnownCause/ec2_request_latency_system_failure.csv,False,,train,0.5167537667607183
2014-03-10 20:21:00+00:00,47.816,realKnownCause/ec2_request_latency_system_failure.csv,False,,train,0.5246881770422259
2014-03-10 20:26:00+00:00,45.282,realKnownCause/ec2_request_latency_system_failure.csv,False,,train,0.4412570462060989
2014-03-10 20:31:00+00:00,46.338,realKnownCause/ec2_request_latency_system_failure.csv,False,,train,0.4610596169397069
2014-03-10 20:36:00+00:00,45.542,realKnownCause/ec2_request_latency_system_failure.csv,False,,train,0.4343255557200423
2014-03-10 20:41:00+00:00,49.95399999999999,realKnownCause/ec2_request_latency_system_failure.csv,False,,train,0.6899566885602706
2014-03-10 20:46:00+00:00,42.06399999999999,realKnownCause/ec2_request_latency_system_failure.csv,False,,train,0.5548224611080758
2014-03-10 20:51:00+00:00,47.652,realKnownCause/ec2_request_latency_system_failure.csv,False,,train,0.5167537667607183
2014-03-10 20:56:00+00:00,46.556,realKnownCause/ec2_request_latency_system_failure.csv,False,,train,0.463505879230542
2014-03-10 21:01:00+00:00,45.752,realKnownCause/ec2_request_latency_system_failure.csv,False,,train,0.4358459349532149
2014-03-10 21:06:00+00:00,45.916,realKnownCause/ec2_request_latency_system_failure.csv,False,,train,0.44691469657984356
2014-03-10 21:11:00+00:00,47.276,realKnownCause/ec2_request_latency_system_failure.csv,False,,train,0.49845467289518536
2014-03-10 21:16:00+00:00,45.716,realKnownCause/ec2_request_latency_system_failure.csv,False,,train,0.43313842263892
2014-03-10 21:21:00+00:00,47.006,realKnownCause/ec2_request_latency_system_failure.csv,False,,train,0.4848167497535516
2014-03-10 21:26:00+00:00,46.528,realKnownCause/ec2_request_latency_system_failure.csv,False,,train,0.46425683725698025
2014-03-10 21:31:00+00:00,46.854,realKnownCause/ec2_request_latency_system_failure.csv,False,,train,0.48708190033956017
2014-03-10 21:36:00+00:00,44.128,realKnownCause/ec2_request_latency_system_failure.csv,False,,train,0.4331731691340451
2014-03-10 21:41:00+00:00,47.018,realKnownCause/ec2_request_latency_system_failure.csv,False,,train,0.4836595035341818
2014-03-10 21:46:00+00:00,46.088,realKnownCause/ec2_request_latency_system_failure.csv,False,,train,0.4520532463236202
2014-03-10 21:51:00+00:00,45.822,realKnownCause/ec2_request_latency_system_failure.csv,False,,train,0.4421793985670508
2014-03-10 21:56:00+00:00,49.718,realKnownCause/ec2_request_latency_system_failure.csv,False,,train,0.6706911351991399
2014-03-10 22:01:00+00:00,45.258,realKnownCause/ec2_request_latency_system_failure.csv,False,,train,0.4387504927205348
2014-03-10 22:06:00+00:00,44.578,realKnownCause/ec2_request_latency_system_failure.csv,False,,train,0.43511265435511687
2014-03-10 22:11:00+00:00,47.512,realKnownCause/ec2_request_latency_system_failure.csv,False,,train,0.5107853812171391
2014-03-10 22:16:00+00:00,45.658,realKnownCause/ec2_request_latency_system_failure.csv,False,,train,0.4284468974951732
2014-03-10 22:21:00+00:00,46.996,realKnownCause/ec2_request_latency_system_failure.csv,False,,train,0.483379743152726
2014-03-10 22:26:00+00:00,47.904,realKnownCause/ec2_request_latency_system_failure.csv,False,,train,0.5250146051792232
2014-03-10 22:31:00+00:00,44.882,realKnownCause/ec2_request_latency_system_failure.csv,False,,train,0.43803456895540027
2014-03-10 22:36:00+00:00,46.644,realKnownCause/ec2_request_latency_system_failure.csv,False,,train,0.46878803454032014
2014-03-10 22:41:00+00:00,44.624,realKnownCause/ec2_request_latency_system_failure.csv,False,,train,0.4353718578930934
2014-03-10 22:46:00+00:00,50.992,realKnownCause/ec2_request_latency_system_failure.csv,False,,train,0.7609168798665386
2014-03-10 22:51:00+00:00,47.536,realKnownCause/ec2_request_latency_system_failure.csv,False,,train,0.5118616708703188
2014-03-10 22:56:00+00:00,50.938,realKnownCause/ec2_request_latency_system_failure.csv,False,,train,0.7580393093906179
2014-03-10 23:01:00+00:00,43.874,realKnownCause/ec2_request_latency_system_failure.csv,False,,train,0.44479962368119735
2014-03-10 23:06:00+00:00,48.098,realKnownCause/ec2_request_latency_system_failure.csv,False,,train,0.5473100541825435
2014-03-10 23:11:00+00:00,48.216,realKnownCause/ec2_request_latency_system_failure.csv,False,,train,0.5559606900506354
2014-03-10 23:16:00+00:00,48.098,realKnownCause/ec2_request_latency_system_failure.csv,False,,train,0.5473100541825435
2014-03-10 23:21:00+00:00,44.93,realKnownCause/ec2_request_latency_system_failure.csv,False,,train,0.4375204611438128
2014-03-10 23:26:00+00:00,47.672,realKnownCause/ec2_request_latency_system_failure.csv,False,,train,0.5154017834480042
2014-03-10 23:31:00+00:00,44.576,realKnownCause/ec2_request_latency_system_failure.csv,False,,train,0.4347031367195689
2014-03-10 23:36:00+00:00,47.184,realKnownCause/ec2_request_latency_system_failure.csv,False,,train,0.48661188451073195
2014-03-10 23:41:00+00:00,47.276,realKnownCause/ec2_request_latency_system_failure.csv,False,,train,0.49845467289518536
2014-03-10 23:46:00+00:00,46.032,realKnownCause/ec2_request_latency_system_failure.csv,False,,train,0.44725438666628053
2014-03-10 23:51:00+00:00,47.098,realKnownCause/ec2_request_latency_system_failure.csv,False,,train,0.48181849909828656
2014-03-10 23:56:00+00:00,49.524,realKnownCause/ec2_request_latency_system_failure.csv,False,,train,0.6551031108641028
2014-03-11 00:01:00+00:00,46.032,realKnownCause/ec2_request_latency_system_failure.csv,False,,train,0.44725438666628053
2014-03-11 00:06:00+00:00,44.508,realKnownCause/ec2_request_latency_system_failure.csv,False,,train,0.4305159052251081
2014-03-11 00:11:00+00:00,48.544,realKnownCause/ec2_request_latency_system_failure.csv,False,,train,0.5583477540822865
2014-03-11 00:16:00+00:00,46.12600000000001,realKnownCause/ec2_request_latency_system_failure.csv,False,,train,0.4542553800399752
2014-03-11 00:21:00+00:00,46.22,realKnownCause/ec2_request_latency_system_failure.csv,False,,train,0.4590455122975732
2014-03-11 00:26:00+00:00,49.558,realKnownCause/ec2_request_latency_system_failure.csv,False,,train,0.6566743333272481
2014-03-11 00:31:00+00:00,44.342,realKnownCause/ec2_request_latency_system_failure.csv,False,,train,0.43237943848661753
2014-03-11 00:36:00+00:00,46.636,realKnownCause/ec2_request_latency_system_failure.csv,False,,train,0.47034197242746634
2014-03-11 00:41:00+00:00,46.974,realKnownCause/ec2_request_latency_system_failure.csv,False,,train,0.484571456170736
2014-03-11 00:46:00+00:00,46.45,realKnownCause/ec2_request_latency_system_failure.csv,False,,train,0.4672069845027652
2014-03-11 00:51:00+00:00,46.354,realKnownCause/ec2_request_latency_system_failure.csv,False,,train,0.46320491094176425
2014-03-11 00:56:00+00:00,51.056,realKnownCause/ec2_request_latency_system_failure.csv,False,,train,0.7629789727668955
2014-03-11 01:01:00+00:00,45.83600000000001,realKnownCause/ec2_request_latency_system_failure.csv,False,,train,0.44346668021380964
2014-03-11 01:06:00+00:00,46.526,realKnownCause/ec2_request_latency_system_failure.csv,False,,train,0.4649640465622216
2014-03-11 01:11:00+00:00,47.276,realKnownCause/ec2_request_latency_system_failure.csv,False,,train,0.49845467289518536
2014-03-11 01:16:00+00:00,48.93,realKnownCause/ec2_request_latency_system_failure.csv,False,,train,0.6045496217747969
2014-03-11 01:21:00+00:00,46.996,realKnownCause/ec2_request_latency_system_failure.csv,False,,train,0.483379743152726
2014-03-11 01:26:00+00:00,48.212,realKnownCause/ec2_request_latency_system_failure.csv,False,,train,0.5548773071942161
2014-03-11 01:31:00+00:00,45.114,realKnownCause/ec2_request_latency_system_failure.csv,False,,train,0.4381775162437384
2014-03-11 01:36:00+00:00,46.526,realKnownCause/ec2_request_latency_system_failure.csv,False,,train,0.4649640465622216
2014-03-11 01:41:00+00:00,47.512,realKnownCause/ec2_request_latency_system_failure.csv,False,,train,0.5107853812171391
2014-03-11 01:46:00+00:00,50.234,realKnownCause/ec2_request_latency_system_failure.csv,False,,train,0.713465163274039
2014-03-11 01:51:00+00:00,41.996,realKnownCause/ec2_request_latency_system_failure.csv,False,,train,0.5560199857537752
2014-03-11 01:56:00+00:00,47.724,realKnownCause/ec2_request_latency_system_failure.csv,False,,train,0.5214752661884334
2014-03-11 02:01:00+00:00,47.86600000000001,realKnownCause/ec2_request_latency_system_failure.csv,False,,train,0.5282961245900645
2014-03-11 02:06:00+00:00,44.084,realKnownCause/ec2_request_latency_system_failure.csv,False,,train,0.42889341458206837
2014-03-11 02:11:00+00:00,48.31,realKnownCause/ec2_request_latency_system_failure.csv,False,,train,0.559993970535435
2014-03-11 02:16:00+00:00,45.374,realKnownCause/ec2_request_latency_system_failure.csv,False,,train,0.4359870061385235
2014-03-11 02:21:00+00:00,45.54,realKnownCause/ec2_request_latency_system_failure.csv,False,,train,0.4341836577921198
2014-03-11 02:26:00+00:00,49.038,realKnownCause/ec2_request_latency_system_failure.csv,False,,train,0.6114101298227991
2014-03-11 02:31:00+00:00,45.37600000000001,realKnownCause/ec2_request_latency_system_failure.csv,False,,train,0.4355830696549549
2014-03-11 02:36:00+00:00,44.624,realKnownCause/ec2_request_latency_system_failure.csv,False,,train,0.4353718578930934
2014-03-11 02:41:00+00:00,45.51600000000001,realKnownCause/ec2_request_latency_system_failure.csv,False,,train,0.4353239014694586
2014-03-11 02:46:00+00:00,45.938,realKnownCause/ec2_request_latency_system_failure.csv,False,,train,0.4466448001926465
2014-03-11 02:51:00+00:00,47.17,realKnownCause/ec2_request_latency_system_failure.csv,False,,train,0.4889845350280214
2014-03-11 02:56:00+00:00,46.786,realKnownCause/ec2_request_latency_system_failure.csv,False,,train,0.480382086088712
2014-03-11 03:01:00+00:00,46.924,realKnownCause/ec2_request_latency_system_failure.csv,False,,train,0.4832608704944727
2014-03-11 03:06:00+00:00,44.038,realKnownCause/ec2_request_latency_system_failure.csv,False,,train,0.4417759454899964
2014-03-11 03:11:00+00:00,50.0,realKnownCause/ec2_request_latency_system_failure.csv,False,,train,0.693513621623825
2014-03-11 03:16:00+00:00,44.022,realKnownCause/ec2_request_latency_system_failure.csv,False,,train,0.4456018586670515
2014-03-11 03:21:00+00:00,46.714,realKnownCause/ec2_request_latency_system_failure.csv,False,,train,0.47956139906059664
2014-03-11 03:26:00+00:00,46.55,realKnownCause/ec2_request_latency_system_failure.csv,False,,train,0.46360302350651167
2014-03-11 03:31:00+00:00,48.802,realKnownCause/ec2_request_latency_system_failure.csv,False,,train,0.5886949818582053
2014-03-11 03:36:00+00:00,43.99,realKnownCause/ec2_request_latency_system_failure.csv,False,,train,0.44253654620735267
2014-03-11 03:41:00+00:00,47.958,realKnownCause/ec2_request_latency_system_failure.csv,False,,train,0.5290553100792798
2014-03-11 03:46:00+00:00,46.53,realKnownCause/ec2_request_latency_system_failure.csv,False,,train,0.46440075194052627
2014-03-11 03:51:00+00:00,48.756,realKnownCause/ec2_request_latency_system_failure.csv,False,,train,0.5783506581011085
2014-03-11 03:56:00+00:00,45.328,realKnownCause/ec2_request_latency_system_failure.csv,False,,train,0.4378234224690767
2014-03-11 04:01:00+00:00,48.708,realKnownCause/ec2_request_latency_system_failure.csv,False,,train,0.5706015430552651
2014-03-11 04:06:00+00:00,47.206,realKnownCause/ec2_request_latency_system_failure.csv,False,,train,0.4919307559864695
2014-03-11 04:11:00+00:00,49.39,realKnownCause/ec2_request_latency_system_failure.csv,False,,train,0.644174000394754
2014-03-11 04:16:00+00:00,45.58600000000001,realKnownCause/ec2_request_latency_system_failure.csv,False,,train,0.43493393374782885
2014-03-11 04:21:00+00:00,47.934,realKnownCause/ec2_request_latency_system_failure.csv,False,,train,0.5295275514390041
2014-03-11 04:26:00+00:00,45.752,realKnownCause/ec2_request_latency_system_failure.csv,False,,train,0.4358459349532149
2014-03-11 04:31:00+00:00,47.88800000000001,realKnownCause/ec2_request_latency_system_failure.csv,False,,train,0.5274957493225285
2014-03-11 04:36:00+00:00,44.18600000000001,realKnownCause/ec2_request_latency_system_failure.csv,False,,train,0.43577157358589613
2014-03-11 04:41:00+00:00,46.362,realKnownCause/ec2_request_latency_system_failure.csv,False,,train,0.4653235847577914
2014-03-11 04:46:00+00:00,48.826,realKnownCause/ec2_request_latency_system_failure.csv,False,,train,0.5923388232565525
2014-03-11 04:51:00+00:00,45.658,realKnownCause/ec2_request_latency_system_failure.csv,False,,train,0.4284468974951732
2014-03-11 04:56:00+00:00,47.716,realKnownCause/ec2_request_latency_system_failure.csv,False,,train,0.5209733283452253
2014-03-11 05:01:00+00:00,48.58600000000001,realKnownCause/ec2_request_latency_system_failure.csv,False,,train,0.5596809307033418
2014-03-11 05:06:00+00:00,45.918,realKnownCause/ec2_request_latency_system_failure.csv,False,,train,0.4459628585143534
2014-03-11 05:11:00+00:00,49.17,realKnownCause/ec2_request_latency_system_failure.csv,False,,train,0.6288982485134665
2014-03-11 05:16:00+00:00,47.464,realKnownCause/ec2_request_latency_system_failure.csv,False,,train,0.5073986379036944
2014-03-11 05:21:00+00:00,48.104,realKnownCause/ec2_request_latency_system_failure.csv,False,,train,0.5480387952246837
2014-03-11 05:26:00+00:00,46.072,realKnownCause/ec2_request_latency_system_failure.csv,False,,train,0.4514914567245591
2014-03-11 05:31:00+00:00,50.846,realKnownCause/ec2_request_latency_system_failure.csv,False,,train,0.7556414736986141
2014-03-11 05:36:00+00:00,43.052,realKnownCause/ec2_request_latency_system_failure.csv,False,,train,0.48865106774006933
2014-03-11 05:41:00+00:00,47.966,realKnownCause/ec2_request_latency_system_failure.csv,False,,train,0.5300140258009055
2014-03-11 05:46:00+00:00,47.184,realKnownCause/ec2_request_latency_system_failure.csv,False,,train,0.48661188451073195
2014-03-11 05:51:00+00:00,46.478,realKnownCause/ec2_request_latency_system_failure.csv,False,,train,0.46707257395543583
2014-03-11 05:56:00+00:00,49.812,realKnownCause/ec2_request_latency_system_failure.csv,False,,train,0.6810745997372026
2014-03-11 06:01:00+00:00,46.878,realKnownCause/ec2_request_latency_system_failure.csv,False,,train,0.4871963566080978
2014-03-11 06:06:00+00:00,45.024,realKnownCause/ec2_request_latency_system_failure.csv,False,,train,0.43868155066786335
2014-03-11 06:11:00+00:00,48.1,realKnownCause/ec2_request_latency_system_failure.csv,False,,train,0.5478904970732978
2014-03-11 06:16:00+00:00,44.896,realKnownCause/ec2_request_latency_system_failure.csv,False,,train,0.43613607134749977
2014-03-11 06:21:00+00:00,48.31,realKnownCause/ec2_request_latency_system_failure.csv,False,,train,0.559993970535435
2014-03-11 06:26:00+00:00,46.83,realKnownCause/ec2_request_latency_system_failure.csv,False,,train,0.4836056400745994
2014-03-11 06:31:00+00:00,47.09,realKnownCause/ec2_request_latency_system_failure.csv,False,,train,0.48091348973647685
2014-03-11 06:36:00+00:00,44.93,realKnownCause/ec2_request_latency_system_failure.csv,False,,train,0.4375204611438128
2014-03-11 06:41:00+00:00,46.20399999999999,realKnownCause/ec2_request_latency_system_failure.csv,False,,train,0.45906907859343693
2014-03-11 06:46:00+00:00,46.718,realKnownCause/ec2_request_latency_system_failure.csv,False,,train,0.4796804269446335
2014-03-11 06:51:00+00:00,46.652,realKnownCause/ec2_request_latency_system_failure.csv,False,,train,0.4684944494552189
2014-03-11 06:56:00+00:00,48.64,realKnownCause/ec2_request_latency_system_failure.csv,False,,train,0.5632673487731418
2014-03-11 07:01:00+00:00,48.56800000000001,realKnownCause/ec2_request_latency_system_failure.csv,False,,train,0.5600608267501527
2014-03-11 07:06:00+00:00,46.924,realKnownCause/ec2_request_latency_system_failure.csv,False,,train,0.4832608704944727
2014-03-11 07:11:00+00:00,47.91,realKnownCause/ec2_request_latency_system_failure.csv,False,,train,0.525681392803622
2014-03-11 07:16:00+00:00,45.208,realKnownCause/ec2_request_latency_system_failure.csv,False,,train,0.44295092289407506
2014-03-11 07:21:00+00:00,47.09,realKnownCause/ec2_request_latency_system_failure.csv,False,,train,0.48091348973647685
2014-03-11 07:26:00+00:00,48.262,realKnownCause/ec2_request_latency_system_failure.csv,False,,train,0.5596054179726208
2014-03-11 07:31:00+00:00,44.624,realKnownCause/ec2_request_latency_system_failure.csv,False,,train,0.4353718578930934
2014-03-11 07:36:00+00:00,46.38399999999999,realKnownCause/ec2_request_latency_system_failure.csv,False,,train,0.4647903029592666
2014-03-11 07:41:00+00:00,50.118,realKnownCause/ec2_request_latency_system_failure.csv,False,,train,0.7044079482994113
2014-03-11 07:46:00+00:00,45.752,realKnownCause/ec2_request_latency_system_failure.csv,False,,train,0.4358459349532149
2014-03-11 07:51:00+00:00,47.066,realKnownCause/ec2_request_latency_system_failure.csv,False,,train,0.4807503839610945
2014-03-11 07:56:00+00:00,46.154,realKnownCause/ec2_request_latency_system_failure.csv,False,,train,0.45803311551751674
2014-03-11 08:01:00+00:00,49.292,realKnownCause/ec2_request_latency_system_failure.csv,False,,train,0.6377369205938849
2014-03-11 08:06:00+00:00,42.558,realKnownCause/ec2_request_latency_system_failure.csv,False,,train,0.5011493728194476
2014-03-11 08:11:00+00:00,47.276,realKnownCause/ec2_request_latency_system_failure.csv,False,,train,0.49845467289518536
2014-03-11 08:16:00+00:00,45.0,realKnownCause/ec2_request_latency_system_failure.csv,False,,train,0.4387651203167708
2014-03-11 08:21:00+00:00,45.968,realKnownCause/ec2_request_latency_system_failure.csv,False,,train,0.4434593418710508
2014-03-11 08:26:00+00:00,46.794,realKnownCause/ec2_request_latency_system_failure.csv,False,,train,0.4806946528332034
2014-03-11 08:31:00+00:00,47.238,realKnownCause/ec2_request_latency_system_failure.csv,False,,train,0.4950349888693536
2014-03-11 08:36:00+00:00,45.938,realKnownCause/ec2_request_latency_system_failure.csv,False,,train,0.4466448001926465
2014-03-11 08:41:00+00:00,43.736,realKnownCause/ec2_request_latency_system_failure.csv,False,,train,0.4562539679713087
2014-03-11 08:46:00+00:00,48.17,realKnownCause/ec2_request_latency_system_failure.csv,False,,train,0.5497396618471898
2014-03-11 08:51:00+00:00,42.934,realKnownCause/ec2_request_latency_system_failure.csv,False,,train,0.4967703495139512
2014-03-11 08:56:00+00:00,47.418,realKnownCause/ec2_request_latency_system_failure.csv,False,,train,0.5037813011203458
2014-03-11 09:01:00+00:00,44.982,realKnownCause/ec2_request_latency_system_failure.csv,False,,train,0.4385027927631591
2014-03-11 09:06:00+00:00,47.41,realKnownCause/ec2_request_latency_system_failure.csv,False,,train,0.5054328830838519
2014-03-11 09:11:00+00:00,46.292,realKnownCause/ec2_request_latency_system_failure.csv,False,,train,0.4588226861059204
2014-03-11 09:16:00+00:00,42.8,realKnownCause/ec2_request_latency_system_failure.csv,False,,train,0.4932908702376287
2014-03-11 09:21:00+00:00,45.234,realKnownCause/ec2_request_latency_system_failure.csv,False,,train,0.4432502523316158
2014-03-11 09:26:00+00:00,45.222,realKnownCause/ec2_request_latency_system_failure.csv,False,,train,0.4431180718266291
2014-03-11 09:31:00+00:00,45.422,realKnownCause/ec2_request_latency_system_failure.csv,False,,train,0.43292748605429004
2014-03-11 09:36:00+00:00,49.86,realKnownCause/ec2_request_latency_system_failure.csv,False,,train,0.6823323319138092
2014-03-11 09:41:00+00:00,42.7,realKnownCause/ec2_request_latency_system_failure.csv,False,,train,0.49778946228524606
2014-03-11 09:46:00+00:00,46.55,realKnownCause/ec2_request_latency_system_failure.csv,False,,train,0.46360302350651167
2014-03-11 09:51:00+00:00,43.682,realKnownCause/ec2_request_latency_system_failure.csv,False,,train,0.4582516764821352
2014-03-11 09:56:00+00:00,47.512,realKnownCause/ec2_request_latency_system_failure.csv,False,,train,0.5107853812171391
2014-03-11 10:01:00+00:00,45.622,realKnownCause/ec2_request_latency_system_failure.csv,False,,train,0.4303080014197879
2014-03-11 10:06:00+00:00,45.51600000000001,realKnownCause/ec2_request_latency_system_failure.csv,False,,train,0.4353239014694586
2014-03-11 10:11:00+00:00,48.944,realKnownCause/ec2_request_latency_system_failure.csv,False,,train,0.6055039034733904
2014-03-11 10:16:00+00:00,43.68600000000001,realKnownCause/ec2_request_latency_system_failure.csv,False,,train,0.45779196862250376
2014-03-11 10:21:00+00:00,46.738,realKnownCause/ec2_request_latency_system_failure.csv,False,,train,0.4802923174305363
2014-03-11 10:26:00+00:00,46.948,realKnownCause/ec2_request_latency_system_failure.csv,False,,train,0.4832082581299229
2014-03-11 10:31:00+00:00,42.746,realKnownCause/ec2_request_latency_system_failure.csv,False,,train,0.4953371442812581
2014-03-11 10:36:00+00:00,44.82,realKnownCause/ec2_request_latency_system_failure.csv,False,,train,0.44113399278885496
2014-03-11 10:41:00+00:00,45.862,realKnownCause/ec2_request_latency_system_failure.csv,False,,train,0.4449030794928562
2014-03-11 10:46:00+00:00,47.51600000000001,realKnownCause/ec2_request_latency_system_failure.csv,False,,train,0.5108346727037227
2014-03-11 10:51:00+00:00,43.786,realKnownCause/ec2_request_latency_system_failure.csv,False,,train,0.44974060482606637
2014-03-11 10:56:00+00:00,47.966,realKnownCause/ec2_request_latency_system_failure.csv,False,,train,0.5300140258009055
2014-03-11 11:01:00+00:00,47.16,realKnownCause/ec2_request_latency_system_failure.csv,False,,train,0.4882846565410343
2014-03-11 11:06:00+00:00,44.46,realKnownCause/ec2_request_latency_system_failure.csv,False,,train,0.432789328447324
2014-03-11 11:11:00+00:00,47.488,realKnownCause/ec2_request_latency_system_failure.csv,False,,train,0.5083480427777758
2014-03-11 11:16:00+00:00,46.268,realKnownCause/ec2_request_latency_system_failure.csv,False,,train,0.45948752437721596
2014-03-11 11:21:00+00:00,47.254,realKnownCause/ec2_request_latency_system_failure.csv,False,,train,0.49823949767895737
2014-03-11 11:26:00+00:00,44.39,realKnownCause/ec2_request_latency_system_failure.csv,False,,train,0.43231897172616146
2014-03-11 11:31:00+00:00,45.68,realKnownCause/ec2_request_latency_system_failure.csv,False,,train,0.4300850533320183
2014-03-11 11:36:00+00:00,46.666,realKnownCause/ec2_request_latency_system_failure.csv,False,,train,0.4713603443327956
2014-03-11 11:41:00+00:00,48.236,realKnownCause/ec2_request_latency_system_failure.csv,False,,train,0.5583837006115986
2014-03-11 11:46:00+00:00,46.29,realKnownCause/ec2_request_latency_system_failure.csv,False,,train,0.4589636172634142
2014-03-11 11:51:00+00:00,43.602,realKnownCause/ec2_request_latency_system_failure.csv,False,,train,0.4739525751708695
2014-03-11 11:56:00+00:00,48.174,realKnownCause/ec2_request_latency_system_failure.csv,False,,train,0.5495519287405815
2014-03-11 12:01:00+00:00,45.47,realKnownCause/ec2_request_latency_system_failure.csv,False,,train,0.4322810560513369
2014-03-11 12:06:00+00:00,48.402,realKnownCause/ec2_request_latency_system_failure.csv,False,,train,0.5560914278106651
2014-03-11 12:11:00+00:00,45.39,realKnownCause/ec2_request_latency_system_failure.csv,False,,train,0.4379217074720734
2014-03-11 12:16:00+00:00,47.592,realKnownCause/ec2_request_latency_system_failure.csv,False,,train,0.5133510648007977
2014-03-11 12:21:00+00:00,44.494,realKnownCause/ec2_request_latency_system_failure.csv,False,,train,0.43147710025665265
2014-03-11 12:26:00+00:00,44.724,realKnownCause/ec2_request_latency_system_failure.csv,False,,train,0.43874330472297257
2014-03-11 12:31:00+00:00,45.938,realKnownCause/ec2_request_latency_system_failure.csv,False,,train,0.4466448001926465
2014-03-11 12:36:00+00:00,45.56399999999999,realKnownCause/ec2_request_latency_system_failure.csv,False,,train,0.43469855889689296
2014-03-11 12:41:00+00:00,45.4,realKnownCause/ec2_request_latency_system_failure.csv,False,,train,0.4368239752453172
2014-03-11 12:46:00+00:00,47.23,realKnownCause/ec2_request_latency_system_failure.csv,False,,train,0.49435819223417193
2014-03-11 12:51:00+00:00,46.31800000000001,realKnownCause/ec2_request_latency_system_failure.csv,False,,train,0.46107819267224187
2014-03-11 12:56:00+00:00,46.596,realKnownCause/ec2_request_latency_system_failure.csv,False,,train,0.46760453465437096
2014-03-11 13:01:00+00:00,43.99,realKnownCause/ec2_request_latency_system_failure.csv,False,,train,0.44253654620735267
2014-03-11 13:06:00+00:00,45.452,realKnownCause/ec2_request_latency_system_failure.csv,False,,train,0.4356725617677809
2014-03-11 13:11:00+00:00,47.982,realKnownCause/ec2_request_latency_system_failure.csv,False,,train,0.5332479426245582
2014-03-11 13:16:00+00:00,47.91,realKnownCause/ec2_request_latency_system_failure.csv,False,,train,0.525681392803622
2014-03-11 13:21:00+00:00,44.342,realKnownCause/ec2_request_latency_system_failure.csv,False,,train,0.43237943848661753
2014-03-11 13:26:00+00:00,45.822,realKnownCause/ec2_request_latency_system_failure.csv,False,,train,0.4421793985670508
2014-03-11 13:31:00+00:00,48.68600000000001,realKnownCause/ec2_request_latency_system_failure.csv,False,,train,0.5684205707825525
2014-03-11 13:36:00+00:00,45.258,realKnownCause/ec2_request_latency_system_failure.csv,False,,train,0.4387504927205348
2014-03-11 13:41:00+00:00,49.154,realKnownCause/ec2_request_latency_system_failure.csv,False,,train,0.6283009974614112
2014-03-11 13:46:00+00:00,45.118,realKnownCause/ec2_request_latency_system_failure.csv,False,,train,0.43937965831254716
2014-03-11 13:51:00+00:00,46.948,realKnownCause/ec2_request_latency_system_failure.csv,False,,train,0.4832082581299229
2014-03-11 13:56:00+00:00,48.398,realKnownCause/ec2_request_latency_system_failure.csv,False,,train,0.556650275973295
2014-03-11 14:01:00+00:00,45.68,realKnownCause/ec2_request_latency_system_failure.csv,False,,train,0.4300850533320183
2014-03-11 14:06:00+00:00,46.644,realKnownCause/ec2_request_latency_system_failure.csv,False,,train,0.46878803454032014
2014-03-11 14:11:00+00:00,50.422,realKnownCause/ec2_request_latency_system_failure.csv,False,,train,0.7336672917868151
2014-03-11 14:16:00+00:00,45.51600000000001,realKnownCause/ec2_request_latency_system_failure.csv,False,,train,0.4353239014694586
2014-03-11 14:21:00+00:00,47.79600000000001,realKnownCause/ec2_request_latency_system_failure.csv,False,,train,0.52425261963136
2014-03-11 14:26:00+00:00,43.374,realKnownCause/ec2_request_latency_system_failure.csv,False,,train,0.4810966916617466
2014-03-11 14:31:00+00:00,46.746,realKnownCause/ec2_request_latency_system_failure.csv,False,,train,0.480172061940621
2014-03-11 14:36:00+00:00,46.08,realKnownCause/ec2_request_latency_system_failure.csv,False,,train,0.45165825990729647
2014-03-11 14:41:00+00:00,47.934,realKnownCause/ec2_request_latency_system_failure.csv,False,,train,0.5295275514390041
2014-03-11 14:46:00+00:00,45.432,realKnownCause/ec2_request_latency_system_failure.csv,False,,train,0.4333741862157473
2014-03-11 14:51:00+00:00,47.418,realKnownCause/ec2_request_latency_system_failure.csv,False,,train,0.5037813011203458
2014-03-11 14:56:00+00:00,47.934,realKnownCause/ec2_request_latency_system_failure.csv,False,,train,0.5295275514390041
2014-03-11 15:01:00+00:00,48.712,realKnownCause/ec2_request_latency_system_failure.csv,False,,train,0.5716702385162313
2014-03-11 15:06:00+00:00,45.32,realKnownCause/ec2_request_latency_system_failure.csv,False,,train,0.43881153350348295
2014-03-11 15:11:00+00:00,46.13399999999999,realKnownCause/ec2_request_latency_system_failure.csv,False,,train,0.45705823214243224
2014-03-11 15:16:00+00:00,46.334,realKnownCause/ec2_request_latency_system_failure.csv,False,,train,0.4615948052434627
2014-03-11 15:21:00+00:00,49.038,realKnownCause/ec2_request_latency_system_failure.csv,False,,train,0.6114101298227991
2014-03-11 15:26:00+00:00,47.37,realKnownCause/ec2_request_latency_system_failure.csv,False,,train,0.5053503126072775
2014-03-11 15:31:00+00:00,44.342,realKnownCause/ec2_request_latency_system_failure.csv,False,,train,0.43237943848661753
2014-03-11 15:36:00+00:00,47.066,realKnownCause/ec2_request_latency_system_failure.csv,False,,train,0.4807503839610945
2014-03-11 15:41:00+00:00,51.972,realKnownCause/ec2_request_latency_system_failure.csv,False,,train,0.7745330300738437
2014-03-11 15:46:00+00:00,44.598,realKnownCause/ec2_request_latency_system_failure.csv,False,,train,0.435598016137025
2014-03-11 15:51:00+00:00,49.518,realKnownCause/ec2_request_latency_system_failure.csv,False,,train,0.6519629550803746
2014-03-11 15:56:00+00:00,46.362,realKnownCause/ec2_request_latency_system_failure.csv,False,,train,0.4653235847577914
2014-03-11 16:01:00+00:00,47.654,realKnownCause/ec2_request_latency_system_failure.csv,False,,train,0.5167247634608818
2014-03-11 16:06:00+00:00,47.844,realKnownCause/ec2_request_latency_system_failure.csv,False,,train,0.5253120264616677
2014-03-11 16:11:00+00:00,48.81399999999999,realKnownCause/ec2_request_latency_system_failure.csv,False,,train,0.5903660041105109
2014-03-11 16:16:00+00:00,44.95399999999999,realKnownCause/ec2_request_latency_system_failure.csv,False,,train,0.4378221748183924
2014-03-11 16:21:00+00:00,45.774,realKnownCause/ec2_request_latency_system_failure.csv,False,,train,0.4402249188138403
2014-03-11 16:26:00+00:00,46.418,realKnownCause/ec2_request_latency_system_failure.csv,False,,train,0.46771891067840554
2014-03-11 16:31:00+00:00,45.886,realKnownCause/ec2_request_latency_system_failure.csv,False,,train,0.44504692757798914
2014-03-11 16:36:00+00:00,49.272,realKnownCause/ec2_request_latency_system_failure.csv,False,,train,0.6364378539073912
2014-03-11 16:41:00+00:00,48.61600000000001,realKnownCause/ec2_request_latency_system_failure.csv,False,,train,0.5602340239994965
2014-03-11 16:46:00+00:00,42.538,realKnownCause/ec2_request_latency_system_failure.csv,False,,train,0.4981575504743157
2014-03-11 16:51:00+00:00,46.526,realKnownCause/ec2_request_latency_system_failure.csv,False,,train,0.4649640465622216
2014-03-11 16:56:00+00:00,49.056,realKnownCause/ec2_request_latency_system_failure.csv,False,,train,0.6124964361466687
2014-03-11 17:01:00+00:00,48.618,realKnownCause/ec2_request_latency_system_failure.csv,False,,train,0.5609136844600415
2014-03-11 17:06:00+00:00,44.578,realKnownCause/ec2_request_latency_system_failure.csv,False,,train,0.43511265435511687
2014-03-11 17:11:00+00:00,48.404,realKnownCause/ec2_request_latency_system_failure.csv,False,,train,0.5566937439268945
2014-03-11 17:16:00+00:00,47.81,realKnownCause/ec2_request_latency_system_failure.csv,False,,train,0.5242589961221955
2014-03-11 17:21:00+00:00,44.83600000000001,realKnownCause/ec2_request_latency_system_failure.csv,False,,train,0.4385961278336985
2014-03-11 17:26:00+00:00,49.226000000000006,realKnownCause/ec2_request_latency_system_failure.csv,False,,train,0.6339298754127837
2014-03-11 17:31:00+00:00,45.4,realKnownCause/ec2_request_latency_system_failure.csv,False,,train,0.4368239752453172
2014-03-11 17:36:00+00:00,45.63,realKnownCause/ec2_request_latency_system_failure.csv,False,,train,0.42934775721081503
2014-03-11 17:41:00+00:00,48.028,realKnownCause/ec2_request_latency_system_failure.csv,False,,train,0.5419998917076821
2014-03-11 17:46:00+00:00,47.746,realKnownCause/ec2_request_latency_system_failure.csv,False,,train,0.5245070007618343
2014-03-11 17:51:00+00:00,46.774,realKnownCause/ec2_request_latency_system_failure.csv,False,,train,0.4789315558422347
2014-03-11 17:56:00+00:00,49.566,realKnownCause/ec2_request_latency_system_failure.csv,False,,train,0.6579195436727135
2014-03-11 18:01:00+00:00,48.732,realKnownCause/ec2_request_latency_system_failure.csv,False,,train,0.5759590278885562
2014-03-11 18:06:00+00:00,47.206,realKnownCause/ec2_request_latency_system_failure.csv,False,,train,0.4919307559864695
2014-03-11 18:11:00+00:00,48.088,realKnownCause/ec2_request_latency_system_failure.csv,False,,train,0.5456318972515722
2014-03-11 18:16:00+00:00,44.29600000000001,realKnownCause/ec2_request_latency_system_failure.csv,False,,train,0.43207583364438623
2014-03-11 18:21:00+00:00,47.09,realKnownCause/ec2_request_latency_system_failure.csv,False,,train,0.48091348973647685
2014-03-11 18:26:00+00:00,44.178,realKnownCause/ec2_request_latency_system_failure.csv,False,,train,0.43593942905918953
2014-03-11 18:31:00+00:00,44.94600000000001,realKnownCause/ec2_request_latency_system_failure.csv,False,,train,0.4389131042050794
2014-03-11 18:36:00+00:00,45.736,realKnownCause/ec2_request_latency_system_failure.csv,False,,train,0.4353964070828266
2014-03-11 18:41:00+00:00,42.7,realKnownCause/ec2_request_latency_system_failure.csv,False,,train,0.49778946228524606
2014-03-11 18:46:00+00:00,44.32,realKnownCause/ec2_request_latency_system_failure.csv,False,,train,0.4330044834390389
2014-03-11 18:51:00+00:00,43.926,realKnownCause/ec2_request_latency_system_failure.csv,False,,train,0.44211122939783365
2014-03-11 18:56:00+00:00,46.738,realKnownCause/ec2_request_latency_system_failure.csv,False,,train,0.4802923174305363
2014-03-11 19:01:00+00:00,47.418,realKnownCause/ec2_request_latency_system_failure.csv,False,,train,0.5037813011203458
2014-03-11 19:06:00+00:00,41.916,realKnownCause/ec2_request_latency_system_failure.csv,False,,train,0.5664524766635414
2014-03-11 19:11:00+00:00,45.07,realKnownCause/ec2_request_latency_system_failure.csv,False,,train,0.4402186391474919
2014-03-11 19:16:00+00:00,45.258,realKnownCause/ec2_request_latency_system_failure.csv,False,,train,0.4387504927205348
2014-03-11 19:21:00+00:00,44.694,realKnownCause/ec2_request_latency_system_failure.csv,False,,train,0.4375363241195134
2014-03-11 19:26:00+00:00,44.37600000000001,realKnownCause/ec2_request_latency_system_failure.csv,False,,train,0.4326144548842265
2014-03-11 19:31:00+00:00,46.164,realKnownCause/ec2_request_latency_system_failure.csv,False,,train,0.4561039622064518
2014-03-11 19:36:00+00:00,44.93,realKnownCause/ec2_request_latency_system_failure.csv,False,,train,0.4375204611438128
2014-03-11 19:41:00+00:00,45.164,realKnownCause/ec2_request_latency_system_failure.csv,False,,train,0.44206300889374345
2014-03-11 19:46:00+00:00,46.93,realKnownCause/ec2_request_latency_system_failure.csv,False,,train,0.4835791609404069
2014-03-11 19:51:00+00:00,42.018,realKnownCause/ec2_request_latency_system_failure.csv,False,,train,0.554047138629045
2014-03-11 19:56:00+00:00,49.36600000000001,realKnownCause/ec2_request_latency_system_failure.csv,False,,train,0.6436512054771738
2014-03-11 20:01:00+00:00,43.51600000000001,realKnownCause/ec2_request_latency_system_failure.csv,False,,train,0.47695746359146185
2014-03-11 20:06:00+00:00,44.754,realKnownCause/ec2_request_latency_system_failure.csv,False,,train,0.44040431733625507
2014-03-11 20:11:00+00:00,47.632,realKnownCause/ec2_request_latency_system_failure.csv,False,,train,0.5170882809090236
2014-03-11 20:16:00+00:00,47.83,realKnownCause/ec2_request_latency_system_failure.csv,False,,train,0.5249734161928444
2014-03-11 20:21:00+00:00,44.226000000000006,realKnownCause/ec2_request_latency_system_failure.csv,False,,train,0.4326682263486753
2014-03-11 20:26:00+00:00,45.63399999999999,realKnownCause/ec2_request_latency_system_failure.csv,False,,train,0.42830323402121195
2014-03-11 20:31:00+00:00,42.63,realKnownCause/ec2_request_latency_system_failure.csv,False,,train,0.5010176335491263
2014-03-11 20:36:00+00:00,44.084,realKnownCause/ec2_request_latency_system_failure.csv,False,,train,0.42889341458206837
2014-03-11 20:41:00+00:00,44.29600000000001,realKnownCause/ec2_request_latency_system_failure.csv,False,,train,0.43207583364438623
2014-03-11 20:46:00+00:00,44.24800000000001,realKnownCause/ec2_request_latency_system_failure.csv,False,,train,0.42945349395617555
2014-03-11 20:51:00+00:00,44.76600000000001,realKnownCause/ec2_request_latency_system_failure.csv,False,,train,0.43945652706265936
2014-03-11 20:56:00+00:00,47.91,realKnownCause/ec2_request_latency_system_failure.csv,False,,train,0.525681392803622
2014-03-11 21:01:00+00:00,44.484,realKnownCause/ec2_request_latency_system_failure.csv,False,,train,0.43171552761011284
2014-03-11 21:06:00+00:00,43.592,realKnownCause/ec2_request_latency_system_failure.csv,False,,train,0.4715575983778264
2014-03-11 21:11:00+00:00,46.044,realKnownCause/ec2_request_latency_system_failure.csv,False,,train,0.4482109786619425
2014-03-11 21:16:00+00:00,44.956,realKnownCause/ec2_request_latency_system_failure.csv,False,,train,0.4377072137135303
2014-03-11 21:21:00+00:00,46.83,realKnownCause/ec2_request_latency_system_failure.csv,False,,train,0.4836056400745994
2014-03-11 21:26:00+00:00,45.258,realKnownCause/ec2_request_latency_system_failure.csv,False,,train,0.4387504927205348
2014-03-11 21:31:00+00:00,44.648,realKnownCause/ec2_request_latency_system_failure.csv,False,,train,0.43559593190354357
2014-03-11 21:36:00+00:00,45.11600000000001,realKnownCause/ec2_request_latency_system_failure.csv,False,,train,0.439515834689065
2014-03-11 21:41:00+00:00,47.746,realKnownCause/ec2_request_latency_system_failure.csv,False,,train,0.5245070007618343
2014-03-11 21:46:00+00:00,44.718,realKnownCause/ec2_request_latency_system_failure.csv,False,,train,0.43889233069206235
2014-03-11 21:51:00+00:00,44.648,realKnownCause/ec2_request_latency_system_failure.csv,False,,train,0.43559593190354357
2014-03-11 21:56:00+00:00,48.428,realKnownCause/ec2_request_latency_system_failure.csv,False,,train,0.5568782757638963
2014-03-11 22:01:00+00:00,47.812,realKnownCause/ec2_request_latency_system_failure.csv,False,,train,0.5244008979080225
2014-03-11 22:06:00+00:00,46.794,realKnownCause/ec2_request_latency_system_failure.csv,False,,train,0.4806946528332034
2014-03-11 22:11:00+00:00,47.184,realKnownCause/ec2_request_latency_system_failure.csv,False,,train,0.48661188451073195
2014-03-11 22:16:00+00:00,44.65,realKnownCause/ec2_request_latency_system_failure.csv,False,,train,0.4358562331692677
2014-03-11 22:21:00+00:00,44.808,realKnownCause/ec2_request_latency_system_failure.csv,False,,train,0.4405315120441629
2014-03-11 22:26:00+00:00,47.276,realKnownCause/ec2_request_latency_system_failure.csv,False,,train,0.49845467289518536
2014-03-11 22:31:00+00:00,42.7,realKnownCause/ec2_request_latency_system_failure.csv,False,,train,0.49778946228524606
2014-03-11 22:36:00+00:00,44.798,realKnownCause/ec2_request_latency_system_failure.csv,False,,train,0.4410298506161271
2014-03-11 22:41:00+00:00,46.574,realKnownCause/ec2_request_latency_system_failure.csv,False,,train,0.4661563904338668
2014-03-11 22:46:00+00:00,43.708,realKnownCause/ec2_request_latency_system_failure.csv,False,,train,0.4579021753792813
2014-03-11 22:51:00+00:00,50.04600000000001,realKnownCause/ec2_request_latency_system_failure.csv,False,,train,0.696562247692489
2014-03-11 22:56:00+00:00,43.45,realKnownCause/ec2_request_latency_system_failure.csv,False,,train,0.4775826186670703
2014-03-11 23:01:00+00:00,45.0,realKnownCause/ec2_request_latency_system_failure.csv,False,,train,0.4387651203167708
2014-03-11 23:06:00+00:00,46.22,realKnownCause/ec2_request_latency_system_failure.csv,False,,train,0.4590455122975732
2014-03-11 23:11:00+00:00,46.712,realKnownCause/ec2_request_latency_system_failure.csv,False,,train,0.4792951423706432
2014-03-11 23:16:00+00:00,47.464,realKnownCause/ec2_request_latency_system_failure.csv,False,,train,0.5073986379036944
2014-03-11 23:21:00+00:00,46.338,realKnownCause/ec2_request_latency_system_failure.csv,False,,train,0.4610596169397069
2014-03-11 23:26:00+00:00,42.464,realKnownCause/ec2_request_latency_system_failure.csv,False,,train,0.5092796707223247
2014-03-11 23:31:00+00:00,45.456,realKnownCause/ec2_request_latency_system_failure.csv,False,,train,0.43570911129129997
2014-03-11 23:36:00+00:00,48.65600000000001,realKnownCause/ec2_request_latency_system_failure.csv,False,,train,0.5641960633769425
2014-03-11 23:41:00+00:00,47.16,realKnownCause/ec2_request_latency_system_failure.csv,False,,train,0.4882846565410343
2014-03-11 23:46:00+00:00,45.074,realKnownCause/ec2_request_latency_system_failure.csv,False,,train,0.44037152246640876
2014-03-11 23:51:00+00:00,45.658,realKnownCause/ec2_request_latency_system_failure.csv,False,,train,0.4284468974951732
2014-03-11 23:56:00+00:00,47.88800000000001,realKnownCause/ec2_request_latency_system_failure.csv,False,,train,0.5274957493225285
2014-03-12 00:01:00+00:00,47.794,realKnownCause/ec2_request_latency_system_failure.csv,False,,train,0.5244239534876639
2014-03-12 00:06:00+00:00,43.78,realKnownCause/ec2_request_latency_system_failure.csv,False,,train,0.4516881294336873
2014-03-12 00:11:00+00:00,49.098,realKnownCause/ec2_request_latency_system_failure.csv,False,,train,0.6180837462135885
2014-03-12 00:16:00+00:00,45.47,realKnownCause/ec2_request_latency_system_failure.csv,False,,train,0.4322810560513369
2014-03-12 00:21:00+00:00,44.486,realKnownCause/ec2_request_latency_system_failure.csv,False,,train,0.4315161746800364
2014-03-12 00:26:00+00:00,46.694,realKnownCause/ec2_request_latency_system_failure.csv,False,,train,0.4751625856227653
2014-03-12 00:31:00+00:00,44.86,realKnownCause/ec2_request_latency_system_failure.csv,False,,train,0.4361225635230164
2014-03-12 00:36:00+00:00,44.968,realKnownCause/ec2_request_latency_system_failure.csv,False,,train,0.4365263938612644
2014-03-12 00:41:00+00:00,43.288,realKnownCause/ec2_request_latency_system_failure.csv,False,,train,0.4903736722304592
2014-03-12 00:46:00+00:00,44.084,realKnownCause/ec2_request_latency_system_failure.csv,False,,train,0.42889341458206837
2014-03-12 00:51:00+00:00,44.36600000000001,realKnownCause/ec2_request_latency_system_failure.csv,False,,train,0.4307109844955651
2014-03-12 00:56:00+00:00,46.362,realKnownCause/ec2_request_latency_system_failure.csv,False,,train,0.4653235847577914
2014-03-12 01:01:00+00:00,48.004,realKnownCause/ec2_request_latency_system_failure.csv,False,,train,0.5355861130472213
2014-03-12 01:06:00+00:00,42.966,realKnownCause/ec2_request_latency_system_failure.csv,False,,train,0.4945602209046104
2014-03-12 01:11:00+00:00,49.544,realKnownCause/ec2_request_latency_system_failure.csv,False,,train,0.656141393463549
2014-03-12 01:16:00+00:00,44.084,realKnownCause/ec2_request_latency_system_failure.csv,False,,train,0.42889341458206837
2014-03-12 01:21:00+00:00,44.272,realKnownCause/ec2_request_latency_system_failure.csv,False,,train,0.42898186007522504
2014-03-12 01:26:00+00:00,47.03,realKnownCause/ec2_request_latency_system_failure.csv,False,,train,0.4832329878384561
2014-03-12 01:31:00+00:00,44.15600000000001,realKnownCause/ec2_request_latency_system_failure.csv,False,,train,0.43291778840330086
2014-03-12 01:36:00+00:00,46.572,realKnownCause/ec2_request_latency_system_failure.csv,False,,train,0.46574072730541194
2014-03-12 01:41:00+00:00,46.338,realKnownCause/ec2_request_latency_system_failure.csv,False,,train,0.4610596169397069
2014-03-12 01:46:00+00:00,45.868,realKnownCause/ec2_request_latency_system_failure.csv,False,,train,0.4448166341136521
2014-03-12 01:51:00+00:00,43.56800000000001,realKnownCause/ec2_request_latency_system_failure.csv,False,,train,0.47279309863301777
2014-03-12 01:56:00+00:00,47.864,realKnownCause/ec2_request_latency_system_failure.csv,False,,train,0.5286815817240562
2014-03-12 02:01:00+00:00,42.018,realKnownCause/ec2_request_latency_system_failure.csv,False,,train,0.554047138629045
2014-03-12 02:06:00+00:00,44.404,realKnownCause/ec2_request_latency_system_failure.csv,False,,train,0.43384678657837183
2014-03-12 02:11:00+00:00,45.846,realKnownCause/ec2_request_latency_system_failure.csv,False,,train,0.4441259456879541
2014-03-12 02:16:00+00:00,43.63800000000001,realKnownCause/ec2_request_latency_system_failure.csv,False,,train,0.4630586081193363
2014-03-12 02:21:00+00:00,43.826,realKnownCause/ec2_request_latency_system_failure.csv,False,,train,0.44751141519517224
2014-03-12 02:26:00+00:00,44.93,realKnownCause/ec2_request_latency_system_failure.csv,False,,train,0.4375204611438128
2014-03-12 02:31:00+00:00,44.39,realKnownCause/ec2_request_latency_system_failure.csv,False,,train,0.43231897172616146
2014-03-12 02:36:00+00:00,41.924,realKnownCause/ec2_request_latency_system_failure.csv,False,,train,0.5658042201001477
2014-03-12 02:41:00+00:00,44.178,realKnownCause/ec2_request_latency_system_failure.csv,False,,train,0.43593942905918953
2014-03-12 02:46:00+00:00,43.332,realKnownCause/ec2_request_latency_system_failure.csv,False,,train,0.4888877824400048
2014-03-12 02:51:00+00:00,45.54,realKnownCause/ec2_request_latency_system_failure.csv,False,,train,0.4341836577921198
2014-03-12 02:56:00+00:00,44.062,realKnownCause/ec2_request_latency_system_failure.csv,False,,train,0.43565402162523054
2014-03-12 03:01:00+00:00,45.58600000000001,realKnownCause/ec2_request_latency_system_failure.csv,False,,train,0.43493393374782885
2014-03-12 03:06:00+00:00,43.49800000000001,realKnownCause/ec2_request_latency_system_failure.csv,False,,train,0.4769200365024189
2014-03-12 03:11:00+00:00,43.662,realKnownCause/ec2_request_latency_system_failure.csv,False,,train,0.46067960633092153
2014-03-12 03:16:00+00:00,44.88399999999999,realKnownCause/ec2_request_latency_system_failure.csv,False,,train,0.43827368318852583
2014-03-12 03:21:00+00:00,46.22,realKnownCause/ec2_request_latency_system_failure.csv,False,,train,0.4590455122975732
2014-03-12 03:26:00+00:00,43.544,realKnownCause/ec2_request_latency_system_failure.csv,False,,train,0.4762142947683098
2014-03-12 03:31:00+00:00,43.592,realKnownCause/ec2_request_latency_system_failure.csv,False,,train,0.4715575983778264
2014-03-12 03:36:00+00:00,46.206,realKnownCause/ec2_request_latency_system_failure.csv,False,,train,0.45928116048351436
2014-03-12 03:41:00+00:00,47.3,realKnownCause/ec2_request_latency_system_failure.csv,False,,train,0.5042491239842049
2014-03-12 03:46:00+00:00,39.474,realKnownCause/ec2_request_latency_system_failure.csv,False,,train,0.7620698474829524
2014-03-12 03:51:00+00:00,44.276,realKnownCause/ec2_request_latency_system_failure.csv,False,,train,0.42916415122580226
2014-03-12 03:56:00+00:00,45.282,realKnownCause/ec2_request_latency_system_failure.csv,False,,train,0.4412570462060989
2014-03-12 04:01:00+00:00,43.77,realKnownCause/ec2_request_latency_system_failure.csv,False,,train,0.45202692138550277
2014-03-12 04:06:00+00:00,45.422,realKnownCause/ec2_request_latency_system_failure.csv,False,,train,0.43292748605429004
2014-03-12 04:11:00+00:00,43.896,realKnownCause/ec2_request_latency_system_failure.csv,False,,train,0.4425270796620171
2014-03-12 04:16:00+00:00,45.378,realKnownCause/ec2_request_latency_system_failure.csv,False,,train,0.4358189011085354
2014-03-12 04:21:00+00:00,42.09,realKnownCause/ec2_request_latency_system_failure.csv,False,,train,0.551644226093612
2014-03-12 04:26:00+00:00,44.54,realKnownCause/ec2_request_latency_system_failure.csv,False,,train,0.43389210536315936
2014-03-12 04:31:00+00:00,42.864,realKnownCause/ec2_request_latency_system_failure.csv,False,,train,0.4891762890345461
2014-03-12 04:36:00+00:00,45.51600000000001,realKnownCause/ec2_request_latency_system_failure.csv,False,,train,0.4353239014694586
2014-03-12 04:41:00+00:00,42.288,realKnownCause/ec2_request_latency_system_failure.csv,False,,train,0.5282493231885877
2014-03-12 04:46:00+00:00,44.052,realKnownCause/ec2_request_latency_system_failure.csv,False,,train,0.4402480510743666
2014-03-12 04:51:00+00:00,45.306,realKnownCause/ec2_request_latency_system_failure.csv,False,,train,0.44162471934564274
2014-03-12 04:56:00+00:00,44.084,realKnownCause/ec2_request_latency_system_failure.csv,False,,train,0.42889341458206837
2014-03-12 05:01:00+00:00,46.056,realKnownCause/ec2_request_latency_system_failure.csv,False,,train,0.45074890852569605
2014-03-12 05:06:00+00:00,40.964,realKnownCause/ec2_request_latency_system_failure.csv,False,,train,0.6494147593860652
2014-03-12 05:11:00+00:00,46.456,realKnownCause/ec2_request_latency_system_failure.csv,False,,train,0.4681893233002742
2014-03-12 05:16:00+00:00,44.098,realKnownCause/ec2_request_latency_system_failure.csv,False,,train,0.43183658273137177
2014-03-12 05:21:00+00:00,43.262,realKnownCause/ec2_request_latency_system_failure.csv,False,,train,0.4914566148976027
2014-03-12 05:26:00+00:00,45.032,realKnownCause/ec2_request_latency_system_failure.csv,False,,train,0.4389298693299049
2014-03-12 05:31:00+00:00,43.592,realKnownCause/ec2_request_latency_system_failure.csv,False,,train,0.4715575983778264
2014-03-12 05:36:00+00:00,42.864,realKnownCause/ec2_request_latency_system_failure.csv,False,,train,0.4891762890345461
2014-03-12 05:41:00+00:00,45.56800000000001,realKnownCause/ec2_request_latency_system_failure.csv,False,,train,0.4359728880417478
2014-03-12 05:46:00+00:00,43.826,realKnownCause/ec2_request_latency_system_failure.csv,False,,train,0.44751141519517224
2014-03-12 05:51:00+00:00,46.874,realKnownCause/ec2_request_latency_system_failure.csv,False,,train,0.48680096067634293
2014-03-12 05:56:00+00:00,42.934,realKnownCause/ec2_request_latency_system_failure.csv,False,,train,0.4967703495139512
2014-03-12 06:01:00+00:00,45.70399999999999,realKnownCause/ec2_request_latency_system_failure.csv,False,,train,0.43355890315626966
2014-03-12 06:06:00+00:00,43.47,realKnownCause/ec2_request_latency_system_failure.csv,False,,train,0.47656061745435524
2014-03-12 06:11:00+00:00,44.508,realKnownCause/ec2_request_latency_system_failure.csv,False,,train,0.4305159052251081
2014-03-12 06:16:00+00:00,43.708,realKnownCause/ec2_request_latency_system_failure.csv,False,,train,0.4579021753792813
2014-03-12 06:21:00+00:00,43.68600000000001,realKnownCause/ec2_request_latency_system_failure.csv,False,,train,0.45779196862250376
2014-03-12 06:26:00+00:00,44.062,realKnownCause/ec2_request_latency_system_failure.csv,False,,train,0.43565402162523054
2014-03-12 06:31:00+00:00,44.286,realKnownCause/ec2_request_latency_system_failure.csv,False,,train,0.431141407220637
2014-03-12 06:36:00+00:00,48.43600000000001,realKnownCause/ec2_request_latency_system_failure.csv,False,,train,0.5574061257967845
2014-03-12 06:41:00+00:00,39.414,realKnownCause/ec2_request_latency_system_failure.csv,False,,train,0.7633083071925424
2014-03-12 06:46:00+00:00,45.15,realKnownCause/ec2_request_latency_system_failure.csv,False,,train,0.4409954761890284
2014-03-12 06:51:00+00:00,42.7,realKnownCause/ec2_request_latency_system_failure.csv,False,,train,0.49778946228524606
2014-03-12 06:56:00+00:00,45.728,realKnownCause/ec2_request_latency_system_failure.csv,False,,train,0.4327264764954421
2014-03-12 07:01:00+00:00,43.85,realKnownCause/ec2_request_latency_system_failure.csv,False,,train,0.446544517159325
2014-03-12 07:06:00+00:00,44.014,realKnownCause/ec2_request_latency_system_failure.csv,False,,train,0.44510842042244514
2014-03-12 07:11:00+00:00,47.09,realKnownCause/ec2_request_latency_system_failure.csv,False,,train,0.48091348973647685
2014-03-12 07:16:00+00:00,42.018,realKnownCause/ec2_request_latency_system_failure.csv,False,,train,0.554047138629045
2014-03-12 07:21:00+00:00,43.864,realKnownCause/ec2_request_latency_system_failure.csv,False,,train,0.44490813143345354
2014-03-12 07:26:00+00:00,45.798,realKnownCause/ec2_request_latency_system_failure.csv,False,,train,0.43867504780445893
2014-03-12 07:31:00+00:00,41.784,realKnownCause/ec2_request_latency_system_failure.csv,False,,train,0.5774962082736713
2014-03-12 07:36:00+00:00,44.718,realKnownCause/ec2_request_latency_system_failure.csv,False,,train,0.43889233069206235
2014-03-12 07:41:00+00:00,47.12600000000001,realKnownCause/ec2_request_latency_system_failure.csv,False,,train,0.48442082633906663
2014-03-12 07:46:00+00:00,42.3,realKnownCause/ec2_request_latency_system_failure.csv,False,,train,0.5255122734321858
2014-03-12 07:51:00+00:00,43.78,realKnownCause/ec2_request_latency_system_failure.csv,False,,train,0.4516881294336873
2014-03-12 07:56:00+00:00,45.63399999999999,realKnownCause/ec2_request_latency_system_failure.csv,False,,train,0.42830323402121195
2014-03-12 08:01:00+00:00,44.956,realKnownCause/ec2_request_latency_system_failure.csv,False,,train,0.4377072137135303
2014-03-12 08:06:00+00:00,45.492,realKnownCause/ec2_request_latency_system_failure.csv,False,,train,0.4357790558007872
2014-03-12 08:11:00+00:00,44.554,realKnownCause/ec2_request_latency_system_failure.csv,False,,train,0.43327554820505476
2014-03-12 08:16:00+00:00,42.066,realKnownCause/ec2_request_latency_system_failure.csv,False,,train,0.5534397967119136
2014-03-12 08:21:00+00:00,43.732,realKnownCause/ec2_request_latency_system_failure.csv,False,,train,0.45634123092332796
2014-03-12 08:26:00+00:00,43.92,realKnownCause/ec2_request_latency_system_failure.csv,False,,train,0.4413592152903603
2014-03-12 08:31:00+00:00,44.01600000000001,realKnownCause/ec2_request_latency_system_failure.csv,False,,train,0.4458746494462608
2014-03-12 08:36:00+00:00,46.69,realKnownCause/ec2_request_latency_system_failure.csv,False,,train,0.4749431701798439
2014-03-12 08:41:00+00:00,40.422,realKnownCause/ec2_request_latency_system_failure.csv,False,,train,0.7089640365476022
2014-03-12 08:46:00+00:00,43.85,realKnownCause/ec2_request_latency_system_failure.csv,False,,train,0.446544517159325
2014-03-12 08:51:00+00:00,46.456,realKnownCause/ec2_request_latency_system_failure.csv,False,,train,0.4681893233002742
2014-03-12 08:56:00+00:00,42.864,realKnownCause/ec2_request_latency_system_failure.csv,False,,train,0.4891762890345461
2014-03-12 09:01:00+00:00,43.56800000000001,realKnownCause/ec2_request_latency_system_failure.csv,False,,train,0.47279309863301777
2014-03-12 09:06:00+00:00,44.272,realKnownCause/ec2_request_latency_system_failure.csv,False,,train,0.42898186007522504
2014-03-12 09:11:00+00:00,49.51600000000001,realKnownCause/ec2_request_latency_system_failure.csv,False,,train,0.6514338388491114
2014-03-12 09:16:00+00:00,42.716,realKnownCause/ec2_request_latency_system_failure.csv,False,,train,0.493351212849054
2014-03-12 09:21:00+00:00,45.58600000000001,realKnownCause/ec2_request_latency_system_failure.csv,False,,train,0.43493393374782885
2014-03-12 09:26:00+00:00,46.268,realKnownCause/ec2_request_latency_system_failure.csv,False,,train,0.45948752437721596
2014-03-12 09:31:00+00:00,44.112,realKnownCause/ec2_request_latency_system_failure.csv,False,,train,0.4320157940501263
2014-03-12 09:36:00+00:00,46.408,realKnownCause/ec2_request_latency_system_failure.csv,False,,train,0.46738674557946036
2014-03-12 09:41:00+00:00,50.6,realKnownCause/ec2_request_latency_system_failure.csv,False,,train,0.7444680297634743
2014-03-12 09:46:00+00:00,41.502,realKnownCause/ec2_request_latency_system_failure.csv,False,,train,0.6079598301118262
2014-03-12 09:51:00+00:00,42.756,realKnownCause/ec2_request_latency_system_failure.csv,False,,train,0.4946733597070052
2014-03-12 09:56:00+00:00,45.326,realKnownCause/ec2_request_latency_system_failure.csv,False,,train,0.4378794646944377
2014-03-12 10:01:00+00:00,44.784,realKnownCause/ec2_request_latency_system_failure.csv,False,,train,0.4384935126291662
2014-03-12 10:06:00+00:00,44.882,realKnownCause/ec2_request_latency_system_failure.csv,False,,train,0.43803456895540027
2014-03-12 10:11:00+00:00,47.23,realKnownCause/ec2_request_latency_system_failure.csv,False,,train,0.49435819223417193
2014-03-12 10:16:00+00:00,46.666,realKnownCause/ec2_request_latency_system_failure.csv,False,,train,0.4713603443327956
2014-03-12 10:21:00+00:00,46.198,realKnownCause/ec2_request_latency_system_failure.csv,False,,train,0.4588434783746833
2014-03-12 10:26:00+00:00,44.56,realKnownCause/ec2_request_latency_system_failure.csv,False,,train,0.43405048059942425
2014-03-12 10:31:00+00:00,42.612,realKnownCause/ec2_request_latency_system_failure.csv,False,,train,0.5016716700715875
2014-03-12 10:36:00+00:00,45.302,realKnownCause/ec2_request_latency_system_failure.csv,False,,train,0.4410782274816613
2014-03-12 10:41:00+00:00,45.752,realKnownCause/ec2_request_latency_system_failure.csv,False,,train,0.4358459349532149
2014-03-12 10:46:00+00:00,43.112,realKnownCause/ec2_request_latency_system_failure.csv,False,,train,0.48665562423167213
2014-03-12 10:51:00+00:00,45.26,realKnownCause/ec2_request_latency_system_failure.csv,False,,train,0.4394705405636965
2014-03-12 10:56:00+00:00,48.146,realKnownCause/ec2_request_latency_system_failure.csv,False,,train,0.5493384606724441
2014-03-12 11:01:00+00:00,43.45,realKnownCause/ec2_request_latency_system_failure.csv,False,,train,0.4775826186670703
2014-03-12 11:06:00+00:00,43.802,realKnownCause/ec2_request_latency_system_failure.csv,False,,train,0.4523739421433192
2014-03-12 11:11:00+00:00,48.272,realKnownCause/ec2_request_latency_system_failure.csv,False,,train,0.5596549468760548
2014-03-12 11:16:00+00:00,41.15,realKnownCause/ec2_request_latency_system_failure.csv,False,,train,0.6338912418538852
2014-03-12 11:21:00+00:00,43.85,realKnownCause/ec2_request_latency_system_failure.csv,False,,train,0.446544517159325
2014-03-12 11:26:00+00:00,43.86600000000001,realKnownCause/ec2_request_latency_system_failure.csv,False,,train,0.4448642982862654
2014-03-12 11:31:00+00:00,45.212,realKnownCause/ec2_request_latency_system_failure.csv,False,,train,0.44245413626615215
2014-03-12 11:36:00+00:00,45.282,realKnownCause/ec2_request_latency_system_failure.csv,False,,train,0.4412570462060989
2014-03-12 11:41:00+00:00,43.474,realKnownCause/ec2_request_latency_system_failure.csv,False,,train,0.47698526708829403
2014-03-12 11:46:00+00:00,43.79,realKnownCause/ec2_request_latency_system_failure.csv,False,,train,0.4512767704890101
2014-03-12 11:51:00+00:00,43.732,realKnownCause/ec2_request_latency_system_failure.csv,False,,train,0.45634123092332796
2014-03-12 11:56:00+00:00,46.972,realKnownCause/ec2_request_latency_system_failure.csv,False,,train,0.4848846193866296
2014-03-12 12:01:00+00:00,44.414,realKnownCause/ec2_request_latency_system_failure.csv,False,,train,0.4328803248190742
2014-03-12 12:06:00+00:00,43.286,realKnownCause/ec2_request_latency_system_failure.csv,False,,train,0.4904560109839089
2014-03-12 12:11:00+00:00,44.414,realKnownCause/ec2_request_latency_system_failure.csv,False,,train,0.4328803248190742
2014-03-12 12:16:00+00:00,43.698,realKnownCause/ec2_request_latency_system_failure.csv,False,,train,0.4577101188434826
2014-03-12 12:21:00+00:00,44.12600000000001,realKnownCause/ec2_request_latency_system_failure.csv,False,,train,0.4339184664408429
2014-03-12 12:26:00+00:00,43.53,realKnownCause/ec2_request_latency_system_failure.csv,False,,train,0.47608753863392717
2014-03-12 12:31:00+00:00,45.752,realKnownCause/ec2_request_latency_system_failure.csv,False,,train,0.4358459349532149
2014-03-12 12:36:00+00:00,40.752,realKnownCause/ec2_request_latency_system_failure.csv,False,,train,0.6672031542939222
2014-03-12 12:41:00+00:00,44.062,realKnownCause/ec2_request_latency_system_failure.csv,False,,train,0.43565402162523054
2014-03-12 12:46:00+00:00,46.456,realKnownCause/ec2_request_latency_system_failure.csv,False,,train,0.4681893233002742
2014-03-12 12:51:00+00:00,41.478,realKnownCause/ec2_request_latency_system_failure.csv,False,,train,0.6109572017498941
2014-03-12 12:56:00+00:00,47.7,realKnownCause/ec2_request_latency_system_failure.csv,False,,train,0.5186941258601508
2014-03-12 13:01:00+00:00,42.058,realKnownCause/ec2_request_latency_system_failure.csv,False,,train,0.5542921928723986
2014-03-12 13:06:00+00:00,43.708,realKnownCause/ec2_request_latency_system_failure.csv,False,,train,0.4579021753792813
2014-03-12 13:11:00+00:00,45.68,realKnownCause/ec2_request_latency_system_failure.csv,False,,train,0.4300850533320183
2014-03-12 13:16:00+00:00,44.24800000000001,realKnownCause/ec2_request_latency_system_failure.csv,False,,train,0.42945349395617555
2014-03-12 13:21:00+00:00,45.072,realKnownCause/ec2_request_latency_system_failure.csv,False,,train,0.44100685318225086
2014-03-12 13:26:00+00:00,44.648,realKnownCause/ec2_request_latency_system_failure.csv,False,,train,0.43559593190354357
2014-03-12 13:31:00+00:00,42.77,realKnownCause/ec2_request_latency_system_failure.csv,False,,train,0.49439185135785796
2014-03-12 13:36:00+00:00,44.578,realKnownCause/ec2_request_latency_system_failure.csv,False,,train,0.43511265435511687
2014-03-12 13:41:00+00:00,45.234,realKnownCause/ec2_request_latency_system_failure.csv,False,,train,0.4432502523316158
2014-03-12 13:46:00+00:00,44.272,realKnownCause/ec2_request_latency_system_failure.csv,False,,train,0.42898186007522504
2014-03-12 13:51:00+00:00,43.662,realKnownCause/ec2_request_latency_system_failure.csv,False,,train,0.46067960633092153
2014-03-12 13:56:00+00:00,47.404,realKnownCause/ec2_request_latency_system_failure.csv,False,,train,0.504648085373169
2014-03-12 14:01:00+00:00,43.798,realKnownCause/ec2_request_latency_system_failure.csv,False,,train,0.45144859698144807
2014-03-12 14:06:00+00:00,42.38,realKnownCause/ec2_request_latency_system_failure.csv,False,,train,0.5152826845070293
2014-03-12 14:11:00+00:00,45.868,realKnownCause/ec2_request_latency_system_failure.csv,False,,train,0.4448166341136521
2014-03-12 14:16:00+00:00,46.666,realKnownCause/ec2_request_latency_system_failure.csv,False,,train,0.4713603443327956
2014-03-12 14:21:00+00:00,41.032,realKnownCause/ec2_request_latency_system_failure.csv,False,,train,0.6450357386284141
2014-03-12 14:26:00+00:00,43.744,realKnownCause/ec2_request_latency_system_failure.csv,False,,train,0.4542947929026254
2014-03-12 14:31:00+00:00,46.018,realKnownCause/ec2_request_latency_system_failure.csv,False,,train,0.4447545737352417
2014-03-12 14:36:00+00:00,43.052,realKnownCause/ec2_request_latency_system_failure.csv,False,,train,0.48865106774006933
2014-03-12 14:41:00+00:00,42.442,realKnownCause/ec2_request_latency_system_failure.csv,False,,train,0.5099858613552871
2014-03-12 14:46:00+00:00,44.226000000000006,realKnownCause/ec2_request_latency_system_failure.csv,False,,train,0.4326682263486753
2014-03-12 14:51:00+00:00,44.062,realKnownCause/ec2_request_latency_system_failure.csv,False,,train,0.43565402162523054
2014-03-12 14:56:00+00:00,45.51600000000001,realKnownCause/ec2_request_latency_system_failure.csv,False,,train,0.4353239014694586
2014-03-12 15:01:00+00:00,45.982,realKnownCause/ec2_request_latency_system_failure.csv,False,,train,0.44471282375413
2014-03-12 15:06:00+00:00,44.972,realKnownCause/ec2_request_latency_system_failure.csv,False,,train,0.4371469296070265
2014-03-12 15:11:00+00:00,42.746,realKnownCause/ec2_request_latency_system_failure.csv,False,,train,0.4953371442812581
2014-03-12 15:16:00+00:00,45.118,realKnownCause/ec2_request_latency_system_failure.csv,False,,train,0.43937965831254716
2014-03-12 15:21:00+00:00,42.608,realKnownCause/ec2_request_latency_system_failure.csv,False,,train,0.5030546699807822
2014-03-12 15:26:00+00:00,43.932,realKnownCause/ec2_request_latency_system_failure.csv,False,,train,0.44330821842526047
2014-03-12 15:31:00+00:00,45.702,realKnownCause/ec2_request_latency_system_failure.csv,False,,train,0.43416044175539653
2014-03-12 15:36:00+00:00,43.122,realKnownCause/ec2_request_latency_system_failure.csv,False,,train,0.48743092617376915
2014-03-12 15:41:00+00:00,45.328,realKnownCause/ec2_request_latency_system_failure.csv,False,,train,0.4378234224690767
2014-03-12 15:46:00+00:00,43.944,realKnownCause/ec2_request_latency_system_failure.csv,False,,train,0.43927815362027345
2014-03-12 15:51:00+00:00,43.68600000000001,realKnownCause/ec2_request_latency_system_failure.csv,False,,train,0.45779196862250376
2014-03-12 15:56:00+00:00,45.608,realKnownCause/ec2_request_latency_system_failure.csv,False,,train,0.4299183452773541
2014-03-12 16:01:00+00:00,45.188,realKnownCause/ec2_request_latency_system_failure.csv,False,,train,0.4423578361319057
2014-03-12 16:06:00+00:00,44.342,realKnownCause/ec2_request_latency_system_failure.csv,False,,train,0.43237943848661753
2014-03-12 16:11:00+00:00,43.428,realKnownCause/ec2_request_latency_system_failure.csv,False,,train,0.47884773095934746
2014-03-12 16:16:00+00:00,44.128,realKnownCause/ec2_request_latency_system_failure.csv,False,,train,0.4331731691340451
2014-03-12 16:21:00+00:00,44.256,realKnownCause/ec2_request_latency_system_failure.csv,False,,train,0.42853318337399887
2014-03-12 16:26:00+00:00,44.202,realKnownCause/ec2_request_latency_system_failure.csv,False,,train,0.4344588537703677
2014-03-12 16:31:00+00:00,44.554,realKnownCause/ec2_request_latency_system_failure.csv,False,,train,0.43327554820505476
2014-03-12 16:36:00+00:00,45.664,realKnownCause/ec2_request_latency_system_failure.csv,False,,train,0.428428229297096
2014-03-12 16:41:00+00:00,43.112,realKnownCause/ec2_request_latency_system_failure.csv,False,,train,0.48665562423167213
2014-03-12 16:46:00+00:00,43.044,realKnownCause/ec2_request_latency_system_failure.csv,False,,train,0.4909324905914194
2014-03-12 16:51:00+00:00,47.236,realKnownCause/ec2_request_latency_system_failure.csv,False,,train,0.49414231082708027
2014-03-12 16:56:00+00:00,44.108,realKnownCause/ec2_request_latency_system_failure.csv,False,,train,0.43091970562063475
2014-03-12 17:01:00+00:00,44.24800000000001,realKnownCause/ec2_request_latency_system_failure.csv,False,,train,0.42945349395617555
2014-03-12 17:06:00+00:00,45.37600000000001,realKnownCause/ec2_request_latency_system_failure.csv,False,,train,0.4355830696549549
2014-03-12 17:11:00+00:00,43.976000000000006,realKnownCause/ec2_request_latency_system_failure.csv,False,,train,0.4392682494497974
2014-03-12 17:16:00+00:00,46.606,realKnownCause/ec2_request_latency_system_failure.csv,False,,train,0.4672707849930883
2014-03-12 17:21:00+00:00,43.028,realKnownCause/ec2_request_latency_system_failure.csv,False,,train,0.4918835936318682
2014-03-12 17:26:00+00:00,43.824,realKnownCause/ec2_request_latency_system_failure.csv,False,,train,0.44834902501250606
2014-03-12 17:31:00+00:00,45.892,realKnownCause/ec2_request_latency_system_failure.csv,False,,train,0.4447062503643996
2014-03-12 17:36:00+00:00,43.026,realKnownCause/ec2_request_latency_system_failure.csv,False,,train,0.4921936154472028
2014-03-12 17:41:00+00:00,45.352,realKnownCause/ec2_request_latency_system_failure.csv,False,,train,0.43800546334561696
2014-03-12 17:46:00+00:00,44.038,realKnownCause/ec2_request_latency_system_failure.csv,False,,train,0.4417759454899964
2014-03-12 17:51:00+00:00,43.896,realKnownCause/ec2_request_latency_system_failure.csv,False,,train,0.4425270796620171
2014-03-12 17:56:00+00:00,46.982,realKnownCause/ec2_request_latency_system_failure.csv,False,,train,0.4837994836662666
2014-03-12 18:01:00+00:00,44.72,realKnownCause/ec2_request_latency_system_failure.csv,False,,train,0.43852760383556033
2014-03-12 18:06:00+00:00,42.144,realKnownCause/ec2_request_latency_system_failure.csv,False,,train,0.5447297695077061
2014-03-12 18:11:00+00:00,45.67,realKnownCause/ec2_request_latency_system_failure.csv,False,,train,0.4288964752364766
2014-03-12 18:16:00+00:00,43.708,realKnownCause/ec2_request_latency_system_failure.csv,False,,train,0.4579021753792813
2014-03-12 18:21:00+00:00,44.08600000000001,realKnownCause/ec2_request_latency_system_failure.csv,False,,train,0.4302561146703409
2014-03-12 18:26:00+00:00,43.84,realKnownCause/ec2_request_latency_system_failure.csv,False,,train,0.44698933641635447
2014-03-12 18:31:00+00:00,47.664,realKnownCause/ec2_request_latency_system_failure.csv,False,,train,0.5159274365697138
2014-03-12 18:36:00+00:00,43.378,realKnownCause/ec2_request_latency_system_failure.csv,False,,train,0.4809272311789827
2014-03-12 18:41:00+00:00,39.436,realKnownCause/ec2_request_latency_system_failure.csv,False,,train,0.7624824439596797
2014-03-12 18:46:00+00:00,44.244,realKnownCause/ec2_request_latency_system_failure.csv,False,,train,0.42961655253293757
2014-03-12 18:51:00+00:00,43.912,realKnownCause/ec2_request_latency_system_failure.csv,False,,train,0.44101127473231394
2014-03-12 18:56:00+00:00,46.06,realKnownCause/ec2_request_latency_system_failure.csv,False,,train,0.4510182648323545
2014-03-12 19:01:00+00:00,46.056,realKnownCause/ec2_request_latency_system_failure.csv,False,,train,0.45074890852569605
2014-03-12 19:06:00+00:00,42.176,realKnownCause/ec2_request_latency_system_failure.csv,False,,train,0.5431208806628608
2014-03-12 19:11:00+00:00,46.808,realKnownCause/ec2_request_latency_system_failure.csv,False,,train,0.48145786115395783
2014-03-12 19:16:00+00:00,42.878,realKnownCause/ec2_request_latency_system_failure.csv,False,,train,0.48939274625078677
2014-03-12 19:21:00+00:00,44.342,realKnownCause/ec2_request_latency_system_failure.csv,False,,train,0.43237943848661753
2014-03-12 19:26:00+00:00,43.968,realKnownCause/ec2_request_latency_system_failure.csv,False,,train,0.44034555114864427
2014-03-12 19:31:00+00:00,46.01,realKnownCause/ec2_request_latency_system_failure.csv,False,,train,0.44420691559332104
2014-03-12 19:36:00+00:00,43.474,realKnownCause/ec2_request_latency_system_failure.csv,False,,train,0.47698526708829403
2014-03-12 19:41:00+00:00,45.306,realKnownCause/ec2_request_latency_system_failure.csv,False,,train,0.44162471934564274
2014-03-12 19:46:00+00:00,45.328,realKnownCause/ec2_request_latency_system_failure.csv,False,,train,0.4378234224690767
2014-03-12 19:51:00+00:00,42.724,realKnownCause/ec2_request_latency_system_failure.csv,False,,train,0.49438864634777396
2014-03-12 19:56:00+00:00,45.212,realKnownCause/ec2_request_latency_system_failure.csv,False,,train,0.44245413626615215
2014-03-12 20:01:00+00:00,45.56399999999999,realKnownCause/ec2_request_latency_system_failure.csv,False,,train,0.43469855889689296
2014-03-12 20:06:00+00:00,42.16,realKnownCause/ec2_request_latency_system_failure.csv,False,,train,0.5434728823586421
2014-03-12 20:11:00+00:00,46.784,realKnownCause/ec2_request_latency_system_failure.csv,False,,train,0.47946830760769243
2014-03-12 20:16:00+00:00,46.55,realKnownCause/ec2_request_latency_system_failure.csv,False,,train,0.46360302350651167
2014-03-12 20:21:00+00:00,43.17,realKnownCause/ec2_request_latency_system_failure.csv,False,,train,0.48890592751009093
2014-03-12 20:26:00+00:00,48.874,realKnownCause/ec2_request_latency_system_failure.csv,False,,train,0.596479831088242
2014-03-12 20:31:00+00:00,41.69,realKnownCause/ec2_request_latency_system_failure.csv,False,,train,0.5920738879759974
2014-03-12 20:36:00+00:00,44.426,realKnownCause/ec2_request_latency_system_failure.csv,False,,train,0.42962904897415877
2014-03-12 20:41:00+00:00,44.694,realKnownCause/ec2_request_latency_system_failure.csv,False,,train,0.4375363241195134
2014-03-12 20:46:00+00:00,46.572,realKnownCause/ec2_request_latency_system_failure.csv,False,,train,0.46574072730541194
2014-03-12 20:51:00+00:00,44.694,realKnownCause/ec2_request_latency_system_failure.csv,False,,train,0.4375363241195134
2014-03-12 20:56:00+00:00,46.83,realKnownCause/ec2_request_latency_system_failure.csv,False,,train,0.4836056400745994
2014-03-12 21:01:00+00:00,45.306,realKnownCause/ec2_request_latency_system_failure.csv,False,,train,0.44162471934564274
2014-03-12 21:06:00+00:00,45.986,realKnownCause/ec2_request_latency_system_failure.csv,False,,train,0.4458432221090738
2014-03-12 21:11:00+00:00,42.386,realKnownCause/ec2_request_latency_system_failure.csv,False,,train,0.5138083110247722
2014-03-12 21:16:00+00:00,45.674,realKnownCause/ec2_request_latency_system_failure.csv,False,,train,0.4291630563501446
2014-03-12 21:21:00+00:00,44.178,realKnownCause/ec2_request_latency_system_failure.csv,False,,train,0.43593942905918953
2014-03-12 21:26:00+00:00,44.114,realKnownCause/ec2_request_latency_system_failure.csv,False,,train,0.43291506461952367
2014-03-12 21:31:00+00:00,46.01,realKnownCause/ec2_request_latency_system_failure.csv,False,,train,0.44420691559332104
2014-03-12 21:36:00+00:00,43.474,realKnownCause/ec2_request_latency_system_failure.csv,False,,train,0.47698526708829403
2014-03-12 21:41:00+00:00,46.104,realKnownCause/ec2_request_latency_system_failure.csv,False,,train,0.45392759858049186
2014-03-12 21:46:00+00:00,45.47,realKnownCause/ec2_request_latency_system_failure.csv,False,,train,0.4322810560513369
2014-03-12 21:51:00+00:00,42.724,realKnownCause/ec2_request_latency_system_failure.csv,False,,train,0.49438864634777396
2014-03-12 21:56:00+00:00,46.974,realKnownCause/ec2_request_latency_system_failure.csv,False,,train,0.484571456170736
2014-03-12 22:01:00+00:00,48.20399999999999,realKnownCause/ec2_request_latency_system_failure.csv,False,,train,0.5525654520897598
2014-03-12 22:06:00+00:00,42.558,realKnownCause/ec2_request_latency_system_failure.csv,False,,train,0.5011493728194476
2014-03-12 22:11:00+00:00,45.774,realKnownCause/ec2_request_latency_system_failure.csv,False,,train,0.4402249188138403
2014-03-12 22:16:00+00:00,45.07,realKnownCause/ec2_request_latency_system_failure.csv,False,,train,0.4402186391474919
2014-03-12 22:21:00+00:00,45.042,realKnownCause/ec2_request_latency_system_failure.csv,False,,train,0.4390039501433381
2014-03-12 22:26:00+00:00,41.598,realKnownCause/ec2_request_latency_system_failure.csv,False,,train,0.5997049890919772
2014-03-12 22:31:00+00:00,46.024,realKnownCause/ec2_request_latency_system_failure.csv,False,,train,0.4454723577841662
2014-03-12 22:36:00+00:00,42.782,realKnownCause/ec2_request_latency_system_failure.csv,False,,train,0.4948012209368485
2014-03-12 22:41:00+00:00,44.86,realKnownCause/ec2_request_latency_system_failure.csv,False,,train,0.4361225635230164
2014-03-12 22:46:00+00:00,45.868,realKnownCause/ec2_request_latency_system_failure.csv,False,,train,0.4448166341136521
2014-03-12 22:51:00+00:00,41.784,realKnownCause/ec2_request_latency_system_failure.csv,False,,train,0.5774962082736713
2014-03-12 22:56:00+00:00,45.724,realKnownCause/ec2_request_latency_system_failure.csv,False,,train,0.43230590148220976
2014-03-12 23:01:00+00:00,46.902,realKnownCause/ec2_request_latency_system_failure.csv,False,,train,0.4861044851875974
2014-03-12 23:06:00+00:00,40.846,realKnownCause/ec2_request_latency_system_failure.csv,False,,train,0.6534964297177489
2014-03-12 23:11:00+00:00,45.658,realKnownCause/ec2_request_latency_system_failure.csv,False,,train,0.4284468974951732
2014-03-12 23:16:00+00:00,44.132,realKnownCause/ec2_request_latency_system_failure.csv,False,,train,0.43270158773742423
2014-03-12 23:21:00+00:00,43.98,realKnownCause/ec2_request_latency_system_failure.csv,False,,train,0.43991152128355154
2014-03-12 23:26:00+00:00,43.92,realKnownCause/ec2_request_latency_system_failure.csv,False,,train,0.4413592152903603
2014-03-12 23:31:00+00:00,43.896,realKnownCause/ec2_request_latency_system_failure.csv,False,,train,0.4425270796620171
2014-03-12 23:36:00+00:00,48.6,realKnownCause/ec2_request_latency_system_failure.csv,False,,train,0.5595653321415792
2014-03-12 23:41:00+00:00,41.738,realKnownCause/ec2_request_latency_system_failure.csv,False,,train,0.5821198711723163
2014-03-12 23:46:00+00:00,44.93,realKnownCause/ec2_request_latency_system_failure.csv,False,,train,0.4375204611438128
2014-03-12 23:51:00+00:00,42.724,realKnownCause/ec2_request_latency_system_failure.csv,False,,train,0.49438864634777396
2014-03-12 23:56:00+00:00,45.41,realKnownCause/ec2_request_latency_system_failure.csv,False,,train,0.43381089528697425
2014-03-13 00:01:00+00:00,43.802,realKnownCause/ec2_request_latency_system_failure.csv,False,,train,0.4523739421433192
2014-03-13 00:06:00+00:00,44.344,realKnownCause/ec2_request_latency_system_failure.csv,False,,train,0.43229516363048
2014-03-13 00:11:00+00:00,47.442,realKnownCause/ec2_request_latency_system_failure.csv,False,,train,0.5045651877750608
2014-03-13 00:16:00+00:00,40.762,realKnownCause/ec2_request_latency_system_failure.csv,False,,train,0.6650398504703883
2014-03-13 00:21:00+00:00,44.36600000000001,realKnownCause/ec2_request_latency_system_failure.csv,False,,train,0.4307109844955651
2014-03-13 00:26:00+00:00,48.146,realKnownCause/ec2_request_latency_system_failure.csv,False,,train,0.5493384606724441
2014-03-13 00:31:00+00:00,40.686,realKnownCause/ec2_request_latency_system_failure.csv,False,,train,0.6735908739319297
2014-03-13 00:36:00+00:00,43.968,realKnownCause/ec2_request_latency_system_failure.csv,False,,train,0.44034555114864427
2014-03-13 00:41:00+00:00,43.944,realKnownCause/ec2_request_latency_system_failure.csv,False,,train,0.43927815362027345
2014-03-13 00:46:00+00:00,45.782,realKnownCause/ec2_request_latency_system_failure.csv,False,,train,0.43844868054232095
2014-03-13 00:51:00+00:00,41.924,realKnownCause/ec2_request_latency_system_failure.csv,False,,train,0.5658042201001477
2014-03-13 00:56:00+00:00,45.774,realKnownCause/ec2_request_latency_system_failure.csv,False,,train,0.4402249188138403
2014-03-13 01:01:00+00:00,44.272,realKnownCause/ec2_request_latency_system_failure.csv,False,,train,0.42898186007522504
2014-03-13 01:06:00+00:00,45.094,realKnownCause/ec2_request_latency_system_failure.csv,False,,train,0.4409349441159919
2014-03-13 01:11:00+00:00,46.986,realKnownCause/ec2_request_latency_system_failure.csv,False,,train,0.4832927555966679
2014-03-13 01:16:00+00:00,43.146,realKnownCause/ec2_request_latency_system_failure.csv,False,,train,0.4892474687232662
2014-03-13 01:21:00+00:00,42.018,realKnownCause/ec2_request_latency_system_failure.csv,False,,train,0.554047138629045
2014-03-13 01:26:00+00:00,43.91,realKnownCause/ec2_request_latency_system_failure.csv,False,,train,0.44153206276696627
2014-03-13 01:31:00+00:00,43.31800000000001,realKnownCause/ec2_request_latency_system_failure.csv,False,,train,0.4882044391443587
2014-03-13 01:36:00+00:00,44.43600000000001,realKnownCause/ec2_request_latency_system_failure.csv,False,,train,0.4302246579615832
2014-03-13 01:41:00+00:00,45.07,realKnownCause/ec2_request_latency_system_failure.csv,False,,train,0.4402186391474919
2014-03-13 01:46:00+00:00,47.154,realKnownCause/ec2_request_latency_system_failure.csv,False,,train,0.48650153192011997
2014-03-13 01:51:00+00:00,40.742,realKnownCause/ec2_request_latency_system_failure.csv,False,,train,0.6683249540284614
2014-03-13 01:56:00+00:00,46.01600000000001,realKnownCause/ec2_request_latency_system_failure.csv,False,,train,0.44459679666216767
2014-03-13 02:01:00+00:00,46.606,realKnownCause/ec2_request_latency_system_failure.csv,False,,train,0.4672707849930883
2014-03-13 02:06:00+00:00,41.432,realKnownCause/ec2_request_latency_system_failure.csv,False,,train,0.615060684064261
2014-03-13 02:11:00+00:00,45.048,realKnownCause/ec2_request_latency_system_failure.csv,False,,train,0.4378408018400799
2014-03-13 02:16:00+00:00,45.492,realKnownCause/ec2_request_latency_system_failure.csv,False,,train,0.4357790558007872
2014-03-13 02:21:00+00:00,41.644,realKnownCause/ec2_request_latency_system_failure.csv,False,,train,0.5968856063881939
2014-03-13 02:26:00+00:00,44.882,realKnownCause/ec2_request_latency_system_failure.csv,False,,train,0.43803456895540027
2014-03-13 02:31:00+00:00,42.456,realKnownCause/ec2_request_latency_system_failure.csv,False,,train,0.5093174967161644
2014-03-13 02:36:00+00:00,43.918,realKnownCause/ec2_request_latency_system_failure.csv,False,,train,0.44083080730297286
2014-03-13 02:41:00+00:00,43.58600000000001,realKnownCause/ec2_request_latency_system_failure.csv,False,,train,0.472517244117317
2014-03-13 02:46:00+00:00,45.702,realKnownCause/ec2_request_latency_system_failure.csv,False,,train,0.43416044175539653
2014-03-13 02:51:00+00:00,44.49800000000001,realKnownCause/ec2_request_latency_system_failure.csv,False,,train,0.4305273747584493
2014-03-13 02:56:00+00:00,42.84,realKnownCause/ec2_request_latency_system_failure.csv,False,,train,0.49186432228451094
2014-03-13 03:01:00+00:00,43.78,realKnownCause/ec2_request_latency_system_failure.csv,False,,train,0.4516881294336873
2014-03-13 03:06:00+00:00,47.128,realKnownCause/ec2_request_latency_system_failure.csv,False,,train,0.48524385833896594
2014-03-13 03:11:00+00:00,43.94,realKnownCause/ec2_request_latency_system_failure.csv,False,,train,0.4396630610637901
2014-03-13 03:16:00+00:00,45.556,realKnownCause/ec2_request_latency_system_failure.csv,False,,train,0.4343763822430043
2014-03-13 03:21:00+00:00,41.854,realKnownCause/ec2_request_latency_system_failure.csv,False,,train,0.5680103429004751
2014-03-13 03:26:00+00:00,43.944,realKnownCause/ec2_request_latency_system_failure.csv,False,,train,0.43927815362027345
2014-03-13 03:31:00+00:00,43.708,realKnownCause/ec2_request_latency_system_failure.csv,False,,train,0.4579021753792813
2014-03-13 03:36:00+00:00,45.846,realKnownCause/ec2_request_latency_system_failure.csv,False,,train,0.4441259456879541
2014-03-13 03:41:00+00:00,46.572,realKnownCause/ec2_request_latency_system_failure.csv,False,,train,0.46574072730541194
2014-03-13 03:46:00+00:00,44.68600000000001,realKnownCause/ec2_request_latency_system_failure.csv,False,,train,0.43821839975291205
2014-03-13 03:51:00+00:00,41.878,realKnownCause/ec2_request_latency_system_failure.csv,False,,train,0.5651151646067025
2014-03-13 03:56:00+00:00,45.658,realKnownCause/ec2_request_latency_system_failure.csv,False,,train,0.4284468974951732
2014-03-13 04:01:00+00:00,43.878,realKnownCause/ec2_request_latency_system_failure.csv,False,,train,0.4438534745244575
2014-03-13 04:06:00+00:00,43.85,realKnownCause/ec2_request_latency_system_failure.csv,False,,train,0.446544517159325
2014-03-13 04:11:00+00:00,45.256,realKnownCause/ec2_request_latency_system_failure.csv,False,,train,0.4390279983962031
2014-03-13 04:16:00+00:00,45.822,realKnownCause/ec2_request_latency_system_failure.csv,False,,train,0.4421793985670508
2014-03-13 04:21:00+00:00,43.404,realKnownCause/ec2_request_latency_system_failure.csv,False,,train,0.48010284707296774
2014-03-13 04:26:00+00:00,45.352,realKnownCause/ec2_request_latency_system_failure.csv,False,,train,0.43800546334561696
2014-03-13 04:31:00+00:00,41.06,realKnownCause/ec2_request_latency_system_failure.csv,False,,train,0.6444760704797341
2014-03-13 04:36:00+00:00,43.944,realKnownCause/ec2_request_latency_system_failure.csv,False,,train,0.43927815362027345
2014-03-13 04:41:00+00:00,43.874,realKnownCause/ec2_request_latency_system_failure.csv,False,,train,0.44479962368119735
2014-03-13 04:46:00+00:00,45.728,realKnownCause/ec2_request_latency_system_failure.csv,False,,train,0.4327264764954421
2014-03-13 04:51:00+00:00,41.95,realKnownCause/ec2_request_latency_system_failure.csv,False,,train,0.5611313327410077
2014-03-13 04:56:00+00:00,45.22,realKnownCause/ec2_request_latency_system_failure.csv,False,,train,0.4421770147692111
2014-03-13 05:01:00+00:00,45.496,realKnownCause/ec2_request_latency_system_failure.csv,False,,train,0.4359873232689776
2014-03-13 05:06:00+00:00,42.89,realKnownCause/ec2_request_latency_system_failure.csv,False,,train,0.49070807302810954
2014-03-13 05:11:00+00:00,45.306,realKnownCause/ec2_request_latency_system_failure.csv,False,,train,0.44162471934564274
2014-03-13 05:16:00+00:00,45.0,realKnownCause/ec2_request_latency_system_failure.csv,False,,train,0.4387651203167708
2014-03-13 05:21:00+00:00,44.648,realKnownCause/ec2_request_latency_system_failure.csv,False,,train,0.43559593190354357
2014-03-13 05:26:00+00:00,42.37600000000001,realKnownCause/ec2_request_latency_system_failure.csv,False,,train,0.514885165136644
2014-03-13 05:31:00+00:00,43.92,realKnownCause/ec2_request_latency_system_failure.csv,False,,train,0.4413592152903603
2014-03-13 05:36:00+00:00,44.474,realKnownCause/ec2_request_latency_system_failure.csv,False,,train,0.43239881100113137
2014-03-13 05:41:00+00:00,46.738,realKnownCause/ec2_request_latency_system_failure.csv,False,,train,0.4802923174305363
2014-03-13 05:46:00+00:00,42.69,realKnownCause/ec2_request_latency_system_failure.csv,False,,train,0.4978974956868223
2014-03-13 05:51:00+00:00,45.152,realKnownCause/ec2_request_latency_system_failure.csv,False,,train,0.4411538826197776
2014-03-13 05:56:00+00:00,44.084,realKnownCause/ec2_request_latency_system_failure.csv,False,,train,0.42889341458206837
2014-03-13 06:01:00+00:00,44.154,realKnownCause/ec2_request_latency_system_failure.csv,False,,train,0.4329497265645287
2014-03-13 06:06:00+00:00,46.924,realKnownCause/ec2_request_latency_system_failure.csv,False,,train,0.4832608704944727
2014-03-13 06:11:00+00:00,42.792,realKnownCause/ec2_request_latency_system_failure.csv,False,,train,0.4943691407708324
2014-03-13 06:16:00+00:00,45.13399999999999,realKnownCause/ec2_request_latency_system_failure.csv,False,,train,0.4404514810879136
2014-03-13 06:21:00+00:00,42.382,realKnownCause/ec2_request_latency_system_failure.csv,False,,train,0.5150229340701223
2014-03-13 06:26:00+00:00,45.68,realKnownCause/ec2_request_latency_system_failure.csv,False,,train,0.4300850533320183
2014-03-13 06:31:00+00:00,41.948,realKnownCause/ec2_request_latency_system_failure.csv,False,,train,0.5627313082724881
2014-03-13 06:36:00+00:00,44.178,realKnownCause/ec2_request_latency_system_failure.csv,False,,train,0.43593942905918953
2014-03-13 06:41:00+00:00,43.526,realKnownCause/ec2_request_latency_system_failure.csv,False,,train,0.4752566180355503
2014-03-13 06:46:00+00:00,43.944,realKnownCause/ec2_request_latency_system_failure.csv,False,,train,0.43927815362027345
2014-03-13 06:51:00+00:00,47.344,realKnownCause/ec2_request_latency_system_failure.csv,False,,train,0.5049673102370691
2014-03-13 06:56:00+00:00,43.594,realKnownCause/ec2_request_latency_system_failure.csv,False,,train,0.47217717224406003
2014-03-13 07:01:00+00:00,42.418,realKnownCause/ec2_request_latency_system_failure.csv,False,,train,0.5122214480164862
2014-03-13 07:06:00+00:00,44.084,realKnownCause/ec2_request_latency_system_failure.csv,False,,train,0.42889341458206837
2014-03-13 07:11:00+00:00,45.658,realKnownCause/ec2_request_latency_system_failure.csv,False,,train,0.4284468974951732
2014-03-13 07:16:00+00:00,44.096,realKnownCause/ec2_request_latency_system_failure.csv,False,,train,0.4312640861156812
2014-03-13 07:21:00+00:00,44.128,realKnownCause/ec2_request_latency_system_failure.csv,False,,train,0.4331731691340451
2014-03-13 07:26:00+00:00,43.592,realKnownCause/ec2_request_latency_system_failure.csv,False,,train,0.4715575983778264
2014-03-13 07:31:00+00:00,44.88800000000001,realKnownCause/ec2_request_latency_system_failure.csv,False,,train,0.4367124836364273
2014-03-13 07:36:00+00:00,45.37600000000001,realKnownCause/ec2_request_latency_system_failure.csv,False,,train,0.4355830696549549
2014-03-13 07:41:00+00:00,44.24800000000001,realKnownCause/ec2_request_latency_system_failure.csv,False,,train,0.42945349395617555
2014-03-13 07:46:00+00:00,41.502,realKnownCause/ec2_request_latency_system_failure.csv,False,,train,0.6079598301118262
2014-03-13 07:51:00+00:00,43.598,realKnownCause/ec2_request_latency_system_failure.csv,False,,train,0.473269637640129
2014-03-13 07:56:00+00:00,45.416,realKnownCause/ec2_request_latency_system_failure.csv,False,,train,0.4333034437286415
2014-03-13 08:01:00+00:00,44.32,realKnownCause/ec2_request_latency_system_failure.csv,False,,train,0.4330044834390389
2014-03-13 08:06:00+00:00,43.944,realKnownCause/ec2_request_latency_system_failure.csv,False,,train,0.43927815362027345
2014-03-13 08:11:00+00:00,48.428,realKnownCause/ec2_request_latency_system_failure.csv,False,,train,0.5568782757638963
2014-03-13 08:16:00+00:00,40.492,realKnownCause/ec2_request_latency_system_failure.csv,False,,train,0.7013306225608158
2014-03-13 08:21:00+00:00,43.874,realKnownCause/ec2_request_latency_system_failure.csv,False,,train,0.44479962368119735
2014-03-13 08:26:00+00:00,43.85,realKnownCause/ec2_request_latency_system_failure.csv,False,,train,0.446544517159325
2014-03-13 08:31:00+00:00,46.22,realKnownCause/ec2_request_latency_system_failure.csv,False,,train,0.4590455122975732
2014-03-13 08:36:00+00:00,41.55,realKnownCause/ec2_request_latency_system_failure.csv,False,,train,0.6025640878371042
2014-03-13 08:41:00+00:00,45.306,realKnownCause/ec2_request_latency_system_failure.csv,False,,train,0.44162471934564274
2014-03-13 08:46:00+00:00,42.206,realKnownCause/ec2_request_latency_system_failure.csv,False,,train,0.5351811735557104
2014-03-13 08:51:00+00:00,44.83600000000001,realKnownCause/ec2_request_latency_system_failure.csv,False,,train,0.4385961278336985
2014-03-13 08:56:00+00:00,44.31,realKnownCause/ec2_request_latency_system_failure.csv,False,,train,0.43174244175065457
2014-03-13 09:01:00+00:00,44.23,realKnownCause/ec2_request_latency_system_failure.csv,False,,train,0.43193131110562655
2014-03-13 09:06:00+00:00,44.108,realKnownCause/ec2_request_latency_system_failure.csv,False,,train,0.43091970562063475
2014-03-13 09:11:00+00:00,45.938,realKnownCause/ec2_request_latency_system_failure.csv,False,,train,0.4466448001926465
2014-03-13 09:16:00+00:00,45.024,realKnownCause/ec2_request_latency_system_failure.csv,False,,train,0.43868155066786335
2014-03-13 09:21:00+00:00,40.932,realKnownCause/ec2_request_latency_system_failure.csv,False,,train,0.6518751156116743
2014-03-13 09:26:00+00:00,43.756,realKnownCause/ec2_request_latency_system_failure.csv,False,,train,0.4544087350869944
2014-03-13 09:31:00+00:00,44.95399999999999,realKnownCause/ec2_request_latency_system_failure.csv,False,,train,0.4378221748183924
2014-03-13 09:36:00+00:00,43.642,realKnownCause/ec2_request_latency_system_failure.csv,False,,train,0.4619489612360544
2014-03-13 09:41:00+00:00,47.276,realKnownCause/ec2_request_latency_system_failure.csv,False,,train,0.49845467289518536
2014-03-13 09:46:00+00:00,42.17,realKnownCause/ec2_request_latency_system_failure.csv,False,,train,0.5445603304448824
2014-03-13 09:51:00+00:00,44.08600000000001,realKnownCause/ec2_request_latency_system_failure.csv,False,,train,0.4302561146703409
2014-03-13 09:56:00+00:00,45.212,realKnownCause/ec2_request_latency_system_failure.csv,False,,train,0.44245413626615215
2014-03-13 10:01:00+00:00,46.478,realKnownCause/ec2_request_latency_system_failure.csv,False,,train,0.46707257395543583
2014-03-13 10:06:00+00:00,41.244,realKnownCause/ec2_request_latency_system_failure.csv,False,,train,0.6307195717556462
2014-03-13 10:11:00+00:00,47.09,realKnownCause/ec2_request_latency_system_failure.csv,False,,train,0.48091348973647685
2014-03-13 10:16:00+00:00,43.028,realKnownCause/ec2_request_latency_system_failure.csv,False,,train,0.4918835936318682
2014-03-13 10:21:00+00:00,42.558,realKnownCause/ec2_request_latency_system_failure.csv,False,,train,0.5011493728194476
2014-03-13 10:26:00+00:00,43.92,realKnownCause/ec2_request_latency_system_failure.csv,False,,train,0.4413592152903603
2014-03-13 10:31:00+00:00,43.716,realKnownCause/ec2_request_latency_system_failure.csv,False,,train,0.45824094281887917
2014-03-13 10:36:00+00:00,43.61600000000001,realKnownCause/ec2_request_latency_system_failure.csv,False,,train,0.47498247213431605
2014-03-13 10:41:00+00:00,45.798,realKnownCause/ec2_request_latency_system_failure.csv,False,,train,0.43867504780445893
2014-03-13 10:46:00+00:00,44.64,realKnownCause/ec2_request_latency_system_failure.csv,False,,train,0.4362080451191372
2014-03-13 10:51:00+00:00,42.348,realKnownCause/ec2_request_latency_system_failure.csv,False,,train,0.5164710224470695
2014-03-13 10:56:00+00:00,43.964,realKnownCause/ec2_request_latency_system_failure.csv,False,,train,0.4393779001259117
2014-03-13 11:01:00+00:00,44.71,realKnownCause/ec2_request_latency_system_failure.csv,False,,train,0.43835748140053377
2014-03-13 11:06:00+00:00,43.826,realKnownCause/ec2_request_latency_system_failure.csv,False,,train,0.44751141519517224
2014-03-13 11:11:00+00:00,47.09,realKnownCause/ec2_request_latency_system_failure.csv,False,,train,0.48091348973647685
2014-03-13 11:16:00+00:00,42.23,realKnownCause/ec2_request_latency_system_failure.csv,False,,train,0.5334191278959407
2014-03-13 11:21:00+00:00,44.202,realKnownCause/ec2_request_latency_system_failure.csv,False,,train,0.4344588537703677
2014-03-13 11:26:00+00:00,43.68600000000001,realKnownCause/ec2_request_latency_system_failure.csv,False,,train,0.45779196862250376
2014-03-13 11:31:00+00:00,47.62,realKnownCause/ec2_request_latency_system_failure.csv,False,,train,0.5149605983236916
2014-03-13 11:36:00+00:00,40.564,realKnownCause/ec2_request_latency_system_failure.csv,False,,train,0.6926038036414452
2014-03-13 11:41:00+00:00,45.598,realKnownCause/ec2_request_latency_system_failure.csv,False,,train,0.43204628271299106
2014-03-13 11:46:00+00:00,44.054,realKnownCause/ec2_request_latency_system_failure.csv,False,,train,0.4394722389012292
2014-03-13 11:51:00+00:00,45.54,realKnownCause/ec2_request_latency_system_failure.csv,False,,train,0.4341836577921198
2014-03-13 11:56:00+00:00,43.826,realKnownCause/ec2_request_latency_system_failure.csv,False,,train,0.44751141519517224
2014-03-13 12:01:00+00:00,43.756,realKnownCause/ec2_request_latency_system_failure.csv,False,,train,0.4544087350869944
2014-03-13 12:06:00+00:00,45.142,realKnownCause/ec2_request_latency_system_failure.csv,False,,train,0.4412266877535353
2014-03-13 12:11:00+00:00,44.226000000000006,realKnownCause/ec2_request_latency_system_failure.csv,False,,train,0.4326682263486753
2014-03-13 12:16:00+00:00,46.49800000000001,realKnownCause/ec2_request_latency_system_failure.csv,False,,train,0.46566765220825507
2014-03-13 12:21:00+00:00,42.958,realKnownCause/ec2_request_latency_system_failure.csv,False,,train,0.4959502744421218
2014-03-13 12:26:00+00:00,41.972,realKnownCause/ec2_request_latency_system_failure.csv,False,,train,0.5592083195564858
2014-03-13 12:31:00+00:00,43.802,realKnownCause/ec2_request_latency_system_failure.csv,False,,train,0.4523739421433192
2014-03-13 12:36:00+00:00,43.85,realKnownCause/ec2_request_latency_system_failure.csv,False,,train,0.446544517159325
2014-03-13 12:41:00+00:00,43.85,realKnownCause/ec2_request_latency_system_failure.csv,False,,train,0.446544517159325
2014-03-13 12:46:00+00:00,45.024,realKnownCause/ec2_request_latency_system_failure.csv,False,,train,0.43868155066786335
2014-03-13 12:51:00+00:00,44.36,realKnownCause/ec2_request_latency_system_failure.csv,False,,train,0.4306973918302931
2014-03-13 12:56:00+00:00,44.37600000000001,realKnownCause/ec2_request_latency_system_failure.csv,False,,train,0.4326144548842265
2014-03-13 13:01:00+00:00,43.99,realKnownCause/ec2_request_latency_system_failure.csv,False,,train,0.44253654620735267
2014-03-13 13:06:00+00:00,45.51600000000001,realKnownCause/ec2_request_latency_system_failure.csv,False,,train,0.4353239014694586
2014-03-13 13:11:00+00:00,43.61600000000001,realKnownCause/ec2_request_latency_system_failure.csv,False,,train,0.47498247213431605
2014-03-13 13:16:00+00:00,44.36600000000001,realKnownCause/ec2_request_latency_system_failure.csv,False,,train,0.4307109844955651
2014-03-13 13:21:00+00:00,45.61600000000001,realKnownCause/ec2_request_latency_system_failure.csv,False,,train,0.42858184196721993
2014-03-13 13:26:00+00:00,43.43600000000001,realKnownCause/ec2_request_latency_system_failure.csv,False,,train,0.47849874873385473
2014-03-13 13:31:00+00:00,42.442,realKnownCause/ec2_request_latency_system_failure.csv,False,,train,0.5099858613552871
2014-03-13 13:36:00+00:00,44.9,realKnownCause/ec2_request_latency_system_failure.csv,False,,train,0.4364917461098355
2014-03-13 13:41:00+00:00,45.58600000000001,realKnownCause/ec2_request_latency_system_failure.csv,False,,train,0.43493393374782885
2014-03-13 13:46:00+00:00,44.062,realKnownCause/ec2_request_latency_system_failure.csv,False,,train,0.43565402162523054
2014-03-13 13:51:00+00:00,45.68,realKnownCause/ec2_request_latency_system_failure.csv,False,,train,0.4300850533320183
2014-03-13 13:56:00+00:00,43.624,realKnownCause/ec2_request_latency_system_failure.csv,False,,train,0.46892506843135057
2014-03-13 14:01:00+00:00,44.4,realKnownCause/ec2_request_latency_system_failure.csv,False,,train,0.4327312938400981
2014-03-13 14:06:00+00:00,42.724,realKnownCause/ec2_request_latency_system_failure.csv,False,,train,0.49438864634777396
2014-03-13 14:11:00+00:00,45.61,realKnownCause/ec2_request_latency_system_failure.csv,False,,train,0.42953429966551965
2014-03-13 14:16:00+00:00,45.47,realKnownCause/ec2_request_latency_system_failure.csv,False,,train,0.4322810560513369
2014-03-13 14:21:00+00:00,41.76,realKnownCause/ec2_request_latency_system_failure.csv,False,,train,0.5787424296678636
2014-03-13 14:26:00+00:00,44.36600000000001,realKnownCause/ec2_request_latency_system_failure.csv,False,,train,0.4307109844955651
2014-03-13 14:31:00+00:00,43.944,realKnownCause/ec2_request_latency_system_failure.csv,False,,train,0.43927815362027345
2014-03-13 14:36:00+00:00,44.882,realKnownCause/ec2_request_latency_system_failure.csv,False,,train,0.43803456895540027
2014-03-13 14:41:00+00:00,42.7,realKnownCause/ec2_request_latency_system_failure.csv,False,,train,0.49778946228524606
2014-03-13 14:46:00+00:00,48.438,realKnownCause/ec2_request_latency_system_failure.csv,False,,train,0.5574061257967845
2014-03-13 14:51:00+00:00,39.612,realKnownCause/ec2_request_latency_system_failure.csv,False,,train,0.7554985859346608
2014-03-13 14:56:00+00:00,45.752,realKnownCause/ec2_request_latency_system_failure.csv,False,,train,0.4358459349532149
2014-03-13 15:01:00+00:00,44.108,realKnownCause/ec2_request_latency_system_failure.csv,False,,train,0.43091970562063475
2014-03-13 15:06:00+00:00,44.146,realKnownCause/ec2_request_latency_system_failure.csv,False,,train,0.43326825468628327
2014-03-13 15:11:00+00:00,46.96,realKnownCause/ec2_request_latency_system_failure.csv,False,,train,0.4829374801020161
2014-03-13 15:16:00+00:00,44.342,realKnownCause/ec2_request_latency_system_failure.csv,False,,train,0.43237943848661753
2014-03-13 15:21:00+00:00,41.972,realKnownCause/ec2_request_latency_system_failure.csv,False,,train,0.5592083195564858
2014-03-13 15:26:00+00:00,44.014,realKnownCause/ec2_request_latency_system_failure.csv,False,,train,0.44510842042244514
2014-03-13 15:31:00+00:00,43.708,realKnownCause/ec2_request_latency_system_failure.csv,False,,train,0.4579021753792813
2014-03-13 15:36:00+00:00,44.724,realKnownCause/ec2_request_latency_system_failure.csv,False,,train,0.43874330472297257
2014-03-13 15:41:00+00:00,44.624,realKnownCause/ec2_request_latency_system_failure.csv,False,,train,0.4353718578930934
2014-03-13 15:46:00+00:00,45.846,realKnownCause/ec2_request_latency_system_failure.csv,False,,train,0.4441259456879541
2014-03-13 15:51:00+00:00,43.348,realKnownCause/ec2_request_latency_system_failure.csv,False,,train,0.48645907516862735
2014-03-13 15:56:00+00:00,45.14,realKnownCause/ec2_request_latency_system_failure.csv,False,,train,0.43962903255077845
2014-03-13 16:01:00+00:00,45.118,realKnownCause/ec2_request_latency_system_failure.csv,False,,train,0.43937965831254716
2014-03-13 16:06:00+00:00,45.164,realKnownCause/ec2_request_latency_system_failure.csv,False,,train,0.44206300889374345
2014-03-13 16:11:00+00:00,48.662,realKnownCause/ec2_request_latency_system_failure.csv,False,,train,0.5645332128741194
2014-03-13 16:16:00+00:00,43.356,realKnownCause/ec2_request_latency_system_failure.csv,False,,train,0.4865074249068813
2014-03-13 16:21:00+00:00,47.112,realKnownCause/ec2_request_latency_system_failure.csv,False,,train,0.48327966756208185
2014-03-13 16:26:00+00:00,44.342,realKnownCause/ec2_request_latency_system_failure.csv,False,,train,0.43237943848661753
2014-03-13 16:31:00+00:00,43.522,realKnownCause/ec2_request_latency_system_failure.csv,False,,train,0.47660799516701574
2014-03-13 16:36:00+00:00,44.43,realKnownCause/ec2_request_latency_system_failure.csv,False,,train,0.4294455939933375
2014-03-13 16:41:00+00:00,46.878,realKnownCause/ec2_request_latency_system_failure.csv,False,,train,0.4871963566080978
2014-03-13 16:46:00+00:00,43.122,realKnownCause/ec2_request_latency_system_failure.csv,False,,train,0.48743092617376915
2014-03-13 16:51:00+00:00,44.53,realKnownCause/ec2_request_latency_system_failure.csv,False,,train,0.4332412631009113
2014-03-13 16:56:00+00:00,45.56399999999999,realKnownCause/ec2_request_latency_system_failure.csv,False,,train,0.43469855889689296
2014-03-13 17:01:00+00:00,45.258,realKnownCause/ec2_request_latency_system_failure.csv,False,,train,0.4387504927205348
2014-03-13 17:06:00+00:00,45.258,realKnownCause/ec2_request_latency_system_failure.csv,False,,train,0.4387504927205348
2014-03-13 17:11:00+00:00,45.06800000000001,realKnownCause/ec2_request_latency_system_failure.csv,False,,train,0.4404145776072563
2014-03-13 17:16:00+00:00,43.874,realKnownCause/ec2_request_latency_system_failure.csv,False,,train,0.44479962368119735
2014-03-13 17:21:00+00:00,45.798,realKnownCause/ec2_request_latency_system_failure.csv,False,,train,0.43867504780445893
2014-03-13 17:26:00+00:00,45.70399999999999,realKnownCause/ec2_request_latency_system_failure.csv,False,,train,0.43355890315626966
2014-03-13 17:31:00+00:00,45.502,realKnownCause/ec2_request_latency_system_failure.csv,False,,train,0.4341619526253281
2014-03-13 17:36:00+00:00,49.624,realKnownCause/ec2_request_latency_system_failure.csv,False,,train,0.6606926226866386
2014-03-13 17:41:00+00:00,43.428,realKnownCause/ec2_request_latency_system_failure.csv,False,,train,0.47884773095934746
2014-03-13 17:46:00+00:00,45.742,realKnownCause/ec2_request_latency_system_failure.csv,False,,train,0.4362648413002363
2014-03-13 17:51:00+00:00,48.052,realKnownCause/ec2_request_latency_system_failure.csv,False,,train,0.5425681189739321
2014-03-13 17:56:00+00:00,44.506,realKnownCause/ec2_request_latency_system_failure.csv,False,,train,0.43041168973225946
2014-03-13 18:01:00+00:00,45.61,realKnownCause/ec2_request_latency_system_failure.csv,False,,train,0.42953429966551965
2014-03-13 18:06:00+00:00,46.066,realKnownCause/ec2_request_latency_system_failure.csv,False,,train,0.4529128063898096
2014-03-13 18:11:00+00:00,50.37600000000001,realKnownCause/ec2_request_latency_system_failure.csv,False,,train,0.7289173975158503
2014-03-13 18:16:00+00:00,42.452,realKnownCause/ec2_request_latency_system_failure.csv,False,,train,0.5089124380602283
2014-03-13 18:21:00+00:00,46.858,realKnownCause/ec2_request_latency_system_failure.csv,False,,train,0.48678771154890405
2014-03-13 18:26:00+00:00,45.422,realKnownCause/ec2_request_latency_system_failure.csv,False,,train,0.43292748605429004
2014-03-13 18:31:00+00:00,45.44600000000001,realKnownCause/ec2_request_latency_system_failure.csv,False,,train,0.43435735888937343
2014-03-13 18:36:00+00:00,48.31,realKnownCause/ec2_request_latency_system_failure.csv,False,,train,0.559993970535435
2014-03-13 18:41:00+00:00,45.03,realKnownCause/ec2_request_latency_system_failure.csv,False,,train,0.4390387690685278
2014-03-13 18:46:00+00:00,46.092,realKnownCause/ec2_request_latency_system_failure.csv,False,,train,0.4536369945819582
2014-03-13 18:51:00+00:00,44.976000000000006,realKnownCause/ec2_request_latency_system_failure.csv,False,,train,0.4367896451771438
2014-03-13 18:56:00+00:00,47.64,realKnownCause/ec2_request_latency_system_failure.csv,False,,train,0.5179634172878113
2014-03-13 19:01:00+00:00,46.282,realKnownCause/ec2_request_latency_system_failure.csv,False,,train,0.45979806427538106
2014-03-13 19:06:00+00:00,46.04,realKnownCause/ec2_request_latency_system_failure.csv,False,,train,0.4485692143973756
2014-03-13 19:11:00+00:00,49.518,realKnownCause/ec2_request_latency_system_failure.csv,False,,train,0.6519629550803746
2014-03-13 19:16:00+00:00,44.04600000000001,realKnownCause/ec2_request_latency_system_failure.csv,False,,train,0.4424008670186139
2014-03-13 19:21:00+00:00,48.416,realKnownCause/ec2_request_latency_system_failure.csv,False,,train,0.5567420105383514
2014-03-13 19:26:00+00:00,43.216,realKnownCause/ec2_request_latency_system_failure.csv,False,,train,0.48864173836156893
2014-03-13 19:31:00+00:00,45.798,realKnownCause/ec2_request_latency_system_failure.csv,False,,train,0.43867504780445893
2014-03-13 19:36:00+00:00,46.45,realKnownCause/ec2_request_latency_system_failure.csv,False,,train,0.4672069845027652
2014-03-13 19:41:00+00:00,48.944,realKnownCause/ec2_request_latency_system_failure.csv,False,,train,0.6055039034733904
2014-03-13 19:46:00+00:00,43.99,realKnownCause/ec2_request_latency_system_failure.csv,False,,train,0.44253654620735267
2014-03-13 19:51:00+00:00,45.846,realKnownCause/ec2_request_latency_system_failure.csv,False,,train,0.4441259456879541
2014-03-13 19:56:00+00:00,47.69,realKnownCause/ec2_request_latency_system_failure.csv,False,,train,0.5177939346486564
2014-03-13 20:01:00+00:00,46.978,realKnownCause/ec2_request_latency_system_failure.csv,False,,train,0.4840887335780896
2014-03-13 20:06:00+00:00,47.184,realKnownCause/ec2_request_latency_system_failure.csv,False,,train,0.48661188451073195
2014-03-13 20:11:00+00:00,44.672,realKnownCause/ec2_request_latency_system_failure.csv,False,,train,0.43753821283640176
2014-03-13 20:16:00+00:00,45.868,realKnownCause/ec2_request_latency_system_failure.csv,False,,train,0.4448166341136521
2014-03-13 20:21:00+00:00,45.26,realKnownCause/ec2_request_latency_system_failure.csv,False,,train,0.4394705405636965
2014-03-13 20:26:00+00:00,45.728,realKnownCause/ec2_request_latency_system_failure.csv,False,,train,0.4327264764954421
2014-03-13 20:31:00+00:00,47.16,realKnownCause/ec2_request_latency_system_failure.csv,False,,train,0.4882846565410343
2014-03-13 20:36:00+00:00,44.93,realKnownCause/ec2_request_latency_system_failure.csv,False,,train,0.4375204611438128
2014-03-13 20:41:00+00:00,44.976000000000006,realKnownCause/ec2_request_latency_system_failure.csv,False,,train,0.4367896451771438
2014-03-13 20:46:00+00:00,45.604,realKnownCause/ec2_request_latency_system_failure.csv,False,,train,0.4320861096429926
2014-03-13 20:51:00+00:00,48.004,realKnownCause/ec2_request_latency_system_failure.csv,False,,train,0.5355861130472213
2014-03-13 20:56:00+00:00,44.062,realKnownCause/ec2_request_latency_system_failure.csv,False,,train,0.43565402162523054
2014-03-13 21:01:00+00:00,46.548,realKnownCause/ec2_request_latency_system_failure.csv,False,,train,0.4631214119696833
2014-03-13 21:06:00+00:00,43.968,realKnownCause/ec2_request_latency_system_failure.csv,False,,train,0.44034555114864427
2014-03-13 21:11:00+00:00,48.732,realKnownCause/ec2_request_latency_system_failure.csv,False,,train,0.5759590278885562
2014-03-13 21:16:00+00:00,47.794,realKnownCause/ec2_request_latency_system_failure.csv,False,,train,0.5244239534876639
2014-03-13 21:21:00+00:00,43.944,realKnownCause/ec2_request_latency_system_failure.csv,False,,train,0.43927815362027345
2014-03-13 21:26:00+00:00,46.182,realKnownCause/ec2_request_latency_system_failure.csv,False,,train,0.4564184979356657
2014-03-13 21:31:00+00:00,47.648,realKnownCause/ec2_request_latency_system_failure.csv,False,,train,0.5160942231984041
2014-03-13 21:36:00+00:00,44.824,realKnownCause/ec2_request_latency_system_failure.csv,False,,train,0.43982658282915943
2014-03-13 21:41:00+00:00,47.512,realKnownCause/ec2_request_latency_system_failure.csv,False,,train,0.5107853812171391
2014-03-13 21:46:00+00:00,45.666,realKnownCause/ec2_request_latency_system_failure.csv,False,,train,0.4283307491489091
2014-03-13 21:51:00+00:00,47.33600000000001,realKnownCause/ec2_request_latency_system_failure.csv,False,,train,0.5050649698648823
2014-03-13 21:56:00+00:00,46.482,realKnownCause/ec2_request_latency_system_failure.csv,False,,train,0.46721868535785327
2014-03-13 22:01:00+00:00,49.254,realKnownCause/ec2_request_latency_system_failure.csv,False,,train,0.6356519031547936
2014-03-13 22:06:00+00:00,44.21,realKnownCause/ec2_request_latency_system_failure.csv,False,,train,0.43215699533572466
2014-03-13 22:11:00+00:00,47.898,realKnownCause/ec2_request_latency_system_failure.csv,False,,train,0.5263415282266921
2014-03-13 22:16:00+00:00,46.33,realKnownCause/ec2_request_latency_system_failure.csv,False,,train,0.4618267784759302
2014-03-13 22:21:00+00:00,47.7,realKnownCause/ec2_request_latency_system_failure.csv,False,,train,0.5186941258601508
2014-03-13 22:26:00+00:00,44.742,realKnownCause/ec2_request_latency_system_failure.csv,False,,train,0.43773936957533155
2014-03-13 22:31:00+00:00,48.592,realKnownCause/ec2_request_latency_system_failure.csv,False,,train,0.5598772365680091
2014-03-13 22:36:00+00:00,44.6,realKnownCause/ec2_request_latency_system_failure.csv,False,,train,0.4344664971837925
2014-03-13 22:41:00+00:00,44.062,realKnownCause/ec2_request_latency_system_failure.csv,False,,train,0.43565402162523054
2014-03-13 22:46:00+00:00,46.408,realKnownCause/ec2_request_latency_system_failure.csv,False,,train,0.46738674557946036
2014-03-13 22:51:00+00:00,45.63399999999999,realKnownCause/ec2_request_latency_system_failure.csv,False,,train,0.42830323402121195
2014-03-13 22:56:00+00:00,49.43600000000001,realKnownCause/ec2_request_latency_system_failure.csv,False,,train,0.6464546869060385
2014-03-13 23:01:00+00:00,44.6,realKnownCause/ec2_request_latency_system_failure.csv,False,,train,0.4344664971837925
2014-03-13 23:06:00+00:00,48.052,realKnownCause/ec2_request_latency_system_failure.csv,False,,train,0.5425681189739321
2014-03-13 23:11:00+00:00,45.728,realKnownCause/ec2_request_latency_system_failure.csv,False,,train,0.4327264764954421
2014-03-13 23:16:00+00:00,47.324,realKnownCause/ec2_request_latency_system_failure.csv,False,,train,0.5058698803671976
2014-03-13 23:21:00+00:00,44.95399999999999,realKnownCause/ec2_request_latency_system_failure.csv,False,,train,0.4378221748183924
2014-03-13 23:26:00+00:00,45.70399999999999,realKnownCause/ec2_request_latency_system_failure.csv,False,,train,0.43355890315626966
2014-03-13 23:31:00+00:00,47.91,realKnownCause/ec2_request_latency_system_failure.csv,False,,train,0.525681392803622
2014-03-13 23:36:00+00:00,42.27,realKnownCause/ec2_request_latency_system_failure.csv,False,,train,0.529481530461556
2014-03-13 23:41:00+00:00,45.67,realKnownCause/ec2_request_latency_system_failure.csv,False,,train,0.4288964752364766
2014-03-13 23:46:00+00:00,44.226000000000006,realKnownCause/ec2_request_latency_system_failure.csv,False,,train,0.4326682263486753
2014-03-13 23:51:00+00:00,44.93,realKnownCause/ec2_request_latency_system_failure.csv,False,,train,0.4375204611438128
2014-03-13 23:56:00+00:00,46.362,realKnownCause/ec2_request_latency_system_failure.csv,False,,train,0.4653235847577914
2014-03-14 00:01:00+00:00,45.962,realKnownCause/ec2_request_latency_system_failure.csv,False,,train,0.4433516007087148
2014-03-14 00:06:00+00:00,44.984,realKnownCause/ec2_request_latency_system_failure.csv,False,,train,0.43907061960894195
2014-03-14 00:11:00+00:00,44.554,realKnownCause/ec2_request_latency_system_failure.csv,False,,train,0.43327554820505476
2014-03-14 00:16:00+00:00,44.928,realKnownCause/ec2_request_latency_system_failure.csv,False,,train,0.4369557177443604
2014-03-14 00:21:00+00:00,44.624,realKnownCause/ec2_request_latency_system_failure.csv,False,,train,0.4353718578930934
2014-03-14 00:26:00+00:00,43.708,realKnownCause/ec2_request_latency_system_failure.csv,False,,train,0.4579021753792813
2014-03-14 00:31:00+00:00,46.268,realKnownCause/ec2_request_latency_system_failure.csv,False,,train,0.45948752437721596
2014-03-14 00:36:00+00:00,42.348,realKnownCause/ec2_request_latency_system_failure.csv,False,,train,0.5164710224470695
2014-03-14 00:41:00+00:00,43.806,realKnownCause/ec2_request_latency_system_failure.csv,False,,train,0.4510894750756555
2014-03-14 00:46:00+00:00,43.896,realKnownCause/ec2_request_latency_system_failure.csv,False,,train,0.4425270796620171
2014-03-14 00:51:00+00:00,48.802,realKnownCause/ec2_request_latency_system_failure.csv,False,,train,0.5886949818582053
2014-03-14 00:56:00+00:00,42.394,realKnownCause/ec2_request_latency_system_failure.csv,False,,train,0.5137627082480004
2014-03-14 01:01:00+00:00,44.178,realKnownCause/ec2_request_latency_system_failure.csv,False,,train,0.43593942905918953
2014-03-14 01:06:00+00:00,45.75,realKnownCause/ec2_request_latency_system_failure.csv,False,,train,0.4367680254986849
2014-03-14 01:11:00+00:00,43.68600000000001,realKnownCause/ec2_request_latency_system_failure.csv,False,,train,0.45779196862250376
2014-03-14 01:16:00+00:00,44.93,realKnownCause/ec2_request_latency_system_failure.csv,False,,train,0.4375204611438128
2014-03-14 01:21:00+00:00,44.178,realKnownCause/ec2_request_latency_system_failure.csv,False,,train,0.43593942905918953
2014-03-14 01:26:00+00:00,45.306,realKnownCause/ec2_request_latency_system_failure.csv,False,,train,0.44162471934564274
2014-03-14 01:31:00+00:00,42.17,realKnownCause/ec2_request_latency_system_failure.csv,False,,train,0.5445603304448824
2014-03-14 01:36:00+00:00,48.562,realKnownCause/ec2_request_latency_system_failure.csv,False,,train,0.5599473290916749
2014-03-14 01:41:00+00:00,40.774,realKnownCause/ec2_request_latency_system_failure.csv,False,,train,0.6648598920782415
2014-03-14 01:46:00+00:00,44.29600000000001,realKnownCause/ec2_request_latency_system_failure.csv,False,,train,0.43207583364438623
2014-03-14 01:51:00+00:00,43.874,realKnownCause/ec2_request_latency_system_failure.csv,False,,train,0.44479962368119735
2014-03-14 01:56:00+00:00,45.854,realKnownCause/ec2_request_latency_system_failure.csv,False,,train,0.44522623210926
2014-03-14 02:01:00+00:00,45.44600000000001,realKnownCause/ec2_request_latency_system_failure.csv,False,,train,0.43435735888937343
2014-03-14 02:06:00+00:00,43.192,realKnownCause/ec2_request_latency_system_failure.csv,False,,train,0.48853471810073257
2014-03-14 02:11:00+00:00,47.114,realKnownCause/ec2_request_latency_system_failure.csv,False,,train,0.48327966756208185
2014-03-14 02:16:00+00:00,42.184,realKnownCause/ec2_request_latency_system_failure.csv,False,,train,0.5417851423332849
2014-03-14 02:21:00+00:00,46.572,realKnownCause/ec2_request_latency_system_failure.csv,False,,train,0.46574072730541194
2014-03-14 02:26:00+00:00,41.408,realKnownCause/ec2_request_latency_system_failure.csv,False,,train,0.6164427193493117
2014-03-14 02:31:00+00:00,44.342,realKnownCause/ec2_request_latency_system_failure.csv,False,,train,0.43237943848661753
2014-03-14 02:36:00+00:00,45.68,realKnownCause/ec2_request_latency_system_failure.csv,False,,train,0.4300850533320183
2014-03-14 02:41:00+00:00,44.508,realKnownCause/ec2_request_latency_system_failure.csv,False,,train,0.4305159052251081
2014-03-14 02:46:00+00:00,42.136,realKnownCause/ec2_request_latency_system_failure.csv,False,,train,0.5441096962549824
2014-03-14 02:51:00+00:00,44.202,realKnownCause/ec2_request_latency_system_failure.csv,False,,train,0.4344588537703677
2014-03-14 02:56:00+00:00,46.08,realKnownCause/ec2_request_latency_system_failure.csv,False,,train,0.45165825990729647
2014-03-14 03:01:00+00:00,45.0,realKnownCause/ec2_request_latency_system_failure.csv,False,,train,0.4387651203167708
2014-03-14 03:06:00+00:00,47.112,realKnownCause/ec2_request_latency_system_failure.csv,False,,train,0.48327966756208185
2014-03-14 03:11:00+00:00,46.154,realKnownCause/ec2_request_latency_system_failure.csv,False,,train,0.45803311551751674
2014-03-14 03:16:00+00:00,41.268,realKnownCause/ec2_request_latency_system_failure.csv,False,,train,0.6293554930168342
2014-03-14 03:21:00+00:00,43.41,realKnownCause/ec2_request_latency_system_failure.csv,False,,train,0.4786856757291414
2014-03-14 03:26:00+00:00,44.108,realKnownCause/ec2_request_latency_system_failure.csv,False,,train,0.43091970562063475
2014-03-14 03:31:00+00:00,44.46,realKnownCause/ec2_request_latency_system_failure.csv,True,nab_event_1,train,0.432789328447324
2014-03-14 03:36:00+00:00,45.104,realKnownCause/ec2_request_latency_system_failure.csv,True,nab_event_1,train,0.43830949669097996
2014-03-14 03:41:00+00:00,49.268,realKnownCause/ec2_request_latency_system_failure.csv,True,nab_event_1,train,0.6366101192737565
2014-03-14 03:46:00+00:00,42.254,realKnownCause/ec2_request_latency_system_failure.csv,True,nab_event_1,train,0.5283766937808413
2014-03-14 03:51:00+00:00,45.14,realKnownCause/ec2_request_latency_system_failure.csv,True,nab_event_1,train,0.43962903255077845
2014-03-14 03:56:00+00:00,47.16,realKnownCause/ec2_request_latency_system_failure.csv,True,nab_event_1,train,0.4882846565410343
2014-03-14 04:01:00+00:00,41.38399999999999,realKnownCause/ec2_request_latency_system_failure.csv,True,nab_event_1,train,0.6201408928821173
2014-03-14 04:06:00+00:00,44.108,realKnownCause/ec2_request_latency_system_failure.csv,True,nab_event_1,train,0.43091970562063475
2014-03-14 04:11:00+00:00,47.63,realKnownCause/ec2_request_latency_system_failure.csv,True,nab_event_1,train,0.5173682405525717
2014-03-14 04:16:00+00:00,42.254,realKnownCause/ec2_request_latency_system_failure.csv,True,nab_event_1,train,0.5283766937808413
2014-03-14 04:21:00+00:00,43.858,realKnownCause/ec2_request_latency_system_failure.csv,True,nab_event_1,train,0.44580836011763075
2014-03-14 04:26:00+00:00,43.846,realKnownCause/ec2_request_latency_system_failure.csv,True,nab_event_1,train,0.4461021202795253
2014-03-14 04:31:00+00:00,44.976000000000006,realKnownCause/ec2_request_latency_system_failure.csv,True,nab_event_1,train,0.4367896451771438
2014-03-14 04:36:00+00:00,42.746,realKnownCause/ec2_request_latency_system_failure.csv,True,nab_event_1,train,0.4953371442812581
2014-03-14 04:41:00+00:00,45.996,realKnownCause/ec2_request_latency_system_failure.csv,True,nab_event_1,train,0.44488380934737287
2014-03-14 04:46:00+00:00,42.84,realKnownCause/ec2_request_latency_system_failure.csv,True,nab_event_1,train,0.49186432228451094
2014-03-14 04:51:00+00:00,42.88800000000001,realKnownCause/ec2_request_latency_system_failure.csv,True,nab_event_1,train,0.490479934010925
2014-03-14 04:56:00+00:00,45.58600000000001,realKnownCause/ec2_request_latency_system_failure.csv,True,nab_event_1,train,0.43493393374782885
2014-03-14 05:01:00+00:00,44.178,realKnownCause/ec2_request_latency_system_failure.csv,True,nab_event_1,train,0.43593942905918953
2014-03-14 05:06:00+00:00,45.306,realKnownCause/ec2_request_latency_system_failure.csv,True,nab_event_1,train,0.44162471934564274
2014-03-14 05:11:00+00:00,46.12600000000001,realKnownCause/ec2_request_latency_system_failure.csv,True,nab_event_1,train,0.4542553800399752
2014-03-14 05:16:00+00:00,42.726000000000006,realKnownCause/ec2_request_latency_system_failure.csv,True,nab_event_1,train,0.4936319060047484
2014-03-14 05:21:00+00:00,44.238,realKnownCause/ec2_request_latency_system_failure.csv,True,nab_event_1,train,0.4298063868795395
2014-03-14 05:26:00+00:00,44.43600000000001,realKnownCause/ec2_request_latency_system_failure.csv,True,nab_event_1,train,0.4302246579615832
2014-03-14 05:31:00+00:00,46.38,realKnownCause/ec2_request_latency_system_failure.csv,True,nab_event_1,train,0.4637137916814436
2014-03-14 05:36:00+00:00,44.508,realKnownCause/ec2_request_latency_system_failure.csv,True,nab_event_1,train,0.4305159052251081
2014-03-14 05:41:00+00:00,47.09,realKnownCause/ec2_request_latency_system_failure.csv,True,nab_event_1,train,0.48091348973647685
2014-03-14 05:46:00+00:00,45.258,realKnownCause/ec2_request_latency_system_failure.csv,True,nab_event_1,train,0.4387504927205348
2014-03-14 05:51:00+00:00,42.292,realKnownCause/ec2_request_latency_system_failure.csv,True,nab_event_1,train,0.5280189359365296
2014-03-14 05:56:00+00:00,46.032,realKnownCause/ec2_request_latency_system_failure.csv,True,nab_event_1,train,0.44725438666628053
2014-03-14 06:01:00+00:00,44.694,realKnownCause/ec2_request_latency_system_failure.csv,True,nab_event_1,train,0.4375363241195134
2014-03-14 06:06:00+00:00,44.718,realKnownCause/ec2_request_latency_system_failure.csv,True,nab_event_1,train,0.43889233069206235
2014-03-14 06:11:00+00:00,46.08,realKnownCause/ec2_request_latency_system_failure.csv,True,nab_event_1,train,0.45165825990729647
2014-03-14 06:16:00+00:00,49.976000000000006,realKnownCause/ec2_request_latency_system_failure.csv,True,nab_event_1,train,0.6918264785815978
2014-03-14 06:21:00+00:00,38.216,realKnownCause/ec2_request_latency_system_failure.csv,True,nab_event_1,train,0.7772752503949855
2014-03-14 06:26:00+00:00,44.718,realKnownCause/ec2_request_latency_system_failure.csv,True,nab_event_1,train,0.43889233069206235
2014-03-14 06:31:00+00:00,46.04600000000001,realKnownCause/ec2_request_latency_system_failure.csv,True,nab_event_1,train,0.44800400864077294
2014-03-14 06:36:00+00:00,46.184,realKnownCause/ec2_request_latency_system_failure.csv,True,nab_event_1,train,0.4566628506700325
2014-03-14 06:41:00+00:00,45.04600000000001,realKnownCause/ec2_request_latency_system_failure.csv,True,nab_event_1,train,0.4390489848674321
2014-03-14 06:46:00+00:00,44.18,realKnownCause/ec2_request_latency_system_failure.csv,True,nab_event_1,train,0.43640091653260116
2014-03-14 06:51:00+00:00,46.104,realKnownCause/ec2_request_latency_system_failure.csv,True,nab_event_1,train,0.45392759858049186
2014-03-14 06:56:00+00:00,45.34,realKnownCause/ec2_request_latency_system_failure.csv,True,nab_event_1,train,0.4386901623589049
2014-03-14 07:01:00+00:00,43.322,realKnownCause/ec2_request_latency_system_failure.csv,True,nab_event_1,train,0.48846271253718965
2014-03-14 07:06:00+00:00,47.112,realKnownCause/ec2_request_latency_system_failure.csv,True,nab_event_1,train,0.48327966756208185
2014-03-14 07:11:00+00:00,43.01600000000001,realKnownCause/ec2_request_latency_system_failure.csv,True,nab_event_1,train,0.491366701841975
2014-03-14 07:16:00+00:00,46.292,realKnownCause/ec2_request_latency_system_failure.csv,True,nab_event_1,train,0.4588226861059204
2014-03-14 07:21:00+00:00,42.418,realKnownCause/ec2_request_latency_system_failure.csv,True,nab_event_1,train,0.5122214480164862
2014-03-14 07:26:00+00:00,43.972,realKnownCause/ec2_request_latency_system_failure.csv,True,nab_event_1,train,0.44023856967112823
2014-03-14 07:31:00+00:00,43.896,realKnownCause/ec2_request_latency_system_failure.csv,True,nab_event_1,train,0.4425270796620171
2014-03-14 07:36:00+00:00,46.15,realKnownCause/ec2_request_latency_system_failure.csv,True,nab_event_1,train,0.45642973206493986
2014-03-14 07:41:00+00:00,44.414,realKnownCause/ec2_request_latency_system_failure.csv,True,nab_event_1,train,0.4328803248190742
2014-03-14 07:46:00+00:00,45.916,realKnownCause/ec2_request_latency_system_failure.csv,True,nab_event_1,train,0.44691469657984356
2014-03-14 07:51:00+00:00,45.094,realKnownCause/ec2_request_latency_system_failure.csv,True,nab_event_1,train,0.4409349441159919
2014-03-14 07:56:00+00:00,43.24,realKnownCause/ec2_request_latency_system_failure.csv,True,nab_event_1,train,0.4904457232235148
2014-03-14 08:01:00+00:00,44.29600000000001,realKnownCause/ec2_request_latency_system_failure.csv,True,nab_event_1,train,0.43207583364438623
2014-03-14 08:06:00+00:00,44.192,realKnownCause/ec2_request_latency_system_failure.csv,True,nab_event_1,train,0.4359574263329995
2014-03-14 08:11:00+00:00,46.714,realKnownCause/ec2_request_latency_system_failure.csv,True,nab_event_1,train,0.47956139906059664
2014-03-14 08:16:00+00:00,44.508,realKnownCause/ec2_request_latency_system_failure.csv,True,nab_event_1,train,0.4305159052251081
2014-03-14 08:21:00+00:00,42.206,realKnownCause/ec2_request_latency_system_failure.csv,True,nab_event_1,train,0.5351811735557104
2014-03-14 08:26:00+00:00,43.968,realKnownCause/ec2_request_latency_system_failure.csv,True,nab_event_1,train,0.44034555114864427
2014-03-14 08:31:00+00:00,43.756,realKnownCause/ec2_request_latency_system_failure.csv,True,nab_event_1,train,0.4544087350869944
2014-03-14 08:36:00+00:00,46.38399999999999,realKnownCause/ec2_request_latency_system_failure.csv,True,nab_event_1,train,0.4647903029592666
2014-03-14 08:41:00+00:00,41.268,realKnownCause/ec2_request_latency_system_failure.csv,True,nab_event_1,train,0.6293554930168342
2014-03-14 08:46:00+00:00,45.514,realKnownCause/ec2_request_latency_system_failure.csv,True,nab_event_1,train,0.43735908715839383
2014-03-14 08:51:00+00:00,43.356,realKnownCause/ec2_request_latency_system_failure.csv,True,nab_event_1,train,0.4865074249068813
2014-03-14 08:56:00+00:00,44.508,realKnownCause/ec2_request_latency_system_failure.csv,True,nab_event_1,train,0.4305159052251081
2014-03-14 09:01:00+00:00,44.108,realKnownCause/ec2_request_latency_system_failure.csv,True,nab_event_1,train,0.43091970562063475
2014-03-14 09:06:00+00:00,30.482,realKnownCause/ec2_request_latency_system_failure.csv,True,nab_event_1,train,0.7831876339663256
2014-03-14 09:11:00+00:00,51.6,realKnownCause/ec2_request_latency_system_failure.csv,True,nab_event_1,train,0.7720217256013923
2014-03-14 09:16:00+00:00,40.61,realKnownCause/ec2_request_latency_system_failure.csv,True,nab_event_1,train,0.6862599898650906
2014-03-14 09:21:00+00:00,39.906,realKnownCause/ec2_request_latency_system_failure.csv,True,nab_event_1,train,0.7396582395464172
2014-03-14 09:26:00+00:00,44.426,realKnownCause/ec2_request_latency_system_failure.csv,True,nab_event_1,train,0.42962904897415877
2014-03-14 09:31:00+00:00,43.49800000000001,realKnownCause/ec2_request_latency_system_failure.csv,True,nab_event_1,train,0.4769200365024189
2014-03-14 09:36:00+00:00,42.88800000000001,realKnownCause/ec2_request_latency_system_failure.csv,True,nab_event_1,train,0.490479934010925
2014-03-14 09:41:00+00:00,46.526,realKnownCause/ec2_request_latency_system_failure.csv,True,nab_event_1,train,0.4649640465622216
2014-03-14 09:46:00+00:00,43.076,realKnownCause/ec2_request_latency_system_failure.csv,True,nab_event_1,train,0.48713469427374745
2014-03-14 09:51:00+00:00,44.202,realKnownCause/ec2_request_latency_system_failure.csv,True,nab_event_1,train,0.4344588537703677
2014-03-14 09:56:00+00:00,46.854,realKnownCause/ec2_request_latency_system_failure.csv,True,nab_event_1,train,0.48708190033956017
2014-03-14 10:01:00+00:00,42.25,realKnownCause/ec2_request_latency_system_failure.csv,True,nab_event_1,train,0.5282549235952461
2014-03-14 10:06:00+00:00,43.92,realKnownCause/ec2_request_latency_system_failure.csv,True,nab_event_1,train,0.4413592152903603
2014-03-14 10:11:00+00:00,45.68,realKnownCause/ec2_request_latency_system_failure.csv,True,nab_event_1,train,0.4300850533320183
2014-03-14 10:16:00+00:00,45.14,realKnownCause/ec2_request_latency_system_failure.csv,True,nab_event_1,train,0.43962903255077845
2014-03-14 10:21:00+00:00,42.77,realKnownCause/ec2_request_latency_system_failure.csv,True,nab_event_1,train,0.49439185135785796
2014-03-14 10:26:00+00:00,45.938,realKnownCause/ec2_request_latency_system_failure.csv,True,nab_event_1,train,0.4466448001926465
2014-03-14 10:31:00+00:00,42.3,realKnownCause/ec2_request_latency_system_failure.csv,True,nab_event_1,train,0.5255122734321858
2014-03-14 10:36:00+00:00,44.42,realKnownCause/ec2_request_latency_system_failure.csv,True,nab_event_1,train,0.43025298497743836
2014-03-14 10:41:00+00:00,43.61600000000001,realKnownCause/ec2_request_latency_system_failure.csv,True,nab_event_1,train,0.47498247213431605
2014-03-14 10:46:00+00:00,43.85,realKnownCause/ec2_request_latency_system_failure.csv,True,nab_event_1,train,0.446544517159325
2014-03-14 10:51:00+00:00,43.756,realKnownCause/ec2_request_latency_system_failure.csv,True,nab_event_1,train,0.4544087350869944
2014-03-14 10:56:00+00:00,48.99,realKnownCause/ec2_request_latency_system_failure.csv,True,nab_event_1,train,0.6103359498898803
2014-03-14 11:01:00+00:00,40.704,realKnownCause/ec2_request_latency_system_failure.csv,True,nab_event_1,train,0.6721340759650762
2014-03-14 11:06:00+00:00,44.624,realKnownCause/ec2_request_latency_system_failure.csv,True,nab_event_1,train,0.4353718578930934
2014-03-14 11:11:00+00:00,44.678,realKnownCause/ec2_request_latency_system_failure.csv,True,nab_event_1,train,0.4367684591414009
2014-03-14 11:16:00+00:00,44.624,realKnownCause/ec2_request_latency_system_failure.csv,True,nab_event_1,train,0.4353718578930934
2014-03-14 11:21:00+00:00,43.756,realKnownCause/ec2_request_latency_system_failure.csv,True,nab_event_1,train,0.4544087350869944
2014-03-14 11:26:00+00:00,45.9,realKnownCause/ec2_request_latency_system_failure.csv,True,nab_event_1,train,0.4469148531697682
2014-03-14 11:31:00+00:00,43.286,realKnownCause/ec2_request_latency_system_failure.csv,True,nab_event_1,train,0.4904560109839089
2014-03-14 11:36:00+00:00,43.31,realKnownCause/ec2_request_latency_system_failure.csv,True,nab_event_1,train,0.49137514194127
2014-03-14 11:41:00+00:00,45.24800000000001,realKnownCause/ec2_request_latency_system_failure.csv,True,nab_event_1,train,0.44105075508019986
2014-03-14 11:46:00+00:00,44.202,realKnownCause/ec2_request_latency_system_failure.csv,True,nab_event_1,train,0.4344588537703677
2014-03-14 11:51:00+00:00,46.996,realKnownCause/ec2_request_latency_system_failure.csv,True,nab_event_1,train,0.483379743152726
2014-03-14 11:56:00+00:00,44.788,realKnownCause/ec2_request_latency_system_failure.csv,True,nab_event_1,train,0.4385413590967417
2014-03-14 12:01:00+00:00,42.442,realKnownCause/ec2_request_latency_system_failure.csv,True,nab_event_1,train,0.5099858613552871
2014-03-14 12:06:00+00:00,44.27,realKnownCause/ec2_request_latency_system_failure.csv,True,nab_event_1,train,0.4296533254880875
2014-03-14 12:11:00+00:00,47.066,realKnownCause/ec2_request_latency_system_failure.csv,True,nab_event_1,train,0.4807503839610945
2014-03-14 12:16:00+00:00,43.122,realKnownCause/ec2_request_latency_system_failure.csv,True,nab_event_1,train,0.48743092617376915
2014-03-14 12:21:00+00:00,44.108,realKnownCause/ec2_request_latency_system_failure.csv,True,nab_event_1,train,0.43091970562063475
2014-03-14 12:26:00+00:00,45.868,realKnownCause/ec2_request_latency_system_failure.csv,True,nab_event_1,train,0.4448166341136521
2014-03-14 12:31:00+00:00,42.254,realKnownCause/ec2_request_latency_system_failure.csv,True,nab_event_1,train,0.5283766937808413
2014-03-14 12:36:00+00:00,46.722,realKnownCause/ec2_request_latency_system_failure.csv,True,nab_event_1,train,0.48024308128179244
2014-03-14 12:41:00+00:00,41.198,realKnownCause/ec2_request_latency_system_failure.csv,True,nab_event_1,train,0.6329985280223341
2014-03-14 12:46:00+00:00,44.978,realKnownCause/ec2_request_latency_system_failure.csv,True,nab_event_1,train,0.4384558124194352
2014-03-14 12:51:00+00:00,45.184,realKnownCause/ec2_request_latency_system_failure.csv,True,nab_event_1,train,0.44211846631285395
2014-03-14 12:56:00+00:00,43.732,realKnownCause/ec2_request_latency_system_failure.csv,True,nab_event_1,train,0.45634123092332796
2014-03-14 13:01:00+00:00,44.226000000000006,realKnownCause/ec2_request_latency_system_failure.csv,True,nab_event_1,train,0.4326682263486753
2014-03-14 13:06:00+00:00,42.306,realKnownCause/ec2_request_latency_system_failure.csv,True,nab_event_1,train,0.5250359179744377
2014-03-14 13:11:00+00:00,45.37600000000001,realKnownCause/ec2_request_latency_system_failure.csv,True,nab_event_1,train,0.4355830696549549
2014-03-14 13:16:00+00:00,44.356,realKnownCause/ec2_request_latency_system_failure.csv,True,nab_event_1,train,0.4315264172581289
2014-03-14 13:21:00+00:00,47.162,realKnownCause/ec2_request_latency_system_failure.csv,True,nab_event_1,train,0.48857956603572866
2014-03-14 13:26:00+00:00,43.428,realKnownCause/ec2_request_latency_system_failure.csv,True,nab_event_1,train,0.47884773095934746
2014-03-14 13:31:00+00:00,41.456,realKnownCause/ec2_request_latency_system_failure.csv,True,nab_event_1,train,0.6127593000680679
2014-03-14 13:36:00+00:00,44.618,realKnownCause/ec2_request_latency_system_failure.csv,True,nab_event_1,train,0.4354194811425157
2014-03-14 13:41:00+00:00,45.352,realKnownCause/ec2_request_latency_system_failure.csv,True,nab_event_1,train,0.43800546334561696
2014-03-14 13:46:00+00:00,46.056,realKnownCause/ec2_request_latency_system_failure.csv,True,nab_event_1,train,0.45074890852569605
2014-03-14 13:51:00+00:00,42.476000000000006,realKnownCause/ec2_request_latency_system_failure.csv,True,nab_event_1,train,0.5063971641419229
2014-03-14 13:56:00+00:00,47.16,realKnownCause/ec2_request_latency_system_failure.csv,True,nab_event_1,train,0.4882846565410343
2014-03-14 14:01:00+00:00,43.146,realKnownCause/ec2_request_latency_system_failure.csv,True,nab_event_1,train,0.4892474687232662
2014-03-14 14:06:00+00:00,44.172,realKnownCause/ec2_request_latency_system_failure.csv,True,nab_event_1,train,0.43442033945752434
2014-03-14 14:11:00+00:00,48.356,realKnownCause/ec2_request_latency_system_failure.csv,True,nab_event_1,train,0.5588813773912753
2014-03-14 14:16:00+00:00,43.24,realKnownCause/ec2_request_latency_system_failure.csv,True,nab_event_1,train,0.4904457232235148
2014-03-14 14:21:00+00:00,42.254,realKnownCause/ec2_request_latency_system_failure.csv,True,nab_event_1,train,0.5283766937808413
2014-03-14 14:26:00+00:00,43.99,realKnownCause/ec2_request_latency_system_failure.csv,True,nab_event_1,train,0.44253654620735267
2014-03-14 14:31:00+00:00,45.198,realKnownCause/ec2_request_latency_system_failure.csv,True,nab_event_1,train,0.44327610328923206
2014-03-14 14:36:00+00:00,42.676,realKnownCause/ec2_request_latency_system_failure.csv,True,nab_event_1,train,0.49937525311159187
2014-03-14 14:41:00+00:00,46.268,realKnownCause/ec2_request_latency_system_failure.csv,True,nab_event_1,train,0.45948752437721596
2014-03-14 14:46:00+00:00,41.762,realKnownCause/ec2_request_latency_system_failure.csv,False,,train,0.5784292590639956
2014-03-14 14:51:00+00:00,43.874,realKnownCause/ec2_request_latency_system_failure.csv,False,,train,0.44479962368119735
2014-03-14 14:56:00+00:00,47.184,realKnownCause/ec2_request_latency_system_failure.csv,False,,train,0.48661188451073195
2014-03-14 15:01:00+00:00,42.254,realKnownCause/ec2_request_latency_system_failure.csv,False,,train,0.5283766937808413
2014-03-14 15:06:00+00:00,47.16,realKnownCause/ec2_request_latency_system_failure.csv,False,,train,0.4882846565410343
2014-03-14 15:11:00+00:00,42.37,realKnownCause/ec2_request_latency_system_failure.csv,False,,train,0.5157219185316161
2014-03-14 15:16:00+00:00,44.72,realKnownCause/ec2_request_latency_system_failure.csv,False,,train,0.43852760383556033
2014-03-14 15:21:00+00:00,44.202,realKnownCause/ec2_request_latency_system_failure.csv,False,,train,0.4344588537703677
2014-03-14 15:26:00+00:00,44.052,realKnownCause/ec2_request_latency_system_failure.csv,False,,train,0.4402480510743666
2014-03-14 15:31:00+00:00,44.32,realKnownCause/ec2_request_latency_system_failure.csv,False,,train,0.4330044834390389
2014-03-14 15:36:00+00:00,43.56800000000001,realKnownCause/ec2_request_latency_system_failure.csv,False,,train,0.47279309863301777
2014-03-14 15:41:00+00:00,47.394,realKnownCause/ec2_request_latency_system_failure.csv,False,,train,0.5052809960636011
2014-03-14 15:46:00+00:00,40.61,realKnownCause/ec2_request_latency_system_failure.csv,False,,train,0.6862599898650906
2014-03-14 15:51:00+00:00,42.88800000000001,realKnownCause/ec2_request_latency_system_failure.csv,False,,train,0.490479934010925
2014-03-14 15:56:00+00:00,46.174,realKnownCause/ec2_request_latency_system_failure.csv,False,,train,0.45677215908364804
2014-03-14 16:01:00+00:00,44.43600000000001,realKnownCause/ec2_request_latency_system_failure.csv,False,,train,0.4302246579615832
2014-03-14 16:06:00+00:00,45.072,realKnownCause/ec2_request_latency_system_failure.csv,False,,train,0.44100685318225086
2014-03-14 16:11:00+00:00,47.348,realKnownCause/ec2_request_latency_system_failure.csv,False,,train,0.5038807719847228
2014-03-14 16:16:00+00:00,43.176,realKnownCause/ec2_request_latency_system_failure.csv,False,,train,0.4878442857581864
2014-03-14 16:21:00+00:00,44.36600000000001,realKnownCause/ec2_request_latency_system_failure.csv,False,,train,0.4307109844955651
2014-03-14 16:26:00+00:00,48.184,realKnownCause/ec2_request_latency_system_failure.csv,False,,train,0.5487453665352569
2014-03-14 16:31:00+00:00,41.224,realKnownCause/ec2_request_latency_system_failure.csv,False,,train,0.6317445706848771
2014-03-14 16:36:00+00:00,44.90600000000001,realKnownCause/ec2_request_latency_system_failure.csv,False,,train,0.434765798023881
2014-03-14 16:41:00+00:00,45.812,realKnownCause/ec2_request_latency_system_failure.csv,False,,train,0.4429036589258781
2014-03-14 16:46:00+00:00,42.324,realKnownCause/ec2_request_latency_system_failure.csv,False,,train,0.522051256570903
2014-03-14 16:51:00+00:00,44.178,realKnownCause/ec2_request_latency_system_failure.csv,False,,train,0.43593942905918953
2014-03-14 16:56:00+00:00,45.924,realKnownCause/ec2_request_latency_system_failure.csv,False,,train,0.4467791602569956
2014-03-14 17:01:00+00:00,45.63399999999999,realKnownCause/ec2_request_latency_system_failure.csv,False,,train,0.42830323402121195
2014-03-14 17:06:00+00:00,42.88800000000001,realKnownCause/ec2_request_latency_system_failure.csv,False,,train,0.490479934010925
2014-03-14 17:11:00+00:00,47.738,realKnownCause/ec2_request_latency_system_failure.csv,False,,train,0.5219547550269947
2014-03-14 17:16:00+00:00,45.258,realKnownCause/ec2_request_latency_system_failure.csv,False,,train,0.4387504927205348
2014-03-14 17:21:00+00:00,41.854,realKnownCause/ec2_request_latency_system_failure.csv,False,,train,0.5680103429004751
2014-03-14 17:26:00+00:00,46.128,realKnownCause/ec2_request_latency_system_failure.csv,False,,train,0.4545671987610886
2014-03-14 17:31:00+00:00,44.32,realKnownCause/ec2_request_latency_system_failure.csv,False,,train,0.4330044834390389
2014-03-14 17:36:00+00:00,46.212,realKnownCause/ec2_request_latency_system_failure.csv,False,,train,0.45956828548237116
2014-03-14 17:41:00+00:00,46.164,realKnownCause/ec2_request_latency_system_failure.csv,False,,train,0.4561039622064518
2014-03-14 17:46:00+00:00,42.418,realKnownCause/ec2_request_latency_system_failure.csv,False,,train,0.5122214480164862
2014-03-14 17:51:00+00:00,44.308,realKnownCause/ec2_request_latency_system_failure.csv,False,,train,0.4312768295121173
2014-03-14 17:56:00+00:00,48.414,realKnownCause/ec2_request_latency_system_failure.csv,False,,train,0.5567196594470047
2014-03-14 18:01:00+00:00,41.854,realKnownCause/ec2_request_latency_system_failure.csv,False,,train,0.5680103429004751
2014-03-14 18:06:00+00:00,46.62,realKnownCause/ec2_request_latency_system_failure.csv,False,,train,0.4686121523339858
2014-03-14 18:11:00+00:00,47.816,realKnownCause/ec2_request_latency_system_failure.csv,False,,train,0.5246881770422259
2014-03-14 18:16:00+00:00,44.724,realKnownCause/ec2_request_latency_system_failure.csv,False,,train,0.43874330472297257
2014-03-14 18:21:00+00:00,44.6,realKnownCause/ec2_request_latency_system_failure.csv,False,,train,0.4344664971837925
2014-03-14 18:26:00+00:00,42.724,realKnownCause/ec2_request_latency_system_failure.csv,False,,train,0.49438864634777396
2014-03-14 18:31:00+00:00,43.896,realKnownCause/ec2_request_latency_system_failure.csv,False,,train,0.4425270796620171
2014-03-14 18:36:00+00:00,44.062,realKnownCause/ec2_request_latency_system_failure.csv,False,,train,0.43565402162523054
2014-03-14 18:41:00+00:00,50.034,realKnownCause/ec2_request_latency_system_failure.csv,False,,train,0.6953930509718796
2014-03-14 18:46:00+00:00,36.89,realKnownCause/ec2_request_latency_system_failure.csv,False,,train,0.7831876339663256
2014-03-14 18:51:00+00:00,44.084,realKnownCause/ec2_request_latency_system_failure.csv,False,,train,0.42889341458206837
2014-03-14 18:56:00+00:00,46.19,realKnownCause/ec2_request_latency_system_failure.csv,False,,train,0.4570628632519572
2014-03-14 19:01:00+00:00,44.414,realKnownCause/ec2_request_latency_system_failure.csv,False,,train,0.4328803248190742
2014-03-14 19:06:00+00:00,44.39,realKnownCause/ec2_request_latency_system_failure.csv,False,,train,0.43231897172616146
2014-03-14 19:11:00+00:00,48.192,realKnownCause/ec2_request_latency_system_failure.csv,False,,train,0.5504574004841494
2014-03-14 19:16:00+00:00,43.688,realKnownCause/ec2_request_latency_system_failure.csv,False,,train,0.4568202259201649
2014-03-14 19:21:00+00:00,43.028,realKnownCause/ec2_request_latency_system_failure.csv,False,,train,0.4918835936318682
2014-03-14 19:26:00+00:00,44.43600000000001,realKnownCause/ec2_request_latency_system_failure.csv,False,,train,0.4302246579615832
2014-03-14 19:31:00+00:00,44.672,realKnownCause/ec2_request_latency_system_failure.csv,False,,train,0.43753821283640176
2014-03-14 19:36:00+00:00,44.622,realKnownCause/ec2_request_latency_system_failure.csv,False,,train,0.4355408794467799
2014-03-14 19:41:00+00:00,47.794,realKnownCause/ec2_request_latency_system_failure.csv,False,,train,0.5244239534876639
2014-03-14 19:46:00+00:00,43.06399999999999,realKnownCause/ec2_request_latency_system_failure.csv,False,,train,0.4862214090476013
2014-03-14 19:51:00+00:00,45.4,realKnownCause/ec2_request_latency_system_failure.csv,False,,train,0.4368239752453172
2014-03-14 19:56:00+00:00,44.624,realKnownCause/ec2_request_latency_system_failure.csv,False,,train,0.4353718578930934
2014-03-14 20:01:00+00:00,44.788,realKnownCause/ec2_request_latency_system_failure.csv,False,,train,0.4385413590967417
2014-03-14 20:06:00+00:00,44.414,realKnownCause/ec2_request_latency_system_failure.csv,False,,train,0.4328803248190742
2014-03-14 20:11:00+00:00,50.596,realKnownCause/ec2_request_latency_system_failure.csv,False,,train,0.7444680297634743
2014-03-14 20:16:00+00:00,39.986,realKnownCause/ec2_request_latency_system_failure.csv,False,,train,0.7381729802979942
2014-03-14 20:21:00+00:00,44.29600000000001,realKnownCause/ec2_request_latency_system_failure.csv,False,,train,0.43207583364438623
2014-03-14 20:26:00+00:00,45.352,realKnownCause/ec2_request_latency_system_failure.csv,False,,train,0.43800546334561696
2014-03-14 20:31:00+00:00,42.982,realKnownCause/ec2_request_latency_system_failure.csv,False,,train,0.4922923993982157
2014-03-14 20:36:00+00:00,45.118,realKnownCause/ec2_request_latency_system_failure.csv,False,,train,0.43937965831254716
2014-03-14 20:41:00+00:00,44.344,realKnownCause/ec2_request_latency_system_failure.csv,False,,train,0.43229516363048
2014-03-14 20:46:00+00:00,45.916,realKnownCause/ec2_request_latency_system_failure.csv,False,,train,0.44691469657984356
2014-03-14 20:51:00+00:00,42.37,realKnownCause/ec2_request_latency_system_failure.csv,False,,train,0.5157219185316161
2014-03-14 20:56:00+00:00,46.854,realKnownCause/ec2_request_latency_system_failure.csv,False,,train,0.48708190033956017
2014-03-14 21:01:00+00:00,44.672,realKnownCause/ec2_request_latency_system_failure.csv,False,,train,0.43753821283640176
2014-03-14 21:06:00+00:00,43.598,realKnownCause/ec2_request_latency_system_failure.csv,False,,train,0.473269637640129
2014-03-14 21:11:00+00:00,47.958,realKnownCause/ec2_request_latency_system_failure.csv,False,,train,0.5290553100792798
2014-03-14 21:16:00+00:00,42.746,realKnownCause/ec2_request_latency_system_failure.csv,False,,train,0.4953371442812581
2014-03-14 21:21:00+00:00,44.262,realKnownCause/ec2_request_latency_system_failure.csv,False,,train,0.4299300700689284
2014-03-14 21:26:00+00:00,44.092,realKnownCause/ec2_request_latency_system_failure.csv,False,,train,0.4323671400285019
2014-03-14 21:31:00+00:00,44.58,realKnownCause/ec2_request_latency_system_failure.csv,False,,train,0.43576314227297674
2014-03-14 21:36:00+00:00,45.04600000000001,realKnownCause/ec2_request_latency_system_failure.csv,False,,train,0.4390489848674321
2014-03-14 21:41:00+00:00,51.768,realKnownCause/ec2_request_latency_system_failure.csv,False,,train,0.7734856619711481
2014-03-14 21:46:00+00:00,38.474,realKnownCause/ec2_request_latency_system_failure.csv,False,,train,0.7758041416669135
2014-03-14 21:51:00+00:00,44.482,realKnownCause/ec2_request_latency_system_failure.csv,False,,train,0.43147480707874475
2014-03-14 21:56:00+00:00,46.01,realKnownCause/ec2_request_latency_system_failure.csv,False,,train,0.44420691559332104
2014-03-14 22:01:00+00:00,44.578,realKnownCause/ec2_request_latency_system_failure.csv,False,,train,0.43511265435511687
2014-03-14 22:06:00+00:00,44.43600000000001,realKnownCause/ec2_request_latency_system_failure.csv,False,,train,0.4302246579615832
2014-03-14 22:11:00+00:00,47.63,realKnownCause/ec2_request_latency_system_failure.csv,False,,train,0.5173682405525717
2014-03-14 22:16:00+00:00,43.756,realKnownCause/ec2_request_latency_system_failure.csv,False,,train,0.4544087350869944
2014-03-14 22:21:00+00:00,43.146,realKnownCause/ec2_request_latency_system_failure.csv,False,,train,0.4892474687232662
2014-03-14 22:26:00+00:00,47.794,realKnownCause/ec2_request_latency_system_failure.csv,False,,train,0.5244239534876639
2014-03-14 22:31:00+00:00,41.338,realKnownCause/ec2_request_latency_system_failure.csv,False,,train,0.6250020551640613
2014-03-14 22:36:00+00:00,45.864,realKnownCause/ec2_request_latency_system_failure.csv,False,,train,0.4449030794928562
2014-03-14 22:41:00+00:00,43.076,realKnownCause/ec2_request_latency_system_failure.csv,False,,train,0.48713469427374745
2014-03-14 22:46:00+00:00,45.298,realKnownCause/ec2_request_latency_system_failure.csv,False,,train,0.4396565489393248
2014-03-14 22:51:00+00:00,43.512,realKnownCause/ec2_request_latency_system_failure.csv,False,,train,0.47684369639285323
2014-03-14 22:56:00+00:00,45.854,realKnownCause/ec2_request_latency_system_failure.csv,False,,train,0.44522623210926
2014-03-14 23:01:00+00:00,46.852,realKnownCause/ec2_request_latency_system_failure.csv,False,,train,0.48680662226436827
2014-03-14 23:06:00+00:00,45.14,realKnownCause/ec2_request_latency_system_failure.csv,False,,train,0.43962903255077845
2014-03-14 23:11:00+00:00,43.054,realKnownCause/ec2_request_latency_system_failure.csv,False,,train,0.4876751180810158
2014-03-14 23:16:00+00:00,44.508,realKnownCause/ec2_request_latency_system_failure.csv,False,,train,0.4305159052251081
2014-03-14 23:21:00+00:00,45.514,realKnownCause/ec2_request_latency_system_failure.csv,False,,train,0.43735908715839383
2014-03-14 23:26:00+00:00,42.816,realKnownCause/ec2_request_latency_system_failure.csv,False,,train,0.4932463258701573
2014-03-14 23:31:00+00:00,46.344,realKnownCause/ec2_request_latency_system_failure.csv,False,,train,0.4608437236476987
2014-03-14 23:36:00+00:00,43.852,realKnownCause/ec2_request_latency_system_failure.csv,False,,train,0.44698646365187616
2014-03-14 23:41:00+00:00,45.51600000000001,realKnownCause/ec2_request_latency_system_failure.csv,False,,train,0.4353239014694586
2014-03-14 23:46:00+00:00,44.402,realKnownCause/ec2_request_latency_system_failure.csv,False,,train,0.4335225170411835
2014-03-14 23:51:00+00:00,44.456,realKnownCause/ec2_request_latency_system_failure.csv,False,,train,0.43270797449578796
2014-03-14 23:56:00+00:00,47.136,realKnownCause/ec2_request_latency_system_failure.csv,False,,train,0.4862726803053487
2014-03-15 00:01:00+00:00,44.53,realKnownCause/ec2_request_latency_system_failure.csv,False,,train,0.4332412631009113
2014-03-15 00:06:00+00:00,44.716,realKnownCause/ec2_request_latency_system_failure.csv,False,,train,0.4388169431546356
2014-03-15 00:11:00+00:00,44.154,realKnownCause/ec2_request_latency_system_failure.csv,False,,train,0.4329497265645287
2014-03-15 00:16:00+00:00,43.90600000000001,realKnownCause/ec2_request_latency_system_failure.csv,False,,train,0.4423110519555561
2014-03-15 00:21:00+00:00,44.812,realKnownCause/ec2_request_latency_system_failure.csv,False,,train,0.44126674458672105
2014-03-15 00:26:00+00:00,44.864,realKnownCause/ec2_request_latency_system_failure.csv,False,,train,0.4367835363588178
2014-03-15 00:31:00+00:00,44.578,realKnownCause/ec2_request_latency_system_failure.csv,False,,train,0.43511265435511687
2014-03-15 00:36:00+00:00,44.99800000000001,realKnownCause/ec2_request_latency_system_failure.csv,False,,train,0.43814112242015685
2014-03-15 00:41:00+00:00,50.032,realKnownCause/ec2_request_latency_system_failure.csv,False,,train,0.6953930509718796
2014-03-15 00:46:00+00:00,41.55,realKnownCause/ec2_request_latency_system_failure.csv,False,,train,0.6025640878371042
2014-03-15 00:51:00+00:00,43.78,realKnownCause/ec2_request_latency_system_failure.csv,False,,train,0.4516881294336873
2014-03-15 00:56:00+00:00,47.066,realKnownCause/ec2_request_latency_system_failure.csv,False,,train,0.4807503839610945
2014-03-15 01:01:00+00:00,43.554,realKnownCause/ec2_request_latency_system_failure.csv,False,,train,0.4748584475614323
2014-03-15 01:06:00+00:00,44.838,realKnownCause/ec2_request_latency_system_failure.csv,False,,train,0.4388040305964226
2014-03-15 01:11:00+00:00,48.334,realKnownCause/ec2_request_latency_system_failure.csv,False,,train,0.558068434964768
2014-03-15 01:16:00+00:00,43.122,realKnownCause/ec2_request_latency_system_failure.csv,False,,train,0.48743092617376915
2014-03-15 01:21:00+00:00,44.24800000000001,realKnownCause/ec2_request_latency_system_failure.csv,False,,train,0.42945349395617555
2014-03-15 01:26:00+00:00,45.262,realKnownCause/ec2_request_latency_system_failure.csv,False,,train,0.43938934380549954
2014-03-15 01:31:00+00:00,41.292,realKnownCause/ec2_request_latency_system_failure.csv,False,,train,0.6294701289846626
2014-03-15 01:36:00+00:00,44.68600000000001,realKnownCause/ec2_request_latency_system_failure.csv,False,,train,0.43821839975291205
2014-03-15 01:41:00+00:00,45.544,realKnownCause/ec2_request_latency_system_failure.csv,False,,train,0.43377126021769424
2014-03-15 01:46:00+00:00,46.032,realKnownCause/ec2_request_latency_system_failure.csv,False,,train,0.44725438666628053
2014-03-15 01:51:00+00:00,41.85,realKnownCause/ec2_request_latency_system_failure.csv,False,,train,0.5690053726344702
2014-03-15 01:56:00+00:00,45.986,realKnownCause/ec2_request_latency_system_failure.csv,False,,train,0.4458432221090738
2014-03-15 02:01:00+00:00,45.61,realKnownCause/ec2_request_latency_system_failure.csv,False,,train,0.42953429966551965
2014-03-15 02:06:00+00:00,42.65600000000001,realKnownCause/ec2_request_latency_system_failure.csv,False,,train,0.4996823530980842
2014-03-15 02:11:00+00:00,45.51600000000001,realKnownCause/ec2_request_latency_system_failure.csv,False,,train,0.4353239014694586
2014-03-15 02:16:00+00:00,48.68600000000001,realKnownCause/ec2_request_latency_system_failure.csv,False,,train,0.5684205707825525
2014-03-15 02:21:00+00:00,39.508,realKnownCause/ec2_request_latency_system_failure.csv,False,,train,0.7608333971612308
2014-03-15 02:26:00+00:00,42.338,realKnownCause/ec2_request_latency_system_failure.csv,False,,train,0.5177221950415775
2014-03-15 02:31:00+00:00,44.178,realKnownCause/ec2_request_latency_system_failure.csv,False,,train,0.43593942905918953
2014-03-15 02:36:00+00:00,45.306,realKnownCause/ec2_request_latency_system_failure.csv,False,,train,0.44162471934564274
2014-03-15 02:41:00+00:00,41.478,realKnownCause/ec2_request_latency_system_failure.csv,False,,train,0.6109572017498941
2014-03-15 02:46:00+00:00,43.944,realKnownCause/ec2_request_latency_system_failure.csv,False,,train,0.43927815362027345
2014-03-15 02:51:00+00:00,45.63,realKnownCause/ec2_request_latency_system_failure.csv,False,,train,0.42934775721081503
2014-03-15 02:56:00+00:00,44.154,realKnownCause/ec2_request_latency_system_failure.csv,False,,train,0.4329497265645287
2014-03-15 03:01:00+00:00,44.414,realKnownCause/ec2_request_latency_system_failure.csv,False,,train,0.4328803248190742
2014-03-15 03:06:00+00:00,46.714,realKnownCause/ec2_request_latency_system_failure.csv,False,,train,0.47956139906059664
2014-03-15 03:11:00+00:00,44.55,realKnownCause/ec2_request_latency_system_failure.csv,False,,train,0.43425897235460037
2014-03-15 03:16:00+00:00,42.974,realKnownCause/ec2_request_latency_system_failure.csv,False,,train,0.49527391387957237
2014-03-15 03:21:00+00:00,45.916,realKnownCause/ec2_request_latency_system_failure.csv,False,,train,0.44691469657984356
2014-03-15 03:26:00+00:00,42.206,realKnownCause/ec2_request_latency_system_failure.csv,False,,train,0.5351811735557104
2014-03-15 03:31:00+00:00,44.95399999999999,realKnownCause/ec2_request_latency_system_failure.csv,False,,train,0.4378221748183924
2014-03-15 03:36:00+00:00,45.492,realKnownCause/ec2_request_latency_system_failure.csv,False,,train,0.4357790558007872
2014-03-15 03:41:00+00:00,45.56399999999999,realKnownCause/ec2_request_latency_system_failure.csv,False,,train,0.43469855889689296
2014-03-15 03:46:00+00:00,47.562,realKnownCause/ec2_request_latency_system_failure.csv,False,,train,0.5121230351284836
2014-03-15 03:51:00+00:00,45.07,realKnownCause/ec2_request_latency_system_failure.csv,False,,train,0.4402186391474919
2014-03-15 03:56:00+00:00,47.066,realKnownCause/ec2_request_latency_system_failure.csv,False,,train,0.4807503839610945
2014-03-15 04:01:00+00:00,42.982,realKnownCause/ec2_request_latency_system_failure.csv,False,,train,0.4922923993982157
2014-03-15 04:06:00+00:00,44.554,realKnownCause/ec2_request_latency_system_failure.csv,False,,train,0.43327554820505476
2014-03-15 04:11:00+00:00,45.736,realKnownCause/ec2_request_latency_system_failure.csv,False,,train,0.4353964070828266
2014-03-15 04:16:00+00:00,44.084,realKnownCause/ec2_request_latency_system_failure.csv,False,,train,0.42889341458206837
2014-03-15 04:21:00+00:00,47.558,realKnownCause/ec2_request_latency_system_failure.csv,False,,train,0.5123160049581562
2014-03-15 04:26:00+00:00,41.104,realKnownCause/ec2_request_latency_system_failure.csv,False,,train,0.6394521375033236
2014-03-15 04:31:00+00:00,44.272,realKnownCause/ec2_request_latency_system_failure.csv,False,,train,0.42898186007522504
2014-03-15 04:36:00+00:00,44.414,realKnownCause/ec2_request_latency_system_failure.csv,False,,train,0.4328803248190742
2014-03-15 04:41:00+00:00,46.924,realKnownCause/ec2_request_latency_system_failure.csv,False,,train,0.4832608704944727
2014-03-15 04:46:00+00:00,42.09,realKnownCause/ec2_request_latency_system_failure.csv,False,,train,0.551644226093612
2014-03-15 04:51:00+00:00,46.538,realKnownCause/ec2_request_latency_system_failure.csv,False,,train,0.46414557221958175
2014-03-15 04:56:00+00:00,45.752,realKnownCause/ec2_request_latency_system_failure.csv,False,,train,0.4358459349532149
2014-03-15 05:01:00+00:00,43.06800000000001,realKnownCause/ec2_request_latency_system_failure.csv,False,,train,0.485899416822938
2014-03-15 05:06:00+00:00,44.39,realKnownCause/ec2_request_latency_system_failure.csv,False,,train,0.43231897172616146
2014-03-15 05:11:00+00:00,45.938,realKnownCause/ec2_request_latency_system_failure.csv,False,,train,0.4466448001926465
2014-03-15 05:16:00+00:00,44.896,realKnownCause/ec2_request_latency_system_failure.csv,False,,train,0.43613607134749977
2014-03-15 05:21:00+00:00,47.724,realKnownCause/ec2_request_latency_system_failure.csv,False,,train,0.5214752661884334
2014-03-15 05:26:00+00:00,39.978,realKnownCause/ec2_request_latency_system_failure.csv,False,,train,0.7381729802979942
2014-03-15 05:31:00+00:00,45.846,realKnownCause/ec2_request_latency_system_failure.csv,False,,train,0.4441259456879541
2014-03-15 05:36:00+00:00,44.262,realKnownCause/ec2_request_latency_system_failure.csv,False,,train,0.4299300700689284
2014-03-15 05:41:00+00:00,45.97,realKnownCause/ec2_request_latency_system_failure.csv,False,,train,0.4434635884818948
2014-03-15 05:46:00+00:00,44.462,realKnownCause/ec2_request_latency_system_failure.csv,False,,train,0.4325734133258318
2014-03-15 05:51:00+00:00,46.652,realKnownCause/ec2_request_latency_system_failure.csv,False,,train,0.4684944494552189
2014-03-15 05:56:00+00:00,44.322,realKnownCause/ec2_request_latency_system_failure.csv,False,,train,0.43251094609373636
2014-03-15 06:01:00+00:00,44.792,realKnownCause/ec2_request_latency_system_failure.csv,False,,train,0.4405434417023038
2014-03-15 06:06:00+00:00,48.40600000000001,realKnownCause/ec2_request_latency_system_failure.csv,False,,train,0.5566937439268945
2014-03-15 06:11:00+00:00,41.808,realKnownCause/ec2_request_latency_system_failure.csv,False,,train,0.5723401630029037
2014-03-15 06:16:00+00:00,42.81800000000001,realKnownCause/ec2_request_latency_system_failure.csv,False,,train,0.49232058913640137
2014-03-15 06:21:00+00:00,46.15,realKnownCause/ec2_request_latency_system_failure.csv,False,,train,0.45642973206493986
2014-03-15 06:26:00+00:00,42.558,realKnownCause/ec2_request_latency_system_failure.csv,False,,train,0.5011493728194476
2014-03-15 06:31:00+00:00,44.55,realKnownCause/ec2_request_latency_system_failure.csv,False,,train,0.43425897235460037
2014-03-15 06:36:00+00:00,44.464,realKnownCause/ec2_request_latency_system_failure.csv,False,,train,0.43275380001524133
2014-03-15 06:41:00+00:00,45.238,realKnownCause/ec2_request_latency_system_failure.csv,False,,train,0.4425845269493046
2014-03-15 06:46:00+00:00,44.812,realKnownCause/ec2_request_latency_system_failure.csv,False,,train,0.44126674458672105
2014-03-15 06:51:00+00:00,44.822,realKnownCause/ec2_request_latency_system_failure.csv,False,,train,0.4401933923418415
2014-03-15 06:56:00+00:00,43.45,realKnownCause/ec2_request_latency_system_failure.csv,False,,train,0.4775826186670703
2014-03-15 07:01:00+00:00,44.122,realKnownCause/ec2_request_latency_system_failure.csv,False,,train,0.43499050218028706
2014-03-15 07:06:00+00:00,44.63,realKnownCause/ec2_request_latency_system_failure.csv,False,,train,0.4357655935735387
2014-03-15 07:11:00+00:00,46.284,realKnownCause/ec2_request_latency_system_failure.csv,False,,train,0.46039997895400836
2014-03-15 07:16:00+00:00,44.36600000000001,realKnownCause/ec2_request_latency_system_failure.csv,False,,train,0.4307109844955651
2014-03-15 07:21:00+00:00,47.512,realKnownCause/ec2_request_latency_system_failure.csv,False,,train,0.5107853812171391
2014-03-15 07:26:00+00:00,40.986,realKnownCause/ec2_request_latency_system_failure.csv,False,,train,0.6478712601043991
2014-03-15 07:31:00+00:00,44.132,realKnownCause/ec2_request_latency_system_failure.csv,False,,train,0.43270158773742423
2014-03-15 07:36:00+00:00,47.63,realKnownCause/ec2_request_latency_system_failure.csv,False,,train,0.5173682405525717
2014-03-15 07:41:00+00:00,42.91,realKnownCause/ec2_request_latency_system_failure.csv,False,,train,0.4947559122801428
2014-03-15 07:46:00+00:00,45.582,realKnownCause/ec2_request_latency_system_failure.csv,False,,train,0.4355839339998837
2014-03-15 07:51:00+00:00,42.394,realKnownCause/ec2_request_latency_system_failure.csv,False,,train,0.5137627082480004
2014-03-15 07:56:00+00:00,47.394,realKnownCause/ec2_request_latency_system_failure.csv,False,,train,0.5052809960636011
2014-03-15 08:01:00+00:00,42.914,realKnownCause/ec2_request_latency_system_failure.csv,False,,train,0.49516455156458766
2014-03-15 08:06:00+00:00,44.272,realKnownCause/ec2_request_latency_system_failure.csv,False,,train,0.42898186007522504
2014-03-15 08:11:00+00:00,45.9,realKnownCause/ec2_request_latency_system_failure.csv,False,,train,0.4469148531697682
2014-03-15 08:16:00+00:00,45.986,realKnownCause/ec2_request_latency_system_failure.csv,False,,train,0.4458432221090738
2014-03-15 08:21:00+00:00,42.536,realKnownCause/ec2_request_latency_system_failure.csv,False,,train,0.49788798616918445
2014-03-15 08:26:00+00:00,46.856,realKnownCause/ec2_request_latency_system_failure.csv,False,,train,0.48683787402292955
2014-03-15 08:31:00+00:00,42.91,realKnownCause/ec2_request_latency_system_failure.csv,False,,train,0.4947559122801428
2014-03-15 08:36:00+00:00,42.934,realKnownCause/ec2_request_latency_system_failure.csv,False,,train,0.4967703495139512
2014-03-15 08:41:00+00:00,44.3,realKnownCause/ec2_request_latency_system_failure.csv,False,,train,0.4335703981949488
2014-03-15 08:46:00+00:00,46.062,realKnownCause/ec2_request_latency_system_failure.csv,False,,train,0.4509497840927409
2014-03-15 08:51:00+00:00,42.508,realKnownCause/ec2_request_latency_system_failure.csv,False,,train,0.5002648793397078
2014-03-15 08:56:00+00:00,46.042,realKnownCause/ec2_request_latency_system_failure.csv,False,,train,0.4483013207081573
2014-03-15 09:01:00+00:00,44.38399999999999,realKnownCause/ec2_request_latency_system_failure.csv,False,,train,0.4319247342564919
2014-03-15 09:06:00+00:00,45.9,realKnownCause/ec2_request_latency_system_failure.csv,False,,train,0.4469148531697682
2014-03-15 09:11:00+00:00,44.206,realKnownCause/ec2_request_latency_system_failure.csv,False,,train,0.4335612762992566
2014-03-15 09:16:00+00:00,46.362,realKnownCause/ec2_request_latency_system_failure.csv,False,,train,0.4653235847577914
2014-03-15 09:21:00+00:00,44.276,realKnownCause/ec2_request_latency_system_failure.csv,False,,train,0.42916415122580226
2014-03-15 09:26:00+00:00,42.19,realKnownCause/ec2_request_latency_system_failure.csv,False,,train,0.5402602189538485
2014-03-15 09:31:00+00:00,44.108,realKnownCause/ec2_request_latency_system_failure.csv,False,,train,0.43091970562063475
2014-03-15 09:36:00+00:00,44.712,realKnownCause/ec2_request_latency_system_failure.csv,False,,train,0.4384497455402065
2014-03-15 09:41:00+00:00,45.326,realKnownCause/ec2_request_latency_system_failure.csv,False,,train,0.4378794646944377
2014-03-15 09:46:00+00:00,45.12600000000001,realKnownCause/ec2_request_latency_system_failure.csv,False,,train,0.4398410444991569
2014-03-15 09:51:00+00:00,45.0,realKnownCause/ec2_request_latency_system_failure.csv,False,,train,0.4387651203167708
2014-03-15 09:56:00+00:00,44.16,realKnownCause/ec2_request_latency_system_failure.csv,False,,train,0.43234101109337103
2014-03-15 10:01:00+00:00,44.484,realKnownCause/ec2_request_latency_system_failure.csv,False,,train,0.43171552761011284
2014-03-15 10:06:00+00:00,44.624,realKnownCause/ec2_request_latency_system_failure.csv,False,,train,0.4353718578930934
2014-03-15 10:11:00+00:00,43.944,realKnownCause/ec2_request_latency_system_failure.csv,False,,train,0.43927815362027345
2014-03-15 10:16:00+00:00,43.944,realKnownCause/ec2_request_latency_system_failure.csv,False,,train,0.43927815362027345
2014-03-15 10:21:00+00:00,47.558,realKnownCause/ec2_request_latency_system_failure.csv,False,,train,0.5123160049581562
2014-03-15 10:26:00+00:00,41.292,realKnownCause/ec2_request_latency_system_failure.csv,False,,train,0.6294701289846626
2014-03-15 10:31:00+00:00,44.13800000000001,realKnownCause/ec2_request_latency_system_failure.csv,False,,train,0.43460816742812663
2014-03-15 10:36:00+00:00,44.368,realKnownCause/ec2_request_latency_system_failure.csv,False,,train,0.43091568102258454
2014-03-15 10:41:00+00:00,44.236,realKnownCause/ec2_request_latency_system_failure.csv,False,,train,0.42988883075995904
2014-03-15 10:46:00+00:00,44.46,realKnownCause/ec2_request_latency_system_failure.csv,False,,train,0.432789328447324
2014-03-15 10:51:00+00:00,46.362,realKnownCause/ec2_request_latency_system_failure.csv,False,,train,0.4653235847577914
2014-03-15 10:56:00+00:00,46.596,realKnownCause/ec2_request_latency_system_failure.csv,False,,train,0.46760453465437096
2014-03-15 11:01:00+00:00,42.864,realKnownCause/ec2_request_latency_system_failure.csv,False,,train,0.4891762890345461
2014-03-15 11:06:00+00:00,42.84,realKnownCause/ec2_request_latency_system_failure.csv,False,,train,0.49186432228451094
2014-03-15 11:11:00+00:00,45.70399999999999,realKnownCause/ec2_request_latency_system_failure.csv,False,,train,0.43355890315626966
2014-03-15 11:16:00+00:00,44.756,realKnownCause/ec2_request_latency_system_failure.csv,False,,train,0.4397095360776107
2014-03-15 11:21:00+00:00,44.426,realKnownCause/ec2_request_latency_system_failure.csv,False,,train,0.42962904897415877
2014-03-15 11:26:00+00:00,46.032,realKnownCause/ec2_request_latency_system_failure.csv,False,,train,0.44725438666628053
2014-03-15 11:31:00+00:00,42.418,realKnownCause/ec2_request_latency_system_failure.csv,False,,train,0.5122214480164862
2014-03-15 11:36:00+00:00,46.198,realKnownCause/ec2_request_latency_system_failure.csv,False,,train,0.4588434783746833
2014-03-15 11:41:00+00:00,44.132,realKnownCause/ec2_request_latency_system_failure.csv,False,,train,0.43270158773742423
2014-03-15 11:46:00+00:00,46.878,realKnownCause/ec2_request_latency_system_failure.csv,False,,train,0.4871963566080978
2014-03-15 11:51:00+00:00,41.854,realKnownCause/ec2_request_latency_system_failure.csv,False,,train,0.5680103429004751
2014-03-15 11:56:00+00:00,47.746,realKnownCause/ec2_request_latency_system_failure.csv,False,,train,0.5245070007618343
2014-03-15 12:01:00+00:00,42.558,realKnownCause/ec2_request_latency_system_failure.csv,False,,train,0.5011493728194476
2014-03-15 12:06:00+00:00,44.43,realKnownCause/ec2_request_latency_system_failure.csv,False,,train,0.4294455939933375
2014-03-15 12:11:00+00:00,47.034,realKnownCause/ec2_request_latency_system_failure.csv,False,,train,0.4831263929138802
2014-03-15 12:16:00+00:00,41.478,realKnownCause/ec2_request_latency_system_failure.csv,False,,train,0.6109572017498941
2014-03-15 12:21:00+00:00,43.896,realKnownCause/ec2_request_latency_system_failure.csv,False,,train,0.4425270796620171
2014-03-15 12:26:00+00:00,45.962,realKnownCause/ec2_request_latency_system_failure.csv,False,,train,0.4433516007087148
2014-03-15 12:31:00+00:00,45.106,realKnownCause/ec2_request_latency_system_failure.csv,False,,train,0.4382376964796168
2014-03-15 12:36:00+00:00,41.66,realKnownCause/ec2_request_latency_system_failure.csv,False,,train,0.5967719352121599
2014-03-15 12:41:00+00:00,44.226000000000006,realKnownCause/ec2_request_latency_system_failure.csv,False,,train,0.4326682263486753
2014-03-15 12:46:00+00:00,45.306,realKnownCause/ec2_request_latency_system_failure.csv,False,,train,0.44162471934564274
2014-03-15 12:51:00+00:00,44.12600000000001,realKnownCause/ec2_request_latency_system_failure.csv,False,,train,0.4339184664408429
2014-03-15 12:56:00+00:00,44.236,realKnownCause/ec2_request_latency_system_failure.csv,False,,train,0.42988883075995904
2014-03-15 13:01:00+00:00,44.29600000000001,realKnownCause/ec2_request_latency_system_failure.csv,False,,train,0.43207583364438623
2014-03-15 13:06:00+00:00,44.29600000000001,realKnownCause/ec2_request_latency_system_failure.csv,False,,train,0.43207583364438623
2014-03-15 13:11:00+00:00,45.70399999999999,realKnownCause/ec2_request_latency_system_failure.csv,False,,train,0.43355890315626966
2014-03-15 13:16:00+00:00,46.878,realKnownCause/ec2_request_latency_system_failure.csv,False,,train,0.4871963566080978
2014-03-15 13:21:00+00:00,44.824,realKnownCause/ec2_request_latency_system_failure.csv,False,,train,0.43982658282915943
2014-03-15 13:26:00+00:00,40.962,realKnownCause/ec2_request_latency_system_failure.csv,False,,train,0.6504701403553677
2014-03-15 13:31:00+00:00,44.24800000000001,realKnownCause/ec2_request_latency_system_failure.csv,False,,train,0.42945349395617555
2014-03-15 13:36:00+00:00,44.74800000000001,realKnownCause/ec2_request_latency_system_failure.csv,False,,validation,0.4388864163385636
2014-03-15 13:41:00+00:00,45.212,realKnownCause/ec2_request_latency_system_failure.csv,False,,validation,0.44245413626615215
2014-03-15 13:46:00+00:00,42.538,realKnownCause/ec2_request_latency_system_failure.csv,False,,validation,0.4981575504743157
2014-03-15 13:51:00+00:00,46.12600000000001,realKnownCause/ec2_request_latency_system_failure.csv,False,,validation,0.4542553800399752
2014-03-15 13:56:00+00:00,45.104,realKnownCause/ec2_request_latency_system_failure.csv,False,,validation,0.43830949669097996
2014-03-15 14:01:00+00:00,42.864,realKnownCause/ec2_request_latency_system_failure.csv,False,,validation,0.4891762890345461
2014-03-15 14:06:00+00:00,46.362,realKnownCause/ec2_request_latency_system_failure.csv,False,,validation,0.4653235847577914
2014-03-15 14:11:00+00:00,44.108,realKnownCause/ec2_request_latency_system_failure.csv,False,,validation,0.43091970562063475
2014-03-15 14:16:00+00:00,44.694,realKnownCause/ec2_request_latency_system_failure.csv,False,,validation,0.4375363241195134
2014-03-15 14:21:00+00:00,44.35,realKnownCause/ec2_request_latency_system_failure.csv,False,,validation,0.43163210448037553
2014-03-15 14:26:00+00:00,42.666,realKnownCause/ec2_request_latency_system_failure.csv,False,,validation,0.49769639701552093
2014-03-15 14:31:00+00:00,45.752,realKnownCause/ec2_request_latency_system_failure.csv,False,,validation,0.4358459349532149
2014-03-15 14:36:00+00:00,43.004,realKnownCause/ec2_request_latency_system_failure.csv,False,,validation,0.49211804533162157
2014-03-15 14:41:00+00:00,44.238,realKnownCause/ec2_request_latency_system_failure.csv,False,,validation,0.4298063868795395
2014-03-15 14:46:00+00:00,44.38399999999999,realKnownCause/ec2_request_latency_system_failure.csv,False,,validation,0.4319247342564919
2014-03-15 14:51:00+00:00,44.29600000000001,realKnownCause/ec2_request_latency_system_failure.csv,False,,validation,0.43207583364438623
2014-03-15 14:56:00+00:00,50.892,realKnownCause/ec2_request_latency_system_failure.csv,False,,validation,0.7568694864892552
2014-03-15 15:01:00+00:00,39.654,realKnownCause/ec2_request_latency_system_failure.csv,False,,validation,0.7544164688434501
2014-03-15 15:06:00+00:00,44.46,realKnownCause/ec2_request_latency_system_failure.csv,False,,validation,0.432789328447324
2014-03-15 15:11:00+00:00,47.49,realKnownCause/ec2_request_latency_system_failure.csv,False,,validation,0.508247342850497
2014-03-15 15:16:00+00:00,43.12600000000001,realKnownCause/ec2_request_latency_system_failure.csv,False,,validation,0.4891459654039929
2014-03-15 15:21:00+00:00,44.014,realKnownCause/ec2_request_latency_system_failure.csv,False,,validation,0.44510842042244514
2014-03-15 15:26:00+00:00,45.916,realKnownCause/ec2_request_latency_system_failure.csv,False,,validation,0.44691469657984356
2014-03-15 15:31:00+00:00,40.962,realKnownCause/ec2_request_latency_system_failure.csv,False,,validation,0.6504701403553677
2014-03-15 15:36:00+00:00,44.95399999999999,realKnownCause/ec2_request_latency_system_failure.csv,False,,validation,0.4378221748183924
2014-03-15 15:41:00+00:00,48.06800000000001,realKnownCause/ec2_request_latency_system_failure.csv,False,,validation,0.5431830932377721
2014-03-15 15:46:00+00:00,41.612,realKnownCause/ec2_request_latency_system_failure.csv,False,,validation,0.5985269533670592
2014-03-15 15:51:00+00:00,45.798,realKnownCause/ec2_request_latency_system_failure.csv,False,,validation,0.43867504780445893
2014-03-15 15:56:00+00:00,44.772,realKnownCause/ec2_request_latency_system_failure.csv,False,,validation,0.43888614500854833
2014-03-15 16:01:00+00:00,46.032,realKnownCause/ec2_request_latency_system_failure.csv,False,,validation,0.44725438666628053
2014-03-15 16:06:00+00:00,42.816,realKnownCause/ec2_request_latency_system_failure.csv,False,,validation,0.4932463258701573
2014-03-15 16:11:00+00:00,45.658,realKnownCause/ec2_request_latency_system_failure.csv,False,,validation,0.4284468974951732
2014-03-15 16:16:00+00:00,44.508,realKnownCause/ec2_request_latency_system_failure.csv,False,,validation,0.4305159052251081
2014-03-15 16:21:00+00:00,44.096,realKnownCause/ec2_request_latency_system_failure.csv,False,,validation,0.4312640861156812
2014-03-15 16:26:00+00:00,49.86,realKnownCause/ec2_request_latency_system_failure.csv,False,,validation,0.6823323319138092
2014-03-15 16:31:00+00:00,38.314,realKnownCause/ec2_request_latency_system_failure.csv,False,,validation,0.7760141294667773
2014-03-15 16:36:00+00:00,44.178,realKnownCause/ec2_request_latency_system_failure.csv,False,,validation,0.43593942905918953
2014-03-15 16:41:00+00:00,43.91,realKnownCause/ec2_request_latency_system_failure.csv,False,,validation,0.44153206276696627
2014-03-15 16:46:00+00:00,44.776,realKnownCause/ec2_request_latency_system_failure.csv,False,,validation,0.43825106269904335
2014-03-15 16:51:00+00:00,45.56399999999999,realKnownCause/ec2_request_latency_system_failure.csv,False,,validation,0.43469855889689296
2014-03-15 16:56:00+00:00,48.518,realKnownCause/ec2_request_latency_system_failure.csv,False,,validation,0.5573363008085948
2014-03-15 17:01:00+00:00,42.65,realKnownCause/ec2_request_latency_system_failure.csv,False,,validation,0.5001480593083064
2014-03-15 17:06:00+00:00,45.752,realKnownCause/ec2_request_latency_system_failure.csv,False,,validation,0.4358459349532149
2014-03-15 17:11:00+00:00,49.76600000000001,realKnownCause/ec2_request_latency_system_failure.csv,False,,validation,0.6768112903577932
2014-03-15 17:16:00+00:00,48.122,realKnownCause/ec2_request_latency_system_failure.csv,False,,validation,0.5469596141318823
2014-03-15 17:21:00+00:00,40.51,realKnownCause/ec2_request_latency_system_failure.csv,False,,validation,0.6983003196424513
2014-03-15 17:26:00+00:00,46.87600000000001,realKnownCause/ec2_request_latency_system_failure.csv,False,,validation,0.4867463178699825
2014-03-15 17:31:00+00:00,42.558,realKnownCause/ec2_request_latency_system_failure.csv,False,,validation,0.5011493728194476
2014-03-15 17:36:00+00:00,44.742,realKnownCause/ec2_request_latency_system_failure.csv,False,,validation,0.43773936957533155
2014-03-15 17:41:00+00:00,48.262,realKnownCause/ec2_request_latency_system_failure.csv,False,,validation,0.5596054179726208
2014-03-15 17:46:00+00:00,41.55,realKnownCause/ec2_request_latency_system_failure.csv,False,,validation,0.6025640878371042
2014-03-15 17:51:00+00:00,44.36600000000001,realKnownCause/ec2_request_latency_system_failure.csv,False,,validation,0.4307109844955651
2014-03-15 17:56:00+00:00,48.19600000000001,realKnownCause/ec2_request_latency_system_failure.csv,False,,validation,0.5507333159358218
2014-03-15 18:01:00+00:00,45.986,realKnownCause/ec2_request_latency_system_failure.csv,False,,validation,0.4458432221090738
2014-03-15 18:06:00+00:00,42.934,realKnownCause/ec2_request_latency_system_failure.csv,False,,validation,0.4967703495139512
2014-03-15 18:11:00+00:00,47.23,realKnownCause/ec2_request_latency_system_failure.csv,False,,validation,0.49435819223417193
2014-03-15 18:16:00+00:00,44.484,realKnownCause/ec2_request_latency_system_failure.csv,False,,validation,0.43171552761011284
2014-03-15 18:21:00+00:00,45.328,realKnownCause/ec2_request_latency_system_failure.csv,False,,validation,0.4378234224690767
2014-03-15 18:26:00+00:00,44.86,realKnownCause/ec2_request_latency_system_failure.csv,False,,validation,0.4361225635230164
2014-03-15 18:31:00+00:00,42.3,realKnownCause/ec2_request_latency_system_failure.csv,False,,validation,0.5255122734321858
2014-03-15 18:36:00+00:00,44.676,realKnownCause/ec2_request_latency_system_failure.csv,False,,validation,0.43756765271715475
2014-03-15 18:41:00+00:00,45.822,realKnownCause/ec2_request_latency_system_failure.csv,False,,validation,0.4421793985670508
2014-03-15 18:46:00+00:00,45.234,realKnownCause/ec2_request_latency_system_failure.csv,False,,validation,0.4432502523316158
2014-03-15 18:51:00+00:00,46.036,realKnownCause/ec2_request_latency_system_failure.csv,False,,validation,0.44842683770870806
2014-03-15 18:56:00+00:00,45.51600000000001,realKnownCause/ec2_request_latency_system_failure.csv,False,,validation,0.4353239014694586
2014-03-15 19:01:00+00:00,42.982,realKnownCause/ec2_request_latency_system_failure.csv,False,,validation,0.4922923993982157
2014-03-15 19:06:00+00:00,43.968,realKnownCause/ec2_request_latency_system_failure.csv,False,,validation,0.44034555114864427
2014-03-15 19:11:00+00:00,45.822,realKnownCause/ec2_request_latency_system_failure.csv,False,,validation,0.4421793985670508
2014-03-15 19:16:00+00:00,44.694,realKnownCause/ec2_request_latency_system_failure.csv,False,,validation,0.4375363241195134
2014-03-15 19:21:00+00:00,44.108,realKnownCause/ec2_request_latency_system_failure.csv,False,,validation,0.43091970562063475
2014-03-15 19:26:00+00:00,45.916,realKnownCause/ec2_request_latency_system_failure.csv,False,,validation,0.44691469657984356
2014-03-15 19:31:00+00:00,43.596,realKnownCause/ec2_request_latency_system_failure.csv,False,,validation,0.4731081374325766
2014-03-15 19:36:00+00:00,43.544,realKnownCause/ec2_request_latency_system_failure.csv,False,,validation,0.4762142947683098
2014-03-15 19:41:00+00:00,47.136,realKnownCause/ec2_request_latency_system_failure.csv,False,,validation,0.4862726803053487
2014-03-15 19:46:00+00:00,43.052,realKnownCause/ec2_request_latency_system_failure.csv,False,,validation,0.48865106774006933
2014-03-15 19:51:00+00:00,44.648,realKnownCause/ec2_request_latency_system_failure.csv,False,,validation,0.43559593190354357
2014-03-15 19:56:00+00:00,47.934,realKnownCause/ec2_request_latency_system_failure.csv,False,,validation,0.5295275514390041
2014-03-15 20:01:00+00:00,42.51600000000001,realKnownCause/ec2_request_latency_system_failure.csv,False,,validation,0.4996750276224322
2014-03-15 20:06:00+00:00,45.774,realKnownCause/ec2_request_latency_system_failure.csv,False,,validation,0.4402249188138403
2014-03-15 20:11:00+00:00,44.24800000000001,realKnownCause/ec2_request_latency_system_failure.csv,False,,validation,0.42945349395617555
2014-03-15 20:16:00+00:00,44.29600000000001,realKnownCause/ec2_request_latency_system_failure.csv,False,,validation,0.43207583364438623
2014-03-15 20:21:00+00:00,44.976000000000006,realKnownCause/ec2_request_latency_system_failure.csv,False,,validation,0.4367896451771438
2014-03-15 20:26:00+00:00,49.272,realKnownCause/ec2_request_latency_system_failure.csv,False,,validation,0.6364378539073912
2014-03-15 20:31:00+00:00,39.542,realKnownCause/ec2_request_latency_system_failure.csv,False,,validation,0.760215924501798
2014-03-15 20:36:00+00:00,44.084,realKnownCause/ec2_request_latency_system_failure.csv,False,,validation,0.42889341458206837
2014-03-15 20:41:00+00:00,45.63399999999999,realKnownCause/ec2_request_latency_system_failure.csv,False,,validation,0.42830323402121195
2014-03-15 20:46:00+00:00,42.982,realKnownCause/ec2_request_latency_system_failure.csv,False,,validation,0.4922923993982157
2014-03-15 20:51:00+00:00,44.06800000000001,realKnownCause/ec2_request_latency_system_failure.csv,False,,validation,0.43459296266799624
2014-03-15 20:56:00+00:00,48.262,realKnownCause/ec2_request_latency_system_failure.csv,False,,validation,0.5596054179726208
2014-03-15 21:01:00+00:00,42.324,realKnownCause/ec2_request_latency_system_failure.csv,False,,validation,0.522051256570903
2014-03-15 21:06:00+00:00,44.214,realKnownCause/ec2_request_latency_system_failure.csv,False,,validation,0.43142644907538874
2014-03-15 21:11:00+00:00,48.756,realKnownCause/ec2_request_latency_system_failure.csv,False,,validation,0.5783506581011085
2014-03-15 21:16:00+00:00,41.83,realKnownCause/ec2_request_latency_system_failure.csv,False,,validation,0.5709076660138108
2014-03-15 21:21:00+00:00,45.412,realKnownCause/ec2_request_latency_system_failure.csv,False,,validation,0.43386951307728505
2014-03-15 21:26:00+00:00,44.646,realKnownCause/ec2_request_latency_system_failure.csv,False,,validation,0.43569634288904163
2014-03-15 21:31:00+00:00,42.488,realKnownCause/ec2_request_latency_system_failure.csv,False,,validation,0.5049567920220626
2014-03-15 21:36:00+00:00,44.644,realKnownCause/ec2_request_latency_system_failure.csv,False,,validation,0.435495151741113
2014-03-15 21:41:00+00:00,45.422,realKnownCause/ec2_request_latency_system_failure.csv,False,,validation,0.43292748605429004
2014-03-15 21:46:00+00:00,44.24800000000001,realKnownCause/ec2_request_latency_system_failure.csv,False,,validation,0.42945349395617555
2014-03-15 21:51:00+00:00,45.8,realKnownCause/ec2_request_latency_system_failure.csv,False,,validation,0.4396327790611931
2014-03-15 21:56:00+00:00,49.672,realKnownCause/ec2_request_latency_system_failure.csv,False,,validation,0.6681922756704718
2014-03-15 22:01:00+00:00,43.606,realKnownCause/ec2_request_latency_system_failure.csv,False,,validation,0.47430932052875974
2014-03-15 22:06:00+00:00,41.934,realKnownCause/ec2_request_latency_system_failure.csv,False,,validation,0.5626325296697614
2014-03-15 22:11:00+00:00,45.718,realKnownCause/ec2_request_latency_system_failure.csv,False,,validation,0.43313842263892
2014-03-15 22:16:00+00:00,44.792,realKnownCause/ec2_request_latency_system_failure.csv,False,,validation,0.4405434417023038
2014-03-15 22:21:00+00:00,44.53,realKnownCause/ec2_request_latency_system_failure.csv,False,,validation,0.4332412631009113
2014-03-15 22:26:00+00:00,45.87600000000001,realKnownCause/ec2_request_latency_system_failure.csv,False,,validation,0.4454463510359968
2014-03-15 22:31:00+00:00,42.536,realKnownCause/ec2_request_latency_system_failure.csv,False,,validation,0.49788798616918445
2014-03-15 22:36:00+00:00,44.202,realKnownCause/ec2_request_latency_system_failure.csv,False,,validation,0.4344588537703677
2014-03-15 22:41:00+00:00,45.56399999999999,realKnownCause/ec2_request_latency_system_failure.csv,False,,validation,0.43469855889689296
2014-03-15 22:46:00+00:00,45.024,realKnownCause/ec2_request_latency_system_failure.csv,False,,validation,0.43868155066786335
2014-03-15 22:51:00+00:00,42.136,realKnownCause/ec2_request_latency_system_failure.csv,False,,validation,0.5441096962549824
2014-03-15 22:56:00+00:00,45.868,realKnownCause/ec2_request_latency_system_failure.csv,False,,validation,0.4448166341136521
2014-03-15 23:01:00+00:00,46.15,realKnownCause/ec2_request_latency_system_failure.csv,False,,validation,0.45642973206493986
2014-03-15 23:06:00+00:00,40.838,realKnownCause/ec2_request_latency_system_failure.csv,False,,validation,0.6531428080355824
2014-03-15 23:11:00+00:00,45.892,realKnownCause/ec2_request_latency_system_failure.csv,False,,validation,0.4447062503643996
2014-03-15 23:16:00+00:00,44.29600000000001,realKnownCause/ec2_request_latency_system_failure.csv,False,,validation,0.43207583364438623
2014-03-15 23:21:00+00:00,45.422,realKnownCause/ec2_request_latency_system_failure.csv,False,,validation,0.43292748605429004
2014-03-15 23:26:00+00:00,42.864,realKnownCause/ec2_request_latency_system_failure.csv,False,,validation,0.4891762890345461
2014-03-15 23:31:00+00:00,48.532,realKnownCause/ec2_request_latency_system_failure.csv,False,,validation,0.5580236856308507
2014-03-15 23:36:00+00:00,40.54,realKnownCause/ec2_request_latency_system_failure.csv,False,,validation,0.6959971223358042
2014-03-15 23:41:00+00:00,45.58600000000001,realKnownCause/ec2_request_latency_system_failure.csv,False,,validation,0.43493393374782885
2014-03-15 23:46:00+00:00,44.414,realKnownCause/ec2_request_latency_system_failure.csv,False,,validation,0.4328803248190742
2014-03-15 23:51:00+00:00,44.32,realKnownCause/ec2_request_latency_system_failure.csv,False,,validation,0.4330044834390389
2014-03-15 23:56:00+00:00,46.056,realKnownCause/ec2_request_latency_system_failure.csv,False,,validation,0.45074890852569605
2014-03-16 00:01:00+00:00,47.652,realKnownCause/ec2_request_latency_system_failure.csv,False,,validation,0.5167537667607183
2014-03-16 00:06:00+00:00,41.244,realKnownCause/ec2_request_latency_system_failure.csv,False,,validation,0.6307195717556462
2014-03-16 00:11:00+00:00,46.01,realKnownCause/ec2_request_latency_system_failure.csv,False,,validation,0.44420691559332104
2014-03-16 00:16:00+00:00,47.324,realKnownCause/ec2_request_latency_system_failure.csv,False,,validation,0.5058698803671976
2014-03-16 00:21:00+00:00,41.598,realKnownCause/ec2_request_latency_system_failure.csv,False,,validation,0.5997049890919772
2014-03-16 00:26:00+00:00,44.178,realKnownCause/ec2_request_latency_system_failure.csv,False,,validation,0.43593942905918953
2014-03-16 00:31:00+00:00,44.29600000000001,realKnownCause/ec2_request_latency_system_failure.csv,False,,validation,0.43207583364438623
2014-03-16 00:36:00+00:00,45.916,realKnownCause/ec2_request_latency_system_failure.csv,False,,validation,0.44691469657984356
2014-03-16 00:41:00+00:00,43.61600000000001,realKnownCause/ec2_request_latency_system_failure.csv,False,,validation,0.47498247213431605
2014-03-16 00:46:00+00:00,42.892,realKnownCause/ec2_request_latency_system_failure.csv,False,,validation,0.4907974546184777
2014-03-16 00:51:00+00:00,44.132,realKnownCause/ec2_request_latency_system_failure.csv,False,,validation,0.43270158773742423
2014-03-16 00:56:00+00:00,46.104,realKnownCause/ec2_request_latency_system_failure.csv,False,,validation,0.45392759858049186
2014-03-16 01:01:00+00:00,47.23,realKnownCause/ec2_request_latency_system_failure.csv,False,,validation,0.49435819223417193
2014-03-16 01:06:00+00:00,43.356,realKnownCause/ec2_request_latency_system_failure.csv,False,,validation,0.4865074249068813
2014-03-16 01:11:00+00:00,45.962,realKnownCause/ec2_request_latency_system_failure.csv,False,,validation,0.4433516007087148
2014-03-16 01:16:00+00:00,46.502,realKnownCause/ec2_request_latency_system_failure.csv,False,,validation,0.4652554045720079
2014-03-16 01:21:00+00:00,42.23,realKnownCause/ec2_request_latency_system_failure.csv,False,,validation,0.5334191278959407
2014-03-16 01:26:00+00:00,44.76600000000001,realKnownCause/ec2_request_latency_system_failure.csv,False,,validation,0.43945652706265936
2014-03-16 01:31:00+00:00,46.032,realKnownCause/ec2_request_latency_system_failure.csv,False,,validation,0.44725438666628053
2014-03-16 01:36:00+00:00,45.37600000000001,realKnownCause/ec2_request_latency_system_failure.csv,False,,validation,0.4355830696549549
2014-03-16 01:41:00+00:00,47.348,realKnownCause/ec2_request_latency_system_failure.csv,False,,validation,0.5038807719847228
2014-03-16 01:46:00+00:00,45.118,realKnownCause/ec2_request_latency_system_failure.csv,False,,validation,0.43937965831254716
2014-03-16 01:51:00+00:00,43.592,realKnownCause/ec2_request_latency_system_failure.csv,False,,validation,0.4715575983778264
2014-03-16 01:56:00+00:00,44.93,realKnownCause/ec2_request_latency_system_failure.csv,False,,validation,0.4375204611438128
2014-03-16 02:01:00+00:00,44.86,realKnownCause/ec2_request_latency_system_failure.csv,False,,validation,0.4361225635230164
2014-03-16 02:06:00+00:00,44.85,realKnownCause/ec2_request_latency_system_failure.csv,False,,validation,0.4374030482290262
2014-03-16 02:11:00+00:00,48.608,realKnownCause/ec2_request_latency_system_failure.csv,False,,validation,0.5599666489793165
2014-03-16 02:16:00+00:00,42.442,realKnownCause/ec2_request_latency_system_failure.csv,False,,validation,0.5099858613552871
2014-03-16 02:21:00+00:00,44.322,realKnownCause/ec2_request_latency_system_failure.csv,False,,validation,0.43251094609373636
2014-03-16 02:26:00+00:00,45.976000000000006,realKnownCause/ec2_request_latency_system_failure.csv,False,,validation,0.4439490974062975
2014-03-16 02:31:00+00:00,46.804,realKnownCause/ec2_request_latency_system_failure.csv,False,,validation,0.480977770242042
2014-03-16 02:36:00+00:00,41.666,realKnownCause/ec2_request_latency_system_failure.csv,False,,validation,0.5970950368263906
2014-03-16 02:41:00+00:00,44.882,realKnownCause/ec2_request_latency_system_failure.csv,False,,validation,0.43803456895540027
2014-03-16 02:46:00+00:00,46.924,realKnownCause/ec2_request_latency_system_failure.csv,False,,validation,0.4832608704944727
2014-03-16 02:51:00+00:00,44.416,realKnownCause/ec2_request_latency_system_failure.csv,False,,validation,0.433062918687784
2014-03-16 02:56:00+00:00,47.84,realKnownCause/ec2_request_latency_system_failure.csv,False,,validation,0.5251809659319144
2014-03-16 03:01:00+00:00,47.15,realKnownCause/ec2_request_latency_system_failure.csv,False,,validation,0.48719076213868917
2014-03-16 03:06:00+00:00,43.754,realKnownCause/ec2_request_latency_system_failure.csv,False,,validation,0.453469297296492
2014-03-16 03:11:00+00:00,46.644,realKnownCause/ec2_request_latency_system_failure.csv,False,,validation,0.46878803454032014
2014-03-16 03:16:00+00:00,46.478,realKnownCause/ec2_request_latency_system_failure.csv,False,,validation,0.46707257395543583
2014-03-16 03:21:00+00:00,44.89,realKnownCause/ec2_request_latency_system_failure.csv,False,,validation,0.43632924904748716
2014-03-16 03:26:00+00:00,41.666,realKnownCause/ec2_request_latency_system_failure.csv,False,,validation,0.5970950368263906
2014-03-16 03:31:00+00:00,44.062,realKnownCause/ec2_request_latency_system_failure.csv,False,,validation,0.43565402162523054
2014-03-16 03:36:00+00:00,46.478,realKnownCause/ec2_request_latency_system_failure.csv,False,,validation,0.46707257395543583
2014-03-16 03:41:00+00:00,46.362,realKnownCause/ec2_request_latency_system_failure.csv,False,,validation,0.4653235847577914
2014-03-16 03:46:00+00:00,46.198,realKnownCause/ec2_request_latency_system_failure.csv,False,,validation,0.4588434783746833
2014-03-16 03:51:00+00:00,42.9,realKnownCause/ec2_request_latency_system_failure.csv,False,,validation,0.49325661858246966
2014-03-16 03:56:00+00:00,46.702,realKnownCause/ec2_request_latency_system_failure.csv,False,,validation,0.4760875155485827
2014-03-16 04:01:00+00:00,44.578,realKnownCause/ec2_request_latency_system_failure.csv,False,,validation,0.43511265435511687
2014-03-16 04:06:00+00:00,47.29,realKnownCause/ec2_request_latency_system_failure.csv,False,,validation,0.5012015493542044
2014-03-16 04:11:00+00:00,44.396,realKnownCause/ec2_request_latency_system_failure.csv,False,,validation,0.43245762219427847
2014-03-16 04:16:00+00:00,43.028,realKnownCause/ec2_request_latency_system_failure.csv,False,,validation,0.4918835936318682
2014-03-16 04:21:00+00:00,46.502,realKnownCause/ec2_request_latency_system_failure.csv,False,,validation,0.4652554045720079
2014-03-16 04:26:00+00:00,42.724,realKnownCause/ec2_request_latency_system_failure.csv,False,,validation,0.49438864634777396
2014-03-16 04:31:00+00:00,44.414,realKnownCause/ec2_request_latency_system_failure.csv,False,,validation,0.4328803248190742
2014-03-16 04:36:00+00:00,44.484,realKnownCause/ec2_request_latency_system_failure.csv,False,,validation,0.43171552761011284
2014-03-16 04:41:00+00:00,44.83600000000001,realKnownCause/ec2_request_latency_system_failure.csv,False,,validation,0.4385961278336985
2014-03-16 04:46:00+00:00,44.43600000000001,realKnownCause/ec2_request_latency_system_failure.csv,False,,validation,0.4302246579615832
2014-03-16 04:51:00+00:00,48.226000000000006,realKnownCause/ec2_request_latency_system_failure.csv,False,,validation,0.5568901198142759
2014-03-16 04:56:00+00:00,45.024,realKnownCause/ec2_request_latency_system_failure.csv,False,,validation,0.43868155066786335
2014-03-16 05:01:00+00:00,42.88800000000001,realKnownCause/ec2_request_latency_system_failure.csv,False,,validation,0.490479934010925
2014-03-16 05:06:00+00:00,44.83600000000001,realKnownCause/ec2_request_latency_system_failure.csv,False,,validation,0.4385961278336985
2014-03-16 05:11:00+00:00,45.916,realKnownCause/ec2_request_latency_system_failure.csv,False,,validation,0.44691469657984356
2014-03-16 05:16:00+00:00,44.688,realKnownCause/ec2_request_latency_system_failure.csv,False,,validation,0.43849122392485557
2014-03-16 05:21:00+00:00,44.29600000000001,realKnownCause/ec2_request_latency_system_failure.csv,False,,validation,0.43207583364438623
2014-03-16 05:26:00+00:00,46.174,realKnownCause/ec2_request_latency_system_failure.csv,False,,validation,0.45677215908364804
2014-03-16 05:31:00+00:00,43.758,realKnownCause/ec2_request_latency_system_failure.csv,False,,validation,0.45452794555328174
2014-03-16 05:36:00+00:00,43.968,realKnownCause/ec2_request_latency_system_failure.csv,False,,validation,0.44034555114864427
2014-03-16 05:41:00+00:00,48.17,realKnownCause/ec2_request_latency_system_failure.csv,False,,validation,0.5497396618471898
2014-03-16 05:46:00+00:00,41.576,realKnownCause/ec2_request_latency_system_failure.csv,False,,validation,0.6024843084985563
2014-03-16 05:51:00+00:00,44.672,realKnownCause/ec2_request_latency_system_failure.csv,False,,validation,0.43753821283640176
2014-03-16 05:56:00+00:00,48.028,realKnownCause/ec2_request_latency_system_failure.csv,False,,validation,0.5419998917076821
2014-03-16 06:01:00+00:00,42.772,realKnownCause/ec2_request_latency_system_failure.csv,False,,validation,0.49439185135785796
2014-03-16 06:06:00+00:00,45.774,realKnownCause/ec2_request_latency_system_failure.csv,False,,validation,0.4402249188138403
2014-03-16 06:11:00+00:00,44.43600000000001,realKnownCause/ec2_request_latency_system_failure.csv,False,,validation,0.4302246579615832
2014-03-16 06:16:00+00:00,44.092,realKnownCause/ec2_request_latency_system_failure.csv,False,,validation,0.4323671400285019
2014-03-16 06:21:00+00:00,44.29600000000001,realKnownCause/ec2_request_latency_system_failure.csv,False,,validation,0.43207583364438623
2014-03-16 06:26:00+00:00,46.572,realKnownCause/ec2_request_latency_system_failure.csv,False,,validation,0.46574072730541194
2014-03-16 06:31:00+00:00,43.72,realKnownCause/ec2_request_latency_system_failure.csv,False,,validation,0.4561799558815159
2014-03-16 06:36:00+00:00,42.394,realKnownCause/ec2_request_latency_system_failure.csv,False,,validation,0.5137627082480004
2014-03-16 06:41:00+00:00,44.178,realKnownCause/ec2_request_latency_system_failure.csv,False,,validation,0.43593942905918953
2014-03-16 06:46:00+00:00,45.74,realKnownCause/ec2_request_latency_system_failure.csv,False,,validation,0.43715208523511223
2014-03-16 06:51:00+00:00,43.076,realKnownCause/ec2_request_latency_system_failure.csv,False,,validation,0.48713469427374745
2014-03-16 06:56:00+00:00,46.268,realKnownCause/ec2_request_latency_system_failure.csv,False,,validation,0.45948752437721596
2014-03-16 07:01:00+00:00,46.08600000000001,realKnownCause/ec2_request_latency_system_failure.csv,False,,validation,0.45147043537447074
2014-03-16 07:06:00+00:00,42.582,realKnownCause/ec2_request_latency_system_failure.csv,False,,validation,0.501275187827796
2014-03-16 07:11:00+00:00,45.892,realKnownCause/ec2_request_latency_system_failure.csv,False,,validation,0.4447062503643996
2014-03-16 07:16:00+00:00,45.164,realKnownCause/ec2_request_latency_system_failure.csv,False,,validation,0.44206300889374345
2014-03-16 07:21:00+00:00,43.592,realKnownCause/ec2_request_latency_system_failure.csv,False,,validation,0.4715575983778264
2014-03-16 07:26:00+00:00,45.51600000000001,realKnownCause/ec2_request_latency_system_failure.csv,False,,validation,0.4353239014694586
2014-03-16 07:31:00+00:00,44.912,realKnownCause/ec2_request_latency_system_failure.csv,False,,validation,0.4357808913374254
2014-03-16 07:36:00+00:00,43.228,realKnownCause/ec2_request_latency_system_failure.csv,False,,validation,0.4902550592446184
2014-03-16 07:41:00+00:00,45.188,realKnownCause/ec2_request_latency_system_failure.csv,False,,validation,0.4423578361319057
2014-03-16 07:46:00+00:00,44.098,realKnownCause/ec2_request_latency_system_failure.csv,False,,validation,0.43183658273137177
2014-03-16 07:51:00+00:00,44.624,realKnownCause/ec2_request_latency_system_failure.csv,False,,validation,0.4353718578930934
2014-03-16 07:56:00+00:00,46.15,realKnownCause/ec2_request_latency_system_failure.csv,False,,validation,0.45642973206493986
2014-03-16 08:01:00+00:00,47.23,realKnownCause/ec2_request_latency_system_failure.csv,False,,validation,0.49435819223417193
2014-03-16 08:06:00+00:00,42.16,realKnownCause/ec2_request_latency_system_failure.csv,False,,validation,0.5434728823586421
2014-03-16 08:11:00+00:00,44.142,realKnownCause/ec2_request_latency_system_failure.csv,False,,validation,0.4357362757505714
2014-03-16 08:16:00+00:00,43.8,realKnownCause/ec2_request_latency_system_failure.csv,False,,validation,0.4515707910927454
2014-03-16 08:21:00+00:00,44.31800000000001,realKnownCause/ec2_request_latency_system_failure.csv,False,,validation,0.4332156184095256
2014-03-16 08:26:00+00:00,44.29600000000001,realKnownCause/ec2_request_latency_system_failure.csv,False,,validation,0.43207583364438623
2014-03-16 08:31:00+00:00,44.132,realKnownCause/ec2_request_latency_system_failure.csv,False,,validation,0.43270158773742423
2014-03-16 08:36:00+00:00,45.758,realKnownCause/ec2_request_latency_system_failure.csv,False,,validation,0.43732607232128423
2014-03-16 08:41:00+00:00,44.672,realKnownCause/ec2_request_latency_system_failure.csv,False,,validation,0.43753821283640176
2014-03-16 08:46:00+00:00,42.418,realKnownCause/ec2_request_latency_system_failure.csv,False,,validation,0.5122214480164862
2014-03-16 08:51:00+00:00,44.95,realKnownCause/ec2_request_latency_system_failure.csv,False,,validation,0.4382767159299222
2014-03-16 08:56:00+00:00,44.976000000000006,realKnownCause/ec2_request_latency_system_failure.csv,False,,validation,0.4367896451771438
2014-03-16 09:01:00+00:00,44.226000000000006,realKnownCause/ec2_request_latency_system_failure.csv,False,,validation,0.4326682263486753
2014-03-16 09:06:00+00:00,44.202,realKnownCause/ec2_request_latency_system_failure.csv,False,,validation,0.4344588537703677
2014-03-16 09:11:00+00:00,48.83,realKnownCause/ec2_request_latency_system_failure.csv,False,,validation,0.592659524714971
2014-03-16 09:16:00+00:00,39.93,realKnownCause/ec2_request_latency_system_failure.csv,False,,validation,0.7398584436933553
2014-03-16 09:21:00+00:00,44.448,realKnownCause/ec2_request_latency_system_failure.csv,False,,validation,0.4302129478441618
2014-03-16 09:26:00+00:00,44.494,realKnownCause/ec2_request_latency_system_failure.csv,False,,validation,0.43147710025665265
2014-03-16 09:31:00+00:00,44.726000000000006,realKnownCause/ec2_request_latency_system_failure.csv,False,,validation,0.4383829431232526
2014-03-16 09:36:00+00:00,46.572,realKnownCause/ec2_request_latency_system_failure.csv,False,,validation,0.46574072730541194
2014-03-16 09:41:00+00:00,47.008,realKnownCause/ec2_request_latency_system_failure.csv,False,,validation,0.48448432820362186
2014-03-16 09:46:00+00:00,43.058,realKnownCause/ec2_request_latency_system_failure.csv,False,,validation,0.48792920476662505
2014-03-16 09:51:00+00:00,43.192,realKnownCause/ec2_request_latency_system_failure.csv,False,,validation,0.48853471810073257
2014-03-16 09:56:00+00:00,45.916,realKnownCause/ec2_request_latency_system_failure.csv,False,,validation,0.44691469657984356
2014-03-16 10:01:00+00:00,44.26600000000001,realKnownCause/ec2_request_latency_system_failure.csv,False,,validation,0.43085058773334556
2014-03-16 10:06:00+00:00,44.226000000000006,realKnownCause/ec2_request_latency_system_failure.csv,False,,validation,0.4326682263486753
2014-03-16 10:11:00+00:00,47.84,realKnownCause/ec2_request_latency_system_failure.csv,False,,validation,0.5251809659319144
2014-03-16 10:16:00+00:00,42.442,realKnownCause/ec2_request_latency_system_failure.csv,False,,validation,0.5099858613552871
2014-03-16 10:21:00+00:00,45.33,realKnownCause/ec2_request_latency_system_failure.csv,False,,validation,0.4378234224690767
2014-03-16 10:26:00+00:00,45.024,realKnownCause/ec2_request_latency_system_failure.csv,False,,validation,0.43868155066786335
2014-03-16 10:31:00+00:00,42.09,realKnownCause/ec2_request_latency_system_failure.csv,False,,validation,0.551644226093612
2014-03-16 10:36:00+00:00,44.178,realKnownCause/ec2_request_latency_system_failure.csv,False,,validation,0.43593942905918953
2014-03-16 10:41:00+00:00,46.304,realKnownCause/ec2_request_latency_system_failure.csv,False,,validation,0.45975747897294655
2014-03-16 10:46:00+00:00,42.536,realKnownCause/ec2_request_latency_system_failure.csv,False,,validation,0.49788798616918445
2014-03-16 10:51:00+00:00,44.132,realKnownCause/ec2_request_latency_system_failure.csv,False,,validation,0.43270158773742423
2014-03-16 10:56:00+00:00,46.848,realKnownCause/ec2_request_latency_system_failure.csv,False,,validation,0.4848099249135648
2014-03-16 11:01:00+00:00,43.176,realKnownCause/ec2_request_latency_system_failure.csv,False,,validation,0.4878442857581864
2014-03-16 11:06:00+00:00,44.6,realKnownCause/ec2_request_latency_system_failure.csv,False,,validation,0.4344664971837925
2014-03-16 11:11:00+00:00,48.592,realKnownCause/ec2_request_latency_system_failure.csv,False,,validation,0.5598772365680091
2014-03-16 11:16:00+00:00,43.85,realKnownCause/ec2_request_latency_system_failure.csv,False,,validation,0.446544517159325
2014-03-16 11:21:00+00:00,42.724,realKnownCause/ec2_request_latency_system_failure.csv,False,,validation,0.49438864634777396
2014-03-16 11:26:00+00:00,44.252,realKnownCause/ec2_request_latency_system_failure.csv,False,,validation,0.42875410325668034
2014-03-16 11:31:00+00:00,45.47,realKnownCause/ec2_request_latency_system_failure.csv,False,,validation,0.4322810560513369
2014-03-16 11:36:00+00:00,42.178,realKnownCause/ec2_request_latency_system_failure.csv,False,,validation,0.5421437016483691
2014-03-16 11:41:00+00:00,45.892,realKnownCause/ec2_request_latency_system_failure.csv,False,,validation,0.4447062503643996
2014-03-16 11:46:00+00:00,46.104,realKnownCause/ec2_request_latency_system_failure.csv,False,,validation,0.45392759858049186
2014-03-16 11:51:00+00:00,41.38399999999999,realKnownCause/ec2_request_latency_system_failure.csv,False,,validation,0.6201408928821173
2014-03-16 11:56:00+00:00,45.798,realKnownCause/ec2_request_latency_system_failure.csv,False,,validation,0.43867504780445893
2014-03-16 12:01:00+00:00,45.938,realKnownCause/ec2_request_latency_system_failure.csv,False,,validation,0.4466448001926465
2014-03-16 12:06:00+00:00,40.564,realKnownCause/ec2_request_latency_system_failure.csv,False,,validation,0.6926038036414452
2014-03-16 12:11:00+00:00,46.862,realKnownCause/ec2_request_latency_system_failure.csv,False,,validation,0.4851682179461007
2014-03-16 12:16:00+00:00,44.788,realKnownCause/ec2_request_latency_system_failure.csv,False,,validation,0.4385413590967417
2014-03-16 12:21:00+00:00,42.596,realKnownCause/ec2_request_latency_system_failure.csv,False,,validation,0.5027012034012736
2014-03-16 12:26:00+00:00,44.5,realKnownCause/ec2_request_latency_system_failure.csv,False,,validation,0.4302944066693252
2014-03-16 12:31:00+00:00,44.132,realKnownCause/ec2_request_latency_system_failure.csv,False,,validation,0.43270158773742423
2014-03-16 12:36:00+00:00,44.32,realKnownCause/ec2_request_latency_system_failure.csv,False,,validation,0.4330044834390389
2014-03-16 12:41:00+00:00,44.262,realKnownCause/ec2_request_latency_system_failure.csv,False,,validation,0.4299300700689284
2014-03-16 12:46:00+00:00,50.71,realKnownCause/ec2_request_latency_system_failure.csv,False,,validation,0.7489137841032517
2014-03-16 12:51:00+00:00,38.334,realKnownCause/ec2_request_latency_system_failure.csv,False,,validation,0.7760141294667773
2014-03-16 12:56:00+00:00,45.826,realKnownCause/ec2_request_latency_system_failure.csv,False,,validation,0.4424239886983867
2014-03-16 13:06:00+00:00,41.54600000000001,realKnownCause/ec2_request_latency_system_failure.csv,False,,validation,0.6025640878371042
2014-03-16 13:11:00+00:00,47.404,realKnownCause/ec2_request_latency_system_failure.csv,False,,validation,0.504648085373169
2014-03-16 13:16:00+00:00,44.962,realKnownCause/ec2_request_latency_system_failure.csv,False,,validation,0.4372122069945875
2014-03-16 13:21:00+00:00,47.076,realKnownCause/ec2_request_latency_system_failure.csv,False,,validation,0.47976682556998007
2014-03-16 13:26:00+00:00,43.174,realKnownCause/ec2_request_latency_system_failure.csv,False,,validation,0.4881358093371697
2014-03-16 13:31:00+00:00,46.38800000000001,realKnownCause/ec2_request_latency_system_failure.csv,False,,validation,0.4654363033721383
2014-03-16 13:36:00+00:00,45.01600000000001,realKnownCause/ec2_request_latency_system_failure.csv,False,,validation,0.43861152149227656
2014-03-16 13:41:00+00:00,48.968,realKnownCause/ec2_request_latency_system_failure.csv,False,,validation,0.6070897559564661
2014-03-16 13:46:00+00:00,43.646,realKnownCause/ec2_request_latency_system_failure.csv,False,,validation,0.4622054875717652
2014-03-16 13:51:00+00:00,46.066,realKnownCause/ec2_request_latency_system_failure.csv,False,,validation,0.4529128063898096
2014-03-16 13:56:00+00:00,49.676,realKnownCause/ec2_request_latency_system_failure.csv,False,,validation,0.6681922756704718
2014-03-16 14:01:00+00:00,43.56800000000001,realKnownCause/ec2_request_latency_system_failure.csv,False,,validation,0.47279309863301777
2014-03-16 14:06:00+00:00,46.972,realKnownCause/ec2_request_latency_system_failure.csv,False,,validation,0.4848846193866296
2014-03-16 14:11:00+00:00,45.63399999999999,realKnownCause/ec2_request_latency_system_failure.csv,False,,validation,0.42830323402121195
2014-03-16 14:16:00+00:00,45.58,realKnownCause/ec2_request_latency_system_failure.csv,False,,validation,0.43569777770574475
2014-03-16 14:21:00+00:00,45.258,realKnownCause/ec2_request_latency_system_failure.csv,False,,validation,0.4387504927205348
2014-03-16 14:26:00+00:00,49.94,realKnownCause/ec2_request_latency_system_failure.csv,False,,validation,0.6884921360495401
2014-03-16 14:31:00+00:00,40.962,realKnownCause/ec2_request_latency_system_failure.csv,False,,validation,0.6504701403553677
2014-03-16 14:36:00+00:00,44.95399999999999,realKnownCause/ec2_request_latency_system_failure.csv,False,,validation,0.4378221748183924
2014-03-16 14:41:00+00:00,43.816,realKnownCause/ec2_request_latency_system_failure.csv,False,,validation,0.45087158149523876
2014-03-16 14:46:00+00:00,45.86600000000001,realKnownCause/ec2_request_latency_system_failure.csv,False,,validation,0.4449313695811215
2014-03-16 14:51:00+00:00,45.324,realKnownCause/ec2_request_latency_system_failure.csv,False,,validation,0.43839548092095404
2014-03-16 14:56:00+00:00,49.578,realKnownCause/ec2_request_latency_system_failure.csv,False,,validation,0.6579195436727135
2014-03-16 15:01:00+00:00,43.512,realKnownCause/ec2_request_latency_system_failure.csv,False,,validation,0.47684369639285323
2014-03-16 15:06:00+00:00,43.96,realKnownCause/ec2_request_latency_system_failure.csv,False,,validation,0.4407102794547596
2014-03-16 15:11:00+00:00,48.356,realKnownCause/ec2_request_latency_system_failure.csv,False,,validation,0.5588813773912753
2014-03-16 15:16:00+00:00,46.594,realKnownCause/ec2_request_latency_system_failure.csv,False,,validation,0.46837187884641485
2014-03-16 15:21:00+00:00,43.04,realKnownCause/ec2_request_latency_system_failure.csv,False,,validation,0.49072970313182146
2014-03-16 15:26:00+00:00,45.38399999999999,realKnownCause/ec2_request_latency_system_failure.csv,False,,validation,0.4363273813539151
2014-03-16 15:31:00+00:00,47.042,realKnownCause/ec2_request_latency_system_failure.csv,False,,validation,0.4826378331104159
2014-03-16 15:36:00+00:00,44.29600000000001,realKnownCause/ec2_request_latency_system_failure.csv,False,,validation,0.43207583364438623
2014-03-16 15:41:00+00:00,46.924,realKnownCause/ec2_request_latency_system_failure.csv,False,,validation,0.4832608704944727
2014-03-16 15:46:00+00:00,46.808,realKnownCause/ec2_request_latency_system_failure.csv,False,,validation,0.48145786115395783
2014-03-16 15:51:00+00:00,44.11600000000001,realKnownCause/ec2_request_latency_system_failure.csv,False,,validation,0.43317376386581613
2014-03-16 15:56:00+00:00,49.272,realKnownCause/ec2_request_latency_system_failure.csv,False,,validation,0.6364378539073912
2014-03-16 16:01:00+00:00,43.75,realKnownCause/ec2_request_latency_system_failure.csv,False,,validation,0.45309134916323046
2014-03-16 16:06:00+00:00,48.014,realKnownCause/ec2_request_latency_system_failure.csv,False,,validation,0.5370086137337433
2014-03-16 16:11:00+00:00,44.378,realKnownCause/ec2_request_latency_system_failure.csv,False,,validation,0.431562667285552
2014-03-16 16:16:00+00:00,45.54,realKnownCause/ec2_request_latency_system_failure.csv,False,,validation,0.4341836577921198
2014-03-16 16:21:00+00:00,48.78,realKnownCause/ec2_request_latency_system_failure.csv,False,,validation,0.5858795260176117
2014-03-16 16:26:00+00:00,42.464,realKnownCause/ec2_request_latency_system_failure.csv,False,,validation,0.5092796707223247
2014-03-16 16:31:00+00:00,45.234,realKnownCause/ec2_request_latency_system_failure.csv,False,,validation,0.4432502523316158
2014-03-16 16:36:00+00:00,43.908,realKnownCause/ec2_request_latency_system_failure.csv,False,,validation,0.44185364902501684
2014-03-16 16:41:00+00:00,45.624,realKnownCause/ec2_request_latency_system_failure.csv,False,,validation,0.4300751520385335
2014-03-16 16:46:00+00:00,45.352,realKnownCause/ec2_request_latency_system_failure.csv,False,,validation,0.43800546334561696
2014-03-16 16:51:00+00:00,48.122,realKnownCause/ec2_request_latency_system_failure.csv,False,,validation,0.5469596141318823
2014-03-16 16:56:00+00:00,46.292,realKnownCause/ec2_request_latency_system_failure.csv,False,,validation,0.4588226861059204
2014-03-16 17:01:00+00:00,44.684,realKnownCause/ec2_request_latency_system_failure.csv,False,,validation,0.43724251836027395
2014-03-16 17:06:00+00:00,44.694,realKnownCause/ec2_request_latency_system_failure.csv,False,,validation,0.4375363241195134
2014-03-16 17:11:00+00:00,46.798,realKnownCause/ec2_request_latency_system_failure.csv,False,,validation,0.48030079929509184
2014-03-16 17:16:00+00:00,45.51,realKnownCause/ec2_request_latency_system_failure.csv,False,,validation,0.43637987013159746
2014-03-16 17:21:00+00:00,45.56399999999999,realKnownCause/ec2_request_latency_system_failure.csv,False,,validation,0.43469855889689296
2014-03-16 17:26:00+00:00,47.176,realKnownCause/ec2_request_latency_system_failure.csv,False,,validation,0.488616047514201
2014-03-16 17:31:00+00:00,43.286,realKnownCause/ec2_request_latency_system_failure.csv,False,,validation,0.4904560109839089
2014-03-16 17:36:00+00:00,49.282,realKnownCause/ec2_request_latency_system_failure.csv,False,,validation,0.635612900425549
2014-03-16 17:41:00+00:00,46.202,realKnownCause/ec2_request_latency_system_failure.csv,False,,validation,0.45960698220802565
2014-03-16 17:46:00+00:00,44.604,realKnownCause/ec2_request_latency_system_failure.csv,False,,validation,0.43466273229447366
2014-03-16 17:51:00+00:00,45.70399999999999,realKnownCause/ec2_request_latency_system_failure.csv,False,,validation,0.43355890315626966
2014-03-16 17:56:00+00:00,49.624,realKnownCause/ec2_request_latency_system_failure.csv,False,,validation,0.6606926226866386
2014-03-16 18:01:00+00:00,43.968,realKnownCause/ec2_request_latency_system_failure.csv,False,,validation,0.44034555114864427
2014-03-16 18:06:00+00:00,45.916,realKnownCause/ec2_request_latency_system_failure.csv,False,,validation,0.44691469657984356
2014-03-16 18:11:00+00:00,47.3,realKnownCause/ec2_request_latency_system_failure.csv,False,,validation,0.5042491239842049
2014-03-16 18:16:00+00:00,45.274,realKnownCause/ec2_request_latency_system_failure.csv,False,,validation,0.4402500841484756
2014-03-16 18:21:00+00:00,46.76,realKnownCause/ec2_request_latency_system_failure.csv,False,,validation,0.478322977961853
2014-03-16 18:26:00+00:00,49.062,realKnownCause/ec2_request_latency_system_failure.csv,False,,validation,0.6133719718077871
2014-03-16 18:31:00+00:00,40.846,realKnownCause/ec2_request_latency_system_failure.csv,False,,validation,0.6534964297177489
2014-03-16 18:36:00+00:00,45.658,realKnownCause/ec2_request_latency_system_failure.csv,False,,validation,0.4284468974951732
2014-03-16 18:41:00+00:00,45.68,realKnownCause/ec2_request_latency_system_failure.csv,False,,validation,0.4300850533320183
2014-03-16 18:46:00+00:00,46.432,realKnownCause/ec2_request_latency_system_failure.csv,False,,validation,0.46758013287196515
2014-03-16 18:51:00+00:00,46.478,realKnownCause/ec2_request_latency_system_failure.csv,False,,validation,0.46707257395543583
2014-03-16 18:56:00+00:00,51.026,realKnownCause/ec2_request_latency_system_failure.csv,False,,validation,0.7609168798665386
2014-03-16 19:01:00+00:00,42.5,realKnownCause/ec2_request_latency_system_failure.csv,False,,validation,0.5012991100254132
2014-03-16 19:06:00+00:00,46.574,realKnownCause/ec2_request_latency_system_failure.csv,False,,validation,0.4661563904338668
2014-03-16 19:11:00+00:00,50.14,realKnownCause/ec2_request_latency_system_failure.csv,False,,validation,0.7055527001433075
2014-03-16 19:16:00+00:00,43.052,realKnownCause/ec2_request_latency_system_failure.csv,False,,validation,0.48865106774006933
2014-03-16 19:21:00+00:00,45.56399999999999,realKnownCause/ec2_request_latency_system_failure.csv,False,,validation,0.43469855889689296
2014-03-16 19:26:00+00:00,47.488,realKnownCause/ec2_request_latency_system_failure.csv,False,,validation,0.5083480427777758
2014-03-16 19:31:00+00:00,46.88399999999999,realKnownCause/ec2_request_latency_system_failure.csv,False,,validation,0.4872526728609954
2014-03-16 19:36:00+00:00,45.282,realKnownCause/ec2_request_latency_system_failure.csv,False,,validation,0.4412570462060989
2014-03-16 19:41:00+00:00,47.042,realKnownCause/ec2_request_latency_system_failure.csv,False,,validation,0.4826378331104159
2014-03-16 19:46:00+00:00,45.68,realKnownCause/ec2_request_latency_system_failure.csv,False,,validation,0.4300850533320183
2014-03-16 19:51:00+00:00,45.774,realKnownCause/ec2_request_latency_system_failure.csv,False,,validation,0.4402249188138403
2014-03-16 19:56:00+00:00,51.822,realKnownCause/ec2_request_latency_system_failure.csv,False,,validation,0.7734856619711481
2014-03-16 20:01:00+00:00,43.98,realKnownCause/ec2_request_latency_system_failure.csv,False,,validation,0.43991152128355154
2014-03-16 20:06:00+00:00,47.16,realKnownCause/ec2_request_latency_system_failure.csv,False,,validation,0.4882846565410343
2014-03-16 20:11:00+00:00,46.174,realKnownCause/ec2_request_latency_system_failure.csv,False,,validation,0.45677215908364804
2014-03-16 20:16:00+00:00,45.678,realKnownCause/ec2_request_latency_system_failure.csv,False,,validation,0.4302256117726758
2014-03-16 20:21:00+00:00,45.258,realKnownCause/ec2_request_latency_system_failure.csv,False,,validation,0.4387504927205348
2014-03-16 20:26:00+00:00,47.488,realKnownCause/ec2_request_latency_system_failure.csv,False,,validation,0.5083480427777758
2014-03-16 20:31:00+00:00,43.56399999999999,realKnownCause/ec2_request_latency_system_failure.csv,False,,validation,0.47349534758047396
2014-03-16 20:36:00+00:00,45.756,realKnownCause/ec2_request_latency_system_failure.csv,False,,validation,0.4367076602996029
2014-03-16 20:41:00+00:00,49.32,realKnownCause/ec2_request_latency_system_failure.csv,False,,validation,0.6390765225060939
2014-03-16 20:46:00+00:00,41.808,realKnownCause/ec2_request_latency_system_failure.csv,False,,validation,0.5723401630029037
2014-03-16 20:51:00+00:00,45.668,realKnownCause/ec2_request_latency_system_failure.csv,False,,validation,0.42861800987008336
2014-03-16 20:56:00+00:00,49.526,realKnownCause/ec2_request_latency_system_failure.csv,False,,validation,0.6549258413329038
2014-03-16 21:01:00+00:00,44.208,realKnownCause/ec2_request_latency_system_failure.csv,False,,validation,0.4325907289304256
2014-03-16 21:06:00+00:00,46.056,realKnownCause/ec2_request_latency_system_failure.csv,False,,validation,0.45074890852569605
2014-03-16 21:11:00+00:00,47.324,realKnownCause/ec2_request_latency_system_failure.csv,False,,validation,0.5058698803671976
2014-03-16 21:16:00+00:00,47.324,realKnownCause/ec2_request_latency_system_failure.csv,False,,validation,0.5058698803671976
2014-03-16 21:21:00+00:00,44.53,realKnownCause/ec2_request_latency_system_failure.csv,False,,validation,0.4332412631009113
2014-03-16 21:26:00+00:00,45.54,realKnownCause/ec2_request_latency_system_failure.csv,False,,validation,0.4341836577921198
2014-03-16 21:31:00+00:00,48.592,realKnownCause/ec2_request_latency_system_failure.csv,False,,validation,0.5598772365680091
2014-03-16 21:36:00+00:00,43.48,realKnownCause/ec2_request_latency_system_failure.csv,False,,validation,0.4768618579831815
2014-03-16 21:41:00+00:00,45.822,realKnownCause/ec2_request_latency_system_failure.csv,False,,validation,0.4421793985670508
2014-03-16 21:46:00+00:00,45.822,realKnownCause/ec2_request_latency_system_failure.csv,False,,validation,0.4421793985670508
2014-03-16 21:51:00+00:00,47.536,realKnownCause/ec2_request_latency_system_failure.csv,False,,validation,0.5118616708703188
2014-03-16 21:56:00+00:00,46.596,realKnownCause/ec2_request_latency_system_failure.csv,False,,validation,0.46760453465437096
2014-03-16 22:01:00+00:00,47.982,realKnownCause/ec2_request_latency_system_failure.csv,False,,validation,0.5332479426245582
2014-03-16 22:06:00+00:00,42.798,realKnownCause/ec2_request_latency_system_failure.csv,False,,validation,0.49281830261789616
2014-03-16 22:11:00+00:00,47.63,realKnownCause/ec2_request_latency_system_failure.csv,False,,validation,0.5173682405525717
2014-03-16 22:16:00+00:00,48.286,realKnownCause/ec2_request_latency_system_failure.csv,False,,validation,0.5589453016540749
2014-03-16 22:21:00+00:00,43.008,realKnownCause/ec2_request_latency_system_failure.csv,False,,validation,0.4919136991568351
2014-03-16 22:26:00+00:00,47.066,realKnownCause/ec2_request_latency_system_failure.csv,False,,validation,0.4807503839610945
2014-03-16 22:31:00+00:00,46.648,realKnownCause/ec2_request_latency_system_failure.csv,False,,validation,0.4685018184660099
2014-03-16 22:36:00+00:00,43.718,realKnownCause/ec2_request_latency_system_failure.csv,False,,validation,0.4576726576982351
2014-03-16 22:41:00+00:00,45.37600000000001,realKnownCause/ec2_request_latency_system_failure.csv,False,,validation,0.4355830696549549
2014-03-16 22:46:00+00:00,45.61,realKnownCause/ec2_request_latency_system_failure.csv,False,,validation,0.42953429966551965
2014-03-16 22:51:00+00:00,45.63399999999999,realKnownCause/ec2_request_latency_system_failure.csv,False,,validation,0.42830323402121195
2014-03-16 22:56:00+00:00,47.778,realKnownCause/ec2_request_latency_system_failure.csv,False,,validation,0.5230656994052654
2014-03-16 23:01:00+00:00,47.276,realKnownCause/ec2_request_latency_system_failure.csv,False,,validation,0.49845467289518536
2014-03-16 23:06:00+00:00,45.294,realKnownCause/ec2_request_latency_system_failure.csv,False,,validation,0.4406529036224938
2014-03-16 23:11:00+00:00,47.682,realKnownCause/ec2_request_latency_system_failure.csv,False,,validation,0.5165747885024173
2014-03-16 23:16:00+00:00,43.66,realKnownCause/ec2_request_latency_system_failure.csv,False,,validation,0.45980504601439987
2014-03-16 23:21:00+00:00,45.916,realKnownCause/ec2_request_latency_system_failure.csv,False,,validation,0.44691469657984356
2014-03-16 23:26:00+00:00,46.01,realKnownCause/ec2_request_latency_system_failure.csv,False,,validation,0.44420691559332104
2014-03-16 23:31:00+00:00,47.254,realKnownCause/ec2_request_latency_system_failure.csv,False,,validation,0.49823949767895737
2014-03-16 23:36:00+00:00,44.574,realKnownCause/ec2_request_latency_system_failure.csv,False,,validation,0.43446595726613196
2014-03-16 23:41:00+00:00,48.592,realKnownCause/ec2_request_latency_system_failure.csv,False,,validation,0.5598772365680091
2014-03-16 23:46:00+00:00,44.578,realKnownCause/ec2_request_latency_system_failure.csv,False,,validation,0.43511265435511687
2014-03-16 23:51:00+00:00,45.982,realKnownCause/ec2_request_latency_system_failure.csv,False,,validation,0.44471282375413
2014-03-16 23:56:00+00:00,50.44600000000001,realKnownCause/ec2_request_latency_system_failure.csv,False,,validation,0.7344619446293043
2014-03-17 00:01:00+00:00,45.56,realKnownCause/ec2_request_latency_system_failure.csv,False,,validation,0.43355433164921664
2014-03-17 00:06:00+00:00,44.24800000000001,realKnownCause/ec2_request_latency_system_failure.csv,False,,validation,0.42945349395617555
2014-03-17 00:11:00+00:00,46.972,realKnownCause/ec2_request_latency_system_failure.csv,False,,validation,0.4848846193866296
2014-03-17 00:16:00+00:00,46.784,realKnownCause/ec2_request_latency_system_failure.csv,False,,validation,0.47946830760769243
2014-03-17 00:21:00+00:00,44.108,realKnownCause/ec2_request_latency_system_failure.csv,False,,validation,0.43091970562063475
2014-03-17 00:26:00+00:00,45.67,realKnownCause/ec2_request_latency_system_failure.csv,False,,validation,0.4288964752364766
2014-03-17 00:31:00+00:00,47.35,realKnownCause/ec2_request_latency_system_failure.csv,False,,validation,0.5041905763523366
2014-03-17 00:36:00+00:00,43.386,realKnownCause/ec2_request_latency_system_failure.csv,False,,validation,0.48138055678385117
2014-03-17 00:41:00+00:00,45.764,realKnownCause/ec2_request_latency_system_failure.csv,False,,validation,0.437775074426858
2014-03-17 00:46:00+00:00,47.276,realKnownCause/ec2_request_latency_system_failure.csv,False,,validation,0.49845467289518536
2014-03-17 00:51:00+00:00,44.228,realKnownCause/ec2_request_latency_system_failure.csv,False,,validation,0.43254719734599
2014-03-17 00:56:00+00:00,47.442,realKnownCause/ec2_request_latency_system_failure.csv,False,,validation,0.5045651877750608
2014-03-17 01:01:00+00:00,45.902,realKnownCause/ec2_request_latency_system_failure.csv,False,,validation,0.4469644927008712
2014-03-17 01:06:00+00:00,44.13800000000001,realKnownCause/ec2_request_latency_system_failure.csv,False,,validation,0.43460816742812663
2014-03-17 01:11:00+00:00,47.394,realKnownCause/ec2_request_latency_system_failure.csv,False,,validation,0.5052809960636011
2014-03-17 01:16:00+00:00,45.846,realKnownCause/ec2_request_latency_system_failure.csv,False,,validation,0.4441259456879541
2014-03-17 01:21:00+00:00,45.868,realKnownCause/ec2_request_latency_system_failure.csv,False,,validation,0.4448166341136521
2014-03-17 01:26:00+00:00,45.63399999999999,realKnownCause/ec2_request_latency_system_failure.csv,False,,validation,0.42830323402121195
2014-03-17 01:31:00+00:00,51.878,realKnownCause/ec2_request_latency_system_failure.csv,False,,validation,0.7734856619711481
2014-03-17 01:36:00+00:00,40.586,realKnownCause/ec2_request_latency_system_failure.csv,False,,validation,0.6897978653413603
2014-03-17 01:41:00+00:00,46.784,realKnownCause/ec2_request_latency_system_failure.csv,False,,validation,0.47946830760769243
2014-03-17 01:46:00+00:00,45.38800000000001,realKnownCause/ec2_request_latency_system_failure.csv,False,,validation,0.4371178770029049
2014-03-17 01:51:00+00:00,46.034,realKnownCause/ec2_request_latency_system_failure.csv,False,,validation,0.44847648694919784
2014-03-17 01:56:00+00:00,47.11600000000001,realKnownCause/ec2_request_latency_system_failure.csv,False,,validation,0.48362564029260224
2014-03-17 02:01:00+00:00,49.672,realKnownCause/ec2_request_latency_system_failure.csv,False,,validation,0.6681922756704718
2014-03-17 02:06:00+00:00,43.472,realKnownCause/ec2_request_latency_system_failure.csv,False,,validation,0.4762720289486594
2014-03-17 02:11:00+00:00,48.708,realKnownCause/ec2_request_latency_system_failure.csv,False,,validation,0.5706015430552651
2014-03-17 02:16:00+00:00,44.014,realKnownCause/ec2_request_latency_system_failure.csv,False,,validation,0.44510842042244514
2014-03-17 02:21:00+00:00,46.83,realKnownCause/ec2_request_latency_system_failure.csv,False,,validation,0.4836056400745994
2014-03-17 02:26:00+00:00,44.108,realKnownCause/ec2_request_latency_system_failure.csv,False,,validation,0.43091970562063475
2014-03-17 02:31:00+00:00,45.846,realKnownCause/ec2_request_latency_system_failure.csv,False,,validation,0.4441259456879541
2014-03-17 02:36:00+00:00,47.192,realKnownCause/ec2_request_latency_system_failure.csv,False,,validation,0.488746643355974
2014-03-17 02:41:00+00:00,43.662,realKnownCause/ec2_request_latency_system_failure.csv,False,,validation,0.46067960633092153
2014-03-17 02:46:00+00:00,47.112,realKnownCause/ec2_request_latency_system_failure.csv,False,,validation,0.48327966756208185
2014-03-17 02:51:00+00:00,44.268,realKnownCause/ec2_request_latency_system_failure.csv,False,,validation,0.4305932759300716
2014-03-17 02:56:00+00:00,47.994,realKnownCause/ec2_request_latency_system_failure.csv,False,,validation,0.5339695265458626
2014-03-17 03:01:00+00:00,45.61,realKnownCause/ec2_request_latency_system_failure.csv,False,,validation,0.42953429966551965
2014-03-17 03:06:00+00:00,45.504,realKnownCause/ec2_request_latency_system_failure.csv,False,,validation,0.43423003928280995
2014-03-17 03:11:00+00:00,50.75,realKnownCause/ec2_request_latency_system_failure.csv,False,,validation,0.7515022146134396
2014-03-17 03:16:00+00:00,40.846,realKnownCause/ec2_request_latency_system_failure.csv,False,,validation,0.6534964297177489
2014-03-17 03:21:00+00:00,47.418,realKnownCause/ec2_request_latency_system_failure.csv,False,,validation,0.5037813011203458
2014-03-17 03:26:00+00:00,44.24800000000001,realKnownCause/ec2_request_latency_system_failure.csv,False,,validation,0.42945349395617555
2014-03-17 03:31:00+00:00,46.55,realKnownCause/ec2_request_latency_system_failure.csv,False,,validation,0.46360302350651167
2014-03-17 03:36:00+00:00,44.658,realKnownCause/ec2_request_latency_system_failure.csv,False,,validation,0.4356435188758413
2014-03-17 03:41:00+00:00,48.108,realKnownCause/ec2_request_latency_system_failure.csv,False,,validation,0.5475148281049269
2014-03-17 03:46:00+00:00,43.45,realKnownCause/ec2_request_latency_system_failure.csv,False,,validation,0.4775826186670703
2014-03-17 03:51:00+00:00,45.68,realKnownCause/ec2_request_latency_system_failure.csv,False,,validation,0.4300850533320183
2014-03-17 03:56:00+00:00,50.164,realKnownCause/ec2_request_latency_system_failure.csv,False,,validation,0.7097660630456746
2014-03-17 04:01:00+00:00,44.294,realKnownCause/ec2_request_latency_system_failure.csv,False,,validation,0.4323673627105297
2014-03-17 04:06:00+00:00,44.24800000000001,realKnownCause/ec2_request_latency_system_failure.csv,False,,validation,0.42945349395617555
2014-03-17 04:11:00+00:00,47.16,realKnownCause/ec2_request_latency_system_failure.csv,False,,validation,0.4882846565410343
2014-03-17 04:16:00+00:00,47.3,realKnownCause/ec2_request_latency_system_failure.csv,False,,validation,0.5042491239842049
2014-03-17 04:21:00+00:00,43.718,realKnownCause/ec2_request_latency_system_failure.csv,False,,validation,0.4576726576982351
2014-03-17 04:26:00+00:00,45.66,realKnownCause/ec2_request_latency_system_failure.csv,False,,validation,0.42796235709692226
2014-03-17 04:31:00+00:00,44.974,realKnownCause/ec2_request_latency_system_failure.csv,False,,validation,0.4372652526695564
2014-03-17 04:36:00+00:00,44.718,realKnownCause/ec2_request_latency_system_failure.csv,False,,validation,0.43889233069206235
2014-03-17 04:41:00+00:00,46.254,realKnownCause/ec2_request_latency_system_failure.csv,False,,validation,0.459304003098826
2014-03-17 04:46:00+00:00,44.252,realKnownCause/ec2_request_latency_system_failure.csv,False,,validation,0.42875410325668034
2014-03-17 04:51:00+00:00,43.334,realKnownCause/ec2_request_latency_system_failure.csv,False,,validation,0.4887052790527925
2014-03-17 04:56:00+00:00,46.558,realKnownCause/ec2_request_latency_system_failure.csv,False,,validation,0.46379787417614093
2014-03-17 05:01:00+00:00,43.588,realKnownCause/ec2_request_latency_system_failure.csv,False,,validation,0.47230993254631276
2014-03-17 05:06:00+00:00,44.944,realKnownCause/ec2_request_latency_system_failure.csv,False,,validation,0.43916140708911106
2014-03-17 05:11:00+00:00,48.166,realKnownCause/ec2_request_latency_system_failure.csv,False,,validation,0.5492079014415161
2014-03-17 05:16:00+00:00,45.508,realKnownCause/ec2_request_latency_system_failure.csv,False,,validation,0.43533045206496057
2014-03-17 05:21:00+00:00,41.948,realKnownCause/ec2_request_latency_system_failure.csv,False,,validation,0.5627313082724881
2014-03-17 05:26:00+00:00,46.81800000000001,realKnownCause/ec2_request_latency_system_failure.csv,False,,validation,0.4824004111157511
2014-03-17 05:31:00+00:00,41.738,realKnownCause/ec2_request_latency_system_failure.csv,False,,validation,0.5821198711723163
2014-03-17 05:36:00+00:00,45.70399999999999,realKnownCause/ec2_request_latency_system_failure.csv,False,,validation,0.43355890315626966
2014-03-17 05:41:00+00:00,45.118,realKnownCause/ec2_request_latency_system_failure.csv,False,,validation,0.43937965831254716
2014-03-17 05:46:00+00:00,48.45,realKnownCause/ec2_request_latency_system_failure.csv,False,,validation,0.556120166822838
2014-03-17 05:51:00+00:00,42.428,realKnownCause/ec2_request_latency_system_failure.csv,False,,validation,0.5112066146992209
2014-03-17 05:56:00+00:00,47.09,realKnownCause/ec2_request_latency_system_failure.csv,False,,validation,0.48091348973647685
2014-03-17 06:01:00+00:00,45.282,realKnownCause/ec2_request_latency_system_failure.csv,False,,validation,0.4412570462060989
2014-03-17 06:06:00+00:00,43.428,realKnownCause/ec2_request_latency_system_failure.csv,False,,validation,0.47884773095934746
2014-03-17 06:11:00+00:00,49.038,realKnownCause/ec2_request_latency_system_failure.csv,False,,validation,0.6114101298227991
2014-03-17 06:16:00+00:00,42.042,realKnownCause/ec2_request_latency_system_failure.csv,False,,validation,0.5554376713538983
2014-03-17 06:21:00+00:00,46.532,realKnownCause/ec2_request_latency_system_failure.csv,False,,validation,0.4639566080439049
2014-03-17 06:26:00+00:00,44.40600000000001,realKnownCause/ec2_request_latency_system_failure.csv,False,,validation,0.4339659048017452
2014-03-17 06:31:00+00:00,43.522,realKnownCause/ec2_request_latency_system_failure.csv,False,,validation,0.47660799516701574
2014-03-17 06:36:00+00:00,44.90600000000001,realKnownCause/ec2_request_latency_system_failure.csv,False,,validation,0.434765798023881
2014-03-17 06:41:00+00:00,45.04600000000001,realKnownCause/ec2_request_latency_system_failure.csv,False,,validation,0.4390489848674321
2014-03-17 06:46:00+00:00,44.774,realKnownCause/ec2_request_latency_system_failure.csv,False,,validation,0.438609833832557
2014-03-17 06:51:00+00:00,44.776,realKnownCause/ec2_request_latency_system_failure.csv,False,,validation,0.43825106269904335
2014-03-17 06:56:00+00:00,48.428,realKnownCause/ec2_request_latency_system_failure.csv,False,,validation,0.5568782757638963
2014-03-17 07:01:00+00:00,43.428,realKnownCause/ec2_request_latency_system_failure.csv,False,,validation,0.47884773095934746
2014-03-17 07:06:00+00:00,45.472,realKnownCause/ec2_request_latency_system_failure.csv,False,,validation,0.43189278482229115
2014-03-17 07:11:00+00:00,45.468,realKnownCause/ec2_request_latency_system_failure.csv,False,,validation,0.4324715357809205
2014-03-17 07:16:00+00:00,45.07,realKnownCause/ec2_request_latency_system_failure.csv,False,,validation,0.4402186391474919
2014-03-17 07:21:00+00:00,45.47,realKnownCause/ec2_request_latency_system_failure.csv,False,,validation,0.4322810560513369
2014-03-17 07:26:00+00:00,47.394,realKnownCause/ec2_request_latency_system_failure.csv,False,,validation,0.5052809960636011
2014-03-17 07:31:00+00:00,42.746,realKnownCause/ec2_request_latency_system_failure.csv,False,,validation,0.4953371442812581
2014-03-17 07:36:00+00:00,45.554,realKnownCause/ec2_request_latency_system_failure.csv,False,,validation,0.43440159525101335
2014-03-17 07:41:00+00:00,45.976000000000006,realKnownCause/ec2_request_latency_system_failure.csv,False,,validation,0.4439490974062975
2014-03-17 07:46:00+00:00,47.63,realKnownCause/ec2_request_latency_system_failure.csv,False,,validation,0.5173682405525717
2014-03-17 07:51:00+00:00,42.268,realKnownCause/ec2_request_latency_system_failure.csv,False,,validation,0.52919501604317
2014-03-17 07:56:00+00:00,48.78,realKnownCause/ec2_request_latency_system_failure.csv,False,,validation,0.5858795260176117
2014-03-17 08:01:00+00:00,43.56800000000001,realKnownCause/ec2_request_latency_system_failure.csv,False,,validation,0.47279309863301777
2014-03-17 08:06:00+00:00,45.002,realKnownCause/ec2_request_latency_system_failure.csv,False,,validation,0.43857093004324976
2014-03-17 08:11:00+00:00,46.426,realKnownCause/ec2_request_latency_system_failure.csv,False,,validation,0.46870853008067875
2014-03-17 08:16:00+00:00,45.212,realKnownCause/ec2_request_latency_system_failure.csv,False,,validation,0.44245413626615215
2014-03-17 08:21:00+00:00,46.104,realKnownCause/ec2_request_latency_system_failure.csv,False,,validation,0.45392759858049186
2014-03-17 08:26:00+00:00,43.944,realKnownCause/ec2_request_latency_system_failure.csv,False,,validation,0.43927815362027345
2014-03-17 08:31:00+00:00,49.724,realKnownCause/ec2_request_latency_system_failure.csv,False,,validation,0.6715886630549911
2014-03-17 08:36:00+00:00,40.52,realKnownCause/ec2_request_latency_system_failure.csv,False,,validation,0.6975447919558603
2014-03-17 08:41:00+00:00,44.93,realKnownCause/ec2_request_latency_system_failure.csv,False,,validation,0.4375204611438128
2014-03-17 08:46:00+00:00,44.88,realKnownCause/ec2_request_latency_system_failure.csv,False,,validation,0.43803777325499554
2014-03-17 08:51:00+00:00,44.484,realKnownCause/ec2_request_latency_system_failure.csv,False,,validation,0.43171552761011284
2014-03-17 08:56:00+00:00,48.072,realKnownCause/ec2_request_latency_system_failure.csv,False,,validation,0.5434829529514206
2014-03-17 09:01:00+00:00,45.212,realKnownCause/ec2_request_latency_system_failure.csv,False,,validation,0.44245413626615215
2014-03-17 09:06:00+00:00,43.286,realKnownCause/ec2_request_latency_system_failure.csv,False,,validation,0.4904560109839089
2014-03-17 09:11:00+00:00,46.49,realKnownCause/ec2_request_latency_system_failure.csv,False,,validation,0.4669656050894913
2014-03-17 09:16:00+00:00,47.724,realKnownCause/ec2_request_latency_system_failure.csv,False,,validation,0.5214752661884334
2014-03-17 09:21:00+00:00,42.112,realKnownCause/ec2_request_latency_system_failure.csv,False,,validation,0.5495010863806946
2014-03-17 09:26:00+00:00,44.788,realKnownCause/ec2_request_latency_system_failure.csv,False,,validation,0.4385413590967417
2014-03-17 09:31:00+00:00,48.122,realKnownCause/ec2_request_latency_system_failure.csv,False,,validation,0.5469596141318823
2014-03-17 09:36:00+00:00,42.26,realKnownCause/ec2_request_latency_system_failure.csv,False,,validation,0.5279412638256938
2014-03-17 09:41:00+00:00,45.646,realKnownCause/ec2_request_latency_system_failure.csv,False,,validation,0.42845829217024156
2014-03-17 09:46:00+00:00,44.86,realKnownCause/ec2_request_latency_system_failure.csv,False,,validation,0.4361225635230164
2014-03-17 09:51:00+00:00,44.942,realKnownCause/ec2_request_latency_system_failure.csv,False,,validation,0.43917991379284943
2014-03-17 09:56:00+00:00,47.15600000000001,realKnownCause/ec2_request_latency_system_failure.csv,False,,validation,0.48737151044322236
2014-03-17 10:01:00+00:00,49.93,realKnownCause/ec2_request_latency_system_failure.csv,False,,validation,0.6883058315179822
2014-03-17 10:06:00+00:00,41.808,realKnownCause/ec2_request_latency_system_failure.csv,False,,validation,0.5723401630029037
2014-03-17 10:11:00+00:00,45.352,realKnownCause/ec2_request_latency_system_failure.csv,False,,validation,0.43800546334561696
2014-03-17 10:16:00+00:00,44.93,realKnownCause/ec2_request_latency_system_failure.csv,False,,validation,0.4375204611438128
2014-03-17 10:21:00+00:00,44.93,realKnownCause/ec2_request_latency_system_failure.csv,False,,validation,0.4375204611438128
2014-03-17 10:26:00+00:00,45.07,realKnownCause/ec2_request_latency_system_failure.csv,False,,validation,0.4402186391474919
2014-03-17 10:31:00+00:00,46.986,realKnownCause/ec2_request_latency_system_failure.csv,False,,validation,0.4832927555966679
2014-03-17 10:36:00+00:00,43.18,realKnownCause/ec2_request_latency_system_failure.csv,False,,validation,0.4884000936619756
2014-03-17 10:41:00+00:00,45.554,realKnownCause/ec2_request_latency_system_failure.csv,False,,validation,0.43440159525101335
2014-03-17 10:46:00+00:00,46.55,realKnownCause/ec2_request_latency_system_failure.csv,False,,validation,0.46360302350651167
2014-03-17 10:51:00+00:00,45.44600000000001,realKnownCause/ec2_request_latency_system_failure.csv,False,,validation,0.43435735888937343
2014-03-17 10:56:00+00:00,45.728,realKnownCause/ec2_request_latency_system_failure.csv,False,,validation,0.4327264764954421
2014-03-17 11:01:00+00:00,45.04600000000001,realKnownCause/ec2_request_latency_system_failure.csv,False,,validation,0.4390489848674321
2014-03-17 11:06:00+00:00,47.136,realKnownCause/ec2_request_latency_system_failure.csv,False,,validation,0.4862726803053487
2014-03-17 11:11:00+00:00,45.212,realKnownCause/ec2_request_latency_system_failure.csv,False,,validation,0.44245413626615215
2014-03-17 11:16:00+00:00,45.306,realKnownCause/ec2_request_latency_system_failure.csv,False,,validation,0.44162471934564274
2014-03-17 11:21:00+00:00,46.502,realKnownCause/ec2_request_latency_system_failure.csv,False,,validation,0.4652554045720079
2014-03-17 11:26:00+00:00,43.908,realKnownCause/ec2_request_latency_system_failure.csv,False,,validation,0.44185364902501684
2014-03-17 11:31:00+00:00,45.504,realKnownCause/ec2_request_latency_system_failure.csv,False,,validation,0.43423003928280995
2014-03-17 11:36:00+00:00,48.356,realKnownCause/ec2_request_latency_system_failure.csv,False,,validation,0.5588813773912753
2014-03-17 11:41:00+00:00,45.68,realKnownCause/ec2_request_latency_system_failure.csv,False,,validation,0.4300850533320183
2014-03-17 11:46:00+00:00,41.444,realKnownCause/ec2_request_latency_system_failure.csv,False,,validation,0.6138965904691528
2014-03-17 11:51:00+00:00,46.106,realKnownCause/ec2_request_latency_system_failure.csv,False,,validation,0.4537865481726687
2014-03-17 11:56:00+00:00,47.794,realKnownCause/ec2_request_latency_system_failure.csv,False,,validation,0.5244239534876639
2014-03-17 12:01:00+00:00,46.924,realKnownCause/ec2_request_latency_system_failure.csv,False,,validation,0.4832608704944727
2014-03-17 12:06:00+00:00,45.934,realKnownCause/ec2_request_latency_system_failure.csv,False,,validation,0.44641112620394713
2014-03-17 12:11:00+00:00,45.728,realKnownCause/ec2_request_latency_system_failure.csv,False,,validation,0.4327264764954421
2014-03-17 12:16:00+00:00,43.96,realKnownCause/ec2_request_latency_system_failure.csv,False,,validation,0.4407102794547596
2014-03-17 12:21:00+00:00,45.188,realKnownCause/ec2_request_latency_system_failure.csv,False,,validation,0.4423578361319057
2014-03-17 12:26:00+00:00,44.86,realKnownCause/ec2_request_latency_system_failure.csv,False,,validation,0.4361225635230164
2014-03-17 12:31:00+00:00,47.13,realKnownCause/ec2_request_latency_system_failure.csv,False,,validation,0.4851125523661223
2014-03-17 12:36:00+00:00,45.962,realKnownCause/ec2_request_latency_system_failure.csv,False,,validation,0.4433516007087148
2014-03-17 12:41:00+00:00,41.44600000000001,realKnownCause/ec2_request_latency_system_failure.csv,False,,validation,0.6137304713361609
2014-03-17 12:46:00+00:00,44.95399999999999,realKnownCause/ec2_request_latency_system_failure.csv,False,,validation,0.4378221748183924
2014-03-17 12:51:00+00:00,45.112,realKnownCause/ec2_request_latency_system_failure.csv,False,,validation,0.4390251043289831
2014-03-17 12:56:00+00:00,46.908,realKnownCause/ec2_request_latency_system_failure.csv,False,,validation,0.48590127257597826
2014-03-17 13:01:00+00:00,45.146,realKnownCause/ec2_request_latency_system_failure.csv,False,,validation,0.440135474459734
2014-03-17 13:06:00+00:00,47.512,realKnownCause/ec2_request_latency_system_failure.csv,False,,validation,0.5107853812171391
2014-03-17 13:11:00+00:00,46.22,realKnownCause/ec2_request_latency_system_failure.csv,False,,validation,0.4590455122975732
2014-03-17 13:16:00+00:00,43.192,realKnownCause/ec2_request_latency_system_failure.csv,False,,validation,0.48853471810073257
2014-03-17 13:21:00+00:00,45.846,realKnownCause/ec2_request_latency_system_failure.csv,False,,validation,0.4441259456879541
2014-03-17 13:26:00+00:00,42.904,realKnownCause/ec2_request_latency_system_failure.csv,False,,validation,0.49387946036131286
2014-03-17 13:31:00+00:00,44.36600000000001,realKnownCause/ec2_request_latency_system_failure.csv,False,,validation,0.4307109844955651
2014-03-17 13:36:00+00:00,47.042,realKnownCause/ec2_request_latency_system_failure.csv,False,,validation,0.4826378331104159
2014-03-17 13:41:00+00:00,43.896,realKnownCause/ec2_request_latency_system_failure.csv,False,,validation,0.4425270796620171
2014-03-17 13:46:00+00:00,45.868,realKnownCause/ec2_request_latency_system_failure.csv,False,,validation,0.4448166341136521
2014-03-17 13:51:00+00:00,43.334,realKnownCause/ec2_request_latency_system_failure.csv,False,,validation,0.4887052790527925
2014-03-17 13:56:00+00:00,46.198,realKnownCause/ec2_request_latency_system_failure.csv,False,,validation,0.4588434783746833
2014-03-17 14:01:00+00:00,44.578,realKnownCause/ec2_request_latency_system_failure.csv,False,,validation,0.43511265435511687
2014-03-17 14:06:00+00:00,47.324,realKnownCause/ec2_request_latency_system_failure.csv,False,,validation,0.5058698803671976
2014-03-17 14:11:00+00:00,45.164,realKnownCause/ec2_request_latency_system_failure.csv,False,,validation,0.44206300889374345
2014-03-17 14:16:00+00:00,42.75,realKnownCause/ec2_request_latency_system_failure.csv,False,,validation,0.4949080476356614
2014-03-17 14:21:00+00:00,44.226000000000006,realKnownCause/ec2_request_latency_system_failure.csv,False,,validation,0.4326682263486753
2014-03-17 14:26:00+00:00,45.962,realKnownCause/ec2_request_latency_system_failure.csv,False,,validation,0.4433516007087148
2014-03-17 14:31:00+00:00,43.24,realKnownCause/ec2_request_latency_system_failure.csv,False,,validation,0.4904457232235148
2014-03-17 14:36:00+00:00,44.53,realKnownCause/ec2_request_latency_system_failure.csv,False,,validation,0.4332412631009113
2014-03-17 14:41:00+00:00,44.262,realKnownCause/ec2_request_latency_system_failure.csv,False,,validation,0.4299300700689284
2014-03-17 14:46:00+00:00,46.452,realKnownCause/ec2_request_latency_system_failure.csv,False,,validation,0.46773650987763976
2014-03-17 14:51:00+00:00,45.012,realKnownCause/ec2_request_latency_system_failure.csv,False,,validation,0.43854960243785507
2014-03-17 14:56:00+00:00,43.472,realKnownCause/ec2_request_latency_system_failure.csv,False,,validation,0.4762720289486594
2014-03-17 15:01:00+00:00,45.99800000000001,realKnownCause/ec2_request_latency_system_failure.csv,False,,validation,0.4452069594215579
2014-03-17 15:06:00+00:00,43.38,realKnownCause/ec2_request_latency_system_failure.csv,False,,validation,0.4808163962407884
2014-03-17 15:11:00+00:00,46.776,realKnownCause/ec2_request_latency_system_failure.csv,False,,validation,0.47796824636598384
2014-03-17 15:16:00+00:00,44.76600000000001,realKnownCause/ec2_request_latency_system_failure.csv,False,,validation,0.43945652706265936
2014-03-17 15:21:00+00:00,47.194,realKnownCause/ec2_request_latency_system_failure.csv,False,,validation,0.48862673201675855
2014-03-17 15:26:00+00:00,43.534,realKnownCause/ec2_request_latency_system_failure.csv,False,,validation,0.4753627323454117
2014-03-17 15:31:00+00:00,45.372,realKnownCause/ec2_request_latency_system_failure.csv,False,,validation,0.4352705150076523
2014-03-17 15:36:00+00:00,49.108,realKnownCause/ec2_request_latency_system_failure.csv,False,,validation,0.618970310880718
2014-03-17 15:41:00+00:00,42.77,realKnownCause/ec2_request_latency_system_failure.csv,False,,validation,0.49439185135785796
2014-03-17 15:46:00+00:00,44.928,realKnownCause/ec2_request_latency_system_failure.csv,False,,validation,0.4369557177443604
2014-03-17 15:51:00+00:00,46.924,realKnownCause/ec2_request_latency_system_failure.csv,False,,validation,0.4832608704944727
2014-03-17 15:56:00+00:00,44.718,realKnownCause/ec2_request_latency_system_failure.csv,False,,validation,0.43889233069206235
2014-03-17 16:01:00+00:00,45.328,realKnownCause/ec2_request_latency_system_failure.csv,False,,validation,0.4378234224690767
2014-03-17 16:06:00+00:00,45.416,realKnownCause/ec2_request_latency_system_failure.csv,False,,validation,0.4333034437286415
2014-03-17 16:11:00+00:00,47.794,realKnownCause/ec2_request_latency_system_failure.csv,False,,validation,0.5244239534876639
2014-03-17 16:16:00+00:00,43.286,realKnownCause/ec2_request_latency_system_failure.csv,False,,validation,0.4904560109839089
2014-03-17 16:21:00+00:00,49.132,realKnownCause/ec2_request_latency_system_failure.csv,False,,validation,0.6230111646541231
2014-03-17 16:26:00+00:00,39.712,realKnownCause/ec2_request_latency_system_failure.csv,False,,validation,0.7521739259239039
2014-03-17 16:31:00+00:00,44.53,realKnownCause/ec2_request_latency_system_failure.csv,False,,validation,0.4332412631009113
2014-03-17 16:36:00+00:00,44.90600000000001,realKnownCause/ec2_request_latency_system_failure.csv,False,,validation,0.434765798023881
2014-03-17 16:41:00+00:00,44.508,realKnownCause/ec2_request_latency_system_failure.csv,False,,validation,0.4305159052251081
2014-03-17 16:46:00+00:00,44.51600000000001,realKnownCause/ec2_request_latency_system_failure.csv,False,,validation,0.43309717229928163
2014-03-17 16:51:00+00:00,47.488,realKnownCause/ec2_request_latency_system_failure.csv,False,,validation,0.5083480427777758
2014-03-17 16:56:00+00:00,42.91,realKnownCause/ec2_request_latency_system_failure.csv,False,,validation,0.4947559122801428
2014-03-17 17:01:00+00:00,44.32,realKnownCause/ec2_request_latency_system_failure.csv,False,,validation,0.4330044834390389
2014-03-17 17:06:00+00:00,47.096,realKnownCause/ec2_request_latency_system_failure.csv,False,,validation,0.4819489134659412
2014-03-17 17:11:00+00:00,43.63800000000001,realKnownCause/ec2_request_latency_system_failure.csv,False,,validation,0.4630586081193363
2014-03-17 17:16:00+00:00,44.624,realKnownCause/ec2_request_latency_system_failure.csv,False,,validation,0.4353718578930934
2014-03-17 17:21:00+00:00,46.644,realKnownCause/ec2_request_latency_system_failure.csv,False,,validation,0.46878803454032014
2014-03-17 17:26:00+00:00,44.36600000000001,realKnownCause/ec2_request_latency_system_failure.csv,False,,validation,0.4307109844955651
2014-03-17 17:31:00+00:00,46.422,realKnownCause/ec2_request_latency_system_failure.csv,False,,validation,0.4678642916804724
2014-03-17 17:36:00+00:00,44.264,realKnownCause/ec2_request_latency_system_failure.csv,False,,validation,0.43017689869646636
2014-03-17 17:41:00+00:00,45.798,realKnownCause/ec2_request_latency_system_failure.csv,False,,validation,0.43867504780445893
2014-03-17 17:46:00+00:00,46.478,realKnownCause/ec2_request_latency_system_failure.csv,False,,validation,0.46707257395543583
2014-03-17 17:51:00+00:00,45.54,realKnownCause/ec2_request_latency_system_failure.csv,False,,validation,0.4341836577921198
2014-03-17 17:56:00+00:00,43.808,realKnownCause/ec2_request_latency_system_failure.csv,False,,validation,0.4510524718486866
2014-03-17 18:01:00+00:00,44.90600000000001,realKnownCause/ec2_request_latency_system_failure.csv,False,,validation,0.434765798023881
2014-03-17 18:06:00+00:00,46.08,realKnownCause/ec2_request_latency_system_failure.csv,False,,validation,0.45165825990729647
2014-03-17 18:11:00+00:00,45.47,realKnownCause/ec2_request_latency_system_failure.csv,False,,validation,0.4322810560513369
2014-03-17 18:16:00+00:00,46.418,realKnownCause/ec2_request_latency_system_failure.csv,False,,validation,0.46771891067840554
2014-03-17 18:21:00+00:00,42.77,realKnownCause/ec2_request_latency_system_failure.csv,False,,validation,0.49439185135785796
2014-03-17 18:26:00+00:00,44.882,realKnownCause/ec2_request_latency_system_failure.csv,False,,validation,0.43803456895540027
2014-03-17 18:31:00+00:00,44.508,realKnownCause/ec2_request_latency_system_failure.csv,False,,validation,0.4305159052251081
2014-03-17 18:36:00+00:00,47.37,realKnownCause/ec2_request_latency_system_failure.csv,False,,validation,0.5053503126072775
2014-03-17 18:41:00+00:00,43.286,realKnownCause/ec2_request_latency_system_failure.csv,False,,validation,0.4904560109839089
2014-03-17 18:46:00+00:00,43.38,realKnownCause/ec2_request_latency_system_failure.csv,False,,validation,0.4808163962407884
2014-03-17 18:51:00+00:00,46.362,realKnownCause/ec2_request_latency_system_failure.csv,False,,validation,0.4653235847577914
2014-03-17 18:56:00+00:00,44.6,realKnownCause/ec2_request_latency_system_failure.csv,False,,validation,0.4344664971837925
2014-03-17 19:01:00+00:00,44.624,realKnownCause/ec2_request_latency_system_failure.csv,False,,validation,0.4353718578930934
2014-03-17 19:06:00+00:00,44.46,realKnownCause/ec2_request_latency_system_failure.csv,False,,validation,0.432789328447324
2014-03-17 19:11:00+00:00,46.522,realKnownCause/ec2_request_latency_system_failure.csv,False,,validation,0.4658223938187752
2014-03-17 19:16:00+00:00,45.118,realKnownCause/ec2_request_latency_system_failure.csv,False,,validation,0.43937965831254716
2014-03-17 19:21:00+00:00,48.052,realKnownCause/ec2_request_latency_system_failure.csv,False,,validation,0.5425681189739321
2014-03-17 19:26:00+00:00,43.15,realKnownCause/ec2_request_latency_system_failure.csv,False,,validation,0.4887797106206118
2014-03-17 19:31:00+00:00,45.29,realKnownCause/ec2_request_latency_system_failure.csv,False,,validation,0.44299398997478145
2014-03-17 19:36:00+00:00,47.7,realKnownCause/ec2_request_latency_system_failure.csv,False,,validation,0.5186941258601508
2014-03-17 19:41:00+00:00,47.018,realKnownCause/ec2_request_latency_system_failure.csv,False,,validation,0.4836595035341818
2014-03-17 19:46:00+00:00,47.184,realKnownCause/ec2_request_latency_system_failure.csv,False,,validation,0.48661188451073195
2014-03-17 19:51:00+00:00,49.174,realKnownCause/ec2_request_latency_system_failure.csv,False,,validation,0.6294647675914963
2014-03-17 19:56:00+00:00,47.04600000000001,realKnownCause/ec2_request_latency_system_failure.csv,False,,validation,0.4822894782239975
2014-03-17 20:01:00+00:00,43.31,realKnownCause/ec2_request_latency_system_failure.csv,False,,validation,0.49137514194127
2014-03-17 20:06:00+00:00,47.242,realKnownCause/ec2_request_latency_system_failure.csv,False,,validation,0.49590941382054565
2014-03-17 20:11:00+00:00,43.874,realKnownCause/ec2_request_latency_system_failure.csv,False,,validation,0.44479962368119735
2014-03-17 20:16:00+00:00,44.43600000000001,realKnownCause/ec2_request_latency_system_failure.csv,False,,validation,0.4302246579615832
2014-03-17 20:21:00+00:00,44.39,realKnownCause/ec2_request_latency_system_failure.csv,False,,validation,0.43231897172616146
2014-03-17 20:26:00+00:00,46.31399999999999,realKnownCause/ec2_request_latency_system_failure.csv,False,,validation,0.46161088230047204
2014-03-17 20:31:00+00:00,44.084,realKnownCause/ec2_request_latency_system_failure.csv,False,,validation,0.42889341458206837
2014-03-17 20:36:00+00:00,43.262,realKnownCause/ec2_request_latency_system_failure.csv,False,,validation,0.4914566148976027
2014-03-17 20:41:00+00:00,44.24,realKnownCause/ec2_request_latency_system_failure.csv,False,,validation,0.4299607741676976
2014-03-17 20:46:00+00:00,44.576,realKnownCause/ec2_request_latency_system_failure.csv,False,,validation,0.4347031367195689
2014-03-17 20:51:00+00:00,44.414,realKnownCause/ec2_request_latency_system_failure.csv,False,,validation,0.4328803248190742
2014-03-17 20:56:00+00:00,48.826,realKnownCause/ec2_request_latency_system_failure.csv,False,,validation,0.5923388232565525
2014-03-17 21:01:00+00:00,43.25,realKnownCause/ec2_request_latency_system_failure.csv,False,,validation,0.49151261112693817
2014-03-17 21:06:00+00:00,43.772,realKnownCause/ec2_request_latency_system_failure.csv,False,,validation,0.45168474454871166
2014-03-17 21:11:00+00:00,45.094,realKnownCause/ec2_request_latency_system_failure.csv,False,,validation,0.4409349441159919
2014-03-17 21:16:00+00:00,44.812,realKnownCause/ec2_request_latency_system_failure.csv,False,,validation,0.44126674458672105
2014-03-17 21:21:00+00:00,44.976000000000006,realKnownCause/ec2_request_latency_system_failure.csv,False,,validation,0.4367896451771438
2014-03-17 21:26:00+00:00,44.25,realKnownCause/ec2_request_latency_system_failure.csv,False,,validation,0.42923938356688024
2014-03-17 21:31:00+00:00,44.32,realKnownCause/ec2_request_latency_system_failure.csv,False,,validation,0.4330044834390389
2014-03-17 21:36:00+00:00,47.042,realKnownCause/ec2_request_latency_system_failure.csv,False,,validation,0.4826378331104159
2014-03-17 21:41:00+00:00,43.78,realKnownCause/ec2_request_latency_system_failure.csv,False,,validation,0.4516881294336873
2014-03-17 21:46:00+00:00,46.596,realKnownCause/ec2_request_latency_system_failure.csv,False,,validation,0.46760453465437096
2014-03-17 21:51:00+00:00,44.612,realKnownCause/ec2_request_latency_system_failure.csv,False,,validation,0.43531802057020985
2014-03-17 21:56:00+00:00,46.032,realKnownCause/ec2_request_latency_system_failure.csv,False,,validation,0.44725438666628053
2014-03-17 22:01:00+00:00,44.812,realKnownCause/ec2_request_latency_system_failure.csv,False,,validation,0.44126674458672105
2014-03-17 22:06:00+00:00,46.362,realKnownCause/ec2_request_latency_system_failure.csv,False,,validation,0.4653235847577914
2014-03-17 22:11:00+00:00,44.202,realKnownCause/ec2_request_latency_system_failure.csv,False,,validation,0.4344588537703677
2014-03-17 22:16:00+00:00,44.342,realKnownCause/ec2_request_latency_system_failure.csv,False,,validation,0.43237943848661753
2014-03-17 22:21:00+00:00,44.32,realKnownCause/ec2_request_latency_system_failure.csv,False,,validation,0.4330044834390389
2014-03-17 22:26:00+00:00,45.56399999999999,realKnownCause/ec2_request_latency_system_failure.csv,False,,validation,0.43469855889689296
2014-03-17 22:31:00+00:00,43.334,realKnownCause/ec2_request_latency_system_failure.csv,False,,validation,0.4887052790527925
2014-03-17 22:36:00+00:00,49.43600000000001,realKnownCause/ec2_request_latency_system_failure.csv,False,,validation,0.6464546869060385
2014-03-17 22:41:00+00:00,40.234,realKnownCause/ec2_request_latency_system_failure.csv,False,,validation,0.7250810539901326
2014-03-17 22:46:00+00:00,44.108,realKnownCause/ec2_request_latency_system_failure.csv,False,,validation,0.43091970562063475
2014-03-17 22:51:00+00:00,44.926,realKnownCause/ec2_request_latency_system_failure.csv,False,,validation,0.4370135782357369
2014-03-17 22:56:00+00:00,45.926,realKnownCause/ec2_request_latency_system_failure.csv,False,,validation,0.44716133281257936
2014-03-17 23:01:00+00:00,46.608,realKnownCause/ec2_request_latency_system_failure.csv,False,,validation,0.46671268444069136
2014-03-17 23:06:00+00:00,48.63800000000001,realKnownCause/ec2_request_latency_system_failure.csv,False,,validation,0.5628012216800948
2014-03-17 23:11:00+00:00,44.90600000000001,realKnownCause/ec2_request_latency_system_failure.csv,False,,validation,0.434765798023881
2014-03-17 23:16:00+00:00,44.578,realKnownCause/ec2_request_latency_system_failure.csv,False,,validation,0.43511265435511687
2014-03-17 23:21:00+00:00,47.536,realKnownCause/ec2_request_latency_system_failure.csv,False,,validation,0.5118616708703188
2014-03-17 23:26:00+00:00,42.16,realKnownCause/ec2_request_latency_system_failure.csv,False,,validation,0.5434728823586421
2014-03-17 23:31:00+00:00,44.428,realKnownCause/ec2_request_latency_system_failure.csv,False,,validation,0.4293965669894118
2014-03-17 23:36:00+00:00,48.544,realKnownCause/ec2_request_latency_system_failure.csv,False,,validation,0.5583477540822865
2014-03-17 23:41:00+00:00,42.442,realKnownCause/ec2_request_latency_system_failure.csv,False,,validation,0.5099858613552871
2014-03-17 23:46:00+00:00,44.578,realKnownCause/ec2_request_latency_system_failure.csv,False,,validation,0.43511265435511687
2014-03-17 23:51:00+00:00,44.812,realKnownCause/ec2_request_latency_system_failure.csv,False,,validation,0.44126674458672105
2014-03-17 23:56:00+00:00,46.292,realKnownCause/ec2_request_latency_system_failure.csv,False,,validation,0.4588226861059204
2014-03-18 00:01:00+00:00,44.742,realKnownCause/ec2_request_latency_system_failure.csv,False,,validation,0.43773936957533155
2014-03-18 00:06:00+00:00,46.08,realKnownCause/ec2_request_latency_system_failure.csv,False,,validation,0.45165825990729647
2014-03-18 00:11:00+00:00,45.352,realKnownCause/ec2_request_latency_system_failure.csv,False,,validation,0.43800546334561696
2014-03-18 00:16:00+00:00,43.42,realKnownCause/ec2_request_latency_system_failure.csv,False,,validation,0.4783491990274397
2014-03-18 00:21:00+00:00,43.49800000000001,realKnownCause/ec2_request_latency_system_failure.csv,False,,validation,0.4769200365024189
2014-03-18 00:26:00+00:00,44.39,realKnownCause/ec2_request_latency_system_failure.csv,False,,validation,0.43231897172616146
2014-03-18 00:31:00+00:00,44.6,realKnownCause/ec2_request_latency_system_failure.csv,False,,validation,0.4344664971837925
2014-03-18 00:36:00+00:00,47.31399999999999,realKnownCause/ec2_request_latency_system_failure.csv,False,,validation,0.5061800585436627
2014-03-18 00:41:00+00:00,42.864,realKnownCause/ec2_request_latency_system_failure.csv,False,,validation,0.4891762890345461
2014-03-18 00:46:00+00:00,44.556,realKnownCause/ec2_request_latency_system_failure.csv,False,,validation,0.432798483697486
2014-03-18 00:51:00+00:00,44.812,realKnownCause/ec2_request_latency_system_failure.csv,False,,validation,0.44126674458672105
2014-03-18 00:56:00+00:00,47.91,realKnownCause/ec2_request_latency_system_failure.csv,False,,validation,0.525681392803622
2014-03-18 01:01:00+00:00,44.788,realKnownCause/ec2_request_latency_system_failure.csv,False,,validation,0.4385413590967417
2014-03-18 01:06:00+00:00,42.512,realKnownCause/ec2_request_latency_system_failure.csv,False,,validation,0.5007998689991017
2014-03-18 01:11:00+00:00,43.496,realKnownCause/ec2_request_latency_system_failure.csv,False,,validation,0.4769582755374944
2014-03-18 01:16:00+00:00,45.51600000000001,realKnownCause/ec2_request_latency_system_failure.csv,False,,validation,0.4353239014694586
2014-03-18 01:21:00+00:00,45.07,realKnownCause/ec2_request_latency_system_failure.csv,False,,validation,0.4402186391474919
2014-03-18 01:26:00+00:00,44.43600000000001,realKnownCause/ec2_request_latency_system_failure.csv,False,,validation,0.4302246579615832
2014-03-18 01:31:00+00:00,46.62,realKnownCause/ec2_request_latency_system_failure.csv,False,,validation,0.4686121523339858
2014-03-18 01:36:00+00:00,46.878,realKnownCause/ec2_request_latency_system_failure.csv,False,,validation,0.4871963566080978
2014-03-18 01:41:00+00:00,45.328,realKnownCause/ec2_request_latency_system_failure.csv,False,,validation,0.4378234224690767
2014-03-18 01:46:00+00:00,44.802,realKnownCause/ec2_request_latency_system_failure.csv,False,,validation,0.4412381179801501
2014-03-18 01:51:00+00:00,47.69,realKnownCause/ec2_request_latency_system_failure.csv,False,,validation,0.5177939346486564
2014-03-18 01:56:00+00:00,41.996,realKnownCause/ec2_request_latency_system_failure.csv,False,,validation,0.5560199857537752
2014-03-18 02:01:00+00:00,45.234,realKnownCause/ec2_request_latency_system_failure.csv,False,,validation,0.4432502523316158
2014-03-18 02:06:00+00:00,44.648,realKnownCause/ec2_request_latency_system_failure.csv,False,,validation,0.43559593190354357
2014-03-18 02:11:00+00:00,46.808,realKnownCause/ec2_request_latency_system_failure.csv,False,,validation,0.48145786115395783
2014-03-18 02:16:00+00:00,42.79,realKnownCause/ec2_request_latency_system_failure.csv,False,,validation,0.4942825048247686
2014-03-18 02:21:00+00:00,44.90600000000001,realKnownCause/ec2_request_latency_system_failure.csv,False,,validation,0.434765798023881
2014-03-18 02:26:00+00:00,44.742,realKnownCause/ec2_request_latency_system_failure.csv,False,,validation,0.43773936957533155
2014-03-18 02:31:00+00:00,44.83,realKnownCause/ec2_request_latency_system_failure.csv,False,,validation,0.43942607753202634
2014-03-18 02:36:00+00:00,46.76,realKnownCause/ec2_request_latency_system_failure.csv,False,,validation,0.478322977961853
2014-03-18 02:41:00+00:00,45.63399999999999,realKnownCause/ec2_request_latency_system_failure.csv,False,,validation,0.42830323402121195
2014-03-18 02:46:00+00:00,41.88399999999999,realKnownCause/ec2_request_latency_system_failure.csv,False,,validation,0.5651600326961319
2014-03-18 02:51:00+00:00,44.43600000000001,realKnownCause/ec2_request_latency_system_failure.csv,False,,validation,0.4302246579615832
2014-03-18 02:56:00+00:00,45.118,realKnownCause/ec2_request_latency_system_failure.csv,False,,validation,0.43937965831254716
2014-03-18 03:01:00+00:00,44.938,realKnownCause/ec2_request_latency_system_failure.csv,False,,validation,0.43905886126671534
2014-03-18 03:06:00+00:00,45.094,realKnownCause/ec2_request_latency_system_failure.csv,False,,validation,0.4409349441159919
2014-03-18 03:11:00+00:00,47.958,realKnownCause/ec2_request_latency_system_failure.csv,False,,validation,0.5290553100792798
2014-03-18 03:16:00+00:00,43.356,realKnownCause/ec2_request_latency_system_failure.csv,False,,validation,0.4865074249068813
2014-03-18 03:21:00+00:00,46.29600000000001,realKnownCause/ec2_request_latency_system_failure.csv,False,,validation,0.45947328831470347
2014-03-18 03:26:00+00:00,46.12600000000001,realKnownCause/ec2_request_latency_system_failure.csv,False,,validation,0.4542553800399752
2014-03-18 03:31:00+00:00,41.57,realKnownCause/ec2_request_latency_system_failure.csv,False,,validation,0.602450493489997
2014-03-18 03:36:00+00:00,45.51600000000001,realKnownCause/ec2_request_latency_system_failure.csv,False,,validation,0.4353239014694586
2014-03-18 03:41:00+00:00,47.614,realKnownCause/ec2_request_latency_system_failure.csv,False,,validation,0.5150507824949331
2014-03-18 03:46:00+00:00,43.014,realKnownCause/ec2_request_latency_system_failure.csv,False,,validation,0.4907691944833635
2014-03-18 03:51:00+00:00,45.466,realKnownCause/ec2_request_latency_system_failure.csv,False,,validation,0.43272996998544005
2014-03-18 03:56:00+00:00,46.338,realKnownCause/ec2_request_latency_system_failure.csv,False,,validation,0.4610596169397069
2014-03-18 04:01:00+00:00,46.338,realKnownCause/ec2_request_latency_system_failure.csv,False,,validation,0.4610596169397069
2014-03-18 04:06:00+00:00,43.45,realKnownCause/ec2_request_latency_system_failure.csv,False,,validation,0.4775826186670703
2014-03-18 04:11:00+00:00,48.874,realKnownCause/ec2_request_latency_system_failure.csv,False,,validation,0.596479831088242
2014-03-18 04:16:00+00:00,44.202,realKnownCause/ec2_request_latency_system_failure.csv,False,,validation,0.4344588537703677
2014-03-18 04:21:00+00:00,42.72,realKnownCause/ec2_request_latency_system_failure.csv,False,,validation,0.4940151404128023
2014-03-18 04:26:00+00:00,43.24,realKnownCause/ec2_request_latency_system_failure.csv,False,,validation,0.4904457232235148
2014-03-18 04:31:00+00:00,44.59,realKnownCause/ec2_request_latency_system_failure.csv,False,,validation,0.43548530102065
2014-03-18 04:36:00+00:00,46.872,realKnownCause/ec2_request_latency_system_failure.csv,False,,validation,0.4863628392029496
2014-03-18 04:41:00+00:00,43.262,realKnownCause/ec2_request_latency_system_failure.csv,False,,validation,0.4914566148976027
2014-03-18 04:46:00+00:00,48.802,realKnownCause/ec2_request_latency_system_failure.csv,False,,validation,0.5886949818582053
2014-03-18 04:51:00+00:00,43.56800000000001,realKnownCause/ec2_request_latency_system_failure.csv,False,,validation,0.47279309863301777
2014-03-18 04:56:00+00:00,46.784,realKnownCause/ec2_request_latency_system_failure.csv,False,,validation,0.47946830760769243
2014-03-18 05:01:00+00:00,47.464,realKnownCause/ec2_request_latency_system_failure.csv,False,,validation,0.5073986379036944
2014-03-18 05:06:00+00:00,42.184,realKnownCause/ec2_request_latency_system_failure.csv,False,,validation,0.5417851423332849
2014-03-18 05:11:00+00:00,47.464,realKnownCause/ec2_request_latency_system_failure.csv,False,,validation,0.5073986379036944
2014-03-18 05:16:00+00:00,45.44600000000001,realKnownCause/ec2_request_latency_system_failure.csv,False,,validation,0.43435735888937343
2014-03-18 05:21:00+00:00,43.88800000000001,realKnownCause/ec2_request_latency_system_failure.csv,False,,validation,0.44264070012284995
2014-03-18 05:26:00+00:00,45.328,realKnownCause/ec2_request_latency_system_failure.csv,False,,validation,0.4378234224690767
2014-03-18 05:31:00+00:00,44.726000000000006,realKnownCause/ec2_request_latency_system_failure.csv,False,,validation,0.4383829431232526
2014-03-18 05:36:00+00:00,45.32,realKnownCause/ec2_request_latency_system_failure.csv,False,,validation,0.43881153350348295
2014-03-18 05:41:00+00:00,45.868,realKnownCause/ec2_request_latency_system_failure.csv,False,,validation,0.4448166341136521
2014-03-18 05:46:00+00:00,51.104,realKnownCause/ec2_request_latency_system_failure.csv,False,,validation,0.7652537300194011
2014-03-18 05:51:00+00:00,40.436,realKnownCause/ec2_request_latency_system_failure.csv,False,,validation,0.7059007512441299
2014-03-18 05:56:00+00:00,46.99,realKnownCause/ec2_request_latency_system_failure.csv,False,,validation,0.48341542675348814
2014-03-18 06:01:00+00:00,45.38,realKnownCause/ec2_request_latency_system_failure.csv,False,,validation,0.43604794715035466
2014-03-18 06:06:00+00:00,45.68,realKnownCause/ec2_request_latency_system_failure.csv,False,,validation,0.4300850533320183
2014-03-18 06:11:00+00:00,47.066,realKnownCause/ec2_request_latency_system_failure.csv,False,,validation,0.4807503839610945
2014-03-18 06:16:00+00:00,44.90600000000001,realKnownCause/ec2_request_latency_system_failure.csv,False,,validation,0.434765798023881
2014-03-18 06:21:00+00:00,46.722,realKnownCause/ec2_request_latency_system_failure.csv,False,,validation,0.48024308128179244
2014-03-18 06:26:00+00:00,44.042,realKnownCause/ec2_request_latency_system_failure.csv,False,,validation,0.44157928381270317
2014-03-18 06:31:00+00:00,43.146,realKnownCause/ec2_request_latency_system_failure.csv,False,,validation,0.4892474687232662
2014-03-18 06:36:00+00:00,43.624,realKnownCause/ec2_request_latency_system_failure.csv,False,,validation,0.46892506843135057
2014-03-18 06:41:00+00:00,47.77,realKnownCause/ec2_request_latency_system_failure.csv,False,,validation,0.5246422891781738
2014-03-18 06:46:00+00:00,44.718,realKnownCause/ec2_request_latency_system_failure.csv,False,,validation,0.43889233069206235
2014-03-18 06:51:00+00:00,47.464,realKnownCause/ec2_request_latency_system_failure.csv,False,,validation,0.5073986379036944
2014-03-18 06:56:00+00:00,45.674,realKnownCause/ec2_request_latency_system_failure.csv,False,,validation,0.4291630563501446
2014-03-18 07:01:00+00:00,46.15,realKnownCause/ec2_request_latency_system_failure.csv,False,,validation,0.45642973206493986
2014-03-18 07:06:00+00:00,44.108,realKnownCause/ec2_request_latency_system_failure.csv,False,,validation,0.43091970562063475
2014-03-18 07:11:00+00:00,47.606,realKnownCause/ec2_request_latency_system_failure.csv,False,,validation,0.5138263562572192
2014-03-18 07:16:00+00:00,45.19,realKnownCause/ec2_request_latency_system_failure.csv,False,,validation,0.44203678032280436
2014-03-18 07:21:00+00:00,47.666,realKnownCause/ec2_request_latency_system_failure.csv,False,,validation,0.5157878276847969
2014-03-18 07:26:00+00:00,45.352,realKnownCause/ec2_request_latency_system_failure.csv,False,,validation,0.43800546334561696
2014-03-18 07:31:00+00:00,44.272,realKnownCause/ec2_request_latency_system_failure.csv,False,,validation,0.42898186007522504
2014-03-18 07:36:00+00:00,48.032,realKnownCause/ec2_request_latency_system_failure.csv,False,,validation,0.5427252032186679
2014-03-18 07:41:00+00:00,46.408,realKnownCause/ec2_request_latency_system_failure.csv,False,,validation,0.46738674557946036
2014-03-18 07:46:00+00:00,45.37600000000001,realKnownCause/ec2_request_latency_system_failure.csv,False,,validation,0.4355830696549549
2014-03-18 07:51:00+00:00,46.76,realKnownCause/ec2_request_latency_system_failure.csv,False,,validation,0.478322977961853
2014-03-18 07:56:00+00:00,44.914,realKnownCause/ec2_request_latency_system_failure.csv,False,,validation,0.4360757457573568
2014-03-18 08:01:00+00:00,45.938,realKnownCause/ec2_request_latency_system_failure.csv,False,,validation,0.4466448001926465
2014-03-18 08:06:00+00:00,45.822,realKnownCause/ec2_request_latency_system_failure.csv,False,,validation,0.4421793985670508
2014-03-18 08:11:00+00:00,49.694,realKnownCause/ec2_request_latency_system_failure.csv,False,,validation,0.6681547727393542
2014-03-18 08:16:00+00:00,43.79,realKnownCause/ec2_request_latency_system_failure.csv,False,,validation,0.4512767704890101
2014-03-18 08:21:00+00:00,44.61600000000001,realKnownCause/ec2_request_latency_system_failure.csv,False,,validation,0.43518386582410273
2014-03-18 08:26:00+00:00,46.292,realKnownCause/ec2_request_latency_system_failure.csv,False,,validation,0.4588226861059204
2014-03-18 08:31:00+00:00,43.56800000000001,realKnownCause/ec2_request_latency_system_failure.csv,False,,validation,0.47279309863301777
2014-03-18 08:36:00+00:00,44.326,realKnownCause/ec2_request_latency_system_failure.csv,False,,validation,0.4337251410599203
2014-03-18 08:41:00+00:00,45.04600000000001,realKnownCause/ec2_request_latency_system_failure.csv,False,,test,0.4390489848674321
2014-03-18 08:46:00+00:00,46.83600000000001,realKnownCause/ec2_request_latency_system_failure.csv,False,,test,0.48370817649074405
2014-03-18 08:51:00+00:00,44.648,realKnownCause/ec2_request_latency_system_failure.csv,False,,test,0.43559593190354357
2014-03-18 08:56:00+00:00,50.574,realKnownCause/ec2_request_latency_system_failure.csv,False,,test,0.742255059106121
2014-03-18 09:01:00+00:00,43.99,realKnownCause/ec2_request_latency_system_failure.csv,False,,test,0.44253654620735267
2014-03-18 09:06:00+00:00,43.522,realKnownCause/ec2_request_latency_system_failure.csv,False,,test,0.47660799516701574
2014-03-18 09:11:00+00:00,46.738,realKnownCause/ec2_request_latency_system_failure.csv,False,,test,0.4802923174305363
2014-03-18 09:16:00+00:00,44.556,realKnownCause/ec2_request_latency_system_failure.csv,False,,test,0.432798483697486
2014-03-18 09:21:00+00:00,46.104,realKnownCause/ec2_request_latency_system_failure.csv,False,,test,0.45392759858049186
2014-03-18 09:26:00+00:00,43.028,realKnownCause/ec2_request_latency_system_failure.csv,False,,test,0.4918835936318682
2014-03-18 09:31:00+00:00,46.002,realKnownCause/ec2_request_latency_system_failure.csv,False,,test,0.4449077778490977
2014-03-18 09:36:00+00:00,43.99800000000001,realKnownCause/ec2_request_latency_system_failure.csv,False,,test,0.44381113853123194
2014-03-18 09:41:00+00:00,48.17,realKnownCause/ec2_request_latency_system_failure.csv,False,,test,0.5497396618471898
2014-03-18 09:46:00+00:00,42.442,realKnownCause/ec2_request_latency_system_failure.csv,False,,test,0.5099858613552871
2014-03-18 09:51:00+00:00,44.76600000000001,realKnownCause/ec2_request_latency_system_failure.csv,False,,test,0.43945652706265936
2014-03-18 09:56:00+00:00,46.85,realKnownCause/ec2_request_latency_system_failure.csv,False,,test,0.4850724085527777
2014-03-18 10:01:00+00:00,48.63800000000001,realKnownCause/ec2_request_latency_system_failure.csv,False,,test,0.5628012216800948
2014-03-18 10:06:00+00:00,42.206,realKnownCause/ec2_request_latency_system_failure.csv,False,,test,0.5351811735557104
2014-03-18 10:11:00+00:00,48.17,realKnownCause/ec2_request_latency_system_failure.csv,False,,test,0.5497396618471898
2014-03-18 10:16:00+00:00,46.01,realKnownCause/ec2_request_latency_system_failure.csv,False,,test,0.44420691559332104
2014-03-18 10:21:00+00:00,45.282,realKnownCause/ec2_request_latency_system_failure.csv,False,,test,0.4412570462060989
2014-03-18 10:26:00+00:00,44.6,realKnownCause/ec2_request_latency_system_failure.csv,False,,test,0.4344664971837925
2014-03-18 10:31:00+00:00,49.226000000000006,realKnownCause/ec2_request_latency_system_failure.csv,False,,test,0.6339298754127837
2014-03-18 10:36:00+00:00,45.306,realKnownCause/ec2_request_latency_system_failure.csv,False,,test,0.44162471934564274
2014-03-18 10:41:00+00:00,45.822,realKnownCause/ec2_request_latency_system_failure.csv,False,,test,0.4421793985670508
2014-03-18 10:46:00+00:00,45.07,realKnownCause/ec2_request_latency_system_failure.csv,False,,test,0.4402186391474919
2014-03-18 10:51:00+00:00,46.174,realKnownCause/ec2_request_latency_system_failure.csv,False,,test,0.45677215908364804
2014-03-18 10:56:00+00:00,47.84,realKnownCause/ec2_request_latency_system_failure.csv,False,,test,0.5251809659319144
2014-03-18 11:01:00+00:00,46.244,realKnownCause/ec2_request_latency_system_failure.csv,False,,test,0.4598535617070339
2014-03-18 11:06:00+00:00,49.53,realKnownCause/ec2_request_latency_system_failure.csv,False,,test,0.6548995485311612
2014-03-18 11:11:00+00:00,46.31399999999999,realKnownCause/ec2_request_latency_system_failure.csv,False,,test,0.46161088230047204
2014-03-18 11:16:00+00:00,50.994,realKnownCause/ec2_request_latency_system_failure.csv,False,,test,0.7609168798665386
2014-03-18 11:21:00+00:00,42.344,realKnownCause/ec2_request_latency_system_failure.csv,False,,test,0.5169319612234328
2014-03-18 11:26:00+00:00,46.362,realKnownCause/ec2_request_latency_system_failure.csv,False,,test,0.4653235847577914
2014-03-18 11:31:00+00:00,48.334,realKnownCause/ec2_request_latency_system_failure.csv,False,,test,0.558068434964768
2014-03-18 11:36:00+00:00,45.328,realKnownCause/ec2_request_latency_system_failure.csv,False,,test,0.4378234224690767
2014-03-18 11:41:00+00:00,47.934,realKnownCause/ec2_request_latency_system_failure.csv,False,,test,0.5295275514390041
2014-03-18 11:46:00+00:00,46.502,realKnownCause/ec2_request_latency_system_failure.csv,False,,test,0.4652554045720079
2014-03-18 11:51:00+00:00,48.52,realKnownCause/ec2_request_latency_system_failure.csv,False,,test,0.5570919453379769
2014-03-18 11:56:00+00:00,47.106,realKnownCause/ec2_request_latency_system_failure.csv,False,,test,0.4823210042574637
2014-03-18 12:01:00+00:00,50.56399999999999,realKnownCause/ec2_request_latency_system_failure.csv,False,,test,0.742455966137198
2014-03-18 12:06:00+00:00,42.794,realKnownCause/ec2_request_latency_system_failure.csv,False,,test,0.4938662380485482
2014-03-18 12:11:00+00:00,48.274,realKnownCause/ec2_request_latency_system_failure.csv,False,,test,0.5596549468760548
2014-03-18 12:16:00+00:00,46.714,realKnownCause/ec2_request_latency_system_failure.csv,False,,test,0.47956139906059664
2014-03-18 12:21:00+00:00,46.536,realKnownCause/ec2_request_latency_system_failure.csv,False,,test,0.46365805379366376
2014-03-18 12:26:00+00:00,46.512,realKnownCause/ec2_request_latency_system_failure.csv,False,,test,0.46567594292966147
2014-03-18 12:31:00+00:00,50.028,realKnownCause/ec2_request_latency_system_failure.csv,False,,test,0.6944527004998609
2014-03-18 12:36:00+00:00,43.12,realKnownCause/ec2_request_latency_system_failure.csv,False,,test,0.4870812129883053
2014-03-18 12:41:00+00:00,46.154,realKnownCause/ec2_request_latency_system_failure.csv,False,,test,0.45803311551751674
2014-03-18 12:46:00+00:00,46.292,realKnownCause/ec2_request_latency_system_failure.csv,False,,test,0.4588226861059204
2014-03-18 12:51:00+00:00,48.92,realKnownCause/ec2_request_latency_system_failure.csv,False,,test,0.6028959011266171
2014-03-18 12:56:00+00:00,45.52,realKnownCause/ec2_request_latency_system_failure.csv,False,,test,0.4356241201069055
2014-03-18 13:01:00+00:00,46.684,realKnownCause/ec2_request_latency_system_failure.csv,False,,test,0.4738170545405507
2014-03-18 13:06:00+00:00,48.592,realKnownCause/ec2_request_latency_system_failure.csv,False,,test,0.5598772365680091
2014-03-18 13:11:00+00:00,46.268,realKnownCause/ec2_request_latency_system_failure.csv,False,,test,0.45948752437721596
2014-03-18 13:16:00+00:00,47.898,realKnownCause/ec2_request_latency_system_failure.csv,False,,test,0.5263415282266921
2014-03-18 13:21:00+00:00,45.57,realKnownCause/ec2_request_latency_system_failure.csv,False,,test,0.4362478989507681
2014-03-18 13:26:00+00:00,47.04,realKnownCause/ec2_request_latency_system_failure.csv,False,,test,0.4833378983954744
2014-03-18 13:31:00+00:00,48.61600000000001,realKnownCause/ec2_request_latency_system_failure.csv,False,,test,0.5602340239994965
2014-03-18 13:36:00+00:00,45.514,realKnownCause/ec2_request_latency_system_failure.csv,False,,test,0.43735908715839383
2014-03-18 13:41:00+00:00,50.916,realKnownCause/ec2_request_latency_system_failure.csv,False,,test,0.7582444887628847
2014-03-18 13:46:00+00:00,42.018,realKnownCause/ec2_request_latency_system_failure.csv,False,,test,0.554047138629045
2014-03-18 13:51:00+00:00,46.174,realKnownCause/ec2_request_latency_system_failure.csv,False,,test,0.45677215908364804
2014-03-18 13:56:00+00:00,45.396,realKnownCause/ec2_request_latency_system_failure.csv,False,,test,0.43781655727053054
2014-03-18 14:01:00+00:00,47.522,realKnownCause/ec2_request_latency_system_failure.csv,False,,test,0.5123753999199291
2014-03-18 14:06:00+00:00,43.052,realKnownCause/ec2_request_latency_system_failure.csv,False,,test,0.48865106774006933
2014-03-18 14:11:00+00:00,46.592,realKnownCause/ec2_request_latency_system_failure.csv,False,,test,0.46827142057766824
2014-03-18 14:16:00+00:00,45.082,realKnownCause/ec2_request_latency_system_failure.csv,False,,test,0.44028942229157014
2014-03-18 14:21:00+00:00,49.944,realKnownCause/ec2_request_latency_system_failure.csv,False,,test,0.688864896408091
2014-03-18 14:26:00+00:00,42.054,realKnownCause/ec2_request_latency_system_failure.csv,False,,test,0.5558834604445239
2014-03-18 14:31:00+00:00,48.004,realKnownCause/ec2_request_latency_system_failure.csv,False,,test,0.5355861130472213
2014-03-18 14:36:00+00:00,43.604,realKnownCause/ec2_request_latency_system_failure.csv,False,,test,0.47353975863899284
2014-03-18 14:41:00+00:00,45.794,realKnownCause/ec2_request_latency_system_failure.csv,False,,test,0.4385480476115271
2014-03-18 14:46:00+00:00,45.422,realKnownCause/ec2_request_latency_system_failure.csv,False,,test,0.43292748605429004
2014-03-18 14:51:00+00:00,45.44600000000001,realKnownCause/ec2_request_latency_system_failure.csv,False,,test,0.43435735888937343
2014-03-18 14:56:00+00:00,47.276,realKnownCause/ec2_request_latency_system_failure.csv,False,,test,0.49845467289518536
2014-03-18 15:01:00+00:00,48.732,realKnownCause/ec2_request_latency_system_failure.csv,False,,test,0.5759590278885562
2014-03-18 15:06:00+00:00,41.666,realKnownCause/ec2_request_latency_system_failure.csv,False,,test,0.5970950368263906
2014-03-18 15:11:00+00:00,50.06399999999999,realKnownCause/ec2_request_latency_system_failure.csv,False,,test,0.6975054546782731
2014-03-18 15:16:00+00:00,42.3,realKnownCause/ec2_request_latency_system_failure.csv,False,,test,0.5255122734321858
2014-03-18 15:21:00+00:00,44.792,realKnownCause/ec2_request_latency_system_failure.csv,False,,test,0.4405434417023038
2014-03-18 15:26:00+00:00,45.0,realKnownCause/ec2_request_latency_system_failure.csv,False,,test,0.4387651203167708
2014-03-18 15:31:00+00:00,45.892,realKnownCause/ec2_request_latency_system_failure.csv,False,,test,0.4447062503643996
2014-03-18 15:36:00+00:00,48.076,realKnownCause/ec2_request_latency_system_failure.csv,False,,test,0.5447698401048625
2014-03-18 15:41:00+00:00,44.154,realKnownCause/ec2_request_latency_system_failure.csv,False,,test,0.4329497265645287
2014-03-18 15:46:00+00:00,46.292,realKnownCause/ec2_request_latency_system_failure.csv,False,,test,0.4588226861059204
2014-03-18 15:51:00+00:00,43.944,realKnownCause/ec2_request_latency_system_failure.csv,False,,test,0.43927815362027345
2014-03-18 15:56:00+00:00,46.996,realKnownCause/ec2_request_latency_system_failure.csv,False,,test,0.483379743152726
2014-03-18 16:01:00+00:00,48.104,realKnownCause/ec2_request_latency_system_failure.csv,False,,test,0.5480387952246837
2014-03-18 16:06:00+00:00,45.782,realKnownCause/ec2_request_latency_system_failure.csv,False,,test,0.43844868054232095
2014-03-18 16:11:00+00:00,46.292,realKnownCause/ec2_request_latency_system_failure.csv,False,,test,0.4588226861059204
2014-03-18 16:16:00+00:00,46.044,realKnownCause/ec2_request_latency_system_failure.csv,False,,test,0.4482109786619425
2014-03-18 16:21:00+00:00,45.414,realKnownCause/ec2_request_latency_system_failure.csv,False,,test,0.43387236210838265
2014-03-18 16:26:00+00:00,45.644,realKnownCause/ec2_request_latency_system_failure.csv,False,,test,0.4282530112823619
2014-03-18 16:31:00+00:00,45.352,realKnownCause/ec2_request_latency_system_failure.csv,False,,test,0.43800546334561696
2014-03-18 16:36:00+00:00,42.604,realKnownCause/ec2_request_latency_system_failure.csv,False,,test,0.5031377531270645
2014-03-18 16:41:00+00:00,44.81399999999999,realKnownCause/ec2_request_latency_system_failure.csv,False,,test,0.4408838775187009
2014-03-18 16:46:00+00:00,47.63,realKnownCause/ec2_request_latency_system_failure.csv,False,,test,0.5173682405525717
2014-03-18 16:51:00+00:00,41.956,realKnownCause/ec2_request_latency_system_failure.csv,False,,test,0.5599731700229252
2014-03-18 16:56:00+00:00,46.338,realKnownCause/ec2_request_latency_system_failure.csv,False,,test,0.4610596169397069
2014-03-18 17:01:00+00:00,46.668,realKnownCause/ec2_request_latency_system_failure.csv,False,,test,0.4709960233726731
2014-03-18 17:06:00+00:00,45.56399999999999,realKnownCause/ec2_request_latency_system_failure.csv,True,nab_event_2,test,0.43469855889689296
2014-03-18 17:11:00+00:00,44.718,realKnownCause/ec2_request_latency_system_failure.csv,True,nab_event_2,test,0.43889233069206235
2014-03-18 17:16:00+00:00,44.882,realKnownCause/ec2_request_latency_system_failure.csv,True,nab_event_2,test,0.43803456895540027
2014-03-18 17:21:00+00:00,45.352,realKnownCause/ec2_request_latency_system_failure.csv,True,nab_event_2,test,0.43800546334561696
2014-03-18 17:26:00+00:00,44.9,realKnownCause/ec2_request_latency_system_failure.csv,True,nab_event_2,test,0.4364917461098355
2014-03-18 17:31:00+00:00,47.274,realKnownCause/ec2_request_latency_system_failure.csv,True,nab_event_2,test,0.49845467289518536
2014-03-18 17:36:00+00:00,46.816,realKnownCause/ec2_request_latency_system_failure.csv,True,nab_event_2,test,0.481647878609016
2014-03-18 17:41:00+00:00,45.868,realKnownCause/ec2_request_latency_system_failure.csv,True,nab_event_2,test,0.4448166341136521
2014-03-18 17:46:00+00:00,44.86,realKnownCause/ec2_request_latency_system_failure.csv,True,nab_event_2,test,0.4361225635230164
2014-03-18 17:51:00+00:00,44.976000000000006,realKnownCause/ec2_request_latency_system_failure.csv,True,nab_event_2,test,0.4367896451771438
2014-03-18 17:56:00+00:00,46.304,realKnownCause/ec2_request_latency_system_failure.csv,True,nab_event_2,test,0.45975747897294655
2014-03-18 18:01:00+00:00,46.502,realKnownCause/ec2_request_latency_system_failure.csv,True,nab_event_2,test,0.4652554045720079
2014-03-18 18:06:00+00:00,43.602,realKnownCause/ec2_request_latency_system_failure.csv,True,nab_event_2,test,0.4739525751708695
2014-03-18 18:11:00+00:00,46.88,realKnownCause/ec2_request_latency_system_failure.csv,True,nab_event_2,test,0.4874405626132644
2014-03-18 18:16:00+00:00,45.58600000000001,realKnownCause/ec2_request_latency_system_failure.csv,True,nab_event_2,test,0.43493393374782885
2014-03-18 18:21:00+00:00,47.88800000000001,realKnownCause/ec2_request_latency_system_failure.csv,True,nab_event_2,test,0.5274957493225285
2014-03-18 18:26:00+00:00,42.464,realKnownCause/ec2_request_latency_system_failure.csv,True,nab_event_2,test,0.5092796707223247
2014-03-18 18:31:00+00:00,46.556,realKnownCause/ec2_request_latency_system_failure.csv,True,nab_event_2,test,0.463505879230542
2014-03-18 18:36:00+00:00,42.724,realKnownCause/ec2_request_latency_system_failure.csv,True,nab_event_2,test,0.49438864634777396
2014-03-18 18:41:00+00:00,44.6,realKnownCause/ec2_request_latency_system_failure.csv,True,nab_event_2,test,0.4344664971837925
2014-03-18 18:46:00+00:00,44.578,realKnownCause/ec2_request_latency_system_failure.csv,True,nab_event_2,test,0.43511265435511687
2014-03-18 18:51:00+00:00,44.6,realKnownCause/ec2_request_latency_system_failure.csv,True,nab_event_2,test,0.4344664971837925
2014-03-18 18:56:00+00:00,46.15,realKnownCause/ec2_request_latency_system_failure.csv,True,nab_event_2,test,0.45642973206493986
2014-03-18 19:01:00+00:00,48.31,realKnownCause/ec2_request_latency_system_failure.csv,True,nab_event_2,test,0.559993970535435
2014-03-18 19:06:00+00:00,44.132,realKnownCause/ec2_request_latency_system_failure.csv,True,nab_event_2,test,0.43270158773742423
2014-03-18 19:11:00+00:00,43.404,realKnownCause/ec2_request_latency_system_failure.csv,True,nab_event_2,test,0.48010284707296774
2014-03-18 19:16:00+00:00,44.648,realKnownCause/ec2_request_latency_system_failure.csv,True,nab_event_2,test,0.43559593190354357
2014-03-18 19:21:00+00:00,45.128,realKnownCause/ec2_request_latency_system_failure.csv,True,nab_event_2,test,0.4398410444991569
2014-03-18 19:26:00+00:00,45.846,realKnownCause/ec2_request_latency_system_failure.csv,True,nab_event_2,test,0.4441259456879541
2014-03-18 19:31:00+00:00,47.488,realKnownCause/ec2_request_latency_system_failure.csv,True,nab_event_2,test,0.5083480427777758
2014-03-18 19:36:00+00:00,43.732,realKnownCause/ec2_request_latency_system_failure.csv,True,nab_event_2,test,0.45634123092332796
2014-03-18 19:41:00+00:00,48.312,realKnownCause/ec2_request_latency_system_failure.csv,True,nab_event_2,test,0.5598424373386226
2014-03-18 19:46:00+00:00,44.36600000000001,realKnownCause/ec2_request_latency_system_failure.csv,True,nab_event_2,test,0.4307109844955651
2014-03-18 19:51:00+00:00,48.63800000000001,realKnownCause/ec2_request_latency_system_failure.csv,True,nab_event_2,test,0.5628012216800948
2014-03-18 19:56:00+00:00,44.89,realKnownCause/ec2_request_latency_system_failure.csv,True,nab_event_2,test,0.43632924904748716
2014-03-18 20:01:00+00:00,47.724,realKnownCause/ec2_request_latency_system_failure.csv,True,nab_event_2,test,0.5214752661884334
2014-03-18 20:06:00+00:00,43.78,realKnownCause/ec2_request_latency_system_failure.csv,True,nab_event_2,test,0.4516881294336873
2014-03-18 20:11:00+00:00,47.606,realKnownCause/ec2_request_latency_system_failure.csv,True,nab_event_2,test,0.5138263562572192
2014-03-18 20:16:00+00:00,46.362,realKnownCause/ec2_request_latency_system_failure.csv,True,nab_event_2,test,0.4653235847577914
2014-03-18 20:21:00+00:00,43.56800000000001,realKnownCause/ec2_request_latency_system_failure.csv,True,nab_event_2,test,0.47279309863301777
2014-03-18 20:26:00+00:00,44.392,realKnownCause/ec2_request_latency_system_failure.csv,True,nab_event_2,test,0.4323633897658844
2014-03-18 20:31:00+00:00,46.55,realKnownCause/ec2_request_latency_system_failure.csv,True,nab_event_2,test,0.46360302350651167
2014-03-18 20:36:00+00:00,42.746,realKnownCause/ec2_request_latency_system_failure.csv,True,nab_event_2,test,0.4953371442812581
2014-03-18 20:41:00+00:00,49.014,realKnownCause/ec2_request_latency_system_failure.csv,True,nab_event_2,test,0.6109825072446525
2014-03-18 20:46:00+00:00,43.944,realKnownCause/ec2_request_latency_system_failure.csv,True,nab_event_2,test,0.43927815362027345
2014-03-18 20:51:00+00:00,45.188,realKnownCause/ec2_request_latency_system_failure.csv,True,nab_event_2,test,0.4423578361319057
2014-03-18 20:56:00+00:00,46.74,realKnownCause/ec2_request_latency_system_failure.csv,True,nab_event_2,test,0.48016235133430296
2014-03-18 21:01:00+00:00,47.57,realKnownCause/ec2_request_latency_system_failure.csv,True,nab_event_2,test,0.5112538578724584
2014-03-18 21:06:00+00:00,41.892,realKnownCause/ec2_request_latency_system_failure.csv,True,nab_event_2,test,0.5662771101816004
2014-03-18 21:11:00+00:00,49.98,realKnownCause/ec2_request_latency_system_failure.csv,True,nab_event_2,test,0.6922010442050932
2014-03-18 21:16:00+00:00,45.786,realKnownCause/ec2_request_latency_system_failure.csv,True,nab_event_2,test,0.43881721646302524
2014-03-18 21:21:00+00:00,45.412,realKnownCause/ec2_request_latency_system_failure.csv,True,nab_event_2,test,0.43386951307728505
2014-03-18 21:26:00+00:00,45.8,realKnownCause/ec2_request_latency_system_failure.csv,True,nab_event_2,test,0.4396327790611931
2014-03-18 21:31:00+00:00,44.972,realKnownCause/ec2_request_latency_system_failure.csv,True,nab_event_2,test,0.4371469296070265
2014-03-18 21:36:00+00:00,47.994,realKnownCause/ec2_request_latency_system_failure.csv,True,nab_event_2,test,0.5339695265458626
2014-03-18 21:41:00+00:00,44.32,realKnownCause/ec2_request_latency_system_failure.csv,True,nab_event_2,test,0.4330044834390389
2014-03-18 21:46:00+00:00,43.04,realKnownCause/ec2_request_latency_system_failure.csv,True,nab_event_2,test,0.49072970313182146
2014-03-18 21:51:00+00:00,44.882,realKnownCause/ec2_request_latency_system_failure.csv,True,nab_event_2,test,0.43803456895540027
2014-03-18 21:56:00+00:00,46.526,realKnownCause/ec2_request_latency_system_failure.csv,True,nab_event_2,test,0.4649640465622216
2014-03-18 22:01:00+00:00,44.976000000000006,realKnownCause/ec2_request_latency_system_failure.csv,True,nab_event_2,test,0.4367896451771438
2014-03-18 22:06:00+00:00,46.854,realKnownCause/ec2_request_latency_system_failure.csv,True,nab_event_2,test,0.48708190033956017
2014-03-18 22:11:00+00:00,44.742,realKnownCause/ec2_request_latency_system_failure.csv,True,nab_event_2,test,0.43773936957533155
2014-03-18 22:16:00+00:00,45.892,realKnownCause/ec2_request_latency_system_failure.csv,True,nab_event_2,test,0.4447062503643996
2014-03-18 22:21:00+00:00,54.508,realKnownCause/ec2_request_latency_system_failure.csv,True,nab_event_2,test,0.7745330300738437
2014-03-18 22:26:00+00:00,43.708,realKnownCause/ec2_request_latency_system_failure.csv,True,nab_event_2,test,0.4579021753792813
2014-03-18 22:31:00+00:00,44.788,realKnownCause/ec2_request_latency_system_failure.csv,True,nab_event_2,test,0.4385413590967417
2014-03-18 22:36:00+00:00,65.68,realKnownCause/ec2_request_latency_system_failure.csv,True,nab_event_2,test,0.7745330300738437
2014-03-18 22:41:00+00:00,99.248,realKnownCause/ec2_request_latency_system_failure.csv,True,nab_event_2,test,0.7745330300738437
2014-03-18 22:46:00+00:00,53.56800000000001,realKnownCause/ec2_request_latency_system_failure.csv,True,nab_event_2,test,0.7745330300738437
2014-03-18 22:51:00+00:00,47.114,realKnownCause/ec2_request_latency_system_failure.csv,True,nab_event_2,test,0.48327966756208185
2014-03-18 22:56:00+00:00,47.794,realKnownCause/ec2_request_latency_system_failure.csv,True,nab_event_2,test,0.5244239534876639
2014-03-18 23:01:00+00:00,43.45,realKnownCause/ec2_request_latency_system_failure.csv,True,nab_event_2,test,0.4775826186670703
2014-03-18 23:06:00+00:00,45.576,realKnownCause/ec2_request_latency_system_failure.csv,True,nab_event_2,test,0.4370922833962346
2014-03-18 23:11:00+00:00,50.422,realKnownCause/ec2_request_latency_system_failure.csv,True,nab_event_2,test,0.7336672917868151
2014-03-18 23:16:00+00:00,41.644,realKnownCause/ec2_request_latency_system_failure.csv,True,nab_event_2,test,0.5968856063881939
2014-03-18 23:21:00+00:00,45.328,realKnownCause/ec2_request_latency_system_failure.csv,True,nab_event_2,test,0.4378234224690767
2014-03-18 23:26:00+00:00,45.08600000000001,realKnownCause/ec2_request_latency_system_failure.csv,True,nab_event_2,test,0.4413191056214064
2014-03-18 23:31:00+00:00,46.38399999999999,realKnownCause/ec2_request_latency_system_failure.csv,True,nab_event_2,test,0.4647903029592666
2014-03-18 23:36:00+00:00,45.148,realKnownCause/ec2_request_latency_system_failure.csv,True,nab_event_2,test,0.44023481619361604
2014-03-18 23:41:00+00:00,46.478,realKnownCause/ec2_request_latency_system_failure.csv,True,nab_event_2,test,0.46707257395543583
2014-03-18 23:46:00+00:00,46.714,realKnownCause/ec2_request_latency_system_failure.csv,True,nab_event_2,test,0.47956139906059664
2014-03-18 23:51:00+00:00,43.43600000000001,realKnownCause/ec2_request_latency_system_failure.csv,True,nab_event_2,test,0.47849874873385473
2014-03-18 23:56:00+00:00,47.206,realKnownCause/ec2_request_latency_system_failure.csv,True,nab_event_2,test,0.4919307559864695
2014-03-19 00:01:00+00:00,47.808,realKnownCause/ec2_request_latency_system_failure.csv,True,nab_event_2,test,0.5245722802239582
2014-03-19 00:06:00+00:00,42.482,realKnownCause/ec2_request_latency_system_failure.csv,True,nab_event_2,test,0.5049862720652452
2014-03-19 00:11:00+00:00,50.212,realKnownCause/ec2_request_latency_system_failure.csv,True,nab_event_2,test,0.7120748564764972
2014-03-19 00:16:00+00:00,41.596,realKnownCause/ec2_request_latency_system_failure.csv,True,nab_event_2,test,0.6006039021006113
2014-03-19 00:21:00+00:00,44.718,realKnownCause/ec2_request_latency_system_failure.csv,True,nab_event_2,test,0.43889233069206235
2014-03-19 00:26:00+00:00,44.97,realKnownCause/ec2_request_latency_system_failure.csv,True,nab_event_2,test,0.4368388966180848
2014-03-19 00:31:00+00:00,45.102,realKnownCause/ec2_request_latency_system_failure.csv,True,nab_event_2,test,0.43878374577583745
2014-03-19 00:36:00+00:00,44.44,realKnownCause/ec2_request_latency_system_failure.csv,True,nab_event_2,test,0.43096557352288495
2014-03-19 00:41:00+00:00,46.338,realKnownCause/ec2_request_latency_system_failure.csv,True,nab_event_2,test,0.4610596169397069
2014-03-19 00:46:00+00:00,47.782,realKnownCause/ec2_request_latency_system_failure.csv,True,nab_event_2,test,0.5237534957784847
2014-03-19 00:51:00+00:00,40.178,realKnownCause/ec2_request_latency_system_failure.csv,True,nab_event_2,test,0.7252773125134799
2014-03-19 00:56:00+00:00,46.268,realKnownCause/ec2_request_latency_system_failure.csv,True,nab_event_2,test,0.45948752437721596
2014-03-19 01:01:00+00:00,45.094,realKnownCause/ec2_request_latency_system_failure.csv,True,nab_event_2,test,0.4409349441159919
2014-03-19 01:06:00+00:00,44.848,realKnownCause/ec2_request_latency_system_failure.csv,True,nab_event_2,test,0.43711609606906937
2014-03-19 01:11:00+00:00,46.984,realKnownCause/ec2_request_latency_system_failure.csv,True,nab_event_2,test,0.48369841429791127
2014-03-19 01:16:00+00:00,46.56,realKnownCause/ec2_request_latency_system_failure.csv,True,nab_event_2,test,0.46430022490538897
2014-03-19 01:21:00+00:00,44.38,realKnownCause/ec2_request_latency_system_failure.csv,True,nab_event_2,test,0.4318863792848975
2014-03-19 01:26:00+00:00,44.08,realKnownCause/ec2_request_latency_system_failure.csv,True,nab_event_2,test,0.43065970513000684
2014-03-19 01:31:00+00:00,47.29600000000001,realKnownCause/ec2_request_latency_system_failure.csv,True,nab_event_2,test,0.5033549252817421
2014-03-19 01:36:00+00:00,42.746,realKnownCause/ec2_request_latency_system_failure.csv,True,nab_event_2,test,0.4953371442812581
2014-03-19 01:41:00+00:00,44.352,realKnownCause/ec2_request_latency_system_failure.csv,True,nab_event_2,test,0.4312472260263381
2014-03-19 01:46:00+00:00,46.644,realKnownCause/ec2_request_latency_system_failure.csv,True,nab_event_2,test,0.46878803454032014
2014-03-19 01:51:00+00:00,43.262,realKnownCause/ec2_request_latency_system_failure.csv,True,nab_event_2,test,0.4914566148976027
2014-03-19 01:56:00+00:00,48.464,realKnownCause/ec2_request_latency_system_failure.csv,True,nab_event_2,test,0.5572163899481658
2014-03-19 02:01:00+00:00,43.302,realKnownCause/ec2_request_latency_system_failure.csv,True,nab_event_2,test,0.4902320513598396
2014-03-19 02:06:00+00:00,44.93600000000001,realKnownCause/ec2_request_latency_system_failure.csv,True,nab_event_2,test,0.43968714709220597
2014-03-19 02:11:00+00:00,46.41,realKnownCause/ec2_request_latency_system_failure.csv,True,nab_event_2,test,0.4679745724171653
2014-03-19 02:16:00+00:00,45.38800000000001,realKnownCause/ec2_request_latency_system_failure.csv,True,nab_event_2,test,0.4371178770029049
2014-03-19 02:21:00+00:00,46.31399999999999,realKnownCause/ec2_request_latency_system_failure.csv,True,nab_event_2,test,0.46161088230047204
2014-03-19 02:26:00+00:00,42.652,realKnownCause/ec2_request_latency_system_failure.csv,True,nab_event_2,test,0.5001480593083064
2014-03-19 02:31:00+00:00,45.774,realKnownCause/ec2_request_latency_system_failure.csv,True,nab_event_2,test,0.4402249188138403
2014-03-19 02:36:00+00:00,43.53,realKnownCause/ec2_request_latency_system_failure.csv,True,nab_event_2,test,0.47608753863392717
2014-03-19 02:41:00+00:00,44.736,realKnownCause/ec2_request_latency_system_failure.csv,True,nab_event_2,test,0.43760747451902005
2014-03-19 02:46:00+00:00,45.864,realKnownCause/ec2_request_latency_system_failure.csv,True,nab_event_2,test,0.4449030794928562
2014-03-19 02:51:00+00:00,45.118,realKnownCause/ec2_request_latency_system_failure.csv,True,nab_event_2,test,0.43937965831254716
2014-03-19 02:56:00+00:00,44.788,realKnownCause/ec2_request_latency_system_failure.csv,True,nab_event_2,test,0.4385413590967417
2014-03-19 03:01:00+00:00,44.86,realKnownCause/ec2_request_latency_system_failure.csv,True,nab_event_2,test,0.4361225635230164
2014-03-19 03:06:00+00:00,46.252,realKnownCause/ec2_request_latency_system_failure.csv,True,nab_event_2,test,0.4587515148575126
2014-03-19 03:11:00+00:00,48.076,realKnownCause/ec2_request_latency_system_failure.csv,True,nab_event_2,test,0.5447698401048625
2014-03-19 03:16:00+00:00,45.44600000000001,realKnownCause/ec2_request_latency_system_failure.csv,True,nab_event_2,test,0.43435735888937343
2014-03-19 03:21:00+00:00,46.854,realKnownCause/ec2_request_latency_system_failure.csv,True,nab_event_2,test,0.48708190033956017
2014-03-19 03:26:00+00:00,42.88800000000001,realKnownCause/ec2_request_latency_system_failure.csv,True,nab_event_2,test,0.490479934010925
2014-03-19 03:31:00+00:00,44.976000000000006,realKnownCause/ec2_request_latency_system_failure.csv,True,nab_event_2,test,0.4367896451771438
2014-03-19 03:36:00+00:00,45.492,realKnownCause/ec2_request_latency_system_failure.csv,True,nab_event_2,test,0.4357790558007872
2014-03-19 03:41:00+00:00,44.672,realKnownCause/ec2_request_latency_system_failure.csv,True,nab_event_2,test,0.43753821283640176
2014-03-19 03:46:00+00:00,46.15,realKnownCause/ec2_request_latency_system_failure.csv,True,nab_event_2,test,0.45642973206493986
2014-03-19 03:51:00+00:00,46.392,realKnownCause/ec2_request_latency_system_failure.csv,True,nab_event_2,test,0.4658026175913133
2014-03-19 03:56:00+00:00,44.038,realKnownCause/ec2_request_latency_system_failure.csv,True,nab_event_2,test,0.4417759454899964
2014-03-19 04:01:00+00:00,45.188,realKnownCause/ec2_request_latency_system_failure.csv,True,nab_event_2,test,0.4423578361319057
2014-03-19 04:06:00+00:00,45.0,realKnownCause/ec2_request_latency_system_failure.csv,True,nab_event_2,test,0.4387651203167708
2014-03-19 04:11:00+00:00,46.592,realKnownCause/ec2_request_latency_system_failure.csv,True,nab_event_2,test,0.46827142057766824
2014-03-19 04:16:00+00:00,44.92,realKnownCause/ec2_request_latency_system_failure.csv,True,nab_event_2,test,0.43597448061232463
2014-03-19 04:21:00+00:00,48.028,realKnownCause/ec2_request_latency_system_failure.csv,False,,test,0.5419998917076821
2014-03-19 04:26:00+00:00,41.492,realKnownCause/ec2_request_latency_system_failure.csv,False,,test,0.6099413650303517
2014-03-19 04:31:00+00:00,44.752,realKnownCause/ec2_request_latency_system_failure.csv,False,,test,0.43950732357285105
2014-03-19 04:36:00+00:00,47.35,realKnownCause/ec2_request_latency_system_failure.csv,False,,test,0.5041905763523366
2014-03-19 04:41:00+00:00,41.786,realKnownCause/ec2_request_latency_system_failure.csv,False,,test,0.577339939007945
2014-03-19 04:46:00+00:00,44.672,realKnownCause/ec2_request_latency_system_failure.csv,False,,test,0.43753821283640176
2014-03-19 04:51:00+00:00,46.78,realKnownCause/ec2_request_latency_system_failure.csv,False,,test,0.4787836011519139
2014-03-19 04:56:00+00:00,44.83600000000001,realKnownCause/ec2_request_latency_system_failure.csv,False,,test,0.4385961278336985
2014-03-19 05:01:00+00:00,46.228,realKnownCause/ec2_request_latency_system_failure.csv,False,,test,0.45817082199253567
2014-03-19 05:06:00+00:00,43.29,realKnownCause/ec2_request_latency_system_failure.csv,False,,test,0.49026652416486444
2014-03-19 05:11:00+00:00,46.146,realKnownCause/ec2_request_latency_system_failure.csv,False,,test,0.45626407567641664
2014-03-19 05:16:00+00:00,46.76,realKnownCause/ec2_request_latency_system_failure.csv,False,,test,0.478322977961853
2014-03-19 05:21:00+00:00,41.808,realKnownCause/ec2_request_latency_system_failure.csv,False,,test,0.5723401630029037
2014-03-19 05:26:00+00:00,45.752,realKnownCause/ec2_request_latency_system_failure.csv,False,,test,0.4358459349532149
2014-03-19 05:31:00+00:00,43.92,realKnownCause/ec2_request_latency_system_failure.csv,False,,test,0.4413592152903603
2014-03-19 05:36:00+00:00,45.976000000000006,realKnownCause/ec2_request_latency_system_failure.csv,False,,test,0.4439490974062975
2014-03-19 05:41:00+00:00,49.274,realKnownCause/ec2_request_latency_system_failure.csv,False,,test,0.6366101192737565
2014-03-19 05:46:00+00:00,41.762,realKnownCause/ec2_request_latency_system_failure.csv,False,,test,0.5784292590639956
2014-03-19 05:51:00+00:00,45.272,realKnownCause/ec2_request_latency_system_failure.csv,False,,test,0.44039601409138257
2014-03-19 05:56:00+00:00,46.862,realKnownCause/ec2_request_latency_system_failure.csv,False,,test,0.4851682179461007
2014-03-19 06:01:00+00:00,45.242,realKnownCause/ec2_request_latency_system_failure.csv,False,,test,0.44172592369012054
2014-03-19 06:06:00+00:00,45.282,realKnownCause/ec2_request_latency_system_failure.csv,False,,test,0.4412570462060989
2014-03-19 06:11:00+00:00,49.272,realKnownCause/ec2_request_latency_system_failure.csv,False,,test,0.6364378539073912
2014-03-19 06:16:00+00:00,44.32,realKnownCause/ec2_request_latency_system_failure.csv,False,,test,0.4330044834390389
2014-03-19 06:21:00+00:00,44.554,realKnownCause/ec2_request_latency_system_failure.csv,False,,test,0.43327554820505476
2014-03-19 06:26:00+00:00,43.472,realKnownCause/ec2_request_latency_system_failure.csv,False,,test,0.4762720289486594
2014-03-19 06:31:00+00:00,44.826,realKnownCause/ec2_request_latency_system_failure.csv,False,,test,0.440159118870277
2014-03-19 06:36:00+00:00,45.094,realKnownCause/ec2_request_latency_system_failure.csv,False,,test,0.4409349441159919
2014-03-19 06:41:00+00:00,45.14,realKnownCause/ec2_request_latency_system_failure.csv,False,,test,0.43962903255077845
2014-03-19 06:46:00+00:00,44.624,realKnownCause/ec2_request_latency_system_failure.csv,False,,test,0.4353718578930934
2014-03-19 06:51:00+00:00,44.482,realKnownCause/ec2_request_latency_system_failure.csv,False,,test,0.43147480707874475
2014-03-19 06:56:00+00:00,51.074,realKnownCause/ec2_request_latency_system_failure.csv,False,,test,0.7633920614582017
2014-03-19 07:01:00+00:00,41.456,realKnownCause/ec2_request_latency_system_failure.csv,False,,test,0.6127593000680679
2014-03-19 07:06:00+00:00,43.522,realKnownCause/ec2_request_latency_system_failure.csv,False,,test,0.47660799516701574
2014-03-19 07:11:00+00:00,46.152,realKnownCause/ec2_request_latency_system_failure.csv,False,,test,0.4569821006176943
2014-03-19 07:16:00+00:00,44.648,realKnownCause/ec2_request_latency_system_failure.csv,False,,test,0.43559593190354357
2014-03-19 07:21:00+00:00,44.698,realKnownCause/ec2_request_latency_system_failure.csv,False,,test,0.43792028306020336
2014-03-19 07:26:00+00:00,46.478,realKnownCause/ec2_request_latency_system_failure.csv,False,,test,0.46707257395543583
2014-03-19 07:31:00+00:00,42.854,realKnownCause/ec2_request_latency_system_failure.csv,False,,test,0.48996517584051624
2014-03-19 07:36:00+00:00,47.084,realKnownCause/ec2_request_latency_system_failure.csv,False,,test,0.48113658077751503
2014-03-19 07:41:00+00:00,47.348,realKnownCause/ec2_request_latency_system_failure.csv,False,,test,0.5038807719847228
2014-03-19 07:46:00+00:00,41.874,realKnownCause/ec2_request_latency_system_failure.csv,False,,test,0.5661872002021635
2014-03-19 07:51:00+00:00,44.624,realKnownCause/ec2_request_latency_system_failure.csv,False,,test,0.4353718578930934
2014-03-19 07:56:00+00:00,46.408,realKnownCause/ec2_request_latency_system_failure.csv,False,,test,0.46738674557946036
2014-03-19 08:01:00+00:00,46.714,realKnownCause/ec2_request_latency_system_failure.csv,False,,test,0.47956139906059664
2014-03-19 08:06:00+00:00,42.816,realKnownCause/ec2_request_latency_system_failure.csv,False,,test,0.4932463258701573
2014-03-19 08:11:00+00:00,47.324,realKnownCause/ec2_request_latency_system_failure.csv,False,,test,0.5058698803671976
2014-03-19 08:16:00+00:00,43.172,realKnownCause/ec2_request_latency_system_failure.csv,False,,test,0.4880577481517783
2014-03-19 08:21:00+00:00,46.104,realKnownCause/ec2_request_latency_system_failure.csv,False,,test,0.45392759858049186
2014-03-19 08:26:00+00:00,43.428,realKnownCause/ec2_request_latency_system_failure.csv,False,,test,0.47884773095934746
2014-03-19 08:31:00+00:00,46.268,realKnownCause/ec2_request_latency_system_failure.csv,False,,test,0.45948752437721596
2014-03-19 08:36:00+00:00,42.746,realKnownCause/ec2_request_latency_system_failure.csv,False,,test,0.4953371442812581
2014-03-19 08:41:00+00:00,44.672,realKnownCause/ec2_request_latency_system_failure.csv,False,,test,0.43753821283640176
2014-03-19 08:46:00+00:00,45.732,realKnownCause/ec2_request_latency_system_failure.csv,False,,test,0.4347112673052028
2014-03-19 08:51:00+00:00,43.356,realKnownCause/ec2_request_latency_system_failure.csv,False,,test,0.4865074249068813
2014-03-19 08:56:00+00:00,46.408,realKnownCause/ec2_request_latency_system_failure.csv,False,,test,0.46738674557946036
2014-03-19 09:01:00+00:00,44.69,realKnownCause/ec2_request_latency_system_failure.csv,False,,test,0.4370458685189465
2014-03-19 09:06:00+00:00,47.122,realKnownCause/ec2_request_latency_system_failure.csv,False,,test,0.48424144780984907
2014-03-19 09:11:00+00:00,47.06399999999999,realKnownCause/ec2_request_latency_system_failure.csv,False,,test,0.48132362652683214
2014-03-19 09:16:00+00:00,43.004,realKnownCause/ec2_request_latency_system_failure.csv,False,,test,0.49211804533162157
2014-03-19 09:21:00+00:00,44.802,realKnownCause/ec2_request_latency_system_failure.csv,False,,test,0.4412381179801501
2014-03-19 09:26:00+00:00,45.904,realKnownCause/ec2_request_latency_system_failure.csv,False,,test,0.4473150900749266
2014-03-19 09:31:00+00:00,43.334,realKnownCause/ec2_request_latency_system_failure.csv,False,,test,0.4887052790527925
2014-03-19 09:36:00+00:00,47.394,realKnownCause/ec2_request_latency_system_failure.csv,False,,test,0.5052809960636011
2014-03-19 09:41:00+00:00,44.058,realKnownCause/ec2_request_latency_system_failure.csv,False,,test,0.43738105787968123
2014-03-19 09:46:00+00:00,44.6,realKnownCause/ec2_request_latency_system_failure.csv,False,,test,0.4344664971837925
2014-03-19 09:51:00+00:00,44.788,realKnownCause/ec2_request_latency_system_failure.csv,False,,test,0.4385413590967417
2014-03-19 09:56:00+00:00,47.464,realKnownCause/ec2_request_latency_system_failure.csv,False,,test,0.5073986379036944
2014-03-19 10:01:00+00:00,44.928,realKnownCause/ec2_request_latency_system_failure.csv,False,,test,0.4369557177443604
2014-03-19 10:06:00+00:00,45.44600000000001,realKnownCause/ec2_request_latency_system_failure.csv,False,,test,0.43435735888937343
2014-03-19 10:11:00+00:00,44.43600000000001,realKnownCause/ec2_request_latency_system_failure.csv,False,,test,0.4302246579615832
2014-03-19 10:16:00+00:00,44.662,realKnownCause/ec2_request_latency_system_failure.csv,False,,test,0.4356796035143928
2014-03-19 10:21:00+00:00,44.732,realKnownCause/ec2_request_latency_system_failure.csv,False,,test,0.43796617857006
2014-03-19 10:26:00+00:00,44.832,realKnownCause/ec2_request_latency_system_failure.csv,False,,test,0.43932480698840415
2014-03-19 10:31:00+00:00,44.62,realKnownCause/ec2_request_latency_system_failure.csv,False,,test,0.4357776406548067
2014-03-19 10:36:00+00:00,46.55,realKnownCause/ec2_request_latency_system_failure.csv,False,,test,0.46360302350651167
2014-03-19 10:41:00+00:00,46.784,realKnownCause/ec2_request_latency_system_failure.csv,False,,test,0.47946830760769243
2014-03-19 10:46:00+00:00,40.586,realKnownCause/ec2_request_latency_system_failure.csv,False,,test,0.6897978653413603
2014-03-19 10:51:00+00:00,45.202,realKnownCause/ec2_request_latency_system_failure.csv,False,,test,0.4433728063673287
2014-03-19 10:56:00+00:00,47.398,realKnownCause/ec2_request_latency_system_failure.csv,False,,test,0.505385192872916
2014-03-19 11:01:00+00:00,45.07,realKnownCause/ec2_request_latency_system_failure.csv,False,,test,0.4402186391474919
2014-03-19 11:06:00+00:00,45.79600000000001,realKnownCause/ec2_request_latency_system_failure.csv,False,,test,0.43888791891591955
2014-03-19 11:11:00+00:00,50.166,realKnownCause/ec2_request_latency_system_failure.csv,False,,test,0.7097660630456746
2014-03-19 11:16:00+00:00,44.022,realKnownCause/ec2_request_latency_system_failure.csv,False,,test,0.4456018586670515
2014-03-19 11:21:00+00:00,47.066,realKnownCause/ec2_request_latency_system_failure.csv,False,,test,0.4807503839610945
2014-03-19 11:26:00+00:00,44.158,realKnownCause/ec2_request_latency_system_failure.csv,False,,test,0.433034203912372
2014-03-19 11:31:00+00:00,46.198,realKnownCause/ec2_request_latency_system_failure.csv,False,,test,0.4588434783746833
2014-03-19 11:36:00+00:00,46.072,realKnownCause/ec2_request_latency_system_failure.csv,False,,test,0.4514914567245591
2014-03-19 11:41:00+00:00,47.512,realKnownCause/ec2_request_latency_system_failure.csv,False,,test,0.5107853812171391
2014-03-19 11:46:00+00:00,46.902,realKnownCause/ec2_request_latency_system_failure.csv,False,,test,0.4861044851875974
2014-03-19 11:51:00+00:00,43.456,realKnownCause/ec2_request_latency_system_failure.csv,False,,test,0.4776359833295092
2014-03-19 11:56:00+00:00,47.08,realKnownCause/ec2_request_latency_system_failure.csv,False,,test,0.48070355725311453
2014-03-19 12:01:00+00:00,46.316,realKnownCause/ec2_request_latency_system_failure.csv,False,,test,0.46173582704923194
2014-03-19 12:06:00+00:00,43.592,realKnownCause/ec2_request_latency_system_failure.csv,False,,test,0.4715575983778264
2014-03-19 12:11:00+00:00,45.984,realKnownCause/ec2_request_latency_system_failure.csv,False,,test,0.4451722330421717
2014-03-19 12:16:00+00:00,46.784,realKnownCause/ec2_request_latency_system_failure.csv,False,,test,0.47946830760769243
2014-03-19 12:21:00+00:00,42.488,realKnownCause/ec2_request_latency_system_failure.csv,False,,test,0.5049567920220626
2014-03-19 12:26:00+00:00,44.506,realKnownCause/ec2_request_latency_system_failure.csv,False,,test,0.43041168973225946
2014-03-19 12:31:00+00:00,44.93,realKnownCause/ec2_request_latency_system_failure.csv,False,,test,0.4375204611438128
2014-03-19 12:36:00+00:00,46.032,realKnownCause/ec2_request_latency_system_failure.csv,False,,test,0.44725438666628053
2014-03-19 12:41:00+00:00,42.982,realKnownCause/ec2_request_latency_system_failure.csv,False,,test,0.4922923993982157
2014-03-19 12:46:00+00:00,46.38399999999999,realKnownCause/ec2_request_latency_system_failure.csv,False,,test,0.4647903029592666
2014-03-19 12:51:00+00:00,43.17,realKnownCause/ec2_request_latency_system_failure.csv,False,,test,0.48890592751009093
2014-03-19 12:56:00+00:00,46.02,realKnownCause/ec2_request_latency_system_failure.csv,False,,test,0.4448749559675631
2014-03-19 13:01:00+00:00,48.216,realKnownCause/ec2_request_latency_system_failure.csv,False,,test,0.5559606900506354
2014-03-19 13:06:00+00:00,42.51,realKnownCause/ec2_request_latency_system_failure.csv,False,,test,0.5006602422743206
2014-03-19 13:11:00+00:00,47.476000000000006,realKnownCause/ec2_request_latency_system_failure.csv,False,,test,0.5084843120270838
2014-03-19 13:16:00+00:00,43.434,realKnownCause/ec2_request_latency_system_failure.csv,False,,test,0.47805823207355547
2014-03-19 13:21:00+00:00,45.038,realKnownCause/ec2_request_latency_system_failure.csv,False,,test,0.43807513761672673
2014-03-19 13:26:00+00:00,46.81,realKnownCause/ec2_request_latency_system_failure.csv,False,,test,0.4813275796640315
2014-03-19 13:31:00+00:00,43.16,realKnownCause/ec2_request_latency_system_failure.csv,False,,test,0.4895396436304265
2014-03-19 13:36:00+00:00,45.112,realKnownCause/ec2_request_latency_system_failure.csv,False,,test,0.4390251043289831
2014-03-19 13:41:00+00:00,45.938,realKnownCause/ec2_request_latency_system_failure.csv,False,,test,0.4466448001926465
2014-03-19 13:46:00+00:00,48.61600000000001,realKnownCause/ec2_request_latency_system_failure.csv,False,,test,0.5602340239994965
2014-03-19 13:51:00+00:00,40.81,realKnownCause/ec2_request_latency_system_failure.csv,False,,test,0.6581082524249068
2014-03-19 13:56:00+00:00,46.56800000000001,realKnownCause/ec2_request_latency_system_failure.csv,False,,test,0.4661355622788938
2014-03-19 14:01:00+00:00,46.738,realKnownCause/ec2_request_latency_system_failure.csv,False,,test,0.4802923174305363
2014-03-19 14:06:00+00:00,43.004,realKnownCause/ec2_request_latency_system_failure.csv,False,,test,0.49211804533162157
2014-03-19 14:11:00+00:00,46.55,realKnownCause/ec2_request_latency_system_failure.csv,False,,test,0.46360302350651167
2014-03-19 14:16:00+00:00,45.188,realKnownCause/ec2_request_latency_system_failure.csv,False,,test,0.4423578361319057
2014-03-19 14:21:00+00:00,44.52,realKnownCause/ec2_request_latency_system_failure.csv,False,,test,0.43390697334796097
2014-03-19 14:26:00+00:00,46.56399999999999,realKnownCause/ec2_request_latency_system_failure.csv,False,,test,0.46543126803990775
2014-03-19 14:31:00+00:00,45.504,realKnownCause/ec2_request_latency_system_failure.csv,False,,test,0.43423003928280995
2014-03-19 14:36:00+00:00,45.926,realKnownCause/ec2_request_latency_system_failure.csv,False,,test,0.44716133281257936
2014-03-19 14:41:00+00:00,43.346,realKnownCause/ec2_request_latency_system_failure.csv,False,,test,0.48618648485669663
2014-03-19 14:46:00+00:00,45.928,realKnownCause/ec2_request_latency_system_failure.csv,False,,test,0.44755821451678085
2014-03-19 14:51:00+00:00,46.15,realKnownCause/ec2_request_latency_system_failure.csv,False,,test,0.45642973206493986
2014-03-19 14:56:00+00:00,49.624,realKnownCause/ec2_request_latency_system_failure.csv,False,,test,0.6606926226866386
2014-03-19 15:01:00+00:00,44.624,realKnownCause/ec2_request_latency_system_failure.csv,False,,test,0.4353718578930934
2014-03-19 15:06:00+00:00,44.718,realKnownCause/ec2_request_latency_system_failure.csv,False,,test,0.43889233069206235
2014-03-19 15:11:00+00:00,47.88800000000001,realKnownCause/ec2_request_latency_system_failure.csv,False,,test,0.5274957493225285
2014-03-19 15:16:00+00:00,45.37600000000001,realKnownCause/ec2_request_latency_system_failure.csv,False,,test,0.4355830696549549
2014-03-19 15:21:00+00:00,45.70399999999999,realKnownCause/ec2_request_latency_system_failure.csv,False,,test,0.43355890315626966
2014-03-19 15:26:00+00:00,49.36600000000001,realKnownCause/ec2_request_latency_system_failure.csv,False,,test,0.6436512054771738
2014-03-19 15:31:00+00:00,40.062,realKnownCause/ec2_request_latency_system_failure.csv,False,,test,0.7335512503856401
2014-03-19 15:36:00+00:00,45.332,realKnownCause/ec2_request_latency_system_failure.csv,False,,test,0.43887486479546955
2014-03-19 15:41:00+00:00,47.276,realKnownCause/ec2_request_latency_system_failure.csv,False,,test,0.49845467289518536
2014-03-19 15:46:00+00:00,43.58,realKnownCause/ec2_request_latency_system_failure.csv,False,,test,0.4725656366567881
2014-03-19 15:51:00+00:00,44.742,realKnownCause/ec2_request_latency_system_failure.csv,False,,test,0.43773936957533155
2014-03-19 15:56:00+00:00,48.428,realKnownCause/ec2_request_latency_system_failure.csv,False,,test,0.5568782757638963
2014-03-19 16:01:00+00:00,43.004,realKnownCause/ec2_request_latency_system_failure.csv,False,,test,0.49211804533162157
2014-03-19 16:06:00+00:00,45.0,realKnownCause/ec2_request_latency_system_failure.csv,False,,test,0.4387651203167708
2014-03-19 16:11:00+00:00,46.38399999999999,realKnownCause/ec2_request_latency_system_failure.csv,False,,test,0.4647903029592666
2014-03-19 16:16:00+00:00,47.094,realKnownCause/ec2_request_latency_system_failure.csv,False,,test,0.48157028289304776
2014-03-19 16:21:00+00:00,42.19600000000001,realKnownCause/ec2_request_latency_system_failure.csv,False,,test,0.5375616478051923
2014-03-19 16:26:00+00:00,48.692,realKnownCause/ec2_request_latency_system_failure.csv,False,,test,0.5685425140486828
2014-03-19 16:31:00+00:00,41.62,realKnownCause/ec2_request_latency_system_failure.csv,False,,test,0.5979740750231064
2014-03-19 16:36:00+00:00,44.90600000000001,realKnownCause/ec2_request_latency_system_failure.csv,False,,test,0.434765798023881
2014-03-19 16:41:00+00:00,45.4,realKnownCause/ec2_request_latency_system_failure.csv,False,,test,0.4368239752453172
2014-03-19 16:46:00+00:00,46.69,realKnownCause/ec2_request_latency_system_failure.csv,False,,test,0.4749431701798439
2014-03-19 16:51:00+00:00,46.006,realKnownCause/ec2_request_latency_system_failure.csv,False,,test,0.44502203717764677
2014-03-19 16:56:00+00:00,48.756,realKnownCause/ec2_request_latency_system_failure.csv,False,,test,0.5783506581011085
2014-03-19 17:01:00+00:00,44.226000000000006,realKnownCause/ec2_request_latency_system_failure.csv,False,,test,0.4326682263486753
2014-03-19 17:06:00+00:00,45.07,realKnownCause/ec2_request_latency_system_failure.csv,False,,test,0.4402186391474919
2014-03-19 17:11:00+00:00,44.718,realKnownCause/ec2_request_latency_system_failure.csv,False,,test,0.43889233069206235
2014-03-19 17:16:00+00:00,44.624,realKnownCause/ec2_request_latency_system_failure.csv,False,,test,0.4353718578930934
2014-03-19 17:21:00+00:00,45.47,realKnownCause/ec2_request_latency_system_failure.csv,False,,test,0.4322810560513369
2014-03-19 17:26:00+00:00,46.666,realKnownCause/ec2_request_latency_system_failure.csv,False,,test,0.4713603443327956
2014-03-19 17:31:00+00:00,42.982,realKnownCause/ec2_request_latency_system_failure.csv,False,,test,0.4922923993982157
2014-03-19 17:36:00+00:00,46.948,realKnownCause/ec2_request_latency_system_failure.csv,False,,test,0.4832082581299229
2014-03-19 17:41:00+00:00,44.694,realKnownCause/ec2_request_latency_system_failure.csv,False,,test,0.4375363241195134
2014-03-19 17:46:00+00:00,44.672,realKnownCause/ec2_request_latency_system_failure.csv,False,,test,0.43753821283640176
2014-03-19 17:51:00+00:00,45.024,realKnownCause/ec2_request_latency_system_failure.csv,False,,test,0.43868155066786335
2014-03-19 17:56:00+00:00,48.31,realKnownCause/ec2_request_latency_system_failure.csv,False,,test,0.559993970535435
2014-03-19 18:01:00+00:00,43.112,realKnownCause/ec2_request_latency_system_failure.csv,False,,test,0.48665562423167213
2014-03-19 18:06:00+00:00,45.164,realKnownCause/ec2_request_latency_system_failure.csv,False,,test,0.44206300889374345
2014-03-19 18:11:00+00:00,47.846,realKnownCause/ec2_request_latency_system_failure.csv,False,,test,0.5251826363281749
2014-03-19 18:16:00+00:00,44.414,realKnownCause/ec2_request_latency_system_failure.csv,False,,test,0.4328803248190742
2014-03-19 18:21:00+00:00,46.76,realKnownCause/ec2_request_latency_system_failure.csv,False,,test,0.478322977961853
2014-03-19 18:26:00+00:00,48.826,realKnownCause/ec2_request_latency_system_failure.csv,False,,test,0.5923388232565525
2014-03-19 18:31:00+00:00,43.206,realKnownCause/ec2_request_latency_system_failure.csv,False,,test,0.4898490024541533
2014-03-19 18:36:00+00:00,45.432,realKnownCause/ec2_request_latency_system_failure.csv,False,,test,0.4333741862157473
2014-03-19 18:41:00+00:00,44.914,realKnownCause/ec2_request_latency_system_failure.csv,False,,test,0.4360757457573568
2014-03-19 18:46:00+00:00,44.99,realKnownCause/ec2_request_latency_system_failure.csv,False,,test,0.43708939813476483
2014-03-19 18:51:00+00:00,45.868,realKnownCause/ec2_request_latency_system_failure.csv,False,,test,0.4448166341136521
2014-03-19 18:56:00+00:00,45.4,realKnownCause/ec2_request_latency_system_failure.csv,False,,test,0.4368239752453172
2014-03-19 19:01:00+00:00,46.716,realKnownCause/ec2_request_latency_system_failure.csv,False,,test,0.4791002380196469
2014-03-19 19:06:00+00:00,42.958,realKnownCause/ec2_request_latency_system_failure.csv,False,,test,0.4959502744421218
2014-03-19 19:11:00+00:00,46.632,realKnownCause/ec2_request_latency_system_failure.csv,False,,test,0.4706756782973538
2014-03-19 19:16:00+00:00,45.246,realKnownCause/ec2_request_latency_system_failure.csv,False,,test,0.4419147269358526
2014-03-19 19:21:00+00:00,45.04600000000001,realKnownCause/ec2_request_latency_system_failure.csv,False,,test,0.4390489848674321
2014-03-19 19:26:00+00:00,50.552,realKnownCause/ec2_request_latency_system_failure.csv,False,,test,0.742455966137198
2014-03-19 19:31:00+00:00,43.56800000000001,realKnownCause/ec2_request_latency_system_failure.csv,False,,test,0.47279309863301777
2014-03-19 19:36:00+00:00,45.798,realKnownCause/ec2_request_latency_system_failure.csv,False,,test,0.43867504780445893
2014-03-19 19:41:00+00:00,46.478,realKnownCause/ec2_request_latency_system_failure.csv,False,,test,0.46707257395543583
2014-03-19 19:46:00+00:00,44.6,realKnownCause/ec2_request_latency_system_failure.csv,False,,test,0.4344664971837925
2014-03-19 19:51:00+00:00,44.966,realKnownCause/ec2_request_latency_system_failure.csv,False,,test,0.43698913910876347
2014-03-19 19:56:00+00:00,46.854,realKnownCause/ec2_request_latency_system_failure.csv,False,,test,0.48708190033956017
2014-03-19 20:01:00+00:00,48.56800000000001,realKnownCause/ec2_request_latency_system_failure.csv,False,,test,0.5600608267501527
2014-03-19 20:06:00+00:00,42.206,realKnownCause/ec2_request_latency_system_failure.csv,False,,test,0.5351811735557104
2014-03-19 20:11:00+00:00,46.292,realKnownCause/ec2_request_latency_system_failure.csv,False,,test,0.4588226861059204
2014-03-19 20:16:00+00:00,47.536,realKnownCause/ec2_request_latency_system_failure.csv,False,,test,0.5118616708703188
2014-03-19 20:21:00+00:00,42.306,realKnownCause/ec2_request_latency_system_failure.csv,False,,test,0.5250359179744377
2014-03-19 20:26:00+00:00,44.90600000000001,realKnownCause/ec2_request_latency_system_failure.csv,False,,test,0.434765798023881
2014-03-19 20:31:00+00:00,47.146,realKnownCause/ec2_request_latency_system_failure.csv,False,,test,0.48659158280170856
2014-03-19 20:36:00+00:00,44.272,realKnownCause/ec2_request_latency_system_failure.csv,False,,test,0.42898186007522504
2014-03-19 20:41:00+00:00,43.476000000000006,realKnownCause/ec2_request_latency_system_failure.csv,False,,test,0.47651771667003595
2014-03-19 20:46:00+00:00,45.234,realKnownCause/ec2_request_latency_system_failure.csv,False,,test,0.4432502523316158
2014-03-19 20:51:00+00:00,44.524,realKnownCause/ec2_request_latency_system_failure.csv,False,,test,0.4333304036877303
2014-03-19 20:56:00+00:00,46.58,realKnownCause/ec2_request_latency_system_failure.csv,False,,test,0.46677191551250236
2014-03-19 21:01:00+00:00,46.902,realKnownCause/ec2_request_latency_system_failure.csv,False,,test,0.4861044851875974
2014-03-19 21:06:00+00:00,44.508,realKnownCause/ec2_request_latency_system_failure.csv,False,,test,0.4305159052251081
2014-03-19 21:11:00+00:00,47.118,realKnownCause/ec2_request_latency_system_failure.csv,False,,test,0.4842142692950372
2014-03-19 21:16:00+00:00,43.802,realKnownCause/ec2_request_latency_system_failure.csv,False,,test,0.4523739421433192
2014-03-19 21:21:00+00:00,45.58600000000001,realKnownCause/ec2_request_latency_system_failure.csv,False,,test,0.43493393374782885
2014-03-19 21:26:00+00:00,47.348,realKnownCause/ec2_request_latency_system_failure.csv,False,,test,0.5038807719847228
2014-03-19 21:31:00+00:00,46.312,realKnownCause/ec2_request_latency_system_failure.csv,False,,test,0.46183133750389305
2014-03-19 21:36:00+00:00,49.896,realKnownCause/ec2_request_latency_system_failure.csv,False,,test,0.685146356644379
2014-03-19 21:41:00+00:00,45.752,realKnownCause/ec2_request_latency_system_failure.csv,False,,test,0.4358459349532149
2014-03-19 21:46:00+00:00,48.06,realKnownCause/ec2_request_latency_system_failure.csv,False,,test,0.5425681189739321
2014-03-19 21:51:00+00:00,47.762,realKnownCause/ec2_request_latency_system_failure.csv,False,,test,0.5251118177992662
2014-03-19 21:56:00+00:00,45.37,realKnownCause/ec2_request_latency_system_failure.csv,False,,test,0.43524713358359124
2014-03-19 22:01:00+00:00,45.694,realKnownCause/ec2_request_latency_system_failure.csv,False,,test,0.4332827592832789
2014-03-19 22:06:00+00:00,47.23,realKnownCause/ec2_request_latency_system_failure.csv,False,,test,0.49435819223417193
2014-03-19 22:11:00+00:00,44.508,realKnownCause/ec2_request_latency_system_failure.csv,False,,test,0.4305159052251081
2014-03-19 22:16:00+00:00,44.578,realKnownCause/ec2_request_latency_system_failure.csv,False,,test,0.43511265435511687
2014-03-19 22:21:00+00:00,44.892,realKnownCause/ec2_request_latency_system_failure.csv,False,,test,0.43684050779079564
2014-03-19 22:26:00+00:00,44.718,realKnownCause/ec2_request_latency_system_failure.csv,False,,test,0.43889233069206235
2014-03-19 22:31:00+00:00,45.328,realKnownCause/ec2_request_latency_system_failure.csv,False,,test,0.4378234224690767
2014-03-19 22:36:00+00:00,45.852,realKnownCause/ec2_request_latency_system_failure.csv,False,,test,0.44533257128226705
2014-03-19 22:41:00+00:00,42.018,realKnownCause/ec2_request_latency_system_failure.csv,False,,test,0.554047138629045
2014-03-19 22:46:00+00:00,44.484,realKnownCause/ec2_request_latency_system_failure.csv,False,,test,0.43171552761011284
2014-03-19 22:51:00+00:00,45.04,realKnownCause/ec2_request_latency_system_failure.csv,False,,test,0.4384133554654399
2014-03-19 22:56:00+00:00,46.69,realKnownCause/ec2_request_latency_system_failure.csv,False,,test,0.4749431701798439
2014-03-19 23:01:00+00:00,45.118,realKnownCause/ec2_request_latency_system_failure.csv,False,,test,0.43937965831254716
2014-03-19 23:06:00+00:00,48.334,realKnownCause/ec2_request_latency_system_failure.csv,False,,test,0.558068434964768
2014-03-19 23:11:00+00:00,42.974,realKnownCause/ec2_request_latency_system_failure.csv,False,,test,0.49527391387957237
2014-03-19 23:16:00+00:00,44.732,realKnownCause/ec2_request_latency_system_failure.csv,False,,test,0.43796617857006
2014-03-19 23:21:00+00:00,47.878,realKnownCause/ec2_request_latency_system_failure.csv,False,,test,0.5281814831750871
2014-03-19 23:26:00+00:00,42.112,realKnownCause/ec2_request_latency_system_failure.csv,False,,test,0.5495010863806946
2014-03-19 23:31:00+00:00,44.718,realKnownCause/ec2_request_latency_system_failure.csv,False,,test,0.43889233069206235
2014-03-19 23:36:00+00:00,47.512,realKnownCause/ec2_request_latency_system_failure.csv,False,,test,0.5107853812171391
2014-03-19 23:41:00+00:00,45.07,realKnownCause/ec2_request_latency_system_failure.csv,False,,test,0.4402186391474919
2014-03-19 23:46:00+00:00,48.2,realKnownCause/ec2_request_latency_system_failure.csv,False,,test,0.5511497043119284
2014-03-19 23:51:00+00:00,45.18,realKnownCause/ec2_request_latency_system_failure.csv,False,,test,0.4421420504384743
2014-03-19 23:56:00+00:00,48.74,realKnownCause/ec2_request_latency_system_failure.csv,False,,test,0.575991355954793
2014-03-20 00:01:00+00:00,48.8,realKnownCause/ec2_request_latency_system_failure.csv,False,,test,0.5883764257034952
2014-03-20 00:06:00+00:00,46.88399999999999,realKnownCause/ec2_request_latency_system_failure.csv,False,,test,0.4872526728609954
2014-03-20 00:11:00+00:00,43.576,realKnownCause/ec2_request_latency_system_failure.csv,False,,test,0.4722879345009843
2014-03-20 00:16:00+00:00,45.242,realKnownCause/ec2_request_latency_system_failure.csv,False,,test,0.44172592369012054
2014-03-20 00:21:00+00:00,46.142,realKnownCause/ec2_request_latency_system_failure.csv,False,,test,0.4563255885667422
2014-03-20 00:26:00+00:00,43.614,realKnownCause/ec2_request_latency_system_failure.csv,False,,test,0.475111162664138
2014-03-20 00:31:00+00:00,46.76,realKnownCause/ec2_request_latency_system_failure.csv,False,,test,0.478322977961853
2014-03-20 00:36:00+00:00,42.452,realKnownCause/ec2_request_latency_system_failure.csv,False,,test,0.5089124380602283
2014-03-20 00:41:00+00:00,44.788,realKnownCause/ec2_request_latency_system_failure.csv,False,,test,0.4385413590967417
2014-03-20 00:46:00+00:00,44.788,realKnownCause/ec2_request_latency_system_failure.csv,False,,test,0.4385413590967417
2014-03-20 00:51:00+00:00,47.464,realKnownCause/ec2_request_latency_system_failure.csv,False,,test,0.5073986379036944
2014-03-20 00:56:00+00:00,44.174,realKnownCause/ec2_request_latency_system_failure.csv,False,,test,0.4346661006848285
2014-03-20 01:01:00+00:00,48.122,realKnownCause/ec2_request_latency_system_failure.csv,False,,test,0.5469596141318823
2014-03-20 01:06:00+00:00,41.878,realKnownCause/ec2_request_latency_system_failure.csv,False,,test,0.5651151646067025
2014-03-20 01:11:00+00:00,46.478,realKnownCause/ec2_request_latency_system_failure.csv,False,,test,0.46707257395543583
2014-03-20 01:16:00+00:00,44.56800000000001,realKnownCause/ec2_request_latency_system_failure.csv,False,,test,0.43494977994195233
2014-03-20 01:21:00+00:00,45.054,realKnownCause/ec2_request_latency_system_failure.csv,False,,test,0.4390124611472958
2014-03-20 01:26:00+00:00,44.64,realKnownCause/ec2_request_latency_system_failure.csv,False,,test,0.4362080451191372
2014-03-20 01:31:00+00:00,46.456,realKnownCause/ec2_request_latency_system_failure.csv,False,,test,0.4681893233002742
2014-03-20 01:36:00+00:00,44.83600000000001,realKnownCause/ec2_request_latency_system_failure.csv,False,,test,0.4385961278336985
2014-03-20 01:41:00+00:00,46.902,realKnownCause/ec2_request_latency_system_failure.csv,False,,test,0.4861044851875974
2014-03-20 01:46:00+00:00,42.042,realKnownCause/ec2_request_latency_system_failure.csv,False,,test,0.5554376713538983
2014-03-20 01:51:00+00:00,44.76600000000001,realKnownCause/ec2_request_latency_system_failure.csv,False,,test,0.43945652706265936
2014-03-20 01:56:00+00:00,46.632,realKnownCause/ec2_request_latency_system_failure.csv,False,,test,0.4706756782973538
2014-03-20 02:01:00+00:00,44.976000000000006,realKnownCause/ec2_request_latency_system_failure.csv,False,,test,0.4367896451771438
2014-03-20 02:06:00+00:00,46.714,realKnownCause/ec2_request_latency_system_failure.csv,False,,test,0.47956139906059664
2014-03-20 02:11:00+00:00,46.188,realKnownCause/ec2_request_latency_system_failure.csv,False,,test,0.4575841005211406
2014-03-20 02:16:00+00:00,43.544,realKnownCause/ec2_request_latency_system_failure.csv,False,,test,0.4762142947683098
2014-03-20 02:21:00+00:00,44.722,realKnownCause/ec2_request_latency_system_failure.csv,False,,test,0.4393595001114834
2014-03-20 02:26:00+00:00,44.742,realKnownCause/ec2_request_latency_system_failure.csv,False,,test,0.43773936957533155
2014-03-20 02:31:00+00:00,47.394,realKnownCause/ec2_request_latency_system_failure.csv,False,,test,0.5052809960636011
2014-03-20 02:36:00+00:00,43.92,realKnownCause/ec2_request_latency_system_failure.csv,False,,test,0.4413592152903603
2014-03-20 02:41:00+00:00,42.724,realKnownCause/ec2_request_latency_system_failure.csv,False,,test,0.49438864634777396
2014-03-20 02:46:00+00:00,45.948,realKnownCause/ec2_request_latency_system_failure.csv,False,,test,0.44500284744004875
2014-03-20 02:51:00+00:00,43.292,realKnownCause/ec2_request_latency_system_failure.csv,False,,test,0.49104355482261847
2014-03-20 02:56:00+00:00,46.596,realKnownCause/ec2_request_latency_system_failure.csv,False,,test,0.46760453465437096
2014-03-20 03:01:00+00:00,44.694,realKnownCause/ec2_request_latency_system_failure.csv,False,,test,0.4375363241195134
2014-03-20 03:06:00+00:00,49.122,realKnownCause/ec2_request_latency_system_failure.csv,False,,test,0.6219654252201676
2014-03-20 03:11:00+00:00,44.32,realKnownCause/ec2_request_latency_system_failure.csv,False,,test,0.4330044834390389
2014-03-20 03:16:00+00:00,47.524,realKnownCause/ec2_request_latency_system_failure.csv,False,,test,0.5118822210103549
2014-03-20 03:21:00+00:00,43.23,realKnownCause/ec2_request_latency_system_failure.csv,False,,test,0.49085927761340303
2014-03-20 03:26:00+00:00,43.38,realKnownCause/ec2_request_latency_system_failure.csv,False,,test,0.4808163962407884
2014-03-20 03:31:00+00:00,45.118,realKnownCause/ec2_request_latency_system_failure.csv,False,,test,0.43937965831254716
2014-03-20 03:36:00+00:00,47.632,realKnownCause/ec2_request_latency_system_failure.csv,False,,test,0.5170882809090236
2014-03-20 03:41:00+00:00,43.92,realKnownCause/ec2_request_latency_system_failure.csv,False,,test,0.4413592152903603
2014-03-20 03:46:00+00:00,45.254,realKnownCause/ec2_request_latency_system_failure.csv,False,,test,0.439619012303656
2014-03-20 03:51:00+00:00,44.90600000000001,realKnownCause/ec2_request_latency_system_failure.csv,False,,test,0.434765798023881
2014-03-20 03:56:00+00:00,46.478,realKnownCause/ec2_request_latency_system_failure.csv,False,,test,0.46707257395543583
2014-03-20 04:01:00+00:00,46.97,realKnownCause/ec2_request_latency_system_failure.csv,False,,test,0.48452956643266876
2014-03-20 04:06:00+00:00,44.272,realKnownCause/ec2_request_latency_system_failure.csv,False,,test,0.42898186007522504
2014-03-20 04:11:00+00:00,44.508,realKnownCause/ec2_request_latency_system_failure.csv,False,,test,0.4305159052251081
2014-03-20 04:16:00+00:00,44.648,realKnownCause/ec2_request_latency_system_failure.csv,False,,test,0.43559593190354357
2014-03-20 04:21:00+00:00,44.648,realKnownCause/ec2_request_latency_system_failure.csv,False,,test,0.43559593190354357
2014-03-20 04:26:00+00:00,44.86,realKnownCause/ec2_request_latency_system_failure.csv,False,,test,0.4361225635230164
2014-03-20 04:31:00+00:00,46.456,realKnownCause/ec2_request_latency_system_failure.csv,False,,test,0.4681893233002742
2014-03-20 04:36:00+00:00,44.202,realKnownCause/ec2_request_latency_system_failure.csv,False,,test,0.4344588537703677
2014-03-20 04:41:00+00:00,43.538,realKnownCause/ec2_request_latency_system_failure.csv,False,,test,0.4766679673775554
2014-03-20 04:46:00+00:00,46.01,realKnownCause/ec2_request_latency_system_failure.csv,False,,test,0.44420691559332104
2014-03-20 04:51:00+00:00,44.54600000000001,realKnownCause/ec2_request_latency_system_failure.csv,False,,test,0.4335123990146553
2014-03-20 04:56:00+00:00,45.164,realKnownCause/ec2_request_latency_system_failure.csv,False,,test,0.44206300889374345
2014-03-20 05:01:00+00:00,46.738,realKnownCause/ec2_request_latency_system_failure.csv,False,,test,0.4802923174305363
2014-03-20 05:06:00+00:00,42.982,realKnownCause/ec2_request_latency_system_failure.csv,False,,test,0.4922923993982157
2014-03-20 05:11:00+00:00,47.84,realKnownCause/ec2_request_latency_system_failure.csv,False,,test,0.5251809659319144
2014-03-20 05:16:00+00:00,43.582,realKnownCause/ec2_request_latency_system_failure.csv,False,,test,0.47307258939785746
2014-03-20 05:21:00+00:00,45.344,realKnownCause/ec2_request_latency_system_failure.csv,False,,test,0.4391715625461023
2014-03-20 05:26:00+00:00,44.578,realKnownCause/ec2_request_latency_system_failure.csv,False,,test,0.43511265435511687
2014-03-20 05:31:00+00:00,47.97,realKnownCause/ec2_request_latency_system_failure.csv,False,,test,0.5309580053870263
2014-03-20 05:36:00+00:00,41.854,realKnownCause/ec2_request_latency_system_failure.csv,False,,test,0.5680103429004751
2014-03-20 05:41:00+00:00,46.62,realKnownCause/ec2_request_latency_system_failure.csv,False,,test,0.4686121523339858
2014-03-20 05:46:00+00:00,45.192,realKnownCause/ec2_request_latency_system_failure.csv,False,,test,0.4416474429092607
2014-03-20 05:51:00+00:00,43.474,realKnownCause/ec2_request_latency_system_failure.csv,False,,test,0.47698526708829403
2014-03-20 05:56:00+00:00,46.408,realKnownCause/ec2_request_latency_system_failure.csv,False,,test,0.46738674557946036
2014-03-20 06:01:00+00:00,46.808,realKnownCause/ec2_request_latency_system_failure.csv,False,,test,0.48145786115395783
2014-03-20 06:06:00+00:00,43.052,realKnownCause/ec2_request_latency_system_failure.csv,False,,test,0.48865106774006933
2014-03-20 06:11:00+00:00,46.12600000000001,realKnownCause/ec2_request_latency_system_failure.csv,False,,test,0.4542553800399752
2014-03-20 06:16:00+00:00,45.892,realKnownCause/ec2_request_latency_system_failure.csv,False,,test,0.4447062503643996
2014-03-20 06:21:00+00:00,44.554,realKnownCause/ec2_request_latency_system_failure.csv,False,,test,0.43327554820505476
2014-03-20 06:26:00+00:00,46.442,realKnownCause/ec2_request_latency_system_failure.csv,False,,test,0.4665436376947686
2014-03-20 06:31:00+00:00,41.502,realKnownCause/ec2_request_latency_system_failure.csv,False,,test,0.6079598301118262
2014-03-20 06:36:00+00:00,44.694,realKnownCause/ec2_request_latency_system_failure.csv,False,,test,0.4375363241195134
2014-03-20 06:41:00+00:00,43.544,realKnownCause/ec2_request_latency_system_failure.csv,False,,test,0.4762142947683098
2014-03-20 06:46:00+00:00,44.83600000000001,realKnownCause/ec2_request_latency_system_failure.csv,False,,test,0.4385961278336985
2014-03-20 06:51:00+00:00,46.46,realKnownCause/ec2_request_latency_system_failure.csv,False,,test,0.4670179345839011
2014-03-20 06:56:00+00:00,44.788,realKnownCause/ec2_request_latency_system_failure.csv,False,,test,0.4385413590967417
2014-03-20 07:01:00+00:00,47.512,realKnownCause/ec2_request_latency_system_failure.csv,False,,test,0.5107853812171391
2014-03-20 07:06:00+00:00,42.16,realKnownCause/ec2_request_latency_system_failure.csv,False,,test,0.5434728823586421
2014-03-20 07:11:00+00:00,46.83,realKnownCause/ec2_request_latency_system_failure.csv,False,,test,0.4836056400745994
2014-03-20 07:16:00+00:00,44.39,realKnownCause/ec2_request_latency_system_failure.csv,False,,test,0.43231897172616146
2014-03-20 07:21:00+00:00,46.924,realKnownCause/ec2_request_latency_system_failure.csv,False,,test,0.4832608704944727
2014-03-20 07:26:00+00:00,42.794,realKnownCause/ec2_request_latency_system_failure.csv,False,,test,0.4938662380485482
2014-03-20 07:31:00+00:00,44.54600000000001,realKnownCause/ec2_request_latency_system_failure.csv,False,,test,0.4335123990146553
2014-03-20 07:36:00+00:00,47.066,realKnownCause/ec2_request_latency_system_failure.csv,False,,test,0.4807503839610945
2014-03-20 07:41:00+00:00,44.752,realKnownCause/ec2_request_latency_system_failure.csv,False,,test,0.43950732357285105
2014-03-20 07:46:00+00:00,45.234,realKnownCause/ec2_request_latency_system_failure.csv,False,,test,0.4432502523316158
2014-03-20 07:51:00+00:00,46.362,realKnownCause/ec2_request_latency_system_failure.csv,False,,test,0.4653235847577914
2014-03-20 07:56:00+00:00,45.024,realKnownCause/ec2_request_latency_system_failure.csv,False,,test,0.43868155066786335
2014-03-20 08:01:00+00:00,44.93,realKnownCause/ec2_request_latency_system_failure.csv,False,,test,0.4375204611438128
2014-03-20 08:06:00+00:00,44.93,realKnownCause/ec2_request_latency_system_failure.csv,False,,test,0.4375204611438128
2014-03-20 08:11:00+00:00,47.63,realKnownCause/ec2_request_latency_system_failure.csv,False,,test,0.5173682405525717
2014-03-20 08:16:00+00:00,41.738,realKnownCause/ec2_request_latency_system_failure.csv,False,,test,0.5821198711723163
2014-03-20 08:21:00+00:00,44.742,realKnownCause/ec2_request_latency_system_failure.csv,False,,test,0.43773936957533155
2014-03-20 08:26:00+00:00,46.68,realKnownCause/ec2_request_latency_system_failure.csv,False,,test,0.4723692216204559
2014-03-20 08:31:00+00:00,42.794,realKnownCause/ec2_request_latency_system_failure.csv,False,,test,0.4938662380485482
2014-03-20 08:36:00+00:00,45.70399999999999,realKnownCause/ec2_request_latency_system_failure.csv,False,,test,0.43355890315626966
2014-03-20 08:41:00+00:00,43.746,realKnownCause/ec2_request_latency_system_failure.csv,False,,test,0.4537289769364609
2014-03-20 08:46:00+00:00,46.79,realKnownCause/ec2_request_latency_system_failure.csv,False,,test,0.4805393792238553
2014-03-20 08:51:00+00:00,42.642,realKnownCause/ec2_request_latency_system_failure.csv,False,,test,0.5006288489677096
2014-03-20 08:56:00+00:00,48.596,realKnownCause/ec2_request_latency_system_failure.csv,False,,test,0.5599973470326343
2014-03-20 09:01:00+00:00,42.816,realKnownCause/ec2_request_latency_system_failure.csv,False,,test,0.4932463258701573
2014-03-20 09:06:00+00:00,44.46,realKnownCause/ec2_request_latency_system_failure.csv,False,,test,0.432789328447324
2014-03-20 09:11:00+00:00,46.124,realKnownCause/ec2_request_latency_system_failure.csv,False,,test,0.45388671815076065
2014-03-20 09:16:00+00:00,44.728,realKnownCause/ec2_request_latency_system_failure.csv,False,,test,0.43814291813725054
2014-03-20 09:21:00+00:00,47.606,realKnownCause/ec2_request_latency_system_failure.csv,False,,test,0.5138263562572192
2014-03-20 09:26:00+00:00,43.756,realKnownCause/ec2_request_latency_system_failure.csv,False,,test,0.4544087350869944
2014-03-20 09:31:00+00:00,44.014,realKnownCause/ec2_request_latency_system_failure.csv,False,,test,0.44510842042244514
2014-03-20 09:36:00+00:00,43.944,realKnownCause/ec2_request_latency_system_failure.csv,False,,test,0.43927815362027345
2014-03-20 09:41:00+00:00,45.774,realKnownCause/ec2_request_latency_system_failure.csv,False,,test,0.4402249188138403
2014-03-20 09:46:00+00:00,44.624,realKnownCause/ec2_request_latency_system_failure.csv,False,,test,0.4353718578930934
2014-03-20 09:51:00+00:00,44.43600000000001,realKnownCause/ec2_request_latency_system_failure.csv,False,,test,0.4302246579615832
2014-03-20 09:56:00+00:00,48.192,realKnownCause/ec2_request_latency_system_failure.csv,False,,test,0.5504574004841494
2014-03-20 10:01:00+00:00,44.288,realKnownCause/ec2_request_latency_system_failure.csv,False,,test,0.4313031431074032
2014-03-20 10:06:00+00:00,45.38800000000001,realKnownCause/ec2_request_latency_system_failure.csv,False,,test,0.4371178770029049
2014-03-20 10:11:00+00:00,45.07,realKnownCause/ec2_request_latency_system_failure.csv,False,,test,0.4402186391474919
2014-03-20 10:16:00+00:00,44.788,realKnownCause/ec2_request_latency_system_failure.csv,False,,test,0.4385413590967417
2014-03-20 10:21:00+00:00,47.534,realKnownCause/ec2_request_latency_system_failure.csv,False,,test,0.5121388007458418
2014-03-20 10:26:00+00:00,41.902,realKnownCause/ec2_request_latency_system_failure.csv,False,,test,0.567040234286218
2014-03-20 10:31:00+00:00,44.648,realKnownCause/ec2_request_latency_system_failure.csv,False,,test,0.43559593190354357
2014-03-20 10:36:00+00:00,46.056,realKnownCause/ec2_request_latency_system_failure.csv,False,,test,0.45074890852569605
2014-03-20 10:41:00+00:00,43.182,realKnownCause/ec2_request_latency_system_failure.csv,False,,test,0.4878442857581864
2014-03-20 10:46:00+00:00,44.98,realKnownCause/ec2_request_latency_system_failure.csv,False,,test,0.4382844220703007
2014-03-20 10:51:00+00:00,44.882,realKnownCause/ec2_request_latency_system_failure.csv,False,,test,0.43803456895540027
2014-03-20 10:56:00+00:00,47.904,realKnownCause/ec2_request_latency_system_failure.csv,False,,test,0.5250146051792232
2014-03-20 11:01:00+00:00,43.292,realKnownCause/ec2_request_latency_system_failure.csv,False,,test,0.49104355482261847
2014-03-20 11:06:00+00:00,46.198,realKnownCause/ec2_request_latency_system_failure.csv,False,,test,0.4588434783746833
2014-03-20 11:11:00+00:00,45.024,realKnownCause/ec2_request_latency_system_failure.csv,False,,test,0.43868155066786335
2014-03-20 11:16:00+00:00,46.244,realKnownCause/ec2_request_latency_system_failure.csv,False,,test,0.4598535617070339
2014-03-20 11:21:00+00:00,43.49800000000001,realKnownCause/ec2_request_latency_system_failure.csv,False,,test,0.4769200365024189
2014-03-20 11:26:00+00:00,46.746,realKnownCause/ec2_request_latency_system_failure.csv,False,,test,0.480172061940621
2014-03-20 11:31:00+00:00,44.202,realKnownCause/ec2_request_latency_system_failure.csv,False,,test,0.4344588537703677
2014-03-20 11:36:00+00:00,44.044,realKnownCause/ec2_request_latency_system_failure.csv,False,,test,0.44157959895046134
2014-03-20 11:41:00+00:00,45.846,realKnownCause/ec2_request_latency_system_failure.csv,False,,test,0.4441259456879541
2014-03-20 11:46:00+00:00,43.08600000000001,realKnownCause/ec2_request_latency_system_failure.csv,False,,test,0.48633737321089876
2014-03-20 11:51:00+00:00,46.338,realKnownCause/ec2_request_latency_system_failure.csv,False,,test,0.4610596169397069
2014-03-20 11:56:00+00:00,46.572,realKnownCause/ec2_request_latency_system_failure.csv,False,,test,0.46574072730541194
2014-03-20 12:01:00+00:00,45.46,realKnownCause/ec2_request_latency_system_failure.csv,False,,test,0.4336604144994727
2014-03-20 12:06:00+00:00,42.754,realKnownCause/ec2_request_latency_system_failure.csv,False,,test,0.49378594772398493
2014-03-20 12:11:00+00:00,46.15,realKnownCause/ec2_request_latency_system_failure.csv,False,,test,0.45642973206493986
2014-03-20 12:16:00+00:00,45.874,realKnownCause/ec2_request_latency_system_failure.csv,False,,test,0.4444875026400433
2014-03-20 12:21:00+00:00,43.522,realKnownCause/ec2_request_latency_system_failure.csv,False,,test,0.47660799516701574
2014-03-20 12:26:00+00:00,46.62,realKnownCause/ec2_request_latency_system_failure.csv,False,,test,0.4686121523339858
2014-03-20 12:31:00+00:00,44.226000000000006,realKnownCause/ec2_request_latency_system_failure.csv,False,,test,0.4326682263486753
2014-03-20 12:36:00+00:00,44.694,realKnownCause/ec2_request_latency_system_failure.csv,False,,test,0.4375363241195134
2014-03-20 12:41:00+00:00,43.474,realKnownCause/ec2_request_latency_system_failure.csv,False,,test,0.47698526708829403
2014-03-20 12:46:00+00:00,44.578,realKnownCause/ec2_request_latency_system_failure.csv,False,,test,0.43511265435511687
2014-03-20 12:51:00+00:00,44.648,realKnownCause/ec2_request_latency_system_failure.csv,False,,test,0.43559593190354357
2014-03-20 12:56:00+00:00,48.522,realKnownCause/ec2_request_latency_system_failure.csv,False,,test,0.5570919453379769
2014-03-20 13:01:00+00:00,44.554,realKnownCause/ec2_request_latency_system_failure.csv,False,,test,0.43327554820505476
2014-03-20 13:06:00+00:00,42.316,realKnownCause/ec2_request_latency_system_failure.csv,False,,test,0.5244331627822845
2014-03-20 13:11:00+00:00,47.7,realKnownCause/ec2_request_latency_system_failure.csv,False,,test,0.5186941258601508
2014-03-20 13:16:00+00:00,43.286,realKnownCause/ec2_request_latency_system_failure.csv,False,,test,0.4904560109839089
2014-03-20 13:21:00+00:00,44.90600000000001,realKnownCause/ec2_request_latency_system_failure.csv,False,,test,0.434765798023881
2014-03-20 13:26:00+00:00,45.846,realKnownCause/ec2_request_latency_system_failure.csv,False,,test,0.4441259456879541
2014-03-20 13:31:00+00:00,45.188,realKnownCause/ec2_request_latency_system_failure.csv,False,,test,0.4423578361319057
2014-03-20 13:36:00+00:00,43.45,realKnownCause/ec2_request_latency_system_failure.csv,False,,test,0.4775826186670703
2014-03-20 13:41:00+00:00,45.99800000000001,realKnownCause/ec2_request_latency_system_failure.csv,False,,test,0.4452069594215579
2014-03-20 13:46:00+00:00,47.184,realKnownCause/ec2_request_latency_system_failure.csv,False,,test,0.48661188451073195
2014-03-20 13:51:00+00:00,42.16,realKnownCause/ec2_request_latency_system_failure.csv,False,,test,0.5434728823586421
2014-03-20 13:56:00+00:00,46.502,realKnownCause/ec2_request_latency_system_failure.csv,False,,test,0.4652554045720079
2014-03-20 14:01:00+00:00,46.65,realKnownCause/ec2_request_latency_system_failure.csv,False,,test,0.4686504442557387
2014-03-20 14:06:00+00:00,42.91,realKnownCause/ec2_request_latency_system_failure.csv,False,,test,0.4947559122801428
2014-03-20 14:11:00+00:00,46.408,realKnownCause/ec2_request_latency_system_failure.csv,False,,test,0.46738674557946036
2014-03-20 14:16:00+00:00,46.104,realKnownCause/ec2_request_latency_system_failure.csv,False,,test,0.45392759858049186
2014-03-20 14:21:00+00:00,44.93600000000001,realKnownCause/ec2_request_latency_system_failure.csv,False,,test,0.43968714709220597
2014-03-20 14:26:00+00:00,43.742,realKnownCause/ec2_request_latency_system_failure.csv,False,,test,0.45417186168213747
2014-03-20 14:31:00+00:00,47.478,realKnownCause/ec2_request_latency_system_failure.csv,False,,test,0.5086277584575863
2014-03-20 14:36:00+00:00,41.31399999999999,realKnownCause/ec2_request_latency_system_failure.csv,False,,test,0.6261813776748156
2014-03-20 14:41:00+00:00,44.484,realKnownCause/ec2_request_latency_system_failure.csv,False,,test,0.43171552761011284
2014-03-20 14:46:00+00:00,44.826,realKnownCause/ec2_request_latency_system_failure.csv,False,,test,0.440159118870277
2014-03-20 14:51:00+00:00,44.886,realKnownCause/ec2_request_latency_system_failure.csv,False,,test,0.43710318999050274
2014-03-20 14:56:00+00:00,46.62,realKnownCause/ec2_request_latency_system_failure.csv,False,,test,0.4686121523339858
2014-03-20 15:01:00+00:00,50.0,realKnownCause/ec2_request_latency_system_failure.csv,False,,test,0.693513621623825
2014-03-20 15:06:00+00:00,40.47,realKnownCause/ec2_request_latency_system_failure.csv,False,,test,0.7026605118262902
2014-03-20 15:11:00+00:00,46.102,realKnownCause/ec2_request_latency_system_failure.csv,False,,test,0.4536273830318282
2014-03-20 15:16:00+00:00,43.286,realKnownCause/ec2_request_latency_system_failure.csv,False,,test,0.4904560109839089
2014-03-20 15:21:00+00:00,45.118,realKnownCause/ec2_request_latency_system_failure.csv,False,,test,0.43937965831254716
2014-03-20 15:26:00+00:00,44.29600000000001,realKnownCause/ec2_request_latency_system_failure.csv,False,,test,0.43207583364438623
2014-03-20 15:31:00+00:00,46.432,realKnownCause/ec2_request_latency_system_failure.csv,False,,test,0.46758013287196515
2014-03-20 15:36:00+00:00,43.544,realKnownCause/ec2_request_latency_system_failure.csv,False,,test,0.4762142947683098
2014-03-20 15:41:00+00:00,47.136,realKnownCause/ec2_request_latency_system_failure.csv,False,,test,0.4862726803053487
2014-03-20 15:46:00+00:00,43.324,realKnownCause/ec2_request_latency_system_failure.csv,False,,test,0.4875721447160412
2014-03-20 15:51:00+00:00,45.986,realKnownCause/ec2_request_latency_system_failure.csv,False,,test,0.4458432221090738
2014-03-20 15:56:00+00:00,45.51600000000001,realKnownCause/ec2_request_latency_system_failure.csv,False,,test,0.4353239014694586
2014-03-20 16:01:00+00:00,46.972,realKnownCause/ec2_request_latency_system_failure.csv,False,,test,0.4848846193866296
2014-03-20 16:06:00+00:00,44.32,realKnownCause/ec2_request_latency_system_failure.csv,False,,test,0.4330044834390389
2014-03-20 16:11:00+00:00,45.164,realKnownCause/ec2_request_latency_system_failure.csv,False,,test,0.44206300889374345
2014-03-20 16:16:00+00:00,45.07,realKnownCause/ec2_request_latency_system_failure.csv,False,,test,0.4402186391474919
2014-03-20 16:21:00+00:00,46.08,realKnownCause/ec2_request_latency_system_failure.csv,False,,test,0.45165825990729647
2014-03-20 16:26:00+00:00,43.734,realKnownCause/ec2_request_latency_system_failure.csv,False,,test,0.45634123092332796
2014-03-20 16:31:00+00:00,46.784,realKnownCause/ec2_request_latency_system_failure.csv,False,,test,0.47946830760769243
2014-03-20 16:36:00+00:00,44.168,realKnownCause/ec2_request_latency_system_failure.csv,False,,test,0.4327839242520578
2014-03-20 16:41:00+00:00,43.606,realKnownCause/ec2_request_latency_system_failure.csv,False,,test,0.47430932052875974
2014-03-20 16:46:00+00:00,44.624,realKnownCause/ec2_request_latency_system_failure.csv,False,,test,0.4353718578930934
2014-03-20 16:51:00+00:00,45.752,realKnownCause/ec2_request_latency_system_failure.csv,False,,test,0.4358459349532149
2014-03-20 16:56:00+00:00,45.04600000000001,realKnownCause/ec2_request_latency_system_failure.csv,False,,test,0.4390489848674321
2014-03-20 17:01:00+00:00,48.192,realKnownCause/ec2_request_latency_system_failure.csv,False,,test,0.5504574004841494
2014-03-20 17:06:00+00:00,41.738,realKnownCause/ec2_request_latency_system_failure.csv,False,,test,0.5821198711723163
2014-03-20 17:11:00+00:00,46.234,realKnownCause/ec2_request_latency_system_failure.csv,False,,test,0.4582764909518071
2014-03-20 17:16:00+00:00,44.97,realKnownCause/ec2_request_latency_system_failure.csv,False,,test,0.4368388966180848
2014-03-20 17:21:00+00:00,45.094,realKnownCause/ec2_request_latency_system_failure.csv,False,,test,0.4409349441159919
2014-03-20 17:26:00+00:00,44.944,realKnownCause/ec2_request_latency_system_failure.csv,False,,test,0.43916140708911106
2014-03-20 17:31:00+00:00,46.362,realKnownCause/ec2_request_latency_system_failure.csv,False,,test,0.4653235847577914
2014-03-20 17:36:00+00:00,45.962,realKnownCause/ec2_request_latency_system_failure.csv,False,,test,0.4433516007087148
2014-03-20 17:41:00+00:00,45.328,realKnownCause/ec2_request_latency_system_failure.csv,False,,test,0.4378234224690767
2014-03-20 17:46:00+00:00,45.694,realKnownCause/ec2_request_latency_system_failure.csv,False,,test,0.4332827592832789
2014-03-20 17:51:00+00:00,43.65,realKnownCause/ec2_request_latency_system_failure.csv,False,,test,0.4624557328167727
2014-03-20 17:56:00+00:00,46.65,realKnownCause/ec2_request_latency_system_failure.csv,False,,test,0.4686504442557387
2014-03-20 18:01:00+00:00,45.258,realKnownCause/ec2_request_latency_system_failure.csv,False,,test,0.4387504927205348
2014-03-20 18:06:00+00:00,47.06,realKnownCause/ec2_request_latency_system_failure.csv,False,,test,0.4817901185115407
2014-03-20 18:11:00+00:00,44.554,realKnownCause/ec2_request_latency_system_failure.csv,False,,test,0.43327554820505476
2014-03-20 18:16:00+00:00,46.478,realKnownCause/ec2_request_latency_system_failure.csv,False,,test,0.46707257395543583
2014-03-20 18:21:00+00:00,43.364,realKnownCause/ec2_request_latency_system_failure.csv,False,,test,0.48434473617404306
2014-03-20 18:26:00+00:00,47.91,realKnownCause/ec2_request_latency_system_failure.csv,False,,test,0.525681392803622
2014-03-20 18:31:00+00:00,43.444,realKnownCause/ec2_request_latency_system_failure.csv,False,,test,0.4790566181170026
2014-03-20 18:36:00+00:00,47.09,realKnownCause/ec2_request_latency_system_failure.csv,False,,test,0.48091348973647685
2014-03-20 18:41:00+00:00,43.004,realKnownCause/ec2_request_latency_system_failure.csv,False,,test,0.49211804533162157
2014-03-20 18:46:00+00:00,45.118,realKnownCause/ec2_request_latency_system_failure.csv,False,,test,0.43937965831254716
2014-03-20 18:51:00+00:00,44.90600000000001,realKnownCause/ec2_request_latency_system_failure.csv,False,,test,0.434765798023881
2014-03-20 18:56:00+00:00,46.898,realKnownCause/ec2_request_latency_system_failure.csv,False,,test,0.485568278146314
2014-03-20 19:01:00+00:00,48.332,realKnownCause/ec2_request_latency_system_failure.csv,False,,test,0.5585971857889064
2014-03-20 19:06:00+00:00,44.53,realKnownCause/ec2_request_latency_system_failure.csv,False,,test,0.4332412631009113
2014-03-20 19:11:00+00:00,46.032,realKnownCause/ec2_request_latency_system_failure.csv,False,,test,0.44725438666628053
2014-03-20 19:16:00+00:00,43.61,realKnownCause/ec2_request_latency_system_failure.csv,False,,test,0.47471261512400054
2014-03-20 19:21:00+00:00,45.306,realKnownCause/ec2_request_latency_system_failure.csv,False,,test,0.44162471934564274
2014-03-20 19:26:00+00:00,45.282,realKnownCause/ec2_request_latency_system_failure.csv,False,,test,0.4412570462060989
2014-03-20 19:31:00+00:00,44.708,realKnownCause/ec2_request_latency_system_failure.csv,False,,test,0.4379112781175468
2014-03-20 19:36:00+00:00,49.082,realKnownCause/ec2_request_latency_system_failure.csv,False,,test,0.6167223082049801
2014-03-20 19:41:00+00:00,42.77,realKnownCause/ec2_request_latency_system_failure.csv,False,,test,0.49439185135785796
2014-03-20 19:46:00+00:00,46.62,realKnownCause/ec2_request_latency_system_failure.csv,False,,test,0.4686121523339858
2014-03-20 19:51:00+00:00,43.544,realKnownCause/ec2_request_latency_system_failure.csv,False,,test,0.4762142947683098
2014-03-20 19:56:00+00:00,48.374,realKnownCause/ec2_request_latency_system_failure.csv,False,,test,0.557800380128691
2014-03-20 20:01:00+00:00,43.802,realKnownCause/ec2_request_latency_system_failure.csv,False,,test,0.4523739421433192
2014-03-20 20:06:00+00:00,46.924,realKnownCause/ec2_request_latency_system_failure.csv,False,,test,0.4832608704944727
2014-03-20 20:11:00+00:00,44.474,realKnownCause/ec2_request_latency_system_failure.csv,False,,test,0.43239881100113137
2014-03-20 20:16:00+00:00,46.576,realKnownCause/ec2_request_latency_system_failure.csv,False,,test,0.4669393643305478
2014-03-20 20:21:00+00:00,43.45,realKnownCause/ec2_request_latency_system_failure.csv,False,,test,0.4775826186670703
2014-03-20 20:26:00+00:00,45.188,realKnownCause/ec2_request_latency_system_failure.csv,False,,test,0.4423578361319057
2014-03-20 20:31:00+00:00,45.07,realKnownCause/ec2_request_latency_system_failure.csv,False,,test,0.4402186391474919
2014-03-20 20:36:00+00:00,46.76,realKnownCause/ec2_request_latency_system_failure.csv,False,,test,0.478322977961853
2014-03-20 20:41:00+00:00,43.018,realKnownCause/ec2_request_latency_system_failure.csv,False,,test,0.49176580622056565
2014-03-20 20:46:00+00:00,46.504,realKnownCause/ec2_request_latency_system_failure.csv,False,,test,0.46538133578780544
2014-03-20 20:51:00+00:00,44.986,realKnownCause/ec2_request_latency_system_failure.csv,False,,test,0.43857233726224815
2014-03-20 20:56:00+00:00,45.36,realKnownCause/ec2_request_latency_system_failure.csv,False,,test,0.43738877340790805
2014-03-20 21:01:00+00:00,44.95399999999999,realKnownCause/ec2_request_latency_system_failure.csv,False,,test,0.4378221748183924
2014-03-20 21:06:00+00:00,47.288,realKnownCause/ec2_request_latency_system_failure.csv,False,,test,0.5003851504060698
2014-03-20 21:11:00+00:00,44.356,realKnownCause/ec2_request_latency_system_failure.csv,False,,test,0.4315264172581289
2014-03-20 21:16:00+00:00,45.4,realKnownCause/ec2_request_latency_system_failure.csv,False,,test,0.4368239752453172
2014-03-20 21:21:00+00:00,46.22,realKnownCause/ec2_request_latency_system_failure.csv,False,,test,0.4590455122975732
2014-03-20 21:26:00+00:00,45.456,realKnownCause/ec2_request_latency_system_failure.csv,True,nab_event_3,test,0.43570911129129997
2014-03-20 21:31:00+00:00,44.342,realKnownCause/ec2_request_latency_system_failure.csv,True,nab_event_3,test,0.43237943848661753
2014-03-20 21:36:00+00:00,46.69,realKnownCause/ec2_request_latency_system_failure.csv,True,nab_event_3,test,0.4749431701798439
2014-03-20 21:41:00+00:00,44.062,realKnownCause/ec2_request_latency_system_failure.csv,True,nab_event_3,test,0.43565402162523054
2014-03-20 21:46:00+00:00,45.54,realKnownCause/ec2_request_latency_system_failure.csv,True,nab_event_3,test,0.4341836577921198
2014-03-20 21:51:00+00:00,45.524,realKnownCause/ec2_request_latency_system_failure.csv,True,nab_event_3,test,0.43624129783682947
2014-03-20 21:56:00+00:00,46.816,realKnownCause/ec2_request_latency_system_failure.csv,True,nab_event_3,test,0.481647878609016
2014-03-20 22:01:00+00:00,46.676,realKnownCause/ec2_request_latency_system_failure.csv,True,nab_event_3,test,0.47064349458880356
2014-03-20 22:06:00+00:00,46.244,realKnownCause/ec2_request_latency_system_failure.csv,True,nab_event_3,test,0.4598535617070339
2014-03-20 22:11:00+00:00,44.062,realKnownCause/ec2_request_latency_system_failure.csv,True,nab_event_3,test,0.43565402162523054
2014-03-20 22:16:00+00:00,46.31399999999999,realKnownCause/ec2_request_latency_system_failure.csv,True,nab_event_3,test,0.46161088230047204
2014-03-20 22:21:00+00:00,43.61600000000001,realKnownCause/ec2_request_latency_system_failure.csv,True,nab_event_3,test,0.47498247213431605
2014-03-20 22:26:00+00:00,45.128,realKnownCause/ec2_request_latency_system_failure.csv,True,nab_event_3,test,0.4398410444991569
2014-03-20 22:31:00+00:00,44.718,realKnownCause/ec2_request_latency_system_failure.csv,True,nab_event_3,test,0.43889233069206235
2014-03-20 22:36:00+00:00,46.948,realKnownCause/ec2_request_latency_system_failure.csv,True,nab_event_3,test,0.4832082581299229
2014-03-20 22:41:00+00:00,43.942,realKnownCause/ec2_request_latency_system_failure.csv,True,nab_event_3,test,0.43958513180953357
2014-03-20 22:46:00+00:00,43.544,realKnownCause/ec2_request_latency_system_failure.csv,True,nab_event_3,test,0.4762142947683098
2014-03-20 22:51:00+00:00,44.93,realKnownCause/ec2_request_latency_system_failure.csv,True,nab_event_3,test,0.4375204611438128
2014-03-20 22:56:00+00:00,47.91,realKnownCause/ec2_request_latency_system_failure.csv,True,nab_event_3,test,0.525681392803622
2014-03-20 23:01:00+00:00,44.062,realKnownCause/ec2_request_latency_system_failure.csv,True,nab_event_3,test,0.43565402162523054
2014-03-20 23:06:00+00:00,47.848,realKnownCause/ec2_request_latency_system_failure.csv,True,nab_event_3,test,0.525057366127258
2014-03-20 23:11:00+00:00,43.688,realKnownCause/ec2_request_latency_system_failure.csv,True,nab_event_3,test,0.4568202259201649
2014-03-20 23:16:00+00:00,46.61,realKnownCause/ec2_request_latency_system_failure.csv,True,nab_event_3,test,0.4663264603370569
2014-03-20 23:21:00+00:00,44.838,realKnownCause/ec2_request_latency_system_failure.csv,True,nab_event_3,test,0.4388040305964226
2014-03-20 23:26:00+00:00,53.732,realKnownCause/ec2_request_latency_system_failure.csv,True,nab_event_3,test,0.7745330300738437
2014-03-20 23:31:00+00:00,45.07,realKnownCause/ec2_request_latency_system_failure.csv,True,nab_event_3,test,0.4402186391474919
2014-03-20 23:36:00+00:00,45.646,realKnownCause/ec2_request_latency_system_failure.csv,True,nab_event_3,test,0.42845829217024156
2014-03-20 23:41:00+00:00,48.214,realKnownCause/ec2_request_latency_system_failure.csv,True,nab_event_3,test,0.5552475165326644
2014-03-20 23:46:00+00:00,43.48,realKnownCause/ec2_request_latency_system_failure.csv,True,nab_event_3,test,0.4768618579831815
2014-03-20 23:51:00+00:00,44.64,realKnownCause/ec2_request_latency_system_failure.csv,True,nab_event_3,test,0.4362080451191372
2014-03-20 23:56:00+00:00,49.902,realKnownCause/ec2_request_latency_system_failure.csv,True,nab_event_3,test,0.6858884552848984
2014-03-21 00:01:00+00:00,42.26600000000001,realKnownCause/ec2_request_latency_system_failure.csv,True,nab_event_3,test,0.5293382538671896
2014-03-21 00:06:00+00:00,45.154,realKnownCause/ec2_request_latency_system_failure.csv,True,nab_event_3,test,0.44104865553935213
2014-03-21 00:11:00+00:00,48.556,realKnownCause/ec2_request_latency_system_failure.csv,True,nab_event_3,test,0.5602461392377971
2014-03-21 00:16:00+00:00,43.192,realKnownCause/ec2_request_latency_system_failure.csv,True,nab_event_3,test,0.48853471810073257
2014-03-21 00:21:00+00:00,44.54600000000001,realKnownCause/ec2_request_latency_system_failure.csv,True,nab_event_3,test,0.4335123990146553
2014-03-21 00:26:00+00:00,45.184,realKnownCause/ec2_request_latency_system_failure.csv,True,nab_event_3,test,0.44211846631285395
2014-03-21 00:31:00+00:00,46.268,realKnownCause/ec2_request_latency_system_failure.csv,True,nab_event_3,test,0.45948752437721596
2014-03-21 00:36:00+00:00,45.226000000000006,realKnownCause/ec2_request_latency_system_failure.csv,True,nab_event_3,test,0.44284791196040313
2014-03-21 00:41:00+00:00,44.36600000000001,realKnownCause/ec2_request_latency_system_failure.csv,True,nab_event_3,test,0.4307109844955651
2014-03-21 00:46:00+00:00,43.592,realKnownCause/ec2_request_latency_system_failure.csv,True,nab_event_3,test,0.4715575983778264
2014-03-21 00:51:00+00:00,44.812,realKnownCause/ec2_request_latency_system_failure.csv,True,nab_event_3,test,0.44126674458672105
2014-03-21 00:56:00+00:00,46.878,realKnownCause/ec2_request_latency_system_failure.csv,True,nab_event_3,test,0.4871963566080978
2014-03-21 01:01:00+00:00,45.07,realKnownCause/ec2_request_latency_system_failure.csv,True,nab_event_3,test,0.4402186391474919
2014-03-21 01:06:00+00:00,46.644,realKnownCause/ec2_request_latency_system_failure.csv,True,nab_event_3,test,0.46878803454032014
2014-03-21 01:11:00+00:00,47.84,realKnownCause/ec2_request_latency_system_failure.csv,True,nab_event_3,test,0.5251809659319144
2014-03-21 01:16:00+00:00,47.254,realKnownCause/ec2_request_latency_system_failure.csv,True,nab_event_3,test,0.49823949767895737
2014-03-21 01:21:00+00:00,44.226000000000006,realKnownCause/ec2_request_latency_system_failure.csv,True,nab_event_3,test,0.4326682263486753
2014-03-21 01:26:00+00:00,43.592,realKnownCause/ec2_request_latency_system_failure.csv,True,nab_event_3,test,0.4715575983778264
2014-03-21 01:31:00+00:00,45.526,realKnownCause/ec2_request_latency_system_failure.csv,True,nab_event_3,test,0.4368210093123027
2014-03-21 01:36:00+00:00,44.99800000000001,realKnownCause/ec2_request_latency_system_failure.csv,True,nab_event_3,test,0.43814112242015685
2014-03-21 01:41:00+00:00,47.276,realKnownCause/ec2_request_latency_system_failure.csv,True,nab_event_3,test,0.49845467289518536
2014-03-21 01:46:00+00:00,43.756,realKnownCause/ec2_request_latency_system_failure.csv,True,nab_event_3,test,0.4544087350869944
2014-03-21 01:51:00+00:00,46.83600000000001,realKnownCause/ec2_request_latency_system_failure.csv,True,nab_event_3,test,0.48370817649074405
2014-03-21 01:56:00+00:00,45.13800000000001,realKnownCause/ec2_request_latency_system_failure.csv,True,nab_event_3,test,0.44046301826061246
2014-03-21 02:01:00+00:00,44.90600000000001,realKnownCause/ec2_request_latency_system_failure.csv,True,nab_event_3,test,0.434765798023881
2014-03-21 02:06:00+00:00,46.658,realKnownCause/ec2_request_latency_system_failure.csv,True,nab_event_3,test,0.46906853733633647
2014-03-21 02:11:00+00:00,43.732,realKnownCause/ec2_request_latency_system_failure.csv,True,nab_event_3,test,0.45634123092332796
2014-03-21 02:16:00+00:00,47.3,realKnownCause/ec2_request_latency_system_failure.csv,True,nab_event_3,test,0.5042491239842049
2014-03-21 02:21:00+00:00,44.198,realKnownCause/ec2_request_latency_system_failure.csv,True,nab_event_3,test,0.4360157035597505
2014-03-21 02:26:00+00:00,43.31,realKnownCause/ec2_request_latency_system_failure.csv,True,nab_event_3,test,0.49137514194127
2014-03-21 02:31:00+00:00,44.75,realKnownCause/ec2_request_latency_system_failure.csv,True,nab_event_3,test,0.43911542292996786
2014-03-21 02:36:00+00:00,45.14,realKnownCause/ec2_request_latency_system_failure.csv,True,nab_event_3,test,0.43962903255077845
2014-03-21 02:41:00+00:00,44.558,realKnownCause/ec2_request_latency_system_failure.csv,True,nab_event_3,test,0.433182653174658
2014-03-21 02:46:00+00:00,43.774,realKnownCause/ec2_request_latency_system_failure.csv,True,nab_event_3,test,0.4520849438124882
2014-03-21 02:51:00+00:00,46.292,realKnownCause/ec2_request_latency_system_failure.csv,True,nab_event_3,test,0.4588226861059204
2014-03-21 02:56:00+00:00,46.948,realKnownCause/ec2_request_latency_system_failure.csv,True,nab_event_3,test,0.4832082581299229
2014-03-21 03:01:00+00:00,25.422,realKnownCause/ec2_request_latency_system_failure.csv,True,nab_event_3,test,0.7831876339663256
2014-03-21 03:06:00+00:00,57.958,realKnownCause/ec2_request_latency_system_failure.csv,True,nab_event_3,test,0.7745330300738437
2014-03-21 03:11:00+00:00,28.052,realKnownCause/ec2_request_latency_system_failure.csv,True,nab_event_3,test,0.7831876339663256
2014-03-21 03:16:00+00:00,56.572,realKnownCause/ec2_request_latency_system_failure.csv,True,nab_event_3,test,0.7745330300738437
2014-03-21 03:21:00+00:00,25.352,realKnownCause/ec2_request_latency_system_failure.csv,True,nab_event_3,test,0.7831876339663256
2014-03-21 03:26:00+00:00,38.216,realKnownCause/ec2_request_latency_system_failure.csv,True,nab_event_3,test,0.7772752503949855
2014-03-21 03:31:00+00:00,22.864,realKnownCause/ec2_request_latency_system_failure.csv,True,nab_event_3,test,0.7831876339663256
2014-03-21 03:36:00+00:00,66.26,realKnownCause/ec2_request_latency_system_failure.csv,True,nab_event_3,test,0.7745330300738437
2014-03-21 03:41:00+00:00,30.962,realKnownCause/ec2_request_latency_system_failure.csv,True,nab_event_3,test,0.7831876339663256
