timestamp,endpoint,horizon,actual,prediction,model,run_id,origin
2026-08-01 12:00:00+00:00,/identity,1,247.0,304.1897261904763,RF,20260910T174657Z,2026-08-01 11:00:00+00:00
2026-08-01 17:00:00+00:00,/identity,6,308.0,267.099857142857,RF,20260910T174657Z,2026-08-01 11:00:00+00:00
2026-08-01 23:00:00+00:00,/identity,12,197.0,245.00652597402603,RF,20260910T174657Z,2026-08-01 11:00:00+00:00
2026-08-01 13:00:00+00:00,/identity,1,300.0,279.1608214285715,RF,20260910T174657Z,2026-08-01 12:00:00+00:00
2026-08-01 18:00:00+00:00,/identity,6,252.0,282.3570892857143,RF,20260910T174657Z,2026-08-01 12:00:00+00:00
2026-08-02 00:00:00+00:00,/identity,12,158.0,184.30800396825384,RF,20260910T174657Z,2026-08-01 12:00:00+00:00
2026-08-01 14:00:00+00:00,/identity,1,307.0,290.07594047619057,RF,20260910T174657Z,2026-08-01 13:00:00+00:00
2026-08-01 19:00:00+00:00,/identity,6,261.0,262.03394859307355,RF,20260910T174657Z,2026-08-01 13:00:00+00:00
2026-08-02 01:00:00+00:00,/identity,12,150.0,178.4715178571428,RF,20260910T174657Z,2026-08-01 13:00:00+00:00
2026-08-01 15:00:00+00:00,/identity,1,286.0,269.8024642857144,RF,20260910T174657Z,2026-08-01 14:00:00+00:00
2026-08-01 20:00:00+00:00,/identity,6,229.0,257.35956547619037,RF,20260910T174657Z,2026-08-01 14:00:00+00:00
2026-08-02 02:00:00+00:00,/identity,12,187.0,154.89710119047615,RF,20260910T174657Z,2026-08-01 14:00:00+00:00
2026-08-01 16:00:00+00:00,/identity,1,291.0,271.6777023809524,RF,20260910T174657Z,2026-08-01 15:00:00+00:00
2026-08-01 21:00:00+00:00,/identity,6,242.0,255.58589898989888,RF,20260910T174657Z,2026-08-01 15:00:00+00:00
2026-08-02 03:00:00+00:00,/identity,12,158.0,160.82008928571423,RF,20260910T174657Z,2026-08-01 15:00:00+00:00
2026-08-01 17:00:00+00:00,/identity,1,308.0,276.2223333333333,RF,20260910T174657Z,2026-08-01 16:00:00+00:00
2026-08-01 22:00:00+00:00,/identity,6,188.0,251.0460694444444,RF,20260910T174657Z,2026-08-01 16:00:00+00:00
2026-08-02 04:00:00+00:00,/identity,12,181.0,169.12696230158724,RF,20260910T174657Z,2026-08-01 16:00:00+00:00
2026-08-01 18:00:00+00:00,/identity,1,252.0,286.9604285714285,RF,20260910T174657Z,2026-08-01 17:00:00+00:00
2026-08-01 23:00:00+00:00,/identity,6,197.0,245.53390692640696,RF,20260910T174657Z,2026-08-01 17:00:00+00:00
2026-08-02 05:00:00+00:00,/identity,12,169.0,180.08571428571423,RF,20260910T174657Z,2026-08-01 17:00:00+00:00
2026-08-01 19:00:00+00:00,/identity,1,261.0,253.96669264069251,RF,20260910T174657Z,2026-08-01 18:00:00+00:00
2026-08-02 00:00:00+00:00,/identity,6,158.0,193.24613095238092,RF,20260910T174657Z,2026-08-01 18:00:00+00:00
2026-08-02 06:00:00+00:00,/identity,12,202.0,206.5814464285714,RF,20260910T174657Z,2026-08-01 18:00:00+00:00
2026-08-01 20:00:00+00:00,/identity,1,229.0,261.4103630952379,RF,20260910T174657Z,2026-08-01 19:00:00+00:00
2026-08-02 01:00:00+00:00,/identity,6,150.0,181.34567261904758,RF,20260910T174657Z,2026-08-01 19:00:00+00:00
2026-08-02 07:00:00+00:00,/identity,12,203.0,199.17007738095225,RF,20260910T174657Z,2026-08-01 19:00:00+00:00
2026-08-01 21:00:00+00:00,/identity,1,242.0,231.66297835497843,RF,20260910T174657Z,2026-08-01 20:00:00+00:00
2026-08-02 02:00:00+00:00,/identity,6,187.0,156.58814087301585,RF,20260910T174657Z,2026-08-01 20:00:00+00:00
2026-08-02 08:00:00+00:00,/identity,12,233.0,199.82177976190468,RF,20260910T174657Z,2026-08-01 20:00:00+00:00
2026-08-01 22:00:00+00:00,/identity,1,188.0,240.33399404761906,RF,20260910T174657Z,2026-08-01 21:00:00+00:00
2026-08-02 03:00:00+00:00,/identity,6,158.0,159.52567261904755,RF,20260910T174657Z,2026-08-01 21:00:00+00:00
2026-08-02 09:00:00+00:00,/identity,12,295.0,214.84615079365074,RF,20260910T174657Z,2026-08-01 21:00:00+00:00
2026-08-01 23:00:00+00:00,/identity,1,197.0,216.7237301587301,RF,20260910T174657Z,2026-08-01 22:00:00+00:00
2026-08-02 04:00:00+00:00,/identity,6,181.0,189.38949404761905,RF,20260910T174657Z,2026-08-01 22:00:00+00:00
2026-08-02 10:00:00+00:00,/identity,12,249.0,243.8335734126984,RF,20260910T174657Z,2026-08-01 22:00:00+00:00
2026-08-02 00:00:00+00:00,/identity,1,158.0,186.9991785714285,RF,20260910T174657Z,2026-08-01 23:00:00+00:00
2026-08-02 05:00:00+00:00,/identity,6,169.0,170.0816944444444,RF,20260910T174657Z,2026-08-01 23:00:00+00:00
2026-08-02 11:00:00+00:00,/identity,12,291.0,226.68250396825405,RF,20260910T174657Z,2026-08-01 23:00:00+00:00
2026-08-02 01:00:00+00:00,/identity,1,150.0,159.18563690476185,RF,20260910T174657Z,2026-08-02 00:00:00+00:00
2026-08-02 06:00:00+00:00,/identity,6,202.0,182.5654107142857,RF,20260910T174657Z,2026-08-02 00:00:00+00:00
2026-08-02 12:00:00+00:00,/identity,12,263.0,237.5105932539683,RF,20260910T174657Z,2026-08-02 00:00:00+00:00
2026-08-02 02:00:00+00:00,/identity,1,187.0,160.12347420634916,RF,20260910T174657Z,2026-08-02 01:00:00+00:00
2026-08-02 07:00:00+00:00,/identity,6,203.0,192.19390674603164,RF,20260910T174657Z,2026-08-02 01:00:00+00:00
2026-08-02 13:00:00+00:00,/identity,12,295.0,263.20307539682545,RF,20260910T174657Z,2026-08-02 01:00:00+00:00
2026-08-02 03:00:00+00:00,/identity,1,158.0,195.90449007936505,RF,20260910T174657Z,2026-08-02 02:00:00+00:00
2026-08-02 08:00:00+00:00,/identity,6,233.0,208.21391666666668,RF,20260910T174657Z,2026-08-02 02:00:00+00:00
2026-08-02 14:00:00+00:00,/identity,12,287.0,291.26875,RF,20260910T174657Z,2026-08-02 02:00:00+00:00
2026-08-02 04:00:00+00:00,/identity,1,181.0,177.53542261904752,RF,20260910T174657Z,2026-08-02 03:00:00+00:00
2026-08-02 09:00:00+00:00,/identity,6,295.0,212.403746031746,RF,20260910T174657Z,2026-08-02 03:00:00+00:00
2026-08-02 15:00:00+00:00,/identity,12,347.0,290.6365753968254,RF,20260910T174657Z,2026-08-02 03:00:00+00:00
2026-08-02 05:00:00+00:00,/identity,1,169.0,169.12757539682534,RF,20260910T174657Z,2026-08-02 04:00:00+00:00
2026-08-02 10:00:00+00:00,/identity,6,249.0,223.97412896825404,RF,20260910T174657Z,2026-08-02 04:00:00+00:00
2026-08-02 16:00:00+00:00,/identity,12,278.0,293.03137698412706,RF,20260910T174657Z,2026-08-02 04:00:00+00:00
2026-08-02 06:00:00+00:00,/identity,1,202.0,183.29361309523804,RF,20260910T174657Z,2026-08-02 05:00:00+00:00
2026-08-02 11:00:00+00:00,/identity,6,291.0,233.9086111111112,RF,20260910T174657Z,2026-08-02 05:00:00+00:00
2026-08-02 17:00:00+00:00,/identity,12,273.0,293.2496150793651,RF,20260910T174657Z,2026-08-02 05:00:00+00:00
2026-08-02 07:00:00+00:00,/identity,1,203.0,199.37627976190467,RF,20260910T174657Z,2026-08-02 06:00:00+00:00
2026-08-02 12:00:00+00:00,/identity,6,263.0,247.60982738095237,RF,20260910T174657Z,2026-08-02 06:00:00+00:00
2026-08-02 18:00:00+00:00,/identity,12,292.0,284.253869047619,RF,20260910T174657Z,2026-08-02 06:00:00+00:00
2026-08-02 08:00:00+00:00,/identity,1,233.0,202.37322420634916,RF,20260910T174657Z,2026-08-02 07:00:00+00:00
2026-08-02 13:00:00+00:00,/identity,6,295.0,277.0707222222222,RF,20260910T174657Z,2026-08-02 07:00:00+00:00
2026-08-02 19:00:00+00:00,/identity,12,229.0,261.7974642857142,RF,20260910T174657Z,2026-08-02 07:00:00+00:00
2026-08-02 09:00:00+00:00,/identity,1,295.0,240.97350396825405,RF,20260910T174657Z,2026-08-02 08:00:00+00:00
2026-08-02 14:00:00+00:00,/identity,6,287.0,292.3404126984127,RF,20260910T174657Z,2026-08-02 08:00:00+00:00
2026-08-02 20:00:00+00:00,/identity,12,242.0,246.3166666666666,RF,20260910T174657Z,2026-08-02 08:00:00+00:00
2026-08-02 10:00:00+00:00,/identity,1,249.0,279.19380357142853,RF,20260910T174657Z,2026-08-02 09:00:00+00:00
2026-08-02 15:00:00+00:00,/identity,6,347.0,270.2044523809524,RF,20260910T174657Z,2026-08-02 09:00:00+00:00
2026-08-02 21:00:00+00:00,/identity,12,241.0,213.13099007936515,RF,20260910T174657Z,2026-08-02 09:00:00+00:00
2026-08-02 11:00:00+00:00,/identity,1,291.0,260.3804722222223,RF,20260910T174657Z,2026-08-02 10:00:00+00:00
2026-08-02 16:00:00+00:00,/identity,6,278.0,280.8146785714286,RF,20260910T174657Z,2026-08-02 10:00:00+00:00
2026-08-02 22:00:00+00:00,/identity,12,194.0,213.29570039682545,RF,20260910T174657Z,2026-08-02 10:00:00+00:00
2026-08-02 12:00:00+00:00,/identity,1,263.0,297.25921825396824,RF,20260910T174657Z,2026-08-02 11:00:00+00:00
2026-08-02 17:00:00+00:00,/identity,6,273.0,266.66873809523804,RF,20260910T174657Z,2026-08-02 11:00:00+00:00
2026-08-02 23:00:00+00:00,/identity,12,170.0,203.00942261904763,RF,20260910T174657Z,2026-08-02 11:00:00+00:00
2026-08-02 13:00:00+00:00,/identity,1,295.0,288.5832678571427,RF,20260910T174657Z,2026-08-02 12:00:00+00:00
2026-08-02 18:00:00+00:00,/identity,6,292.0,262.1481726190476,RF,20260910T174657Z,2026-08-02 12:00:00+00:00
2026-08-03 00:00:00+00:00,/identity,12,250.0,211.1482083333334,RF,20260910T174657Z,2026-08-02 12:00:00+00:00
2026-08-02 14:00:00+00:00,/identity,1,287.0,293.92297222222226,RF,20260910T174657Z,2026-08-02 13:00:00+00:00
2026-08-02 19:00:00+00:00,/identity,6,229.0,258.38851785714274,RF,20260910T174657Z,2026-08-02 13:00:00+00:00
2026-08-03 01:00:00+00:00,/identity,12,230.0,217.54835119047624,RF,20260910T174657Z,2026-08-02 13:00:00+00:00
2026-08-02 15:00:00+00:00,/identity,1,347.0,265.9895714285714,RF,20260910T174657Z,2026-08-02 14:00:00+00:00
2026-08-02 20:00:00+00:00,/identity,6,242.0,245.9186666666666,RF,20260910T174657Z,2026-08-02 14:00:00+00:00
2026-08-03 02:00:00+00:00,/identity,12,213.0,219.98069047619046,RF,20260910T174657Z,2026-08-02 14:00:00+00:00
2026-08-02 16:00:00+00:00,/identity,1,278.0,360.35625595238105,RF,20260910T174657Z,2026-08-02 15:00:00+00:00
2026-08-02 21:00:00+00:00,/identity,6,241.0,299.6406904761905,RF,20260910T174657Z,2026-08-02 15:00:00+00:00
2026-08-03 03:00:00+00:00,/identity,12,204.0,208.08462301587292,RF,20260910T174657Z,2026-08-02 15:00:00+00:00
2026-08-02 17:00:00+00:00,/identity,1,273.0,266.5580238095238,RF,20260910T174657Z,2026-08-02 16:00:00+00:00
2026-08-02 22:00:00+00:00,/identity,6,194.0,231.13528571428571,RF,20260910T174657Z,2026-08-02 16:00:00+00:00
2026-08-03 04:00:00+00:00,/identity,12,239.0,224.40503571428562,RF,20260910T174657Z,2026-08-02 16:00:00+00:00
2026-08-02 18:00:00+00:00,/identity,1,292.0,271.1243511904762,RF,20260910T174657Z,2026-08-02 17:00:00+00:00
2026-08-02 23:00:00+00:00,/identity,6,170.0,217.6081765873016,RF,20260910T174657Z,2026-08-02 17:00:00+00:00
2026-08-03 05:00:00+00:00,/identity,12,313.0,240.9679920634921,RF,20260910T174657Z,2026-08-02 17:00:00+00:00
2026-08-02 19:00:00+00:00,/identity,1,229.0,263.40735714285705,RF,20260910T174657Z,2026-08-02 18:00:00+00:00
2026-08-03 00:00:00+00:00,/identity,6,250.0,207.24368849206348,RF,20260910T174657Z,2026-08-02 18:00:00+00:00
2026-08-03 06:00:00+00:00,/identity,12,263.0,275.42978174603184,RF,20260910T174657Z,2026-08-02 18:00:00+00:00
2026-08-02 20:00:00+00:00,/identity,1,242.0,218.75855357142848,RF,20260910T174657Z,2026-08-02 19:00:00+00:00
2026-08-03 01:00:00+00:00,/identity,6,230.0,221.13433333333333,RF,20260910T174657Z,2026-08-02 19:00:00+00:00
2026-08-03 07:00:00+00:00,/identity,12,273.0,284.6929642857144,RF,20260910T174657Z,2026-08-02 19:00:00+00:00
2026-08-02 21:00:00+00:00,/identity,1,241.0,243.6359543650793,RF,20260910T174657Z,2026-08-02 20:00:00+00:00
2026-08-03 02:00:00+00:00,/identity,6,213.0,216.60828571428567,RF,20260910T174657Z,2026-08-02 20:00:00+00:00
2026-08-03 08:00:00+00:00,/identity,12,298.0,291.74751587301597,RF,20260910T174657Z,2026-08-02 20:00:00+00:00
2026-08-02 22:00:00+00:00,/identity,1,194.0,235.28955357142863,RF,20260910T174657Z,2026-08-02 21:00:00+00:00
2026-08-03 03:00:00+00:00,/identity,6,204.0,220.210869047619,RF,20260910T174657Z,2026-08-02 21:00:00+00:00
2026-08-03 09:00:00+00:00,/identity,12,381.0,316.4813849206349,RF,20260910T174657Z,2026-08-02 21:00:00+00:00
2026-08-02 23:00:00+00:00,/identity,1,170.0,201.91199206349208,RF,20260910T174657Z,2026-08-02 22:00:00+00:00
2026-08-03 04:00:00+00:00,/identity,6,239.0,222.79862301587295,RF,20260910T174657Z,2026-08-02 22:00:00+00:00
2026-08-03 10:00:00+00:00,/identity,12,355.0,341.74305753968247,RF,20260910T174657Z,2026-08-02 22:00:00+00:00
2026-08-03 00:00:00+00:00,/identity,1,250.0,194.53572619047617,RF,20260910T174657Z,2026-08-02 23:00:00+00:00
2026-08-03 05:00:00+00:00,/identity,6,313.0,234.41582142857146,RF,20260910T174657Z,2026-08-02 23:00:00+00:00
2026-08-03 11:00:00+00:00,/identity,12,377.0,360.40108134920644,RF,20260910T174657Z,2026-08-02 23:00:00+00:00
2026-08-03 01:00:00+00:00,/identity,1,230.0,221.73797023809533,RF,20260910T174657Z,2026-08-03 00:00:00+00:00
2026-08-03 06:00:00+00:00,/identity,6,263.0,263.9927976190477,RF,20260910T174657Z,2026-08-03 00:00:00+00:00
2026-08-03 12:00:00+00:00,/identity,12,343.0,378.3634107142857,RF,20260910T174657Z,2026-08-03 00:00:00+00:00
2026-08-03 02:00:00+00:00,/identity,1,213.0,218.4616984126984,RF,20260910T174657Z,2026-08-03 01:00:00+00:00
2026-08-03 07:00:00+00:00,/identity,6,273.0,285.56435714285726,RF,20260910T174657Z,2026-08-03 01:00:00+00:00
2026-08-03 13:00:00+00:00,/identity,12,398.0,403.5128095238095,RF,20260910T174657Z,2026-08-03 01:00:00+00:00
2026-08-03 03:00:00+00:00,/identity,1,204.0,218.7701408730159,RF,20260910T174657Z,2026-08-03 02:00:00+00:00
2026-08-03 08:00:00+00:00,/identity,6,298.0,291.3231706349207,RF,20260910T174657Z,2026-08-03 02:00:00+00:00
2026-08-03 14:00:00+00:00,/identity,12,357.0,416.5560416666667,RF,20260910T174657Z,2026-08-03 02:00:00+00:00
2026-08-03 04:00:00+00:00,/identity,1,239.0,222.3638789682539,RF,20260910T174657Z,2026-08-03 03:00:00+00:00
2026-08-03 09:00:00+00:00,/identity,6,381.0,307.45872222222215,RF,20260910T174657Z,2026-08-03 03:00:00+00:00
2026-08-03 15:00:00+00:00,/identity,12,390.0,415.52309523809527,RF,20260910T174657Z,2026-08-03 03:00:00+00:00
2026-08-03 05:00:00+00:00,/identity,1,313.0,242.04894642857158,RF,20260910T174657Z,2026-08-03 04:00:00+00:00
2026-08-03 10:00:00+00:00,/identity,6,355.0,339.8894027777778,RF,20260910T174657Z,2026-08-03 04:00:00+00:00
2026-08-03 16:00:00+00:00,/identity,12,435.0,395.7325972222223,RF,20260910T174657Z,2026-08-03 04:00:00+00:00
2026-08-03 06:00:00+00:00,/identity,1,263.0,291.65375000000006,RF,20260910T174657Z,2026-08-03 05:00:00+00:00
2026-08-03 11:00:00+00:00,/identity,6,377.0,386.24660912698397,RF,20260910T174657Z,2026-08-03 05:00:00+00:00
2026-08-03 17:00:00+00:00,/identity,12,352.0,383.21478769841275,RF,20260910T174657Z,2026-08-03 05:00:00+00:00
2026-08-03 07:00:00+00:00,/identity,1,273.0,285.55117063492077,RF,20260910T174657Z,2026-08-03 06:00:00+00:00
2026-08-03 12:00:00+00:00,/identity,6,343.0,398.12592261904757,RF,20260910T174657Z,2026-08-03 06:00:00+00:00
2026-08-03 18:00:00+00:00,/identity,12,382.0,374.841744047619,RF,20260910T174657Z,2026-08-03 06:00:00+00:00
2026-08-03 08:00:00+00:00,/identity,1,298.0,312.5117996031746,RF,20260910T174657Z,2026-08-03 07:00:00+00:00
2026-08-03 13:00:00+00:00,/identity,6,398.0,412.7310119047619,RF,20260910T174657Z,2026-08-03 07:00:00+00:00
2026-08-03 19:00:00+00:00,/identity,12,353.0,322.8091726190477,RF,20260910T174657Z,2026-08-03 07:00:00+00:00
2026-08-03 09:00:00+00:00,/identity,1,381.0,316.35951984126984,RF,20260910T174657Z,2026-08-03 08:00:00+00:00
2026-08-03 14:00:00+00:00,/identity,6,357.0,418.55077976190483,RF,20260910T174657Z,2026-08-03 08:00:00+00:00
2026-08-03 20:00:00+00:00,/identity,12,277.0,314.51642063492073,RF,20260910T174657Z,2026-08-03 08:00:00+00:00
2026-08-03 10:00:00+00:00,/identity,1,355.0,362.787,RF,20260910T174657Z,2026-08-03 09:00:00+00:00
2026-08-03 15:00:00+00:00,/identity,6,390.0,383.3927579365081,RF,20260910T174657Z,2026-08-03 09:00:00+00:00
2026-08-03 21:00:00+00:00,/identity,12,272.0,291.48141666666675,RF,20260910T174657Z,2026-08-03 09:00:00+00:00
2026-08-03 11:00:00+00:00,/identity,1,377.0,376.5544761904761,RF,20260910T174657Z,2026-08-03 10:00:00+00:00
2026-08-03 16:00:00+00:00,/identity,6,435.0,390.3915317460319,RF,20260910T174657Z,2026-08-03 10:00:00+00:00
2026-08-03 22:00:00+00:00,/identity,12,269.0,282.4761845238095,RF,20260910T174657Z,2026-08-03 10:00:00+00:00
2026-08-03 12:00:00+00:00,/identity,1,343.0,412.37564285714296,RF,20260910T174657Z,2026-08-03 11:00:00+00:00
2026-08-03 17:00:00+00:00,/identity,6,352.0,382.30903769841274,RF,20260910T174657Z,2026-08-03 11:00:00+00:00
2026-08-03 23:00:00+00:00,/identity,12,285.0,265.50919642857133,RF,20260910T174657Z,2026-08-03 11:00:00+00:00
2026-08-03 13:00:00+00:00,/identity,1,398.0,384.59103373015853,RF,20260910T174657Z,2026-08-03 12:00:00+00:00
2026-08-03 18:00:00+00:00,/identity,6,382.0,388.0559047619047,RF,20260910T174657Z,2026-08-03 12:00:00+00:00
2026-08-04 00:00:00+00:00,/identity,12,223.0,232.33229761904752,RF,20260910T174657Z,2026-08-03 12:00:00+00:00
2026-08-03 14:00:00+00:00,/identity,1,357.0,417.61385714285717,RF,20260910T174657Z,2026-08-03 13:00:00+00:00
2026-08-03 19:00:00+00:00,/identity,6,353.0,323.7492916666667,RF,20260910T174657Z,2026-08-03 13:00:00+00:00
2026-08-04 01:00:00+00:00,/identity,12,263.0,217.81413690476188,RF,20260910T174657Z,2026-08-03 13:00:00+00:00
2026-08-03 15:00:00+00:00,/identity,1,390.0,378.4519583333331,RF,20260910T174657Z,2026-08-03 14:00:00+00:00
2026-08-03 20:00:00+00:00,/identity,6,277.0,315.95408134920643,RF,20260910T174657Z,2026-08-03 14:00:00+00:00
2026-08-04 02:00:00+00:00,/identity,12,248.0,216.75238095238083,RF,20260910T174657Z,2026-08-03 14:00:00+00:00
2026-08-03 16:00:00+00:00,/identity,1,435.0,406.4566369047619,RF,20260910T174657Z,2026-08-03 15:00:00+00:00
2026-08-03 21:00:00+00:00,/identity,6,272.0,301.43794047619053,RF,20260910T174657Z,2026-08-03 15:00:00+00:00
2026-08-04 03:00:00+00:00,/identity,12,188.0,215.29640476190468,RF,20260910T174657Z,2026-08-03 15:00:00+00:00
2026-08-03 17:00:00+00:00,/identity,1,352.0,385.67437499999994,RF,20260910T174657Z,2026-08-03 16:00:00+00:00
2026-08-03 22:00:00+00:00,/identity,6,269.0,287.38024404761904,RF,20260910T174657Z,2026-08-03 16:00:00+00:00
2026-08-04 04:00:00+00:00,/identity,12,210.0,210.79666666666668,RF,20260910T174657Z,2026-08-03 16:00:00+00:00
2026-08-03 18:00:00+00:00,/identity,1,382.0,365.014871031746,RF,20260910T174657Z,2026-08-03 17:00:00+00:00
2026-08-03 23:00:00+00:00,/identity,6,285.0,265.4207797619048,RF,20260910T174657Z,2026-08-03 17:00:00+00:00
2026-08-04 05:00:00+00:00,/identity,12,295.0,247.93687896825404,RF,20260910T174657Z,2026-08-03 17:00:00+00:00
2026-08-01 12:00:00+00:00,/identity,1,247.0,295.0,Persistence,20260910T174657Z,2026-08-01 11:00:00+00:00
2026-08-01 17:00:00+00:00,/identity,6,308.0,295.0,Persistence,20260910T174657Z,2026-08-01 11:00:00+00:00
2026-08-01 23:00:00+00:00,/identity,12,197.0,295.0,Persistence,20260910T174657Z,2026-08-01 11:00:00+00:00
2026-08-01 13:00:00+00:00,/identity,1,300.0,247.0,Persistence,20260910T174657Z,2026-08-01 12:00:00+00:00
2026-08-01 18:00:00+00:00,/identity,6,252.0,247.0,Persistence,20260910T174657Z,2026-08-01 12:00:00+00:00
2026-08-02 00:00:00+00:00,/identity,12,158.0,247.0,Persistence,20260910T174657Z,2026-08-01 12:00:00+00:00
2026-08-01 14:00:00+00:00,/identity,1,307.0,300.0,Persistence,20260910T174657Z,2026-08-01 13:00:00+00:00
2026-08-01 19:00:00+00:00,/identity,6,261.0,300.0,Persistence,20260910T174657Z,2026-08-01 13:00:00+00:00
2026-08-02 01:00:00+00:00,/identity,12,150.0,300.0,Persistence,20260910T174657Z,2026-08-01 13:00:00+00:00
2026-08-01 15:00:00+00:00,/identity,1,286.0,307.0,Persistence,20260910T174657Z,2026-08-01 14:00:00+00:00
2026-08-01 20:00:00+00:00,/identity,6,229.0,307.0,Persistence,20260910T174657Z,2026-08-01 14:00:00+00:00
2026-08-02 02:00:00+00:00,/identity,12,187.0,307.0,Persistence,20260910T174657Z,2026-08-01 14:00:00+00:00
2026-08-01 16:00:00+00:00,/identity,1,291.0,286.0,Persistence,20260910T174657Z,2026-08-01 15:00:00+00:00
2026-08-01 21:00:00+00:00,/identity,6,242.0,286.0,Persistence,20260910T174657Z,2026-08-01 15:00:00+00:00
2026-08-02 03:00:00+00:00,/identity,12,158.0,286.0,Persistence,20260910T174657Z,2026-08-01 15:00:00+00:00
2026-08-01 17:00:00+00:00,/identity,1,308.0,291.0,Persistence,20260910T174657Z,2026-08-01 16:00:00+00:00
2026-08-01 22:00:00+00:00,/identity,6,188.0,291.0,Persistence,20260910T174657Z,2026-08-01 16:00:00+00:00
2026-08-02 04:00:00+00:00,/identity,12,181.0,291.0,Persistence,20260910T174657Z,2026-08-01 16:00:00+00:00
2026-08-01 18:00:00+00:00,/identity,1,252.0,308.0,Persistence,20260910T174657Z,2026-08-01 17:00:00+00:00
2026-08-01 23:00:00+00:00,/identity,6,197.0,308.0,Persistence,20260910T174657Z,2026-08-01 17:00:00+00:00
2026-08-02 05:00:00+00:00,/identity,12,169.0,308.0,Persistence,20260910T174657Z,2026-08-01 17:00:00+00:00
2026-08-01 19:00:00+00:00,/identity,1,261.0,252.0,Persistence,20260910T174657Z,2026-08-01 18:00:00+00:00
2026-08-02 00:00:00+00:00,/identity,6,158.0,252.0,Persistence,20260910T174657Z,2026-08-01 18:00:00+00:00
2026-08-02 06:00:00+00:00,/identity,12,202.0,252.0,Persistence,20260910T174657Z,2026-08-01 18:00:00+00:00
2026-08-01 20:00:00+00:00,/identity,1,229.0,261.0,Persistence,20260910T174657Z,2026-08-01 19:00:00+00:00
2026-08-02 01:00:00+00:00,/identity,6,150.0,261.0,Persistence,20260910T174657Z,2026-08-01 19:00:00+00:00
2026-08-02 07:00:00+00:00,/identity,12,203.0,261.0,Persistence,20260910T174657Z,2026-08-01 19:00:00+00:00
2026-08-01 21:00:00+00:00,/identity,1,242.0,229.0,Persistence,20260910T174657Z,2026-08-01 20:00:00+00:00
2026-08-02 02:00:00+00:00,/identity,6,187.0,229.0,Persistence,20260910T174657Z,2026-08-01 20:00:00+00:00
2026-08-02 08:00:00+00:00,/identity,12,233.0,229.0,Persistence,20260910T174657Z,2026-08-01 20:00:00+00:00
2026-08-01 22:00:00+00:00,/identity,1,188.0,242.0,Persistence,20260910T174657Z,2026-08-01 21:00:00+00:00
2026-08-02 03:00:00+00:00,/identity,6,158.0,242.0,Persistence,20260910T174657Z,2026-08-01 21:00:00+00:00
2026-08-02 09:00:00+00:00,/identity,12,295.0,242.0,Persistence,20260910T174657Z,2026-08-01 21:00:00+00:00
2026-08-01 23:00:00+00:00,/identity,1,197.0,188.0,Persistence,20260910T174657Z,2026-08-01 22:00:00+00:00
2026-08-02 04:00:00+00:00,/identity,6,181.0,188.0,Persistence,20260910T174657Z,2026-08-01 22:00:00+00:00
2026-08-02 10:00:00+00:00,/identity,12,249.0,188.0,Persistence,20260910T174657Z,2026-08-01 22:00:00+00:00
2026-08-02 00:00:00+00:00,/identity,1,158.0,197.0,Persistence,20260910T174657Z,2026-08-01 23:00:00+00:00
2026-08-02 05:00:00+00:00,/identity,6,169.0,197.0,Persistence,20260910T174657Z,2026-08-01 23:00:00+00:00
2026-08-02 11:00:00+00:00,/identity,12,291.0,197.0,Persistence,20260910T174657Z,2026-08-01 23:00:00+00:00
2026-08-02 01:00:00+00:00,/identity,1,150.0,158.0,Persistence,20260910T174657Z,2026-08-02 00:00:00+00:00
2026-08-02 06:00:00+00:00,/identity,6,202.0,158.0,Persistence,20260910T174657Z,2026-08-02 00:00:00+00:00
2026-08-02 12:00:00+00:00,/identity,12,263.0,158.0,Persistence,20260910T174657Z,2026-08-02 00:00:00+00:00
2026-08-02 02:00:00+00:00,/identity,1,187.0,150.0,Persistence,20260910T174657Z,2026-08-02 01:00:00+00:00
2026-08-02 07:00:00+00:00,/identity,6,203.0,150.0,Persistence,20260910T174657Z,2026-08-02 01:00:00+00:00
2026-08-02 13:00:00+00:00,/identity,12,295.0,150.0,Persistence,20260910T174657Z,2026-08-02 01:00:00+00:00
2026-08-02 03:00:00+00:00,/identity,1,158.0,187.0,Persistence,20260910T174657Z,2026-08-02 02:00:00+00:00
2026-08-02 08:00:00+00:00,/identity,6,233.0,187.0,Persistence,20260910T174657Z,2026-08-02 02:00:00+00:00
2026-08-02 14:00:00+00:00,/identity,12,287.0,187.0,Persistence,20260910T174657Z,2026-08-02 02:00:00+00:00
2026-08-02 04:00:00+00:00,/identity,1,181.0,158.0,Persistence,20260910T174657Z,2026-08-02 03:00:00+00:00
2026-08-02 09:00:00+00:00,/identity,6,295.0,158.0,Persistence,20260910T174657Z,2026-08-02 03:00:00+00:00
2026-08-02 15:00:00+00:00,/identity,12,347.0,158.0,Persistence,20260910T174657Z,2026-08-02 03:00:00+00:00
2026-08-02 05:00:00+00:00,/identity,1,169.0,181.0,Persistence,20260910T174657Z,2026-08-02 04:00:00+00:00
2026-08-02 10:00:00+00:00,/identity,6,249.0,181.0,Persistence,20260910T174657Z,2026-08-02 04:00:00+00:00
2026-08-02 16:00:00+00:00,/identity,12,278.0,181.0,Persistence,20260910T174657Z,2026-08-02 04:00:00+00:00
2026-08-02 06:00:00+00:00,/identity,1,202.0,169.0,Persistence,20260910T174657Z,2026-08-02 05:00:00+00:00
2026-08-02 11:00:00+00:00,/identity,6,291.0,169.0,Persistence,20260910T174657Z,2026-08-02 05:00:00+00:00
2026-08-02 17:00:00+00:00,/identity,12,273.0,169.0,Persistence,20260910T174657Z,2026-08-02 05:00:00+00:00
2026-08-02 07:00:00+00:00,/identity,1,203.0,202.0,Persistence,20260910T174657Z,2026-08-02 06:00:00+00:00
2026-08-02 12:00:00+00:00,/identity,6,263.0,202.0,Persistence,20260910T174657Z,2026-08-02 06:00:00+00:00
2026-08-02 18:00:00+00:00,/identity,12,292.0,202.0,Persistence,20260910T174657Z,2026-08-02 06:00:00+00:00
2026-08-02 08:00:00+00:00,/identity,1,233.0,203.0,Persistence,20260910T174657Z,2026-08-02 07:00:00+00:00
2026-08-02 13:00:00+00:00,/identity,6,295.0,203.0,Persistence,20260910T174657Z,2026-08-02 07:00:00+00:00
2026-08-02 19:00:00+00:00,/identity,12,229.0,203.0,Persistence,20260910T174657Z,2026-08-02 07:00:00+00:00
2026-08-02 09:00:00+00:00,/identity,1,295.0,233.0,Persistence,20260910T174657Z,2026-08-02 08:00:00+00:00
2026-08-02 14:00:00+00:00,/identity,6,287.0,233.0,Persistence,20260910T174657Z,2026-08-02 08:00:00+00:00
2026-08-02 20:00:00+00:00,/identity,12,242.0,233.0,Persistence,20260910T174657Z,2026-08-02 08:00:00+00:00
2026-08-02 10:00:00+00:00,/identity,1,249.0,295.0,Persistence,20260910T174657Z,2026-08-02 09:00:00+00:00
2026-08-02 15:00:00+00:00,/identity,6,347.0,295.0,Persistence,20260910T174657Z,2026-08-02 09:00:00+00:00
2026-08-02 21:00:00+00:00,/identity,12,241.0,295.0,Persistence,20260910T174657Z,2026-08-02 09:00:00+00:00
2026-08-02 11:00:00+00:00,/identity,1,291.0,249.0,Persistence,20260910T174657Z,2026-08-02 10:00:00+00:00
2026-08-02 16:00:00+00:00,/identity,6,278.0,249.0,Persistence,20260910T174657Z,2026-08-02 10:00:00+00:00
2026-08-02 22:00:00+00:00,/identity,12,194.0,249.0,Persistence,20260910T174657Z,2026-08-02 10:00:00+00:00
2026-08-02 12:00:00+00:00,/identity,1,263.0,291.0,Persistence,20260910T174657Z,2026-08-02 11:00:00+00:00
2026-08-02 17:00:00+00:00,/identity,6,273.0,291.0,Persistence,20260910T174657Z,2026-08-02 11:00:00+00:00
2026-08-02 23:00:00+00:00,/identity,12,170.0,291.0,Persistence,20260910T174657Z,2026-08-02 11:00:00+00:00
2026-08-02 13:00:00+00:00,/identity,1,295.0,263.0,Persistence,20260910T174657Z,2026-08-02 12:00:00+00:00
2026-08-02 18:00:00+00:00,/identity,6,292.0,263.0,Persistence,20260910T174657Z,2026-08-02 12:00:00+00:00
2026-08-03 00:00:00+00:00,/identity,12,250.0,263.0,Persistence,20260910T174657Z,2026-08-02 12:00:00+00:00
2026-08-02 14:00:00+00:00,/identity,1,287.0,295.0,Persistence,20260910T174657Z,2026-08-02 13:00:00+00:00
2026-08-02 19:00:00+00:00,/identity,6,229.0,295.0,Persistence,20260910T174657Z,2026-08-02 13:00:00+00:00
2026-08-03 01:00:00+00:00,/identity,12,230.0,295.0,Persistence,20260910T174657Z,2026-08-02 13:00:00+00:00
2026-08-02 15:00:00+00:00,/identity,1,347.0,287.0,Persistence,20260910T174657Z,2026-08-02 14:00:00+00:00
2026-08-02 20:00:00+00:00,/identity,6,242.0,287.0,Persistence,20260910T174657Z,2026-08-02 14:00:00+00:00
2026-08-03 02:00:00+00:00,/identity,12,213.0,287.0,Persistence,20260910T174657Z,2026-08-02 14:00:00+00:00
2026-08-02 16:00:00+00:00,/identity,1,278.0,347.0,Persistence,20260910T174657Z,2026-08-02 15:00:00+00:00
2026-08-02 21:00:00+00:00,/identity,6,241.0,347.0,Persistence,20260910T174657Z,2026-08-02 15:00:00+00:00
2026-08-03 03:00:00+00:00,/identity,12,204.0,347.0,Persistence,20260910T174657Z,2026-08-02 15:00:00+00:00
2026-08-02 17:00:00+00:00,/identity,1,273.0,278.0,Persistence,20260910T174657Z,2026-08-02 16:00:00+00:00
2026-08-02 22:00:00+00:00,/identity,6,194.0,278.0,Persistence,20260910T174657Z,2026-08-02 16:00:00+00:00
2026-08-03 04:00:00+00:00,/identity,12,239.0,278.0,Persistence,20260910T174657Z,2026-08-02 16:00:00+00:00
2026-08-02 18:00:00+00:00,/identity,1,292.0,273.0,Persistence,20260910T174657Z,2026-08-02 17:00:00+00:00
2026-08-02 23:00:00+00:00,/identity,6,170.0,273.0,Persistence,20260910T174657Z,2026-08-02 17:00:00+00:00
2026-08-03 05:00:00+00:00,/identity,12,313.0,273.0,Persistence,20260910T174657Z,2026-08-02 17:00:00+00:00
2026-08-02 19:00:00+00:00,/identity,1,229.0,292.0,Persistence,20260910T174657Z,2026-08-02 18:00:00+00:00
2026-08-03 00:00:00+00:00,/identity,6,250.0,292.0,Persistence,20260910T174657Z,2026-08-02 18:00:00+00:00
2026-08-03 06:00:00+00:00,/identity,12,263.0,292.0,Persistence,20260910T174657Z,2026-08-02 18:00:00+00:00
2026-08-02 20:00:00+00:00,/identity,1,242.0,229.0,Persistence,20260910T174657Z,2026-08-02 19:00:00+00:00
2026-08-03 01:00:00+00:00,/identity,6,230.0,229.0,Persistence,20260910T174657Z,2026-08-02 19:00:00+00:00
2026-08-03 07:00:00+00:00,/identity,12,273.0,229.0,Persistence,20260910T174657Z,2026-08-02 19:00:00+00:00
2026-08-02 21:00:00+00:00,/identity,1,241.0,242.0,Persistence,20260910T174657Z,2026-08-02 20:00:00+00:00
2026-08-03 02:00:00+00:00,/identity,6,213.0,242.0,Persistence,20260910T174657Z,2026-08-02 20:00:00+00:00
2026-08-03 08:00:00+00:00,/identity,12,298.0,242.0,Persistence,20260910T174657Z,2026-08-02 20:00:00+00:00
2026-08-02 22:00:00+00:00,/identity,1,194.0,241.0,Persistence,20260910T174657Z,2026-08-02 21:00:00+00:00
2026-08-03 03:00:00+00:00,/identity,6,204.0,241.0,Persistence,20260910T174657Z,2026-08-02 21:00:00+00:00
2026-08-03 09:00:00+00:00,/identity,12,381.0,241.0,Persistence,20260910T174657Z,2026-08-02 21:00:00+00:00
2026-08-02 23:00:00+00:00,/identity,1,170.0,194.0,Persistence,20260910T174657Z,2026-08-02 22:00:00+00:00
2026-08-03 04:00:00+00:00,/identity,6,239.0,194.0,Persistence,20260910T174657Z,2026-08-02 22:00:00+00:00
2026-08-03 10:00:00+00:00,/identity,12,355.0,194.0,Persistence,20260910T174657Z,2026-08-02 22:00:00+00:00
2026-08-03 00:00:00+00:00,/identity,1,250.0,170.0,Persistence,20260910T174657Z,2026-08-02 23:00:00+00:00
2026-08-03 05:00:00+00:00,/identity,6,313.0,170.0,Persistence,20260910T174657Z,2026-08-02 23:00:00+00:00
2026-08-03 11:00:00+00:00,/identity,12,377.0,170.0,Persistence,20260910T174657Z,2026-08-02 23:00:00+00:00
2026-08-03 01:00:00+00:00,/identity,1,230.0,250.0,Persistence,20260910T174657Z,2026-08-03 00:00:00+00:00
2026-08-03 06:00:00+00:00,/identity,6,263.0,250.0,Persistence,20260910T174657Z,2026-08-03 00:00:00+00:00
2026-08-03 12:00:00+00:00,/identity,12,343.0,250.0,Persistence,20260910T174657Z,2026-08-03 00:00:00+00:00
2026-08-03 02:00:00+00:00,/identity,1,213.0,230.0,Persistence,20260910T174657Z,2026-08-03 01:00:00+00:00
2026-08-03 07:00:00+00:00,/identity,6,273.0,230.0,Persistence,20260910T174657Z,2026-08-03 01:00:00+00:00
2026-08-03 13:00:00+00:00,/identity,12,398.0,230.0,Persistence,20260910T174657Z,2026-08-03 01:00:00+00:00
2026-08-03 03:00:00+00:00,/identity,1,204.0,213.0,Persistence,20260910T174657Z,2026-08-03 02:00:00+00:00
2026-08-03 08:00:00+00:00,/identity,6,298.0,213.0,Persistence,20260910T174657Z,2026-08-03 02:00:00+00:00
2026-08-03 14:00:00+00:00,/identity,12,357.0,213.0,Persistence,20260910T174657Z,2026-08-03 02:00:00+00:00
2026-08-03 04:00:00+00:00,/identity,1,239.0,204.0,Persistence,20260910T174657Z,2026-08-03 03:00:00+00:00
2026-08-03 09:00:00+00:00,/identity,6,381.0,204.0,Persistence,20260910T174657Z,2026-08-03 03:00:00+00:00
2026-08-03 15:00:00+00:00,/identity,12,390.0,204.0,Persistence,20260910T174657Z,2026-08-03 03:00:00+00:00
2026-08-03 05:00:00+00:00,/identity,1,313.0,239.0,Persistence,20260910T174657Z,2026-08-03 04:00:00+00:00
2026-08-03 10:00:00+00:00,/identity,6,355.0,239.0,Persistence,20260910T174657Z,2026-08-03 04:00:00+00:00
2026-08-03 16:00:00+00:00,/identity,12,435.0,239.0,Persistence,20260910T174657Z,2026-08-03 04:00:00+00:00
2026-08-03 06:00:00+00:00,/identity,1,263.0,313.0,Persistence,20260910T174657Z,2026-08-03 05:00:00+00:00
2026-08-03 11:00:00+00:00,/identity,6,377.0,313.0,Persistence,20260910T174657Z,2026-08-03 05:00:00+00:00
2026-08-03 17:00:00+00:00,/identity,12,352.0,313.0,Persistence,20260910T174657Z,2026-08-03 05:00:00+00:00
2026-08-03 07:00:00+00:00,/identity,1,273.0,263.0,Persistence,20260910T174657Z,2026-08-03 06:00:00+00:00
2026-08-03 12:00:00+00:00,/identity,6,343.0,263.0,Persistence,20260910T174657Z,2026-08-03 06:00:00+00:00
2026-08-03 18:00:00+00:00,/identity,12,382.0,263.0,Persistence,20260910T174657Z,2026-08-03 06:00:00+00:00
2026-08-03 08:00:00+00:00,/identity,1,298.0,273.0,Persistence,20260910T174657Z,2026-08-03 07:00:00+00:00
2026-08-03 13:00:00+00:00,/identity,6,398.0,273.0,Persistence,20260910T174657Z,2026-08-03 07:00:00+00:00
2026-08-03 19:00:00+00:00,/identity,12,353.0,273.0,Persistence,20260910T174657Z,2026-08-03 07:00:00+00:00
2026-08-03 09:00:00+00:00,/identity,1,381.0,298.0,Persistence,20260910T174657Z,2026-08-03 08:00:00+00:00
2026-08-03 14:00:00+00:00,/identity,6,357.0,298.0,Persistence,20260910T174657Z,2026-08-03 08:00:00+00:00
2026-08-03 20:00:00+00:00,/identity,12,277.0,298.0,Persistence,20260910T174657Z,2026-08-03 08:00:00+00:00
2026-08-03 10:00:00+00:00,/identity,1,355.0,381.0,Persistence,20260910T174657Z,2026-08-03 09:00:00+00:00
2026-08-03 15:00:00+00:00,/identity,6,390.0,381.0,Persistence,20260910T174657Z,2026-08-03 09:00:00+00:00
2026-08-03 21:00:00+00:00,/identity,12,272.0,381.0,Persistence,20260910T174657Z,2026-08-03 09:00:00+00:00
2026-08-03 11:00:00+00:00,/identity,1,377.0,355.0,Persistence,20260910T174657Z,2026-08-03 10:00:00+00:00
2026-08-03 16:00:00+00:00,/identity,6,435.0,355.0,Persistence,20260910T174657Z,2026-08-03 10:00:00+00:00
2026-08-03 22:00:00+00:00,/identity,12,269.0,355.0,Persistence,20260910T174657Z,2026-08-03 10:00:00+00:00
2026-08-03 12:00:00+00:00,/identity,1,343.0,377.0,Persistence,20260910T174657Z,2026-08-03 11:00:00+00:00
2026-08-03 17:00:00+00:00,/identity,6,352.0,377.0,Persistence,20260910T174657Z,2026-08-03 11:00:00+00:00
2026-08-03 23:00:00+00:00,/identity,12,285.0,377.0,Persistence,20260910T174657Z,2026-08-03 11:00:00+00:00
2026-08-03 13:00:00+00:00,/identity,1,398.0,343.0,Persistence,20260910T174657Z,2026-08-03 12:00:00+00:00
2026-08-03 18:00:00+00:00,/identity,6,382.0,343.0,Persistence,20260910T174657Z,2026-08-03 12:00:00+00:00
2026-08-04 00:00:00+00:00,/identity,12,223.0,343.0,Persistence,20260910T174657Z,2026-08-03 12:00:00+00:00
2026-08-03 14:00:00+00:00,/identity,1,357.0,398.0,Persistence,20260910T174657Z,2026-08-03 13:00:00+00:00
2026-08-03 19:00:00+00:00,/identity,6,353.0,398.0,Persistence,20260910T174657Z,2026-08-03 13:00:00+00:00
2026-08-04 01:00:00+00:00,/identity,12,263.0,398.0,Persistence,20260910T174657Z,2026-08-03 13:00:00+00:00
2026-08-03 15:00:00+00:00,/identity,1,390.0,357.0,Persistence,20260910T174657Z,2026-08-03 14:00:00+00:00
2026-08-03 20:00:00+00:00,/identity,6,277.0,357.0,Persistence,20260910T174657Z,2026-08-03 14:00:00+00:00
2026-08-04 02:00:00+00:00,/identity,12,248.0,357.0,Persistence,20260910T174657Z,2026-08-03 14:00:00+00:00
2026-08-03 16:00:00+00:00,/identity,1,435.0,390.0,Persistence,20260910T174657Z,2026-08-03 15:00:00+00:00
2026-08-03 21:00:00+00:00,/identity,6,272.0,390.0,Persistence,20260910T174657Z,2026-08-03 15:00:00+00:00
2026-08-04 03:00:00+00:00,/identity,12,188.0,390.0,Persistence,20260910T174657Z,2026-08-03 15:00:00+00:00
2026-08-03 17:00:00+00:00,/identity,1,352.0,435.0,Persistence,20260910T174657Z,2026-08-03 16:00:00+00:00
2026-08-03 22:00:00+00:00,/identity,6,269.0,435.0,Persistence,20260910T174657Z,2026-08-03 16:00:00+00:00
2026-08-04 04:00:00+00:00,/identity,12,210.0,435.0,Persistence,20260910T174657Z,2026-08-03 16:00:00+00:00
2026-08-03 18:00:00+00:00,/identity,1,382.0,352.0,Persistence,20260910T174657Z,2026-08-03 17:00:00+00:00
2026-08-03 23:00:00+00:00,/identity,6,285.0,352.0,Persistence,20260910T174657Z,2026-08-03 17:00:00+00:00
2026-08-04 05:00:00+00:00,/identity,12,295.0,352.0,Persistence,20260910T174657Z,2026-08-03 17:00:00+00:00
2026-08-01 12:00:00+00:00,/identity,1,247.0,370.0,SeasonalNaive,20260910T174657Z,2026-08-01 11:00:00+00:00
2026-08-01 17:00:00+00:00,/identity,6,308.0,376.0,SeasonalNaive,20260910T174657Z,2026-08-01 11:00:00+00:00
2026-08-01 23:00:00+00:00,/identity,12,197.0,297.0,SeasonalNaive,20260910T174657Z,2026-08-01 11:00:00+00:00
2026-08-01 13:00:00+00:00,/identity,1,300.0,386.0,SeasonalNaive,20260910T174657Z,2026-08-01 12:00:00+00:00
2026-08-01 18:00:00+00:00,/identity,6,252.0,362.0,SeasonalNaive,20260910T174657Z,2026-08-01 12:00:00+00:00
2026-08-02 00:00:00+00:00,/identity,12,158.0,137.0,SeasonalNaive,20260910T174657Z,2026-08-01 12:00:00+00:00
2026-08-01 14:00:00+00:00,/identity,1,307.0,418.0,SeasonalNaive,20260910T174657Z,2026-08-01 13:00:00+00:00
2026-08-01 19:00:00+00:00,/identity,6,261.0,293.0,SeasonalNaive,20260910T174657Z,2026-08-01 13:00:00+00:00
2026-08-02 01:00:00+00:00,/identity,12,150.0,180.0,SeasonalNaive,20260910T174657Z,2026-08-01 13:00:00+00:00
2026-08-01 15:00:00+00:00,/identity,1,286.0,404.0,SeasonalNaive,20260910T174657Z,2026-08-01 14:00:00+00:00
2026-08-01 20:00:00+00:00,/identity,6,229.0,283.0,SeasonalNaive,20260910T174657Z,2026-08-01 14:00:00+00:00
2026-08-02 02:00:00+00:00,/identity,12,187.0,125.0,SeasonalNaive,20260910T174657Z,2026-08-01 14:00:00+00:00
2026-08-01 16:00:00+00:00,/identity,1,291.0,404.0,SeasonalNaive,20260910T174657Z,2026-08-01 15:00:00+00:00
2026-08-01 21:00:00+00:00,/identity,6,242.0,296.0,SeasonalNaive,20260910T174657Z,2026-08-01 15:00:00+00:00
2026-08-02 03:00:00+00:00,/identity,12,158.0,172.0,SeasonalNaive,20260910T174657Z,2026-08-01 15:00:00+00:00
2026-08-01 17:00:00+00:00,/identity,1,308.0,376.0,SeasonalNaive,20260910T174657Z,2026-08-01 16:00:00+00:00
2026-08-01 22:00:00+00:00,/identity,6,188.0,239.0,SeasonalNaive,20260910T174657Z,2026-08-01 16:00:00+00:00
2026-08-02 04:00:00+00:00,/identity,12,181.0,199.0,SeasonalNaive,20260910T174657Z,2026-08-01 16:00:00+00:00
2026-08-01 18:00:00+00:00,/identity,1,252.0,362.0,SeasonalNaive,20260910T174657Z,2026-08-01 17:00:00+00:00
2026-08-01 23:00:00+00:00,/identity,6,197.0,297.0,SeasonalNaive,20260910T174657Z,2026-08-01 17:00:00+00:00
2026-08-02 05:00:00+00:00,/identity,12,169.0,242.0,SeasonalNaive,20260910T174657Z,2026-08-01 17:00:00+00:00
2026-08-01 19:00:00+00:00,/identity,1,261.0,293.0,SeasonalNaive,20260910T174657Z,2026-08-01 18:00:00+00:00
2026-08-02 00:00:00+00:00,/identity,6,158.0,137.0,SeasonalNaive,20260910T174657Z,2026-08-01 18:00:00+00:00
2026-08-02 06:00:00+00:00,/identity,12,202.0,225.0,SeasonalNaive,20260910T174657Z,2026-08-01 18:00:00+00:00
2026-08-01 20:00:00+00:00,/identity,1,229.0,283.0,SeasonalNaive,20260910T174657Z,2026-08-01 19:00:00+00:00
2026-08-02 01:00:00+00:00,/identity,6,150.0,180.0,SeasonalNaive,20260910T174657Z,2026-08-01 19:00:00+00:00
2026-08-02 07:00:00+00:00,/identity,12,203.0,236.0,SeasonalNaive,20260910T174657Z,2026-08-01 19:00:00+00:00
2026-08-01 21:00:00+00:00,/identity,1,242.0,296.0,SeasonalNaive,20260910T174657Z,2026-08-01 20:00:00+00:00
2026-08-02 02:00:00+00:00,/identity,6,187.0,125.0,SeasonalNaive,20260910T174657Z,2026-08-01 20:00:00+00:00
2026-08-02 08:00:00+00:00,/identity,12,233.0,241.0,SeasonalNaive,20260910T174657Z,2026-08-01 20:00:00+00:00
2026-08-01 22:00:00+00:00,/identity,1,188.0,239.0,SeasonalNaive,20260910T174657Z,2026-08-01 21:00:00+00:00
2026-08-02 03:00:00+00:00,/identity,6,158.0,172.0,SeasonalNaive,20260910T174657Z,2026-08-01 21:00:00+00:00
2026-08-02 09:00:00+00:00,/identity,12,295.0,277.0,SeasonalNaive,20260910T174657Z,2026-08-01 21:00:00+00:00
2026-08-01 23:00:00+00:00,/identity,1,197.0,297.0,SeasonalNaive,20260910T174657Z,2026-08-01 22:00:00+00:00
2026-08-02 04:00:00+00:00,/identity,6,181.0,199.0,SeasonalNaive,20260910T174657Z,2026-08-01 22:00:00+00:00
2026-08-02 10:00:00+00:00,/identity,12,249.0,267.0,SeasonalNaive,20260910T174657Z,2026-08-01 22:00:00+00:00
2026-08-02 00:00:00+00:00,/identity,1,158.0,137.0,SeasonalNaive,20260910T174657Z,2026-08-01 23:00:00+00:00
2026-08-02 05:00:00+00:00,/identity,6,169.0,242.0,SeasonalNaive,20260910T174657Z,2026-08-01 23:00:00+00:00
2026-08-02 11:00:00+00:00,/identity,12,291.0,295.0,SeasonalNaive,20260910T174657Z,2026-08-01 23:00:00+00:00
2026-08-02 01:00:00+00:00,/identity,1,150.0,180.0,SeasonalNaive,20260910T174657Z,2026-08-02 00:00:00+00:00
2026-08-02 06:00:00+00:00,/identity,6,202.0,225.0,SeasonalNaive,20260910T174657Z,2026-08-02 00:00:00+00:00
2026-08-02 12:00:00+00:00,/identity,12,263.0,247.0,SeasonalNaive,20260910T174657Z,2026-08-02 00:00:00+00:00
2026-08-02 02:00:00+00:00,/identity,1,187.0,125.0,SeasonalNaive,20260910T174657Z,2026-08-02 01:00:00+00:00
2026-08-02 07:00:00+00:00,/identity,6,203.0,236.0,SeasonalNaive,20260910T174657Z,2026-08-02 01:00:00+00:00
2026-08-02 13:00:00+00:00,/identity,12,295.0,300.0,SeasonalNaive,20260910T174657Z,2026-08-02 01:00:00+00:00
2026-08-02 03:00:00+00:00,/identity,1,158.0,172.0,SeasonalNaive,20260910T174657Z,2026-08-02 02:00:00+00:00
2026-08-02 08:00:00+00:00,/identity,6,233.0,241.0,SeasonalNaive,20260910T174657Z,2026-08-02 02:00:00+00:00
2026-08-02 14:00:00+00:00,/identity,12,287.0,307.0,SeasonalNaive,20260910T174657Z,2026-08-02 02:00:00+00:00
2026-08-02 04:00:00+00:00,/identity,1,181.0,199.0,SeasonalNaive,20260910T174657Z,2026-08-02 03:00:00+00:00
2026-08-02 09:00:00+00:00,/identity,6,295.0,277.0,SeasonalNaive,20260910T174657Z,2026-08-02 03:00:00+00:00
2026-08-02 15:00:00+00:00,/identity,12,347.0,286.0,SeasonalNaive,20260910T174657Z,2026-08-02 03:00:00+00:00
2026-08-02 05:00:00+00:00,/identity,1,169.0,242.0,SeasonalNaive,20260910T174657Z,2026-08-02 04:00:00+00:00
2026-08-02 10:00:00+00:00,/identity,6,249.0,267.0,SeasonalNaive,20260910T174657Z,2026-08-02 04:00:00+00:00
2026-08-02 16:00:00+00:00,/identity,12,278.0,291.0,SeasonalNaive,20260910T174657Z,2026-08-02 04:00:00+00:00
2026-08-02 06:00:00+00:00,/identity,1,202.0,225.0,SeasonalNaive,20260910T174657Z,2026-08-02 05:00:00+00:00
2026-08-02 11:00:00+00:00,/identity,6,291.0,295.0,SeasonalNaive,20260910T174657Z,2026-08-02 05:00:00+00:00
2026-08-02 17:00:00+00:00,/identity,12,273.0,308.0,SeasonalNaive,20260910T174657Z,2026-08-02 05:00:00+00:00
2026-08-02 07:00:00+00:00,/identity,1,203.0,236.0,SeasonalNaive,20260910T174657Z,2026-08-02 06:00:00+00:00
2026-08-02 12:00:00+00:00,/identity,6,263.0,247.0,SeasonalNaive,20260910T174657Z,2026-08-02 06:00:00+00:00
2026-08-02 18:00:00+00:00,/identity,12,292.0,252.0,SeasonalNaive,20260910T174657Z,2026-08-02 06:00:00+00:00
2026-08-02 08:00:00+00:00,/identity,1,233.0,241.0,SeasonalNaive,20260910T174657Z,2026-08-02 07:00:00+00:00
2026-08-02 13:00:00+00:00,/identity,6,295.0,300.0,SeasonalNaive,20260910T174657Z,2026-08-02 07:00:00+00:00
2026-08-02 19:00:00+00:00,/identity,12,229.0,261.0,SeasonalNaive,20260910T174657Z,2026-08-02 07:00:00+00:00
2026-08-02 09:00:00+00:00,/identity,1,295.0,277.0,SeasonalNaive,20260910T174657Z,2026-08-02 08:00:00+00:00
2026-08-02 14:00:00+00:00,/identity,6,287.0,307.0,SeasonalNaive,20260910T174657Z,2026-08-02 08:00:00+00:00
2026-08-02 20:00:00+00:00,/identity,12,242.0,229.0,SeasonalNaive,20260910T174657Z,2026-08-02 08:00:00+00:00
2026-08-02 10:00:00+00:00,/identity,1,249.0,267.0,SeasonalNaive,20260910T174657Z,2026-08-02 09:00:00+00:00
2026-08-02 15:00:00+00:00,/identity,6,347.0,286.0,SeasonalNaive,20260910T174657Z,2026-08-02 09:00:00+00:00
2026-08-02 21:00:00+00:00,/identity,12,241.0,242.0,SeasonalNaive,20260910T174657Z,2026-08-02 09:00:00+00:00
2026-08-02 11:00:00+00:00,/identity,1,291.0,295.0,SeasonalNaive,20260910T174657Z,2026-08-02 10:00:00+00:00
2026-08-02 16:00:00+00:00,/identity,6,278.0,291.0,SeasonalNaive,20260910T174657Z,2026-08-02 10:00:00+00:00
2026-08-02 22:00:00+00:00,/identity,12,194.0,188.0,SeasonalNaive,20260910T174657Z,2026-08-02 10:00:00+00:00
2026-08-02 12:00:00+00:00,/identity,1,263.0,247.0,SeasonalNaive,20260910T174657Z,2026-08-02 11:00:00+00:00
2026-08-02 17:00:00+00:00,/identity,6,273.0,308.0,SeasonalNaive,20260910T174657Z,2026-08-02 11:00:00+00:00
2026-08-02 23:00:00+00:00,/identity,12,170.0,197.0,SeasonalNaive,20260910T174657Z,2026-08-02 11:00:00+00:00
2026-08-02 13:00:00+00:00,/identity,1,295.0,300.0,SeasonalNaive,20260910T174657Z,2026-08-02 12:00:00+00:00
2026-08-02 18:00:00+00:00,/identity,6,292.0,252.0,SeasonalNaive,20260910T174657Z,2026-08-02 12:00:00+00:00
2026-08-03 00:00:00+00:00,/identity,12,250.0,158.0,SeasonalNaive,20260910T174657Z,2026-08-02 12:00:00+00:00
2026-08-02 14:00:00+00:00,/identity,1,287.0,307.0,SeasonalNaive,20260910T174657Z,2026-08-02 13:00:00+00:00
2026-08-02 19:00:00+00:00,/identity,6,229.0,261.0,SeasonalNaive,20260910T174657Z,2026-08-02 13:00:00+00:00
2026-08-03 01:00:00+00:00,/identity,12,230.0,150.0,SeasonalNaive,20260910T174657Z,2026-08-02 13:00:00+00:00
2026-08-02 15:00:00+00:00,/identity,1,347.0,286.0,SeasonalNaive,20260910T174657Z,2026-08-02 14:00:00+00:00
2026-08-02 20:00:00+00:00,/identity,6,242.0,229.0,SeasonalNaive,20260910T174657Z,2026-08-02 14:00:00+00:00
2026-08-03 02:00:00+00:00,/identity,12,213.0,187.0,SeasonalNaive,20260910T174657Z,2026-08-02 14:00:00+00:00
2026-08-02 16:00:00+00:00,/identity,1,278.0,291.0,SeasonalNaive,20260910T174657Z,2026-08-02 15:00:00+00:00
2026-08-02 21:00:00+00:00,/identity,6,241.0,242.0,SeasonalNaive,20260910T174657Z,2026-08-02 15:00:00+00:00
2026-08-03 03:00:00+00:00,/identity,12,204.0,158.0,SeasonalNaive,20260910T174657Z,2026-08-02 15:00:00+00:00
2026-08-02 17:00:00+00:00,/identity,1,273.0,308.0,SeasonalNaive,20260910T174657Z,2026-08-02 16:00:00+00:00
2026-08-02 22:00:00+00:00,/identity,6,194.0,188.0,SeasonalNaive,20260910T174657Z,2026-08-02 16:00:00+00:00
2026-08-03 04:00:00+00:00,/identity,12,239.0,181.0,SeasonalNaive,20260910T174657Z,2026-08-02 16:00:00+00:00
2026-08-02 18:00:00+00:00,/identity,1,292.0,252.0,SeasonalNaive,20260910T174657Z,2026-08-02 17:00:00+00:00
2026-08-02 23:00:00+00:00,/identity,6,170.0,197.0,SeasonalNaive,20260910T174657Z,2026-08-02 17:00:00+00:00
2026-08-03 05:00:00+00:00,/identity,12,313.0,169.0,SeasonalNaive,20260910T174657Z,2026-08-02 17:00:00+00:00
2026-08-02 19:00:00+00:00,/identity,1,229.0,261.0,SeasonalNaive,20260910T174657Z,2026-08-02 18:00:00+00:00
2026-08-03 00:00:00+00:00,/identity,6,250.0,158.0,SeasonalNaive,20260910T174657Z,2026-08-02 18:00:00+00:00
2026-08-03 06:00:00+00:00,/identity,12,263.0,202.0,SeasonalNaive,20260910T174657Z,2026-08-02 18:00:00+00:00
2026-08-02 20:00:00+00:00,/identity,1,242.0,229.0,SeasonalNaive,20260910T174657Z,2026-08-02 19:00:00+00:00
2026-08-03 01:00:00+00:00,/identity,6,230.0,150.0,SeasonalNaive,20260910T174657Z,2026-08-02 19:00:00+00:00
2026-08-03 07:00:00+00:00,/identity,12,273.0,203.0,SeasonalNaive,20260910T174657Z,2026-08-02 19:00:00+00:00
2026-08-02 21:00:00+00:00,/identity,1,241.0,242.0,SeasonalNaive,20260910T174657Z,2026-08-02 20:00:00+00:00
2026-08-03 02:00:00+00:00,/identity,6,213.0,187.0,SeasonalNaive,20260910T174657Z,2026-08-02 20:00:00+00:00
2026-08-03 08:00:00+00:00,/identity,12,298.0,233.0,SeasonalNaive,20260910T174657Z,2026-08-02 20:00:00+00:00
2026-08-02 22:00:00+00:00,/identity,1,194.0,188.0,SeasonalNaive,20260910T174657Z,2026-08-02 21:00:00+00:00
2026-08-03 03:00:00+00:00,/identity,6,204.0,158.0,SeasonalNaive,20260910T174657Z,2026-08-02 21:00:00+00:00
2026-08-03 09:00:00+00:00,/identity,12,381.0,295.0,SeasonalNaive,20260910T174657Z,2026-08-02 21:00:00+00:00
2026-08-02 23:00:00+00:00,/identity,1,170.0,197.0,SeasonalNaive,20260910T174657Z,2026-08-02 22:00:00+00:00
2026-08-03 04:00:00+00:00,/identity,6,239.0,181.0,SeasonalNaive,20260910T174657Z,2026-08-02 22:00:00+00:00
2026-08-03 10:00:00+00:00,/identity,12,355.0,249.0,SeasonalNaive,20260910T174657Z,2026-08-02 22:00:00+00:00
2026-08-03 00:00:00+00:00,/identity,1,250.0,158.0,SeasonalNaive,20260910T174657Z,2026-08-02 23:00:00+00:00
2026-08-03 05:00:00+00:00,/identity,6,313.0,169.0,SeasonalNaive,20260910T174657Z,2026-08-02 23:00:00+00:00
2026-08-03 11:00:00+00:00,/identity,12,377.0,291.0,SeasonalNaive,20260910T174657Z,2026-08-02 23:00:00+00:00
2026-08-03 01:00:00+00:00,/identity,1,230.0,150.0,SeasonalNaive,20260910T174657Z,2026-08-03 00:00:00+00:00
2026-08-03 06:00:00+00:00,/identity,6,263.0,202.0,SeasonalNaive,20260910T174657Z,2026-08-03 00:00:00+00:00
2026-08-03 12:00:00+00:00,/identity,12,343.0,263.0,SeasonalNaive,20260910T174657Z,2026-08-03 00:00:00+00:00
2026-08-03 02:00:00+00:00,/identity,1,213.0,187.0,SeasonalNaive,20260910T174657Z,2026-08-03 01:00:00+00:00
2026-08-03 07:00:00+00:00,/identity,6,273.0,203.0,SeasonalNaive,20260910T174657Z,2026-08-03 01:00:00+00:00
2026-08-03 13:00:00+00:00,/identity,12,398.0,295.0,SeasonalNaive,20260910T174657Z,2026-08-03 01:00:00+00:00
2026-08-03 03:00:00+00:00,/identity,1,204.0,158.0,SeasonalNaive,20260910T174657Z,2026-08-03 02:00:00+00:00
2026-08-03 08:00:00+00:00,/identity,6,298.0,233.0,SeasonalNaive,20260910T174657Z,2026-08-03 02:00:00+00:00
2026-08-03 14:00:00+00:00,/identity,12,357.0,287.0,SeasonalNaive,20260910T174657Z,2026-08-03 02:00:00+00:00
2026-08-03 04:00:00+00:00,/identity,1,239.0,181.0,SeasonalNaive,20260910T174657Z,2026-08-03 03:00:00+00:00
2026-08-03 09:00:00+00:00,/identity,6,381.0,295.0,SeasonalNaive,20260910T174657Z,2026-08-03 03:00:00+00:00
2026-08-03 15:00:00+00:00,/identity,12,390.0,347.0,SeasonalNaive,20260910T174657Z,2026-08-03 03:00:00+00:00
2026-08-03 05:00:00+00:00,/identity,1,313.0,169.0,SeasonalNaive,20260910T174657Z,2026-08-03 04:00:00+00:00
2026-08-03 10:00:00+00:00,/identity,6,355.0,249.0,SeasonalNaive,20260910T174657Z,2026-08-03 04:00:00+00:00
2026-08-03 16:00:00+00:00,/identity,12,435.0,278.0,SeasonalNaive,20260910T174657Z,2026-08-03 04:00:00+00:00
2026-08-03 06:00:00+00:00,/identity,1,263.0,202.0,SeasonalNaive,20260910T174657Z,2026-08-03 05:00:00+00:00
2026-08-03 11:00:00+00:00,/identity,6,377.0,291.0,SeasonalNaive,20260910T174657Z,2026-08-03 05:00:00+00:00
2026-08-03 17:00:00+00:00,/identity,12,352.0,273.0,SeasonalNaive,20260910T174657Z,2026-08-03 05:00:00+00:00
2026-08-03 07:00:00+00:00,/identity,1,273.0,203.0,SeasonalNaive,20260910T174657Z,2026-08-03 06:00:00+00:00
2026-08-03 12:00:00+00:00,/identity,6,343.0,263.0,SeasonalNaive,20260910T174657Z,2026-08-03 06:00:00+00:00
2026-08-03 18:00:00+00:00,/identity,12,382.0,292.0,SeasonalNaive,20260910T174657Z,2026-08-03 06:00:00+00:00
2026-08-03 08:00:00+00:00,/identity,1,298.0,233.0,SeasonalNaive,20260910T174657Z,2026-08-03 07:00:00+00:00
2026-08-03 13:00:00+00:00,/identity,6,398.0,295.0,SeasonalNaive,20260910T174657Z,2026-08-03 07:00:00+00:00
2026-08-03 19:00:00+00:00,/identity,12,353.0,229.0,SeasonalNaive,20260910T174657Z,2026-08-03 07:00:00+00:00
2026-08-03 09:00:00+00:00,/identity,1,381.0,295.0,SeasonalNaive,20260910T174657Z,2026-08-03 08:00:00+00:00
2026-08-03 14:00:00+00:00,/identity,6,357.0,287.0,SeasonalNaive,20260910T174657Z,2026-08-03 08:00:00+00:00
2026-08-03 20:00:00+00:00,/identity,12,277.0,242.0,SeasonalNaive,20260910T174657Z,2026-08-03 08:00:00+00:00
2026-08-03 10:00:00+00:00,/identity,1,355.0,249.0,SeasonalNaive,20260910T174657Z,2026-08-03 09:00:00+00:00
2026-08-03 15:00:00+00:00,/identity,6,390.0,347.0,SeasonalNaive,20260910T174657Z,2026-08-03 09:00:00+00:00
2026-08-03 21:00:00+00:00,/identity,12,272.0,241.0,SeasonalNaive,20260910T174657Z,2026-08-03 09:00:00+00:00
2026-08-03 11:00:00+00:00,/identity,1,377.0,291.0,SeasonalNaive,20260910T174657Z,2026-08-03 10:00:00+00:00
2026-08-03 16:00:00+00:00,/identity,6,435.0,278.0,SeasonalNaive,20260910T174657Z,2026-08-03 10:00:00+00:00
2026-08-03 22:00:00+00:00,/identity,12,269.0,194.0,SeasonalNaive,20260910T174657Z,2026-08-03 10:00:00+00:00
2026-08-03 12:00:00+00:00,/identity,1,343.0,263.0,SeasonalNaive,20260910T174657Z,2026-08-03 11:00:00+00:00
2026-08-03 17:00:00+00:00,/identity,6,352.0,273.0,SeasonalNaive,20260910T174657Z,2026-08-03 11:00:00+00:00
2026-08-03 23:00:00+00:00,/identity,12,285.0,170.0,SeasonalNaive,20260910T174657Z,2026-08-03 11:00:00+00:00
2026-08-03 13:00:00+00:00,/identity,1,398.0,295.0,SeasonalNaive,20260910T174657Z,2026-08-03 12:00:00+00:00
2026-08-03 18:00:00+00:00,/identity,6,382.0,292.0,SeasonalNaive,20260910T174657Z,2026-08-03 12:00:00+00:00
2026-08-04 00:00:00+00:00,/identity,12,223.0,250.0,SeasonalNaive,20260910T174657Z,2026-08-03 12:00:00+00:00
2026-08-03 14:00:00+00:00,/identity,1,357.0,287.0,SeasonalNaive,20260910T174657Z,2026-08-03 13:00:00+00:00
2026-08-03 19:00:00+00:00,/identity,6,353.0,229.0,SeasonalNaive,20260910T174657Z,2026-08-03 13:00:00+00:00
2026-08-04 01:00:00+00:00,/identity,12,263.0,230.0,SeasonalNaive,20260910T174657Z,2026-08-03 13:00:00+00:00
2026-08-03 15:00:00+00:00,/identity,1,390.0,347.0,SeasonalNaive,20260910T174657Z,2026-08-03 14:00:00+00:00
2026-08-03 20:00:00+00:00,/identity,6,277.0,242.0,SeasonalNaive,20260910T174657Z,2026-08-03 14:00:00+00:00
2026-08-04 02:00:00+00:00,/identity,12,248.0,213.0,SeasonalNaive,20260910T174657Z,2026-08-03 14:00:00+00:00
2026-08-03 16:00:00+00:00,/identity,1,435.0,278.0,SeasonalNaive,20260910T174657Z,2026-08-03 15:00:00+00:00
2026-08-03 21:00:00+00:00,/identity,6,272.0,241.0,SeasonalNaive,20260910T174657Z,2026-08-03 15:00:00+00:00
2026-08-04 03:00:00+00:00,/identity,12,188.0,204.0,SeasonalNaive,20260910T174657Z,2026-08-03 15:00:00+00:00
2026-08-03 17:00:00+00:00,/identity,1,352.0,273.0,SeasonalNaive,20260910T174657Z,2026-08-03 16:00:00+00:00
2026-08-03 22:00:00+00:00,/identity,6,269.0,194.0,SeasonalNaive,20260910T174657Z,2026-08-03 16:00:00+00:00
2026-08-04 04:00:00+00:00,/identity,12,210.0,239.0,SeasonalNaive,20260910T174657Z,2026-08-03 16:00:00+00:00
2026-08-03 18:00:00+00:00,/identity,1,382.0,292.0,SeasonalNaive,20260910T174657Z,2026-08-03 17:00:00+00:00
2026-08-03 23:00:00+00:00,/identity,6,285.0,170.0,SeasonalNaive,20260910T174657Z,2026-08-03 17:00:00+00:00
2026-08-04 05:00:00+00:00,/identity,12,295.0,313.0,SeasonalNaive,20260910T174657Z,2026-08-03 17:00:00+00:00
2026-08-01 12:00:00+00:00,/inventory,1,384.0,359.67865873015865,RF,20260910T174657Z,2026-08-01 11:00:00+00:00
2026-08-01 17:00:00+00:00,/inventory,6,358.0,340.78951190476187,RF,20260910T174657Z,2026-08-01 11:00:00+00:00
2026-08-01 23:00:00+00:00,/inventory,12,182.0,292.60925198412707,RF,20260910T174657Z,2026-08-01 11:00:00+00:00
2026-08-01 13:00:00+00:00,/inventory,1,367.0,419.5572738095236,RF,20260910T174657Z,2026-08-01 12:00:00+00:00
2026-08-01 18:00:00+00:00,/inventory,6,317.0,481.8276825396827,RF,20260910T174657Z,2026-08-01 12:00:00+00:00
2026-08-02 00:00:00+00:00,/inventory,12,239.0,286.4429226190476,RF,20260910T174657Z,2026-08-01 12:00:00+00:00
2026-08-01 14:00:00+00:00,/inventory,1,383.0,365.7134226190478,RF,20260910T174657Z,2026-08-01 13:00:00+00:00
2026-08-01 19:00:00+00:00,/inventory,6,287.0,323.96333134920644,RF,20260910T174657Z,2026-08-01 13:00:00+00:00
2026-08-02 01:00:00+00:00,/inventory,12,231.0,218.15086093073603,RF,20260910T174657Z,2026-08-01 13:00:00+00:00
2026-08-01 15:00:00+00:00,/inventory,1,381.0,423.7375714285714,RF,20260910T174657Z,2026-08-01 14:00:00+00:00
2026-08-01 20:00:00+00:00,/inventory,6,318.0,407.47396230158733,RF,20260910T174657Z,2026-08-01 14:00:00+00:00
2026-08-02 02:00:00+00:00,/inventory,12,195.0,206.88446031746037,RF,20260910T174657Z,2026-08-01 14:00:00+00:00
2026-08-01 16:00:00+00:00,/inventory,1,335.0,411.12412500000005,RF,20260910T174657Z,2026-08-01 15:00:00+00:00
2026-08-01 21:00:00+00:00,/inventory,6,267.0,387.97439682539675,RF,20260910T174657Z,2026-08-01 15:00:00+00:00
2026-08-02 03:00:00+00:00,/inventory,12,224.0,198.31947005772005,RF,20260910T174657Z,2026-08-01 15:00:00+00:00
2026-08-01 17:00:00+00:00,/inventory,1,358.0,343.65041865079365,RF,20260910T174657Z,2026-08-01 16:00:00+00:00
2026-08-01 22:00:00+00:00,/inventory,6,238.0,290.39341071428566,RF,20260910T174657Z,2026-08-01 16:00:00+00:00
2026-08-02 04:00:00+00:00,/inventory,12,180.0,214.1589543650793,RF,20260910T174657Z,2026-08-01 16:00:00+00:00
2026-08-01 18:00:00+00:00,/inventory,1,317.0,329.87086507936516,RF,20260910T174657Z,2026-08-01 17:00:00+00:00
2026-08-01 23:00:00+00:00,/inventory,6,182.0,291.0309940476191,RF,20260910T174657Z,2026-08-01 17:00:00+00:00
2026-08-02 05:00:00+00:00,/inventory,12,213.0,229.3289523809524,RF,20260910T174657Z,2026-08-01 17:00:00+00:00
2026-08-01 19:00:00+00:00,/inventory,1,287.0,328.15260317460326,RF,20260910T174657Z,2026-08-01 18:00:00+00:00
2026-08-02 00:00:00+00:00,/inventory,6,239.0,254.77259902597402,RF,20260910T174657Z,2026-08-01 18:00:00+00:00
2026-08-02 06:00:00+00:00,/inventory,12,312.0,238.63489682539682,RF,20260910T174657Z,2026-08-01 18:00:00+00:00
2026-08-01 20:00:00+00:00,/inventory,1,318.0,308.8444761904763,RF,20260910T174657Z,2026-08-01 19:00:00+00:00
2026-08-02 01:00:00+00:00,/inventory,6,231.0,222.59993235930742,RF,20260910T174657Z,2026-08-01 19:00:00+00:00
2026-08-02 07:00:00+00:00,/inventory,12,285.0,266.0208968253968,RF,20260910T174657Z,2026-08-01 19:00:00+00:00
2026-08-01 21:00:00+00:00,/inventory,1,267.0,304.7972380952382,RF,20260910T174657Z,2026-08-01 20:00:00+00:00
2026-08-02 02:00:00+00:00,/inventory,6,195.0,216.00054545454546,RF,20260910T174657Z,2026-08-01 20:00:00+00:00
2026-08-02 08:00:00+00:00,/inventory,12,283.0,294.69146825396825,RF,20260910T174657Z,2026-08-01 20:00:00+00:00
2026-08-01 22:00:00+00:00,/inventory,1,238.0,264.5729503968254,RF,20260910T174657Z,2026-08-01 21:00:00+00:00
2026-08-02 03:00:00+00:00,/inventory,6,224.0,221.09174188311684,RF,20260910T174657Z,2026-08-01 21:00:00+00:00
2026-08-02 09:00:00+00:00,/inventory,12,344.0,337.19034722222233,RF,20260910T174657Z,2026-08-01 21:00:00+00:00
2026-08-01 23:00:00+00:00,/inventory,1,182.0,269.0351527777778,RF,20260910T174657Z,2026-08-01 22:00:00+00:00
2026-08-02 04:00:00+00:00,/inventory,6,180.0,233.0398511904761,RF,20260910T174657Z,2026-08-01 22:00:00+00:00
2026-08-02 10:00:00+00:00,/inventory,12,335.0,347.72734722222225,RF,20260910T174657Z,2026-08-01 22:00:00+00:00
2026-08-02 00:00:00+00:00,/inventory,1,239.0,199.4046208513708,RF,20260910T174657Z,2026-08-01 23:00:00+00:00
2026-08-02 05:00:00+00:00,/inventory,6,213.0,246.7500238095239,RF,20260910T174657Z,2026-08-01 23:00:00+00:00
2026-08-02 11:00:00+00:00,/inventory,12,381.0,361.80813293650795,RF,20260910T174657Z,2026-08-01 23:00:00+00:00
2026-08-02 01:00:00+00:00,/inventory,1,231.0,226.49965854978353,RF,20260910T174657Z,2026-08-02 00:00:00+00:00
2026-08-02 06:00:00+00:00,/inventory,6,312.0,257.70536111111124,RF,20260910T174657Z,2026-08-02 00:00:00+00:00
2026-08-02 12:00:00+00:00,/inventory,12,349.0,361.5718392857143,RF,20260910T174657Z,2026-08-02 00:00:00+00:00
2026-08-02 02:00:00+00:00,/inventory,1,195.0,214.89511093073594,RF,20260910T174657Z,2026-08-02 01:00:00+00:00
2026-08-02 07:00:00+00:00,/inventory,6,285.0,285.650623015873,RF,20260910T174657Z,2026-08-02 01:00:00+00:00
2026-08-02 13:00:00+00:00,/inventory,12,402.0,366.39194642857154,RF,20260910T174657Z,2026-08-02 01:00:00+00:00
2026-08-02 03:00:00+00:00,/inventory,1,224.0,208.64765854978356,RF,20260910T174657Z,2026-08-02 02:00:00+00:00
2026-08-02 08:00:00+00:00,/inventory,6,283.0,331.20658531746034,RF,20260910T174657Z,2026-08-02 02:00:00+00:00
2026-08-02 14:00:00+00:00,/inventory,12,399.0,369.1094107142857,RF,20260910T174657Z,2026-08-02 02:00:00+00:00
2026-08-02 04:00:00+00:00,/inventory,1,180.0,237.21151785714284,RF,20260910T174657Z,2026-08-02 03:00:00+00:00
2026-08-02 09:00:00+00:00,/inventory,6,344.0,342.7771746031747,RF,20260910T174657Z,2026-08-02 03:00:00+00:00
2026-08-02 15:00:00+00:00,/inventory,12,308.0,368.09156150793655,RF,20260910T174657Z,2026-08-02 03:00:00+00:00
2026-08-02 05:00:00+00:00,/inventory,1,213.0,231.61539682539689,RF,20260910T174657Z,2026-08-02 04:00:00+00:00
2026-08-02 10:00:00+00:00,/inventory,6,335.0,338.84224007936507,RF,20260910T174657Z,2026-08-02 04:00:00+00:00
2026-08-02 16:00:00+00:00,/inventory,12,350.0,381.6142380952382,RF,20260910T174657Z,2026-08-02 04:00:00+00:00
2026-08-02 06:00:00+00:00,/inventory,1,312.0,250.33681349206364,RF,20260910T174657Z,2026-08-02 05:00:00+00:00
2026-08-02 11:00:00+00:00,/inventory,6,381.0,361.5719365079365,RF,20260910T174657Z,2026-08-02 05:00:00+00:00
2026-08-02 17:00:00+00:00,/inventory,12,414.0,363.54214880952384,RF,20260910T174657Z,2026-08-02 05:00:00+00:00
2026-08-02 07:00:00+00:00,/inventory,1,285.0,332.1752222222224,RF,20260910T174657Z,2026-08-02 06:00:00+00:00
2026-08-02 12:00:00+00:00,/inventory,6,349.0,356.2412976190477,RF,20260910T174657Z,2026-08-02 06:00:00+00:00
2026-08-02 18:00:00+00:00,/inventory,12,310.0,321.171388888889,RF,20260910T174657Z,2026-08-02 06:00:00+00:00
2026-08-02 08:00:00+00:00,/inventory,1,283.0,338.8167460317461,RF,20260910T174657Z,2026-08-02 07:00:00+00:00
2026-08-02 13:00:00+00:00,/inventory,6,402.0,365.37377976190487,RF,20260910T174657Z,2026-08-02 07:00:00+00:00
2026-08-02 19:00:00+00:00,/inventory,12,290.0,314.02636904761914,RF,20260910T174657Z,2026-08-02 07:00:00+00:00
2026-08-02 09:00:00+00:00,/inventory,1,344.0,329.88456150793644,RF,20260910T174657Z,2026-08-02 08:00:00+00:00
2026-08-02 14:00:00+00:00,/inventory,6,399.0,379.98787500000003,RF,20260910T174657Z,2026-08-02 08:00:00+00:00
2026-08-02 20:00:00+00:00,/inventory,12,209.0,320.9202103174604,RF,20260910T174657Z,2026-08-02 08:00:00+00:00
2026-08-02 10:00:00+00:00,/inventory,1,335.0,344.67733531746023,RF,20260910T174657Z,2026-08-02 09:00:00+00:00
2026-08-02 15:00:00+00:00,/inventory,6,308.0,401.3851051587302,RF,20260910T174657Z,2026-08-02 09:00:00+00:00
2026-08-02 21:00:00+00:00,/inventory,12,310.0,297.7792142857143,RF,20260910T174657Z,2026-08-02 09:00:00+00:00
2026-08-02 11:00:00+00:00,/inventory,1,381.0,356.5743055555556,RF,20260910T174657Z,2026-08-02 10:00:00+00:00
2026-08-02 16:00:00+00:00,/inventory,6,350.0,381.25844642857146,RF,20260910T174657Z,2026-08-02 10:00:00+00:00
2026-08-02 22:00:00+00:00,/inventory,12,237.0,279.58351190476196,RF,20260910T174657Z,2026-08-02 10:00:00+00:00
2026-08-02 12:00:00+00:00,/inventory,1,349.0,418.69912301587306,RF,20260910T174657Z,2026-08-02 11:00:00+00:00
2026-08-02 17:00:00+00:00,/inventory,6,414.0,367.93823214285715,RF,20260910T174657Z,2026-08-02 11:00:00+00:00
2026-08-02 23:00:00+00:00,/inventory,12,254.0,274.3796726190477,RF,20260910T174657Z,2026-08-02 11:00:00+00:00
2026-08-02 13:00:00+00:00,/inventory,1,402.0,372.4153739177489,RF,20260910T174657Z,2026-08-02 12:00:00+00:00
2026-08-02 18:00:00+00:00,/inventory,6,310.0,327.7946428571429,RF,20260910T174657Z,2026-08-02 12:00:00+00:00
2026-08-03 00:00:00+00:00,/inventory,12,288.0,296.5810793650794,RF,20260910T174657Z,2026-08-02 12:00:00+00:00
2026-08-02 14:00:00+00:00,/inventory,1,399.0,420.2234682539683,RF,20260910T174657Z,2026-08-02 13:00:00+00:00
2026-08-02 19:00:00+00:00,/inventory,6,290.0,311.64102380952386,RF,20260910T174657Z,2026-08-02 13:00:00+00:00
2026-08-03 01:00:00+00:00,/inventory,12,262.0,294.14021626984135,RF,20260910T174657Z,2026-08-02 13:00:00+00:00
2026-08-02 15:00:00+00:00,/inventory,1,308.0,405.44838492063485,RF,20260910T174657Z,2026-08-02 14:00:00+00:00
2026-08-02 20:00:00+00:00,/inventory,6,209.0,316.93940079365086,RF,20260910T174657Z,2026-08-02 14:00:00+00:00
2026-08-03 02:00:00+00:00,/inventory,12,283.0,295.70890079365086,RF,20260910T174657Z,2026-08-02 14:00:00+00:00
2026-08-02 16:00:00+00:00,/inventory,1,350.0,356.4313075396826,RF,20260910T174657Z,2026-08-02 15:00:00+00:00
2026-08-02 21:00:00+00:00,/inventory,6,310.0,310.5702976190477,RF,20260910T174657Z,2026-08-02 15:00:00+00:00
2026-08-03 03:00:00+00:00,/inventory,12,379.0,314.355263888889,RF,20260910T174657Z,2026-08-02 15:00:00+00:00
2026-08-02 17:00:00+00:00,/inventory,1,414.0,339.62126082251086,RF,20260910T174657Z,2026-08-02 16:00:00+00:00
2026-08-02 22:00:00+00:00,/inventory,6,237.0,287.08608928571437,RF,20260910T174657Z,2026-08-02 16:00:00+00:00
2026-08-03 04:00:00+00:00,/inventory,12,259.0,333.8768293650794,RF,20260910T174657Z,2026-08-02 16:00:00+00:00
2026-08-02 18:00:00+00:00,/inventory,1,310.0,370.7193333333334,RF,20260910T174657Z,2026-08-02 17:00:00+00:00
2026-08-02 23:00:00+00:00,/inventory,6,254.0,273.4875119047619,RF,20260910T174657Z,2026-08-02 17:00:00+00:00
2026-08-03 05:00:00+00:00,/inventory,12,311.0,339.3250615079364,RF,20260910T174657Z,2026-08-02 17:00:00+00:00
2026-08-02 19:00:00+00:00,/inventory,1,290.0,311.8012976190477,RF,20260910T174657Z,2026-08-02 18:00:00+00:00
2026-08-03 00:00:00+00:00,/inventory,6,288.0,304.0876984126985,RF,20260910T174657Z,2026-08-02 18:00:00+00:00
2026-08-03 06:00:00+00:00,/inventory,12,319.0,348.28725,RF,20260910T174657Z,2026-08-02 18:00:00+00:00
2026-08-02 20:00:00+00:00,/inventory,1,209.0,312.48826190476194,RF,20260910T174657Z,2026-08-02 19:00:00+00:00
2026-08-03 01:00:00+00:00,/inventory,6,262.0,303.09188888888895,RF,20260910T174657Z,2026-08-02 19:00:00+00:00
2026-08-03 07:00:00+00:00,/inventory,12,339.0,356.66497023809535,RF,20260910T174657Z,2026-08-02 19:00:00+00:00
2026-08-02 21:00:00+00:00,/inventory,1,310.0,252.47362896825402,RF,20260910T174657Z,2026-08-02 20:00:00+00:00
2026-08-03 02:00:00+00:00,/inventory,6,283.0,307.4816626984128,RF,20260910T174657Z,2026-08-02 20:00:00+00:00
2026-08-03 08:00:00+00:00,/inventory,12,384.0,371.63373214285724,RF,20260910T174657Z,2026-08-02 20:00:00+00:00
2026-08-02 22:00:00+00:00,/inventory,1,237.0,284.26771428571436,RF,20260910T174657Z,2026-08-02 21:00:00+00:00
2026-08-03 03:00:00+00:00,/inventory,6,379.0,307.6664662698414,RF,20260910T174657Z,2026-08-02 21:00:00+00:00
2026-08-03 09:00:00+00:00,/inventory,12,451.0,384.5267698412699,RF,20260910T174657Z,2026-08-02 21:00:00+00:00
2026-08-02 23:00:00+00:00,/inventory,1,254.0,253.3242718253969,RF,20260910T174657Z,2026-08-02 22:00:00+00:00
2026-08-03 04:00:00+00:00,/inventory,6,259.0,337.4710198412699,RF,20260910T174657Z,2026-08-02 22:00:00+00:00
2026-08-03 10:00:00+00:00,/inventory,12,469.0,383.71358531746023,RF,20260910T174657Z,2026-08-02 22:00:00+00:00
2026-08-03 00:00:00+00:00,/inventory,1,288.0,294.61655952380954,RF,20260910T174657Z,2026-08-02 23:00:00+00:00
2026-08-03 05:00:00+00:00,/inventory,6,311.0,338.8313650793651,RF,20260910T174657Z,2026-08-02 23:00:00+00:00
2026-08-03 11:00:00+00:00,/inventory,12,468.0,420.6625813492062,RF,20260910T174657Z,2026-08-02 23:00:00+00:00
2026-08-03 01:00:00+00:00,/inventory,1,262.0,314.16341269841274,RF,20260910T174657Z,2026-08-03 00:00:00+00:00
2026-08-03 06:00:00+00:00,/inventory,6,319.0,351.251119047619,RF,20260910T174657Z,2026-08-03 00:00:00+00:00
2026-08-03 12:00:00+00:00,/inventory,12,489.0,408.45059523809533,RF,20260910T174657Z,2026-08-03 00:00:00+00:00
2026-08-03 02:00:00+00:00,/inventory,1,283.0,320.1434067460317,RF,20260910T174657Z,2026-08-03 01:00:00+00:00
2026-08-03 07:00:00+00:00,/inventory,6,339.0,358.5547261904763,RF,20260910T174657Z,2026-08-03 01:00:00+00:00
2026-08-03 13:00:00+00:00,/inventory,12,587.0,446.0583253968254,RF,20260910T174657Z,2026-08-03 01:00:00+00:00
2026-08-03 03:00:00+00:00,/inventory,1,379.0,328.7941091269842,RF,20260910T174657Z,2026-08-03 02:00:00+00:00
2026-08-03 08:00:00+00:00,/inventory,6,384.0,371.1019523809525,RF,20260910T174657Z,2026-08-03 02:00:00+00:00
2026-08-03 14:00:00+00:00,/inventory,12,480.0,437.70196825396823,RF,20260910T174657Z,2026-08-03 02:00:00+00:00
2026-08-03 04:00:00+00:00,/inventory,1,259.0,340.594275793651,RF,20260910T174657Z,2026-08-03 03:00:00+00:00
2026-08-03 09:00:00+00:00,/inventory,6,451.0,372.55366071428574,RF,20260910T174657Z,2026-08-03 03:00:00+00:00
2026-08-03 15:00:00+00:00,/inventory,12,481.0,437.5824523809525,RF,20260910T174657Z,2026-08-03 03:00:00+00:00
2026-08-03 05:00:00+00:00,/inventory,1,311.0,313.4804583333334,RF,20260910T174657Z,2026-08-03 04:00:00+00:00
2026-08-03 10:00:00+00:00,/inventory,6,469.0,376.21331547619053,RF,20260910T174657Z,2026-08-03 04:00:00+00:00
2026-08-03 16:00:00+00:00,/inventory,12,467.0,413.6869999999999,RF,20260910T174657Z,2026-08-03 04:00:00+00:00
2026-08-03 06:00:00+00:00,/inventory,1,319.0,347.4025833333333,RF,20260910T174657Z,2026-08-03 05:00:00+00:00
2026-08-03 11:00:00+00:00,/inventory,6,468.0,394.40258928571444,RF,20260910T174657Z,2026-08-03 05:00:00+00:00
2026-08-03 17:00:00+00:00,/inventory,12,501.0,448.1399444444445,RF,20260910T174657Z,2026-08-03 05:00:00+00:00
2026-08-03 07:00:00+00:00,/inventory,1,339.0,350.69304166666666,RF,20260910T174657Z,2026-08-03 06:00:00+00:00
2026-08-03 12:00:00+00:00,/inventory,6,489.0,397.13988095238085,RF,20260910T174657Z,2026-08-03 06:00:00+00:00
2026-08-03 18:00:00+00:00,/inventory,12,450.0,412.5217380952381,RF,20260910T174657Z,2026-08-03 06:00:00+00:00
2026-08-03 08:00:00+00:00,/inventory,1,384.0,353.70652976190485,RF,20260910T174657Z,2026-08-03 07:00:00+00:00
2026-08-03 13:00:00+00:00,/inventory,6,587.0,424.89230158730135,RF,20260910T174657Z,2026-08-03 07:00:00+00:00
2026-08-03 19:00:00+00:00,/inventory,12,431.0,411.3969940476191,RF,20260910T174657Z,2026-08-03 07:00:00+00:00
2026-08-03 09:00:00+00:00,/inventory,1,451.0,376.17386904761895,RF,20260910T174657Z,2026-08-03 08:00:00+00:00
2026-08-03 14:00:00+00:00,/inventory,6,480.0,465.67198015873,RF,20260910T174657Z,2026-08-03 08:00:00+00:00
2026-08-03 20:00:00+00:00,/inventory,12,397.0,413.67243452380967,RF,20260910T174657Z,2026-08-03 08:00:00+00:00
2026-08-03 10:00:00+00:00,/inventory,1,469.0,408.18466666666666,RF,20260910T174657Z,2026-08-03 09:00:00+00:00
2026-08-03 15:00:00+00:00,/inventory,6,481.0,454.04410714285723,RF,20260910T174657Z,2026-08-03 09:00:00+00:00
2026-08-03 21:00:00+00:00,/inventory,12,400.0,408.4223988095238,RF,20260910T174657Z,2026-08-03 09:00:00+00:00
2026-08-03 11:00:00+00:00,/inventory,1,468.0,459.02011706349214,RF,20260910T174657Z,2026-08-03 10:00:00+00:00
2026-08-03 16:00:00+00:00,/inventory,6,467.0,450.4255238095238,RF,20260910T174657Z,2026-08-03 10:00:00+00:00
2026-08-03 22:00:00+00:00,/inventory,12,284.0,400.2838511904761,RF,20260910T174657Z,2026-08-03 10:00:00+00:00
2026-08-03 12:00:00+00:00,/inventory,1,489.0,437.5018154761907,RF,20260910T174657Z,2026-08-03 11:00:00+00:00
2026-08-03 17:00:00+00:00,/inventory,6,501.0,478.8377896825397,RF,20260910T174657Z,2026-08-03 11:00:00+00:00
2026-08-03 23:00:00+00:00,/inventory,12,268.0,392.5715238095238,RF,20260910T174657Z,2026-08-03 11:00:00+00:00
2026-08-03 13:00:00+00:00,/inventory,1,587.0,497.6302718253967,RF,20260910T174657Z,2026-08-03 12:00:00+00:00
2026-08-03 18:00:00+00:00,/inventory,6,450.0,442.5265376984127,RF,20260910T174657Z,2026-08-03 12:00:00+00:00
2026-08-04 00:00:00+00:00,/inventory,12,347.0,339.4919642857142,RF,20260910T174657Z,2026-08-03 12:00:00+00:00
2026-08-03 14:00:00+00:00,/inventory,1,480.0,503.49940476190466,RF,20260910T174657Z,2026-08-03 13:00:00+00:00
2026-08-03 19:00:00+00:00,/inventory,6,431.0,429.2549880952381,RF,20260910T174657Z,2026-08-03 13:00:00+00:00
2026-08-04 01:00:00+00:00,/inventory,12,329.0,291.3790595238095,RF,20260910T174657Z,2026-08-03 13:00:00+00:00
2026-08-03 15:00:00+00:00,/inventory,1,481.0,474.7781309523809,RF,20260910T174657Z,2026-08-03 14:00:00+00:00
2026-08-03 20:00:00+00:00,/inventory,6,397.0,408.5202202380953,RF,20260910T174657Z,2026-08-03 14:00:00+00:00
2026-08-04 02:00:00+00:00,/inventory,12,260.0,286.1022738095238,RF,20260910T174657Z,2026-08-03 14:00:00+00:00
2026-08-03 16:00:00+00:00,/inventory,1,467.0,467.6469404761903,RF,20260910T174657Z,2026-08-03 15:00:00+00:00
2026-08-03 21:00:00+00:00,/inventory,6,400.0,403.09848214285705,RF,20260910T174657Z,2026-08-03 15:00:00+00:00
2026-08-04 03:00:00+00:00,/inventory,12,320.0,316.9315357142857,RF,20260910T174657Z,2026-08-03 15:00:00+00:00
2026-08-03 17:00:00+00:00,/inventory,1,501.0,481.1313630952381,RF,20260910T174657Z,2026-08-03 16:00:00+00:00
2026-08-03 22:00:00+00:00,/inventory,6,284.0,400.2762678571428,RF,20260910T174657Z,2026-08-03 16:00:00+00:00
2026-08-04 04:00:00+00:00,/inventory,12,253.0,314.54235714285716,RF,20260910T174657Z,2026-08-03 16:00:00+00:00
2026-08-03 18:00:00+00:00,/inventory,1,450.0,447.69532341269843,RF,20260910T174657Z,2026-08-03 17:00:00+00:00
2026-08-03 23:00:00+00:00,/inventory,6,268.0,383.858613095238,RF,20260910T174657Z,2026-08-03 17:00:00+00:00
2026-08-04 05:00:00+00:00,/inventory,12,356.0,312.77021428571425,RF,20260910T174657Z,2026-08-03 17:00:00+00:00
2026-08-01 12:00:00+00:00,/inventory,1,384.0,326.0,Persistence,20260910T174657Z,2026-08-01 11:00:00+00:00
2026-08-01 17:00:00+00:00,/inventory,6,358.0,326.0,Persistence,20260910T174657Z,2026-08-01 11:00:00+00:00
2026-08-01 23:00:00+00:00,/inventory,12,182.0,326.0,Persistence,20260910T174657Z,2026-08-01 11:00:00+00:00
2026-08-01 13:00:00+00:00,/inventory,1,367.0,384.0,Persistence,20260910T174657Z,2026-08-01 12:00:00+00:00
2026-08-01 18:00:00+00:00,/inventory,6,317.0,384.0,Persistence,20260910T174657Z,2026-08-01 12:00:00+00:00
2026-08-02 00:00:00+00:00,/inventory,12,239.0,384.0,Persistence,20260910T174657Z,2026-08-01 12:00:00+00:00
2026-08-01 14:00:00+00:00,/inventory,1,383.0,367.0,Persistence,20260910T174657Z,2026-08-01 13:00:00+00:00
2026-08-01 19:00:00+00:00,/inventory,6,287.0,367.0,Persistence,20260910T174657Z,2026-08-01 13:00:00+00:00
2026-08-02 01:00:00+00:00,/inventory,12,231.0,367.0,Persistence,20260910T174657Z,2026-08-01 13:00:00+00:00
2026-08-01 15:00:00+00:00,/inventory,1,381.0,383.0,Persistence,20260910T174657Z,2026-08-01 14:00:00+00:00
2026-08-01 20:00:00+00:00,/inventory,6,318.0,383.0,Persistence,20260910T174657Z,2026-08-01 14:00:00+00:00
2026-08-02 02:00:00+00:00,/inventory,12,195.0,383.0,Persistence,20260910T174657Z,2026-08-01 14:00:00+00:00
2026-08-01 16:00:00+00:00,/inventory,1,335.0,381.0,Persistence,20260910T174657Z,2026-08-01 15:00:00+00:00
2026-08-01 21:00:00+00:00,/inventory,6,267.0,381.0,Persistence,20260910T174657Z,2026-08-01 15:00:00+00:00
2026-08-02 03:00:00+00:00,/inventory,12,224.0,381.0,Persistence,20260910T174657Z,2026-08-01 15:00:00+00:00
2026-08-01 17:00:00+00:00,/inventory,1,358.0,335.0,Persistence,20260910T174657Z,2026-08-01 16:00:00+00:00
2026-08-01 22:00:00+00:00,/inventory,6,238.0,335.0,Persistence,20260910T174657Z,2026-08-01 16:00:00+00:00
2026-08-02 04:00:00+00:00,/inventory,12,180.0,335.0,Persistence,20260910T174657Z,2026-08-01 16:00:00+00:00
2026-08-01 18:00:00+00:00,/inventory,1,317.0,358.0,Persistence,20260910T174657Z,2026-08-01 17:00:00+00:00
2026-08-01 23:00:00+00:00,/inventory,6,182.0,358.0,Persistence,20260910T174657Z,2026-08-01 17:00:00+00:00
2026-08-02 05:00:00+00:00,/inventory,12,213.0,358.0,Persistence,20260910T174657Z,2026-08-01 17:00:00+00:00
2026-08-01 19:00:00+00:00,/inventory,1,287.0,317.0,Persistence,20260910T174657Z,2026-08-01 18:00:00+00:00
2026-08-02 00:00:00+00:00,/inventory,6,239.0,317.0,Persistence,20260910T174657Z,2026-08-01 18:00:00+00:00
2026-08-02 06:00:00+00:00,/inventory,12,312.0,317.0,Persistence,20260910T174657Z,2026-08-01 18:00:00+00:00
2026-08-01 20:00:00+00:00,/inventory,1,318.0,287.0,Persistence,20260910T174657Z,2026-08-01 19:00:00+00:00
2026-08-02 01:00:00+00:00,/inventory,6,231.0,287.0,Persistence,20260910T174657Z,2026-08-01 19:00:00+00:00
2026-08-02 07:00:00+00:00,/inventory,12,285.0,287.0,Persistence,20260910T174657Z,2026-08-01 19:00:00+00:00
2026-08-01 21:00:00+00:00,/inventory,1,267.0,318.0,Persistence,20260910T174657Z,2026-08-01 20:00:00+00:00
2026-08-02 02:00:00+00:00,/inventory,6,195.0,318.0,Persistence,20260910T174657Z,2026-08-01 20:00:00+00:00
2026-08-02 08:00:00+00:00,/inventory,12,283.0,318.0,Persistence,20260910T174657Z,2026-08-01 20:00:00+00:00
2026-08-01 22:00:00+00:00,/inventory,1,238.0,267.0,Persistence,20260910T174657Z,2026-08-01 21:00:00+00:00
2026-08-02 03:00:00+00:00,/inventory,6,224.0,267.0,Persistence,20260910T174657Z,2026-08-01 21:00:00+00:00
2026-08-02 09:00:00+00:00,/inventory,12,344.0,267.0,Persistence,20260910T174657Z,2026-08-01 21:00:00+00:00
2026-08-01 23:00:00+00:00,/inventory,1,182.0,238.0,Persistence,20260910T174657Z,2026-08-01 22:00:00+00:00
2026-08-02 04:00:00+00:00,/inventory,6,180.0,238.0,Persistence,20260910T174657Z,2026-08-01 22:00:00+00:00
2026-08-02 10:00:00+00:00,/inventory,12,335.0,238.0,Persistence,20260910T174657Z,2026-08-01 22:00:00+00:00
2026-08-02 00:00:00+00:00,/inventory,1,239.0,182.0,Persistence,20260910T174657Z,2026-08-01 23:00:00+00:00
2026-08-02 05:00:00+00:00,/inventory,6,213.0,182.0,Persistence,20260910T174657Z,2026-08-01 23:00:00+00:00
2026-08-02 11:00:00+00:00,/inventory,12,381.0,182.0,Persistence,20260910T174657Z,2026-08-01 23:00:00+00:00
2026-08-02 01:00:00+00:00,/inventory,1,231.0,239.0,Persistence,20260910T174657Z,2026-08-02 00:00:00+00:00
2026-08-02 06:00:00+00:00,/inventory,6,312.0,239.0,Persistence,20260910T174657Z,2026-08-02 00:00:00+00:00
2026-08-02 12:00:00+00:00,/inventory,12,349.0,239.0,Persistence,20260910T174657Z,2026-08-02 00:00:00+00:00
2026-08-02 02:00:00+00:00,/inventory,1,195.0,231.0,Persistence,20260910T174657Z,2026-08-02 01:00:00+00:00
2026-08-02 07:00:00+00:00,/inventory,6,285.0,231.0,Persistence,20260910T174657Z,2026-08-02 01:00:00+00:00
2026-08-02 13:00:00+00:00,/inventory,12,402.0,231.0,Persistence,20260910T174657Z,2026-08-02 01:00:00+00:00
2026-08-02 03:00:00+00:00,/inventory,1,224.0,195.0,Persistence,20260910T174657Z,2026-08-02 02:00:00+00:00
2026-08-02 08:00:00+00:00,/inventory,6,283.0,195.0,Persistence,20260910T174657Z,2026-08-02 02:00:00+00:00
2026-08-02 14:00:00+00:00,/inventory,12,399.0,195.0,Persistence,20260910T174657Z,2026-08-02 02:00:00+00:00
2026-08-02 04:00:00+00:00,/inventory,1,180.0,224.0,Persistence,20260910T174657Z,2026-08-02 03:00:00+00:00
2026-08-02 09:00:00+00:00,/inventory,6,344.0,224.0,Persistence,20260910T174657Z,2026-08-02 03:00:00+00:00
2026-08-02 15:00:00+00:00,/inventory,12,308.0,224.0,Persistence,20260910T174657Z,2026-08-02 03:00:00+00:00
2026-08-02 05:00:00+00:00,/inventory,1,213.0,180.0,Persistence,20260910T174657Z,2026-08-02 04:00:00+00:00
2026-08-02 10:00:00+00:00,/inventory,6,335.0,180.0,Persistence,20260910T174657Z,2026-08-02 04:00:00+00:00
2026-08-02 16:00:00+00:00,/inventory,12,350.0,180.0,Persistence,20260910T174657Z,2026-08-02 04:00:00+00:00
2026-08-02 06:00:00+00:00,/inventory,1,312.0,213.0,Persistence,20260910T174657Z,2026-08-02 05:00:00+00:00
2026-08-02 11:00:00+00:00,/inventory,6,381.0,213.0,Persistence,20260910T174657Z,2026-08-02 05:00:00+00:00
2026-08-02 17:00:00+00:00,/inventory,12,414.0,213.0,Persistence,20260910T174657Z,2026-08-02 05:00:00+00:00
2026-08-02 07:00:00+00:00,/inventory,1,285.0,312.0,Persistence,20260910T174657Z,2026-08-02 06:00:00+00:00
2026-08-02 12:00:00+00:00,/inventory,6,349.0,312.0,Persistence,20260910T174657Z,2026-08-02 06:00:00+00:00
2026-08-02 18:00:00+00:00,/inventory,12,310.0,312.0,Persistence,20260910T174657Z,2026-08-02 06:00:00+00:00
2026-08-02 08:00:00+00:00,/inventory,1,283.0,285.0,Persistence,20260910T174657Z,2026-08-02 07:00:00+00:00
2026-08-02 13:00:00+00:00,/inventory,6,402.0,285.0,Persistence,20260910T174657Z,2026-08-02 07:00:00+00:00
2026-08-02 19:00:00+00:00,/inventory,12,290.0,285.0,Persistence,20260910T174657Z,2026-08-02 07:00:00+00:00
2026-08-02 09:00:00+00:00,/inventory,1,344.0,283.0,Persistence,20260910T174657Z,2026-08-02 08:00:00+00:00
2026-08-02 14:00:00+00:00,/inventory,6,399.0,283.0,Persistence,20260910T174657Z,2026-08-02 08:00:00+00:00
2026-08-02 20:00:00+00:00,/inventory,12,209.0,283.0,Persistence,20260910T174657Z,2026-08-02 08:00:00+00:00
2026-08-02 10:00:00+00:00,/inventory,1,335.0,344.0,Persistence,20260910T174657Z,2026-08-02 09:00:00+00:00
2026-08-02 15:00:00+00:00,/inventory,6,308.0,344.0,Persistence,20260910T174657Z,2026-08-02 09:00:00+00:00
2026-08-02 21:00:00+00:00,/inventory,12,310.0,344.0,Persistence,20260910T174657Z,2026-08-02 09:00:00+00:00
2026-08-02 11:00:00+00:00,/inventory,1,381.0,335.0,Persistence,20260910T174657Z,2026-08-02 10:00:00+00:00
2026-08-02 16:00:00+00:00,/inventory,6,350.0,335.0,Persistence,20260910T174657Z,2026-08-02 10:00:00+00:00
2026-08-02 22:00:00+00:00,/inventory,12,237.0,335.0,Persistence,20260910T174657Z,2026-08-02 10:00:00+00:00
2026-08-02 12:00:00+00:00,/inventory,1,349.0,381.0,Persistence,20260910T174657Z,2026-08-02 11:00:00+00:00
2026-08-02 17:00:00+00:00,/inventory,6,414.0,381.0,Persistence,20260910T174657Z,2026-08-02 11:00:00+00:00
2026-08-02 23:00:00+00:00,/inventory,12,254.0,381.0,Persistence,20260910T174657Z,2026-08-02 11:00:00+00:00
2026-08-02 13:00:00+00:00,/inventory,1,402.0,349.0,Persistence,20260910T174657Z,2026-08-02 12:00:00+00:00
2026-08-02 18:00:00+00:00,/inventory,6,310.0,349.0,Persistence,20260910T174657Z,2026-08-02 12:00:00+00:00
2026-08-03 00:00:00+00:00,/inventory,12,288.0,349.0,Persistence,20260910T174657Z,2026-08-02 12:00:00+00:00
2026-08-02 14:00:00+00:00,/inventory,1,399.0,402.0,Persistence,20260910T174657Z,2026-08-02 13:00:00+00:00
2026-08-02 19:00:00+00:00,/inventory,6,290.0,402.0,Persistence,20260910T174657Z,2026-08-02 13:00:00+00:00
2026-08-03 01:00:00+00:00,/inventory,12,262.0,402.0,Persistence,20260910T174657Z,2026-08-02 13:00:00+00:00
2026-08-02 15:00:00+00:00,/inventory,1,308.0,399.0,Persistence,20260910T174657Z,2026-08-02 14:00:00+00:00
2026-08-02 20:00:00+00:00,/inventory,6,209.0,399.0,Persistence,20260910T174657Z,2026-08-02 14:00:00+00:00
2026-08-03 02:00:00+00:00,/inventory,12,283.0,399.0,Persistence,20260910T174657Z,2026-08-02 14:00:00+00:00
2026-08-02 16:00:00+00:00,/inventory,1,350.0,308.0,Persistence,20260910T174657Z,2026-08-02 15:00:00+00:00
2026-08-02 21:00:00+00:00,/inventory,6,310.0,308.0,Persistence,20260910T174657Z,2026-08-02 15:00:00+00:00
2026-08-03 03:00:00+00:00,/inventory,12,379.0,308.0,Persistence,20260910T174657Z,2026-08-02 15:00:00+00:00
2026-08-02 17:00:00+00:00,/inventory,1,414.0,350.0,Persistence,20260910T174657Z,2026-08-02 16:00:00+00:00
2026-08-02 22:00:00+00:00,/inventory,6,237.0,350.0,Persistence,20260910T174657Z,2026-08-02 16:00:00+00:00
2026-08-03 04:00:00+00:00,/inventory,12,259.0,350.0,Persistence,20260910T174657Z,2026-08-02 16:00:00+00:00
2026-08-02 18:00:00+00:00,/inventory,1,310.0,414.0,Persistence,20260910T174657Z,2026-08-02 17:00:00+00:00
2026-08-02 23:00:00+00:00,/inventory,6,254.0,414.0,Persistence,20260910T174657Z,2026-08-02 17:00:00+00:00
2026-08-03 05:00:00+00:00,/inventory,12,311.0,414.0,Persistence,20260910T174657Z,2026-08-02 17:00:00+00:00
2026-08-02 19:00:00+00:00,/inventory,1,290.0,310.0,Persistence,20260910T174657Z,2026-08-02 18:00:00+00:00
2026-08-03 00:00:00+00:00,/inventory,6,288.0,310.0,Persistence,20260910T174657Z,2026-08-02 18:00:00+00:00
2026-08-03 06:00:00+00:00,/inventory,12,319.0,310.0,Persistence,20260910T174657Z,2026-08-02 18:00:00+00:00
2026-08-02 20:00:00+00:00,/inventory,1,209.0,290.0,Persistence,20260910T174657Z,2026-08-02 19:00:00+00:00
2026-08-03 01:00:00+00:00,/inventory,6,262.0,290.0,Persistence,20260910T174657Z,2026-08-02 19:00:00+00:00
2026-08-03 07:00:00+00:00,/inventory,12,339.0,290.0,Persistence,20260910T174657Z,2026-08-02 19:00:00+00:00
2026-08-02 21:00:00+00:00,/inventory,1,310.0,209.0,Persistence,20260910T174657Z,2026-08-02 20:00:00+00:00
2026-08-03 02:00:00+00:00,/inventory,6,283.0,209.0,Persistence,20260910T174657Z,2026-08-02 20:00:00+00:00
2026-08-03 08:00:00+00:00,/inventory,12,384.0,209.0,Persistence,20260910T174657Z,2026-08-02 20:00:00+00:00
2026-08-02 22:00:00+00:00,/inventory,1,237.0,310.0,Persistence,20260910T174657Z,2026-08-02 21:00:00+00:00
2026-08-03 03:00:00+00:00,/inventory,6,379.0,310.0,Persistence,20260910T174657Z,2026-08-02 21:00:00+00:00
2026-08-03 09:00:00+00:00,/inventory,12,451.0,310.0,Persistence,20260910T174657Z,2026-08-02 21:00:00+00:00
2026-08-02 23:00:00+00:00,/inventory,1,254.0,237.0,Persistence,20260910T174657Z,2026-08-02 22:00:00+00:00
2026-08-03 04:00:00+00:00,/inventory,6,259.0,237.0,Persistence,20260910T174657Z,2026-08-02 22:00:00+00:00
2026-08-03 10:00:00+00:00,/inventory,12,469.0,237.0,Persistence,20260910T174657Z,2026-08-02 22:00:00+00:00
2026-08-03 00:00:00+00:00,/inventory,1,288.0,254.0,Persistence,20260910T174657Z,2026-08-02 23:00:00+00:00
2026-08-03 05:00:00+00:00,/inventory,6,311.0,254.0,Persistence,20260910T174657Z,2026-08-02 23:00:00+00:00
2026-08-03 11:00:00+00:00,/inventory,12,468.0,254.0,Persistence,20260910T174657Z,2026-08-02 23:00:00+00:00
2026-08-03 01:00:00+00:00,/inventory,1,262.0,288.0,Persistence,20260910T174657Z,2026-08-03 00:00:00+00:00
2026-08-03 06:00:00+00:00,/inventory,6,319.0,288.0,Persistence,20260910T174657Z,2026-08-03 00:00:00+00:00
2026-08-03 12:00:00+00:00,/inventory,12,489.0,288.0,Persistence,20260910T174657Z,2026-08-03 00:00:00+00:00
2026-08-03 02:00:00+00:00,/inventory,1,283.0,262.0,Persistence,20260910T174657Z,2026-08-03 01:00:00+00:00
2026-08-03 07:00:00+00:00,/inventory,6,339.0,262.0,Persistence,20260910T174657Z,2026-08-03 01:00:00+00:00
2026-08-03 13:00:00+00:00,/inventory,12,587.0,262.0,Persistence,20260910T174657Z,2026-08-03 01:00:00+00:00
2026-08-03 03:00:00+00:00,/inventory,1,379.0,283.0,Persistence,20260910T174657Z,2026-08-03 02:00:00+00:00
2026-08-03 08:00:00+00:00,/inventory,6,384.0,283.0,Persistence,20260910T174657Z,2026-08-03 02:00:00+00:00
2026-08-03 14:00:00+00:00,/inventory,12,480.0,283.0,Persistence,20260910T174657Z,2026-08-03 02:00:00+00:00
2026-08-03 04:00:00+00:00,/inventory,1,259.0,379.0,Persistence,20260910T174657Z,2026-08-03 03:00:00+00:00
2026-08-03 09:00:00+00:00,/inventory,6,451.0,379.0,Persistence,20260910T174657Z,2026-08-03 03:00:00+00:00
2026-08-03 15:00:00+00:00,/inventory,12,481.0,379.0,Persistence,20260910T174657Z,2026-08-03 03:00:00+00:00
2026-08-03 05:00:00+00:00,/inventory,1,311.0,259.0,Persistence,20260910T174657Z,2026-08-03 04:00:00+00:00
2026-08-03 10:00:00+00:00,/inventory,6,469.0,259.0,Persistence,20260910T174657Z,2026-08-03 04:00:00+00:00
2026-08-03 16:00:00+00:00,/inventory,12,467.0,259.0,Persistence,20260910T174657Z,2026-08-03 04:00:00+00:00
2026-08-03 06:00:00+00:00,/inventory,1,319.0,311.0,Persistence,20260910T174657Z,2026-08-03 05:00:00+00:00
2026-08-03 11:00:00+00:00,/inventory,6,468.0,311.0,Persistence,20260910T174657Z,2026-08-03 05:00:00+00:00
2026-08-03 17:00:00+00:00,/inventory,12,501.0,311.0,Persistence,20260910T174657Z,2026-08-03 05:00:00+00:00
2026-08-03 07:00:00+00:00,/inventory,1,339.0,319.0,Persistence,20260910T174657Z,2026-08-03 06:00:00+00:00
2026-08-03 12:00:00+00:00,/inventory,6,489.0,319.0,Persistence,20260910T174657Z,2026-08-03 06:00:00+00:00
2026-08-03 18:00:00+00:00,/inventory,12,450.0,319.0,Persistence,20260910T174657Z,2026-08-03 06:00:00+00:00
2026-08-03 08:00:00+00:00,/inventory,1,384.0,339.0,Persistence,20260910T174657Z,2026-08-03 07:00:00+00:00
2026-08-03 13:00:00+00:00,/inventory,6,587.0,339.0,Persistence,20260910T174657Z,2026-08-03 07:00:00+00:00
2026-08-03 19:00:00+00:00,/inventory,12,431.0,339.0,Persistence,20260910T174657Z,2026-08-03 07:00:00+00:00
2026-08-03 09:00:00+00:00,/inventory,1,451.0,384.0,Persistence,20260910T174657Z,2026-08-03 08:00:00+00:00
2026-08-03 14:00:00+00:00,/inventory,6,480.0,384.0,Persistence,20260910T174657Z,2026-08-03 08:00:00+00:00
2026-08-03 20:00:00+00:00,/inventory,12,397.0,384.0,Persistence,20260910T174657Z,2026-08-03 08:00:00+00:00
2026-08-03 10:00:00+00:00,/inventory,1,469.0,451.0,Persistence,20260910T174657Z,2026-08-03 09:00:00+00:00
2026-08-03 15:00:00+00:00,/inventory,6,481.0,451.0,Persistence,20260910T174657Z,2026-08-03 09:00:00+00:00
2026-08-03 21:00:00+00:00,/inventory,12,400.0,451.0,Persistence,20260910T174657Z,2026-08-03 09:00:00+00:00
2026-08-03 11:00:00+00:00,/inventory,1,468.0,469.0,Persistence,20260910T174657Z,2026-08-03 10:00:00+00:00
2026-08-03 16:00:00+00:00,/inventory,6,467.0,469.0,Persistence,20260910T174657Z,2026-08-03 10:00:00+00:00
2026-08-03 22:00:00+00:00,/inventory,12,284.0,469.0,Persistence,20260910T174657Z,2026-08-03 10:00:00+00:00
2026-08-03 12:00:00+00:00,/inventory,1,489.0,468.0,Persistence,20260910T174657Z,2026-08-03 11:00:00+00:00
2026-08-03 17:00:00+00:00,/inventory,6,501.0,468.0,Persistence,20260910T174657Z,2026-08-03 11:00:00+00:00
2026-08-03 23:00:00+00:00,/inventory,12,268.0,468.0,Persistence,20260910T174657Z,2026-08-03 11:00:00+00:00
2026-08-03 13:00:00+00:00,/inventory,1,587.0,489.0,Persistence,20260910T174657Z,2026-08-03 12:00:00+00:00
2026-08-03 18:00:00+00:00,/inventory,6,450.0,489.0,Persistence,20260910T174657Z,2026-08-03 12:00:00+00:00
2026-08-04 00:00:00+00:00,/inventory,12,347.0,489.0,Persistence,20260910T174657Z,2026-08-03 12:00:00+00:00
2026-08-03 14:00:00+00:00,/inventory,1,480.0,587.0,Persistence,20260910T174657Z,2026-08-03 13:00:00+00:00
2026-08-03 19:00:00+00:00,/inventory,6,431.0,587.0,Persistence,20260910T174657Z,2026-08-03 13:00:00+00:00
2026-08-04 01:00:00+00:00,/inventory,12,329.0,587.0,Persistence,20260910T174657Z,2026-08-03 13:00:00+00:00
2026-08-03 15:00:00+00:00,/inventory,1,481.0,480.0,Persistence,20260910T174657Z,2026-08-03 14:00:00+00:00
2026-08-03 20:00:00+00:00,/inventory,6,397.0,480.0,Persistence,20260910T174657Z,2026-08-03 14:00:00+00:00
2026-08-04 02:00:00+00:00,/inventory,12,260.0,480.0,Persistence,20260910T174657Z,2026-08-03 14:00:00+00:00
2026-08-03 16:00:00+00:00,/inventory,1,467.0,481.0,Persistence,20260910T174657Z,2026-08-03 15:00:00+00:00
2026-08-03 21:00:00+00:00,/inventory,6,400.0,481.0,Persistence,20260910T174657Z,2026-08-03 15:00:00+00:00
2026-08-04 03:00:00+00:00,/inventory,12,320.0,481.0,Persistence,20260910T174657Z,2026-08-03 15:00:00+00:00
2026-08-03 17:00:00+00:00,/inventory,1,501.0,467.0,Persistence,20260910T174657Z,2026-08-03 16:00:00+00:00
2026-08-03 22:00:00+00:00,/inventory,6,284.0,467.0,Persistence,20260910T174657Z,2026-08-03 16:00:00+00:00
2026-08-04 04:00:00+00:00,/inventory,12,253.0,467.0,Persistence,20260910T174657Z,2026-08-03 16:00:00+00:00
2026-08-03 18:00:00+00:00,/inventory,1,450.0,501.0,Persistence,20260910T174657Z,2026-08-03 17:00:00+00:00
2026-08-03 23:00:00+00:00,/inventory,6,268.0,501.0,Persistence,20260910T174657Z,2026-08-03 17:00:00+00:00
2026-08-04 05:00:00+00:00,/inventory,12,356.0,501.0,Persistence,20260910T174657Z,2026-08-03 17:00:00+00:00
2026-08-01 12:00:00+00:00,/inventory,1,384.0,463.0,SeasonalNaive,20260910T174657Z,2026-08-01 11:00:00+00:00
2026-08-01 17:00:00+00:00,/inventory,6,358.0,500.0,SeasonalNaive,20260910T174657Z,2026-08-01 11:00:00+00:00
2026-08-01 23:00:00+00:00,/inventory,12,182.0,334.0,SeasonalNaive,20260910T174657Z,2026-08-01 11:00:00+00:00
2026-08-01 13:00:00+00:00,/inventory,1,367.0,543.0,SeasonalNaive,20260910T174657Z,2026-08-01 12:00:00+00:00
2026-08-01 18:00:00+00:00,/inventory,6,317.0,475.0,SeasonalNaive,20260910T174657Z,2026-08-01 12:00:00+00:00
2026-08-02 00:00:00+00:00,/inventory,12,239.0,265.0,SeasonalNaive,20260910T174657Z,2026-08-01 12:00:00+00:00
2026-08-01 14:00:00+00:00,/inventory,1,383.0,500.0,SeasonalNaive,20260910T174657Z,2026-08-01 13:00:00+00:00
2026-08-01 19:00:00+00:00,/inventory,6,287.0,445.0,SeasonalNaive,20260910T174657Z,2026-08-01 13:00:00+00:00
2026-08-02 01:00:00+00:00,/inventory,12,231.0,190.0,SeasonalNaive,20260910T174657Z,2026-08-01 13:00:00+00:00
2026-08-01 15:00:00+00:00,/inventory,1,381.0,551.0,SeasonalNaive,20260910T174657Z,2026-08-01 14:00:00+00:00
2026-08-01 20:00:00+00:00,/inventory,6,318.0,382.0,SeasonalNaive,20260910T174657Z,2026-08-01 14:00:00+00:00
2026-08-02 02:00:00+00:00,/inventory,12,195.0,179.0,SeasonalNaive,20260910T174657Z,2026-08-01 14:00:00+00:00
2026-08-01 16:00:00+00:00,/inventory,1,335.0,469.0,SeasonalNaive,20260910T174657Z,2026-08-01 15:00:00+00:00
2026-08-01 21:00:00+00:00,/inventory,6,267.0,378.0,SeasonalNaive,20260910T174657Z,2026-08-01 15:00:00+00:00
2026-08-02 03:00:00+00:00,/inventory,12,224.0,172.0,SeasonalNaive,20260910T174657Z,2026-08-01 15:00:00+00:00
2026-08-01 17:00:00+00:00,/inventory,1,358.0,500.0,SeasonalNaive,20260910T174657Z,2026-08-01 16:00:00+00:00
2026-08-01 22:00:00+00:00,/inventory,6,238.0,296.0,SeasonalNaive,20260910T174657Z,2026-08-01 16:00:00+00:00
2026-08-02 04:00:00+00:00,/inventory,12,180.0,263.0,SeasonalNaive,20260910T174657Z,2026-08-01 16:00:00+00:00
2026-08-01 18:00:00+00:00,/inventory,1,317.0,475.0,SeasonalNaive,20260910T174657Z,2026-08-01 17:00:00+00:00
2026-08-01 23:00:00+00:00,/inventory,6,182.0,334.0,SeasonalNaive,20260910T174657Z,2026-08-01 17:00:00+00:00
2026-08-02 05:00:00+00:00,/inventory,12,213.0,228.0,SeasonalNaive,20260910T174657Z,2026-08-01 17:00:00+00:00
2026-08-01 19:00:00+00:00,/inventory,1,287.0,445.0,SeasonalNaive,20260910T174657Z,2026-08-01 18:00:00+00:00
2026-08-02 00:00:00+00:00,/inventory,6,239.0,265.0,SeasonalNaive,20260910T174657Z,2026-08-01 18:00:00+00:00
2026-08-02 06:00:00+00:00,/inventory,12,312.0,246.0,SeasonalNaive,20260910T174657Z,2026-08-01 18:00:00+00:00
2026-08-01 20:00:00+00:00,/inventory,1,318.0,382.0,SeasonalNaive,20260910T174657Z,2026-08-01 19:00:00+00:00
2026-08-02 01:00:00+00:00,/inventory,6,231.0,190.0,SeasonalNaive,20260910T174657Z,2026-08-01 19:00:00+00:00
2026-08-02 07:00:00+00:00,/inventory,12,285.0,279.0,SeasonalNaive,20260910T174657Z,2026-08-01 19:00:00+00:00
2026-08-01 21:00:00+00:00,/inventory,1,267.0,378.0,SeasonalNaive,20260910T174657Z,2026-08-01 20:00:00+00:00
2026-08-02 02:00:00+00:00,/inventory,6,195.0,179.0,SeasonalNaive,20260910T174657Z,2026-08-01 20:00:00+00:00
2026-08-02 08:00:00+00:00,/inventory,12,283.0,320.0,SeasonalNaive,20260910T174657Z,2026-08-01 20:00:00+00:00
2026-08-01 22:00:00+00:00,/inventory,1,238.0,296.0,SeasonalNaive,20260910T174657Z,2026-08-01 21:00:00+00:00
2026-08-02 03:00:00+00:00,/inventory,6,224.0,172.0,SeasonalNaive,20260910T174657Z,2026-08-01 21:00:00+00:00
2026-08-02 09:00:00+00:00,/inventory,12,344.0,302.0,SeasonalNaive,20260910T174657Z,2026-08-01 21:00:00+00:00
2026-08-01 23:00:00+00:00,/inventory,1,182.0,334.0,SeasonalNaive,20260910T174657Z,2026-08-01 22:00:00+00:00
2026-08-02 04:00:00+00:00,/inventory,6,180.0,263.0,SeasonalNaive,20260910T174657Z,2026-08-01 22:00:00+00:00
2026-08-02 10:00:00+00:00,/inventory,12,335.0,316.0,SeasonalNaive,20260910T174657Z,2026-08-01 22:00:00+00:00
2026-08-02 00:00:00+00:00,/inventory,1,239.0,265.0,SeasonalNaive,20260910T174657Z,2026-08-01 23:00:00+00:00
2026-08-02 05:00:00+00:00,/inventory,6,213.0,228.0,SeasonalNaive,20260910T174657Z,2026-08-01 23:00:00+00:00
2026-08-02 11:00:00+00:00,/inventory,12,381.0,326.0,SeasonalNaive,20260910T174657Z,2026-08-01 23:00:00+00:00
2026-08-02 01:00:00+00:00,/inventory,1,231.0,190.0,SeasonalNaive,20260910T174657Z,2026-08-02 00:00:00+00:00
2026-08-02 06:00:00+00:00,/inventory,6,312.0,246.0,SeasonalNaive,20260910T174657Z,2026-08-02 00:00:00+00:00
2026-08-02 12:00:00+00:00,/inventory,12,349.0,384.0,SeasonalNaive,20260910T174657Z,2026-08-02 00:00:00+00:00
2026-08-02 02:00:00+00:00,/inventory,1,195.0,179.0,SeasonalNaive,20260910T174657Z,2026-08-02 01:00:00+00:00
2026-08-02 07:00:00+00:00,/inventory,6,285.0,279.0,SeasonalNaive,20260910T174657Z,2026-08-02 01:00:00+00:00
2026-08-02 13:00:00+00:00,/inventory,12,402.0,367.0,SeasonalNaive,20260910T174657Z,2026-08-02 01:00:00+00:00
2026-08-02 03:00:00+00:00,/inventory,1,224.0,172.0,SeasonalNaive,20260910T174657Z,2026-08-02 02:00:00+00:00
2026-08-02 08:00:00+00:00,/inventory,6,283.0,320.0,SeasonalNaive,20260910T174657Z,2026-08-02 02:00:00+00:00
2026-08-02 14:00:00+00:00,/inventory,12,399.0,383.0,SeasonalNaive,20260910T174657Z,2026-08-02 02:00:00+00:00
2026-08-02 04:00:00+00:00,/inventory,1,180.0,263.0,SeasonalNaive,20260910T174657Z,2026-08-02 03:00:00+00:00
2026-08-02 09:00:00+00:00,/inventory,6,344.0,302.0,SeasonalNaive,20260910T174657Z,2026-08-02 03:00:00+00:00
2026-08-02 15:00:00+00:00,/inventory,12,308.0,381.0,SeasonalNaive,20260910T174657Z,2026-08-02 03:00:00+00:00
2026-08-02 05:00:00+00:00,/inventory,1,213.0,228.0,SeasonalNaive,20260910T174657Z,2026-08-02 04:00:00+00:00
2026-08-02 10:00:00+00:00,/inventory,6,335.0,316.0,SeasonalNaive,20260910T174657Z,2026-08-02 04:00:00+00:00
2026-08-02 16:00:00+00:00,/inventory,12,350.0,335.0,SeasonalNaive,20260910T174657Z,2026-08-02 04:00:00+00:00
2026-08-02 06:00:00+00:00,/inventory,1,312.0,246.0,SeasonalNaive,20260910T174657Z,2026-08-02 05:00:00+00:00
2026-08-02 11:00:00+00:00,/inventory,6,381.0,326.0,SeasonalNaive,20260910T174657Z,2026-08-02 05:00:00+00:00
2026-08-02 17:00:00+00:00,/inventory,12,414.0,358.0,SeasonalNaive,20260910T174657Z,2026-08-02 05:00:00+00:00
2026-08-02 07:00:00+00:00,/inventory,1,285.0,279.0,SeasonalNaive,20260910T174657Z,2026-08-02 06:00:00+00:00
2026-08-02 12:00:00+00:00,/inventory,6,349.0,384.0,SeasonalNaive,20260910T174657Z,2026-08-02 06:00:00+00:00
2026-08-02 18:00:00+00:00,/inventory,12,310.0,317.0,SeasonalNaive,20260910T174657Z,2026-08-02 06:00:00+00:00
2026-08-02 08:00:00+00:00,/inventory,1,283.0,320.0,SeasonalNaive,20260910T174657Z,2026-08-02 07:00:00+00:00
2026-08-02 13:00:00+00:00,/inventory,6,402.0,367.0,SeasonalNaive,20260910T174657Z,2026-08-02 07:00:00+00:00
2026-08-02 19:00:00+00:00,/inventory,12,290.0,287.0,SeasonalNaive,20260910T174657Z,2026-08-02 07:00:00+00:00
2026-08-02 09:00:00+00:00,/inventory,1,344.0,302.0,SeasonalNaive,20260910T174657Z,2026-08-02 08:00:00+00:00
2026-08-02 14:00:00+00:00,/inventory,6,399.0,383.0,SeasonalNaive,20260910T174657Z,2026-08-02 08:00:00+00:00
2026-08-02 20:00:00+00:00,/inventory,12,209.0,318.0,SeasonalNaive,20260910T174657Z,2026-08-02 08:00:00+00:00
2026-08-02 10:00:00+00:00,/inventory,1,335.0,316.0,SeasonalNaive,20260910T174657Z,2026-08-02 09:00:00+00:00
2026-08-02 15:00:00+00:00,/inventory,6,308.0,381.0,SeasonalNaive,20260910T174657Z,2026-08-02 09:00:00+00:00
2026-08-02 21:00:00+00:00,/inventory,12,310.0,267.0,SeasonalNaive,20260910T174657Z,2026-08-02 09:00:00+00:00
2026-08-02 11:00:00+00:00,/inventory,1,381.0,326.0,SeasonalNaive,20260910T174657Z,2026-08-02 10:00:00+00:00
2026-08-02 16:00:00+00:00,/inventory,6,350.0,335.0,SeasonalNaive,20260910T174657Z,2026-08-02 10:00:00+00:00
2026-08-02 22:00:00+00:00,/inventory,12,237.0,238.0,SeasonalNaive,20260910T174657Z,2026-08-02 10:00:00+00:00
2026-08-02 12:00:00+00:00,/inventory,1,349.0,384.0,SeasonalNaive,20260910T174657Z,2026-08-02 11:00:00+00:00
2026-08-02 17:00:00+00:00,/inventory,6,414.0,358.0,SeasonalNaive,20260910T174657Z,2026-08-02 11:00:00+00:00
2026-08-02 23:00:00+00:00,/inventory,12,254.0,182.0,SeasonalNaive,20260910T174657Z,2026-08-02 11:00:00+00:00
2026-08-02 13:00:00+00:00,/inventory,1,402.0,367.0,SeasonalNaive,20260910T174657Z,2026-08-02 12:00:00+00:00
2026-08-02 18:00:00+00:00,/inventory,6,310.0,317.0,SeasonalNaive,20260910T174657Z,2026-08-02 12:00:00+00:00
2026-08-03 00:00:00+00:00,/inventory,12,288.0,239.0,SeasonalNaive,20260910T174657Z,2026-08-02 12:00:00+00:00
2026-08-02 14:00:00+00:00,/inventory,1,399.0,383.0,SeasonalNaive,20260910T174657Z,2026-08-02 13:00:00+00:00
2026-08-02 19:00:00+00:00,/inventory,6,290.0,287.0,SeasonalNaive,20260910T174657Z,2026-08-02 13:00:00+00:00
2026-08-03 01:00:00+00:00,/inventory,12,262.0,231.0,SeasonalNaive,20260910T174657Z,2026-08-02 13:00:00+00:00
2026-08-02 15:00:00+00:00,/inventory,1,308.0,381.0,SeasonalNaive,20260910T174657Z,2026-08-02 14:00:00+00:00
2026-08-02 20:00:00+00:00,/inventory,6,209.0,318.0,SeasonalNaive,20260910T174657Z,2026-08-02 14:00:00+00:00
2026-08-03 02:00:00+00:00,/inventory,12,283.0,195.0,SeasonalNaive,20260910T174657Z,2026-08-02 14:00:00+00:00
2026-08-02 16:00:00+00:00,/inventory,1,350.0,335.0,SeasonalNaive,20260910T174657Z,2026-08-02 15:00:00+00:00
2026-08-02 21:00:00+00:00,/inventory,6,310.0,267.0,SeasonalNaive,20260910T174657Z,2026-08-02 15:00:00+00:00
2026-08-03 03:00:00+00:00,/inventory,12,379.0,224.0,SeasonalNaive,20260910T174657Z,2026-08-02 15:00:00+00:00
2026-08-02 17:00:00+00:00,/inventory,1,414.0,358.0,SeasonalNaive,20260910T174657Z,2026-08-02 16:00:00+00:00
2026-08-02 22:00:00+00:00,/inventory,6,237.0,238.0,SeasonalNaive,20260910T174657Z,2026-08-02 16:00:00+00:00
2026-08-03 04:00:00+00:00,/inventory,12,259.0,180.0,SeasonalNaive,20260910T174657Z,2026-08-02 16:00:00+00:00
2026-08-02 18:00:00+00:00,/inventory,1,310.0,317.0,SeasonalNaive,20260910T174657Z,2026-08-02 17:00:00+00:00
2026-08-02 23:00:00+00:00,/inventory,6,254.0,182.0,SeasonalNaive,20260910T174657Z,2026-08-02 17:00:00+00:00
2026-08-03 05:00:00+00:00,/inventory,12,311.0,213.0,SeasonalNaive,20260910T174657Z,2026-08-02 17:00:00+00:00
2026-08-02 19:00:00+00:00,/inventory,1,290.0,287.0,SeasonalNaive,20260910T174657Z,2026-08-02 18:00:00+00:00
2026-08-03 00:00:00+00:00,/inventory,6,288.0,239.0,SeasonalNaive,20260910T174657Z,2026-08-02 18:00:00+00:00
2026-08-03 06:00:00+00:00,/inventory,12,319.0,312.0,SeasonalNaive,20260910T174657Z,2026-08-02 18:00:00+00:00
2026-08-02 20:00:00+00:00,/inventory,1,209.0,318.0,SeasonalNaive,20260910T174657Z,2026-08-02 19:00:00+00:00
2026-08-03 01:00:00+00:00,/inventory,6,262.0,231.0,SeasonalNaive,20260910T174657Z,2026-08-02 19:00:00+00:00
2026-08-03 07:00:00+00:00,/inventory,12,339.0,285.0,SeasonalNaive,20260910T174657Z,2026-08-02 19:00:00+00:00
2026-08-02 21:00:00+00:00,/inventory,1,310.0,267.0,SeasonalNaive,20260910T174657Z,2026-08-02 20:00:00+00:00
2026-08-03 02:00:00+00:00,/inventory,6,283.0,195.0,SeasonalNaive,20260910T174657Z,2026-08-02 20:00:00+00:00
2026-08-03 08:00:00+00:00,/inventory,12,384.0,283.0,SeasonalNaive,20260910T174657Z,2026-08-02 20:00:00+00:00
2026-08-02 22:00:00+00:00,/inventory,1,237.0,238.0,SeasonalNaive,20260910T174657Z,2026-08-02 21:00:00+00:00
2026-08-03 03:00:00+00:00,/inventory,6,379.0,224.0,SeasonalNaive,20260910T174657Z,2026-08-02 21:00:00+00:00
2026-08-03 09:00:00+00:00,/inventory,12,451.0,344.0,SeasonalNaive,20260910T174657Z,2026-08-02 21:00:00+00:00
2026-08-02 23:00:00+00:00,/inventory,1,254.0,182.0,SeasonalNaive,20260910T174657Z,2026-08-02 22:00:00+00:00
2026-08-03 04:00:00+00:00,/inventory,6,259.0,180.0,SeasonalNaive,20260910T174657Z,2026-08-02 22:00:00+00:00
2026-08-03 10:00:00+00:00,/inventory,12,469.0,335.0,SeasonalNaive,20260910T174657Z,2026-08-02 22:00:00+00:00
2026-08-03 00:00:00+00:00,/inventory,1,288.0,239.0,SeasonalNaive,20260910T174657Z,2026-08-02 23:00:00+00:00
2026-08-03 05:00:00+00:00,/inventory,6,311.0,213.0,SeasonalNaive,20260910T174657Z,2026-08-02 23:00:00+00:00
2026-08-03 11:00:00+00:00,/inventory,12,468.0,381.0,SeasonalNaive,20260910T174657Z,2026-08-02 23:00:00+00:00
2026-08-03 01:00:00+00:00,/inventory,1,262.0,231.0,SeasonalNaive,20260910T174657Z,2026-08-03 00:00:00+00:00
2026-08-03 06:00:00+00:00,/inventory,6,319.0,312.0,SeasonalNaive,20260910T174657Z,2026-08-03 00:00:00+00:00
2026-08-03 12:00:00+00:00,/inventory,12,489.0,349.0,SeasonalNaive,20260910T174657Z,2026-08-03 00:00:00+00:00
2026-08-03 02:00:00+00:00,/inventory,1,283.0,195.0,SeasonalNaive,20260910T174657Z,2026-08-03 01:00:00+00:00
2026-08-03 07:00:00+00:00,/inventory,6,339.0,285.0,SeasonalNaive,20260910T174657Z,2026-08-03 01:00:00+00:00
2026-08-03 13:00:00+00:00,/inventory,12,587.0,402.0,SeasonalNaive,20260910T174657Z,2026-08-03 01:00:00+00:00
2026-08-03 03:00:00+00:00,/inventory,1,379.0,224.0,SeasonalNaive,20260910T174657Z,2026-08-03 02:00:00+00:00
2026-08-03 08:00:00+00:00,/inventory,6,384.0,283.0,SeasonalNaive,20260910T174657Z,2026-08-03 02:00:00+00:00
2026-08-03 14:00:00+00:00,/inventory,12,480.0,399.0,SeasonalNaive,20260910T174657Z,2026-08-03 02:00:00+00:00
2026-08-03 04:00:00+00:00,/inventory,1,259.0,180.0,SeasonalNaive,20260910T174657Z,2026-08-03 03:00:00+00:00
2026-08-03 09:00:00+00:00,/inventory,6,451.0,344.0,SeasonalNaive,20260910T174657Z,2026-08-03 03:00:00+00:00
2026-08-03 15:00:00+00:00,/inventory,12,481.0,308.0,SeasonalNaive,20260910T174657Z,2026-08-03 03:00:00+00:00
2026-08-03 05:00:00+00:00,/inventory,1,311.0,213.0,SeasonalNaive,20260910T174657Z,2026-08-03 04:00:00+00:00
2026-08-03 10:00:00+00:00,/inventory,6,469.0,335.0,SeasonalNaive,20260910T174657Z,2026-08-03 04:00:00+00:00
2026-08-03 16:00:00+00:00,/inventory,12,467.0,350.0,SeasonalNaive,20260910T174657Z,2026-08-03 04:00:00+00:00
2026-08-03 06:00:00+00:00,/inventory,1,319.0,312.0,SeasonalNaive,20260910T174657Z,2026-08-03 05:00:00+00:00
2026-08-03 11:00:00+00:00,/inventory,6,468.0,381.0,SeasonalNaive,20260910T174657Z,2026-08-03 05:00:00+00:00
2026-08-03 17:00:00+00:00,/inventory,12,501.0,414.0,SeasonalNaive,20260910T174657Z,2026-08-03 05:00:00+00:00
2026-08-03 07:00:00+00:00,/inventory,1,339.0,285.0,SeasonalNaive,20260910T174657Z,2026-08-03 06:00:00+00:00
2026-08-03 12:00:00+00:00,/inventory,6,489.0,349.0,SeasonalNaive,20260910T174657Z,2026-08-03 06:00:00+00:00
2026-08-03 18:00:00+00:00,/inventory,12,450.0,310.0,SeasonalNaive,20260910T174657Z,2026-08-03 06:00:00+00:00
2026-08-03 08:00:00+00:00,/inventory,1,384.0,283.0,SeasonalNaive,20260910T174657Z,2026-08-03 07:00:00+00:00
2026-08-03 13:00:00+00:00,/inventory,6,587.0,402.0,SeasonalNaive,20260910T174657Z,2026-08-03 07:00:00+00:00
2026-08-03 19:00:00+00:00,/inventory,12,431.0,290.0,SeasonalNaive,20260910T174657Z,2026-08-03 07:00:00+00:00
2026-08-03 09:00:00+00:00,/inventory,1,451.0,344.0,SeasonalNaive,20260910T174657Z,2026-08-03 08:00:00+00:00
2026-08-03 14:00:00+00:00,/inventory,6,480.0,399.0,SeasonalNaive,20260910T174657Z,2026-08-03 08:00:00+00:00
2026-08-03 20:00:00+00:00,/inventory,12,397.0,209.0,SeasonalNaive,20260910T174657Z,2026-08-03 08:00:00+00:00
2026-08-03 10:00:00+00:00,/inventory,1,469.0,335.0,SeasonalNaive,20260910T174657Z,2026-08-03 09:00:00+00:00
2026-08-03 15:00:00+00:00,/inventory,6,481.0,308.0,SeasonalNaive,20260910T174657Z,2026-08-03 09:00:00+00:00
2026-08-03 21:00:00+00:00,/inventory,12,400.0,310.0,SeasonalNaive,20260910T174657Z,2026-08-03 09:00:00+00:00
2026-08-03 11:00:00+00:00,/inventory,1,468.0,381.0,SeasonalNaive,20260910T174657Z,2026-08-03 10:00:00+00:00
2026-08-03 16:00:00+00:00,/inventory,6,467.0,350.0,SeasonalNaive,20260910T174657Z,2026-08-03 10:00:00+00:00
2026-08-03 22:00:00+00:00,/inventory,12,284.0,237.0,SeasonalNaive,20260910T174657Z,2026-08-03 10:00:00+00:00
2026-08-03 12:00:00+00:00,/inventory,1,489.0,349.0,SeasonalNaive,20260910T174657Z,2026-08-03 11:00:00+00:00
2026-08-03 17:00:00+00:00,/inventory,6,501.0,414.0,SeasonalNaive,20260910T174657Z,2026-08-03 11:00:00+00:00
2026-08-03 23:00:00+00:00,/inventory,12,268.0,254.0,SeasonalNaive,20260910T174657Z,2026-08-03 11:00:00+00:00
2026-08-03 13:00:00+00:00,/inventory,1,587.0,402.0,SeasonalNaive,20260910T174657Z,2026-08-03 12:00:00+00:00
2026-08-03 18:00:00+00:00,/inventory,6,450.0,310.0,SeasonalNaive,20260910T174657Z,2026-08-03 12:00:00+00:00
2026-08-04 00:00:00+00:00,/inventory,12,347.0,288.0,SeasonalNaive,20260910T174657Z,2026-08-03 12:00:00+00:00
2026-08-03 14:00:00+00:00,/inventory,1,480.0,399.0,SeasonalNaive,20260910T174657Z,2026-08-03 13:00:00+00:00
2026-08-03 19:00:00+00:00,/inventory,6,431.0,290.0,SeasonalNaive,20260910T174657Z,2026-08-03 13:00:00+00:00
2026-08-04 01:00:00+00:00,/inventory,12,329.0,262.0,SeasonalNaive,20260910T174657Z,2026-08-03 13:00:00+00:00
2026-08-03 15:00:00+00:00,/inventory,1,481.0,308.0,SeasonalNaive,20260910T174657Z,2026-08-03 14:00:00+00:00
2026-08-03 20:00:00+00:00,/inventory,6,397.0,209.0,SeasonalNaive,20260910T174657Z,2026-08-03 14:00:00+00:00
2026-08-04 02:00:00+00:00,/inventory,12,260.0,283.0,SeasonalNaive,20260910T174657Z,2026-08-03 14:00:00+00:00
2026-08-03 16:00:00+00:00,/inventory,1,467.0,350.0,SeasonalNaive,20260910T174657Z,2026-08-03 15:00:00+00:00
2026-08-03 21:00:00+00:00,/inventory,6,400.0,310.0,SeasonalNaive,20260910T174657Z,2026-08-03 15:00:00+00:00
2026-08-04 03:00:00+00:00,/inventory,12,320.0,379.0,SeasonalNaive,20260910T174657Z,2026-08-03 15:00:00+00:00
2026-08-03 17:00:00+00:00,/inventory,1,501.0,414.0,SeasonalNaive,20260910T174657Z,2026-08-03 16:00:00+00:00
2026-08-03 22:00:00+00:00,/inventory,6,284.0,237.0,SeasonalNaive,20260910T174657Z,2026-08-03 16:00:00+00:00
2026-08-04 04:00:00+00:00,/inventory,12,253.0,259.0,SeasonalNaive,20260910T174657Z,2026-08-03 16:00:00+00:00
2026-08-03 18:00:00+00:00,/inventory,1,450.0,310.0,SeasonalNaive,20260910T174657Z,2026-08-03 17:00:00+00:00
2026-08-03 23:00:00+00:00,/inventory,6,268.0,254.0,SeasonalNaive,20260910T174657Z,2026-08-03 17:00:00+00:00
2026-08-04 05:00:00+00:00,/inventory,12,356.0,311.0,SeasonalNaive,20260910T174657Z,2026-08-03 17:00:00+00:00
2026-08-01 12:00:00+00:00,/orders,1,613.0,545.9651646825395,RF,20260910T174657Z,2026-08-01 11:00:00+00:00
2026-08-01 17:00:00+00:00,/orders,6,446.0,518.1099742063493,RF,20260910T174657Z,2026-08-01 11:00:00+00:00
2026-08-01 23:00:00+00:00,/orders,12,347.0,393.76163492063483,RF,20260910T174657Z,2026-08-01 11:00:00+00:00
2026-08-01 13:00:00+00:00,/orders,1,538.0,616.8831626984127,RF,20260910T174657Z,2026-08-01 12:00:00+00:00
2026-08-01 18:00:00+00:00,/orders,6,497.0,672.6145416666666,RF,20260910T174657Z,2026-08-01 12:00:00+00:00
2026-08-02 00:00:00+00:00,/orders,12,167.0,395.60873611111106,RF,20260910T174657Z,2026-08-01 12:00:00+00:00
2026-08-01 14:00:00+00:00,/orders,1,491.0,552.8046388888889,RF,20260910T174657Z,2026-08-01 13:00:00+00:00
2026-08-01 19:00:00+00:00,/orders,6,499.0,477.88251190476205,RF,20260910T174657Z,2026-08-01 13:00:00+00:00
2026-08-02 01:00:00+00:00,/orders,12,215.0,366.6143650793651,RF,20260910T174657Z,2026-08-01 13:00:00+00:00
2026-08-01 15:00:00+00:00,/orders,1,534.0,527.3189186507939,RF,20260910T174657Z,2026-08-01 14:00:00+00:00
2026-08-01 20:00:00+00:00,/orders,6,449.0,481.378996031746,RF,20260910T174657Z,2026-08-01 14:00:00+00:00
2026-08-02 02:00:00+00:00,/orders,12,262.0,343.63224007936515,RF,20260910T174657Z,2026-08-01 14:00:00+00:00
2026-08-01 16:00:00+00:00,/orders,1,579.0,515.6267480158732,RF,20260910T174657Z,2026-08-01 15:00:00+00:00
2026-08-01 21:00:00+00:00,/orders,6,334.0,471.41668650793656,RF,20260910T174657Z,2026-08-01 15:00:00+00:00
2026-08-02 03:00:00+00:00,/orders,12,384.0,305.84774404761896,RF,20260910T174657Z,2026-08-01 15:00:00+00:00
2026-08-01 17:00:00+00:00,/orders,1,446.0,520.4597896825397,RF,20260910T174657Z,2026-08-01 16:00:00+00:00
2026-08-01 22:00:00+00:00,/orders,6,373.0,450.99771428571404,RF,20260910T174657Z,2026-08-01 16:00:00+00:00
2026-08-02 04:00:00+00:00,/orders,12,347.0,366.6093988095236,RF,20260910T174657Z,2026-08-01 16:00:00+00:00
2026-08-01 18:00:00+00:00,/orders,1,497.0,475.05995833333327,RF,20260910T174657Z,2026-08-01 17:00:00+00:00
2026-08-01 23:00:00+00:00,/orders,6,347.0,392.52124801587297,RF,20260910T174657Z,2026-08-01 17:00:00+00:00
2026-08-02 05:00:00+00:00,/orders,12,336.0,327.89123809523807,RF,20260910T174657Z,2026-08-01 17:00:00+00:00
2026-08-01 19:00:00+00:00,/orders,1,499.0,493.9411190476192,RF,20260910T174657Z,2026-08-01 18:00:00+00:00
2026-08-02 00:00:00+00:00,/orders,6,167.0,339.6977103174602,RF,20260910T174657Z,2026-08-01 18:00:00+00:00
2026-08-02 06:00:00+00:00,/orders,12,347.0,361.1982142857143,RF,20260910T174657Z,2026-08-01 18:00:00+00:00
2026-08-01 20:00:00+00:00,/orders,1,449.0,479.94245833333326,RF,20260910T174657Z,2026-08-01 19:00:00+00:00
2026-08-02 01:00:00+00:00,/orders,6,215.0,354.09173412698414,RF,20260910T174657Z,2026-08-01 19:00:00+00:00
2026-08-02 07:00:00+00:00,/orders,12,328.0,363.92907142857143,RF,20260910T174657Z,2026-08-01 19:00:00+00:00
2026-08-01 21:00:00+00:00,/orders,1,334.0,468.26418452380955,RF,20260910T174657Z,2026-08-01 20:00:00+00:00
2026-08-02 02:00:00+00:00,/orders,6,262.0,345.31832341269853,RF,20260910T174657Z,2026-08-01 20:00:00+00:00
2026-08-02 08:00:00+00:00,/orders,12,439.0,373.9759642857142,RF,20260910T174657Z,2026-08-01 20:00:00+00:00
2026-08-01 22:00:00+00:00,/orders,1,373.0,384.6244960317461,RF,20260910T174657Z,2026-08-01 21:00:00+00:00
2026-08-02 03:00:00+00:00,/orders,6,384.0,344.49033928571413,RF,20260910T174657Z,2026-08-01 21:00:00+00:00
2026-08-02 09:00:00+00:00,/orders,12,454.0,377.1007499999999,RF,20260910T174657Z,2026-08-01 21:00:00+00:00
2026-08-01 23:00:00+00:00,/orders,1,347.0,367.66485317460325,RF,20260910T174657Z,2026-08-01 22:00:00+00:00
2026-08-02 04:00:00+00:00,/orders,6,347.0,343.91667261904746,RF,20260910T174657Z,2026-08-01 22:00:00+00:00
2026-08-02 10:00:00+00:00,/orders,12,420.0,377.5207023809523,RF,20260910T174657Z,2026-08-01 22:00:00+00:00
2026-08-02 00:00:00+00:00,/orders,1,167.0,311.20063690476195,RF,20260910T174657Z,2026-08-01 23:00:00+00:00
2026-08-02 05:00:00+00:00,/orders,6,336.0,328.43239285714276,RF,20260910T174657Z,2026-08-01 23:00:00+00:00
2026-08-02 11:00:00+00:00,/orders,12,607.0,365.73579365079365,RF,20260910T174657Z,2026-08-01 23:00:00+00:00
2026-08-02 01:00:00+00:00,/orders,1,215.0,342.6054305555554,RF,20260910T174657Z,2026-08-02 00:00:00+00:00
2026-08-02 06:00:00+00:00,/orders,6,347.0,353.657511904762,RF,20260910T174657Z,2026-08-02 00:00:00+00:00
2026-08-02 12:00:00+00:00,/orders,12,534.0,393.02960317460327,RF,20260910T174657Z,2026-08-02 00:00:00+00:00
2026-08-02 02:00:00+00:00,/orders,1,262.0,343.9264821428571,RF,20260910T174657Z,2026-08-02 01:00:00+00:00
2026-08-02 07:00:00+00:00,/orders,6,328.0,361.0507023809524,RF,20260910T174657Z,2026-08-02 01:00:00+00:00
2026-08-02 13:00:00+00:00,/orders,12,572.0,394.7664246031747,RF,20260910T174657Z,2026-08-02 01:00:00+00:00
2026-08-02 03:00:00+00:00,/orders,1,384.0,348.09642261904753,RF,20260910T174657Z,2026-08-02 02:00:00+00:00
2026-08-02 08:00:00+00:00,/orders,6,439.0,376.7328095238094,RF,20260910T174657Z,2026-08-02 02:00:00+00:00
2026-08-02 14:00:00+00:00,/orders,12,500.0,375.3335376984128,RF,20260910T174657Z,2026-08-02 02:00:00+00:00
2026-08-02 04:00:00+00:00,/orders,1,347.0,346.2817261904761,RF,20260910T174657Z,2026-08-02 03:00:00+00:00
2026-08-02 09:00:00+00:00,/orders,6,454.0,369.9463928571429,RF,20260910T174657Z,2026-08-02 03:00:00+00:00
2026-08-02 15:00:00+00:00,/orders,12,485.0,404.43318650793645,RF,20260910T174657Z,2026-08-02 03:00:00+00:00
2026-08-02 05:00:00+00:00,/orders,1,336.0,331.92839285714274,RF,20260910T174657Z,2026-08-02 04:00:00+00:00
2026-08-02 10:00:00+00:00,/orders,6,420.0,380.8497023809521,RF,20260910T174657Z,2026-08-02 04:00:00+00:00
2026-08-02 16:00:00+00:00,/orders,12,567.0,450.34112103174607,RF,20260910T174657Z,2026-08-02 04:00:00+00:00
2026-08-02 06:00:00+00:00,/orders,1,347.0,359.9198095238096,RF,20260910T174657Z,2026-08-02 05:00:00+00:00
2026-08-02 11:00:00+00:00,/orders,6,607.0,370.92705555555557,RF,20260910T174657Z,2026-08-02 05:00:00+00:00
2026-08-02 17:00:00+00:00,/orders,12,476.0,458.5780654761908,RF,20260910T174657Z,2026-08-02 05:00:00+00:00
2026-08-02 07:00:00+00:00,/orders,1,328.0,359.54389285714274,RF,20260910T174657Z,2026-08-02 06:00:00+00:00
2026-08-02 12:00:00+00:00,/orders,6,534.0,391.2348531746032,RF,20260910T174657Z,2026-08-02 06:00:00+00:00
2026-08-02 18:00:00+00:00,/orders,12,521.0,476.7853154761906,RF,20260910T174657Z,2026-08-02 06:00:00+00:00
2026-08-02 08:00:00+00:00,/orders,1,439.0,398.6404880952381,RF,20260910T174657Z,2026-08-02 07:00:00+00:00
2026-08-02 13:00:00+00:00,/orders,6,572.0,443.9952043650794,RF,20260910T174657Z,2026-08-02 07:00:00+00:00
2026-08-02 19:00:00+00:00,/orders,12,399.0,514.2321964285716,RF,20260910T174657Z,2026-08-02 07:00:00+00:00
2026-08-02 09:00:00+00:00,/orders,1,454.0,439.80975595238107,RF,20260910T174657Z,2026-08-02 08:00:00+00:00
2026-08-02 14:00:00+00:00,/orders,6,500.0,525.5220476190478,RF,20260910T174657Z,2026-08-02 08:00:00+00:00
2026-08-02 20:00:00+00:00,/orders,12,384.0,484.0116130952382,RF,20260910T174657Z,2026-08-02 08:00:00+00:00
2026-08-02 10:00:00+00:00,/orders,1,420.0,462.3287261904762,RF,20260910T174657Z,2026-08-02 09:00:00+00:00
2026-08-02 15:00:00+00:00,/orders,6,485.0,528.2828809523812,RF,20260910T174657Z,2026-08-02 09:00:00+00:00
2026-08-02 21:00:00+00:00,/orders,12,428.0,448.4225535714285,RF,20260910T174657Z,2026-08-02 09:00:00+00:00
2026-08-02 11:00:00+00:00,/orders,1,607.0,433.8987142857144,RF,20260910T174657Z,2026-08-02 10:00:00+00:00
2026-08-02 16:00:00+00:00,/orders,6,567.0,540.7829285714289,RF,20260910T174657Z,2026-08-02 10:00:00+00:00
2026-08-02 22:00:00+00:00,/orders,12,325.0,401.33403968253964,RF,20260910T174657Z,2026-08-02 10:00:00+00:00
2026-08-02 12:00:00+00:00,/orders,1,534.0,586.2758472222221,RF,20260910T174657Z,2026-08-02 11:00:00+00:00
2026-08-02 17:00:00+00:00,/orders,6,476.0,493.33401190476184,RF,20260910T174657Z,2026-08-02 11:00:00+00:00
2026-08-02 23:00:00+00:00,/orders,12,355.0,369.6311170634922,RF,20260910T174657Z,2026-08-02 11:00:00+00:00
2026-08-02 13:00:00+00:00,/orders,1,572.0,537.4363353174605,RF,20260910T174657Z,2026-08-02 12:00:00+00:00
2026-08-02 18:00:00+00:00,/orders,6,521.0,492.2640416666668,RF,20260910T174657Z,2026-08-02 12:00:00+00:00
2026-08-03 00:00:00+00:00,/orders,12,478.0,422.4994702380953,RF,20260910T174657Z,2026-08-02 12:00:00+00:00
2026-08-02 14:00:00+00:00,/orders,1,500.0,556.925773809524,RF,20260910T174657Z,2026-08-02 13:00:00+00:00
2026-08-02 19:00:00+00:00,/orders,6,399.0,487.6018095238097,RF,20260910T174657Z,2026-08-02 13:00:00+00:00
2026-08-03 01:00:00+00:00,/orders,12,354.0,456.6499345238097,RF,20260910T174657Z,2026-08-02 13:00:00+00:00
2026-08-02 15:00:00+00:00,/orders,1,485.0,518.7715496031748,RF,20260910T174657Z,2026-08-02 14:00:00+00:00
2026-08-02 20:00:00+00:00,/orders,6,384.0,484.1442083333333,RF,20260910T174657Z,2026-08-02 14:00:00+00:00
2026-08-03 02:00:00+00:00,/orders,12,433.0,454.8360059523811,RF,20260910T174657Z,2026-08-02 14:00:00+00:00
2026-08-02 16:00:00+00:00,/orders,1,567.0,523.902662698413,RF,20260910T174657Z,2026-08-02 15:00:00+00:00
2026-08-02 21:00:00+00:00,/orders,6,428.0,445.1786726190476,RF,20260910T174657Z,2026-08-02 15:00:00+00:00
2026-08-03 03:00:00+00:00,/orders,12,383.0,448.60039484127,RF,20260910T174657Z,2026-08-02 15:00:00+00:00
2026-08-02 17:00:00+00:00,/orders,1,476.0,503.77248809523786,RF,20260910T174657Z,2026-08-02 16:00:00+00:00
2026-08-02 22:00:00+00:00,/orders,6,325.0,401.29181746031753,RF,20260910T174657Z,2026-08-02 16:00:00+00:00
2026-08-03 04:00:00+00:00,/orders,12,494.0,443.06347619047614,RF,20260910T174657Z,2026-08-02 16:00:00+00:00
2026-08-02 18:00:00+00:00,/orders,1,521.0,484.5593809523811,RF,20260910T174657Z,2026-08-02 17:00:00+00:00
2026-08-02 23:00:00+00:00,/orders,6,355.0,380.7174761904763,RF,20260910T174657Z,2026-08-02 17:00:00+00:00
2026-08-03 05:00:00+00:00,/orders,12,463.0,444.39864880952393,RF,20260910T174657Z,2026-08-02 17:00:00+00:00
2026-08-02 19:00:00+00:00,/orders,1,399.0,505.23085714285736,RF,20260910T174657Z,2026-08-02 18:00:00+00:00
2026-08-03 00:00:00+00:00,/orders,6,478.0,418.0302797619049,RF,20260910T174657Z,2026-08-02 18:00:00+00:00
2026-08-03 06:00:00+00:00,/orders,12,453.0,467.4133869047618,RF,20260910T174657Z,2026-08-02 18:00:00+00:00
2026-08-02 20:00:00+00:00,/orders,1,384.0,396.1188015873018,RF,20260910T174657Z,2026-08-02 19:00:00+00:00
2026-08-03 01:00:00+00:00,/orders,6,354.0,434.23504761904775,RF,20260910T174657Z,2026-08-02 19:00:00+00:00
2026-08-03 07:00:00+00:00,/orders,12,512.0,480.9727678571428,RF,20260910T174657Z,2026-08-02 19:00:00+00:00
2026-08-02 21:00:00+00:00,/orders,1,428.0,359.65877976190495,RF,20260910T174657Z,2026-08-02 20:00:00+00:00
2026-08-03 02:00:00+00:00,/orders,6,433.0,427.64604761904775,RF,20260910T174657Z,2026-08-02 20:00:00+00:00
2026-08-03 08:00:00+00:00,/orders,12,538.0,521.2431666666664,RF,20260910T174657Z,2026-08-02 20:00:00+00:00
2026-08-02 22:00:00+00:00,/orders,1,325.0,407.38244841269864,RF,20260910T174657Z,2026-08-02 21:00:00+00:00
2026-08-03 03:00:00+00:00,/orders,6,383.0,438.64754365079375,RF,20260910T174657Z,2026-08-02 21:00:00+00:00
2026-08-03 09:00:00+00:00,/orders,12,655.0,548.8859166666665,RF,20260910T174657Z,2026-08-02 21:00:00+00:00
2026-08-02 23:00:00+00:00,/orders,1,355.0,368.98273412698427,RF,20260910T174657Z,2026-08-02 22:00:00+00:00
2026-08-03 04:00:00+00:00,/orders,6,494.0,439.00105555555564,RF,20260910T174657Z,2026-08-02 22:00:00+00:00
2026-08-03 10:00:00+00:00,/orders,12,789.0,525.0430595238095,RF,20260910T174657Z,2026-08-02 22:00:00+00:00
2026-08-03 00:00:00+00:00,/orders,1,478.0,434.66441666666657,RF,20260910T174657Z,2026-08-02 23:00:00+00:00
2026-08-03 05:00:00+00:00,/orders,6,463.0,442.3214583333335,RF,20260910T174657Z,2026-08-02 23:00:00+00:00
2026-08-03 11:00:00+00:00,/orders,12,716.0,616.164246031746,RF,20260910T174657Z,2026-08-02 23:00:00+00:00
2026-08-03 01:00:00+00:00,/orders,1,354.0,472.6789107142861,RF,20260910T174657Z,2026-08-03 00:00:00+00:00
2026-08-03 06:00:00+00:00,/orders,6,453.0,444.71631547619035,RF,20260910T174657Z,2026-08-03 00:00:00+00:00
2026-08-03 12:00:00+00:00,/orders,12,672.0,610.2347896825397,RF,20260910T174657Z,2026-08-03 00:00:00+00:00
2026-08-03 02:00:00+00:00,/orders,1,433.0,396.4998035714285,RF,20260910T174657Z,2026-08-03 01:00:00+00:00
2026-08-03 07:00:00+00:00,/orders,6,512.0,492.17913888888893,RF,20260910T174657Z,2026-08-03 01:00:00+00:00
2026-08-03 13:00:00+00:00,/orders,12,683.0,619.6107142857144,RF,20260910T174657Z,2026-08-03 01:00:00+00:00
2026-08-03 03:00:00+00:00,/orders,1,383.0,432.66502579365084,RF,20260910T174657Z,2026-08-03 02:00:00+00:00
2026-08-03 08:00:00+00:00,/orders,6,538.0,517.8008690476189,RF,20260910T174657Z,2026-08-03 02:00:00+00:00
2026-08-03 14:00:00+00:00,/orders,12,763.0,624.348380952381,RF,20260910T174657Z,2026-08-03 02:00:00+00:00
2026-08-03 04:00:00+00:00,/orders,1,494.0,407.305380952381,RF,20260910T174657Z,2026-08-03 03:00:00+00:00
2026-08-03 09:00:00+00:00,/orders,6,655.0,556.0134404761905,RF,20260910T174657Z,2026-08-03 03:00:00+00:00
2026-08-03 15:00:00+00:00,/orders,12,691.0,638.5994325396827,RF,20260910T174657Z,2026-08-03 03:00:00+00:00
2026-08-03 05:00:00+00:00,/orders,1,463.0,474.29029960317484,RF,20260910T174657Z,2026-08-03 04:00:00+00:00
2026-08-03 10:00:00+00:00,/orders,6,789.0,530.7538928571429,RF,20260910T174657Z,2026-08-03 04:00:00+00:00
2026-08-03 16:00:00+00:00,/orders,12,670.0,637.3447003968255,RF,20260910T174657Z,2026-08-03 04:00:00+00:00
2026-08-03 06:00:00+00:00,/orders,1,453.0,470.29311507936495,RF,20260910T174657Z,2026-08-03 05:00:00+00:00
2026-08-03 11:00:00+00:00,/orders,6,716.0,611.5747698412699,RF,20260910T174657Z,2026-08-03 05:00:00+00:00
2026-08-03 17:00:00+00:00,/orders,12,756.0,707.1146428571427,RF,20260910T174657Z,2026-08-03 05:00:00+00:00
2026-08-03 07:00:00+00:00,/orders,1,512.0,475.3052499999999,RF,20260910T174657Z,2026-08-03 06:00:00+00:00
2026-08-03 12:00:00+00:00,/orders,6,672.0,613.8333730158731,RF,20260910T174657Z,2026-08-03 06:00:00+00:00
2026-08-03 18:00:00+00:00,/orders,12,697.0,615.0526349206352,RF,20260910T174657Z,2026-08-03 06:00:00+00:00
2026-08-03 08:00:00+00:00,/orders,1,538.0,542.3696428571426,RF,20260910T174657Z,2026-08-03 07:00:00+00:00
2026-08-03 13:00:00+00:00,/orders,6,683.0,622.6462777777779,RF,20260910T174657Z,2026-08-03 07:00:00+00:00
2026-08-03 19:00:00+00:00,/orders,12,698.0,570.2155515873015,RF,20260910T174657Z,2026-08-03 07:00:00+00:00
2026-08-03 09:00:00+00:00,/orders,1,655.0,546.8198511904762,RF,20260910T174657Z,2026-08-03 08:00:00+00:00
2026-08-03 14:00:00+00:00,/orders,6,763.0,587.8470714285716,RF,20260910T174657Z,2026-08-03 08:00:00+00:00
2026-08-03 20:00:00+00:00,/orders,12,676.0,474.93780952380956,RF,20260910T174657Z,2026-08-03 08:00:00+00:00
2026-08-03 10:00:00+00:00,/orders,1,789.0,694.2005674603175,RF,20260910T174657Z,2026-08-03 09:00:00+00:00
2026-08-03 15:00:00+00:00,/orders,6,691.0,765.5706746031744,RF,20260910T174657Z,2026-08-03 09:00:00+00:00
2026-08-03 21:00:00+00:00,/orders,12,552.0,498.54406349206346,RF,20260910T174657Z,2026-08-03 09:00:00+00:00
2026-08-03 11:00:00+00:00,/orders,1,716.0,729.5170297619047,RF,20260910T174657Z,2026-08-03 10:00:00+00:00
2026-08-03 16:00:00+00:00,/orders,6,670.0,771.8002579365077,RF,20260910T174657Z,2026-08-03 10:00:00+00:00
2026-08-03 22:00:00+00:00,/orders,12,440.0,489.3972738095239,RF,20260910T174657Z,2026-08-03 10:00:00+00:00
2026-08-03 12:00:00+00:00,/orders,1,672.0,736.88823015873,RF,20260910T174657Z,2026-08-03 11:00:00+00:00
2026-08-03 17:00:00+00:00,/orders,6,756.0,761.2143611111111,RF,20260910T174657Z,2026-08-03 11:00:00+00:00
2026-08-03 23:00:00+00:00,/orders,12,502.0,448.46370833333333,RF,20260910T174657Z,2026-08-03 11:00:00+00:00
2026-08-03 13:00:00+00:00,/orders,1,683.0,752.6272738095236,RF,20260910T174657Z,2026-08-03 12:00:00+00:00
2026-08-03 18:00:00+00:00,/orders,6,697.0,634.9674464285715,RF,20260910T174657Z,2026-08-03 12:00:00+00:00
2026-08-04 00:00:00+00:00,/orders,12,431.0,450.40706349206346,RF,20260910T174657Z,2026-08-03 12:00:00+00:00
2026-08-03 14:00:00+00:00,/orders,1,763.0,751.7503849206347,RF,20260910T174657Z,2026-08-03 13:00:00+00:00
2026-08-03 19:00:00+00:00,/orders,6,698.0,585.9351111111109,RF,20260910T174657Z,2026-08-03 13:00:00+00:00
2026-08-04 01:00:00+00:00,/orders,12,468.0,423.97593253968256,RF,20260910T174657Z,2026-08-03 13:00:00+00:00
2026-08-03 15:00:00+00:00,/orders,1,691.0,758.5577142857143,RF,20260910T174657Z,2026-08-03 14:00:00+00:00
2026-08-03 20:00:00+00:00,/orders,6,676.0,519.6621190476191,RF,20260910T174657Z,2026-08-03 14:00:00+00:00
2026-08-04 02:00:00+00:00,/orders,12,374.0,432.2373313492063,RF,20260910T174657Z,2026-08-03 14:00:00+00:00
2026-08-03 16:00:00+00:00,/orders,1,670.0,745.1760912698411,RF,20260910T174657Z,2026-08-03 15:00:00+00:00
2026-08-03 21:00:00+00:00,/orders,6,552.0,498.89443253968244,RF,20260910T174657Z,2026-08-03 15:00:00+00:00
2026-08-04 03:00:00+00:00,/orders,12,436.0,443.26887500000004,RF,20260910T174657Z,2026-08-03 15:00:00+00:00
2026-08-03 17:00:00+00:00,/orders,1,756.0,747.0134206349203,RF,20260910T174657Z,2026-08-03 16:00:00+00:00
2026-08-03 22:00:00+00:00,/orders,6,440.0,470.3621428571428,RF,20260910T174657Z,2026-08-03 16:00:00+00:00
2026-08-04 04:00:00+00:00,/orders,12,461.0,455.1448690476191,RF,20260910T174657Z,2026-08-03 16:00:00+00:00
2026-08-03 18:00:00+00:00,/orders,1,697.0,630.9164980158733,RF,20260910T174657Z,2026-08-03 17:00:00+00:00
2026-08-03 23:00:00+00:00,/orders,6,502.0,442.2347023809522,RF,20260910T174657Z,2026-08-03 17:00:00+00:00
2026-08-04 05:00:00+00:00,/orders,12,501.0,463.53926190476204,RF,20260910T174657Z,2026-08-03 17:00:00+00:00
2026-08-01 12:00:00+00:00,/orders,1,613.0,502.0,Persistence,20260910T174657Z,2026-08-01 11:00:00+00:00
2026-08-01 17:00:00+00:00,/orders,6,446.0,502.0,Persistence,20260910T174657Z,2026-08-01 11:00:00+00:00
2026-08-01 23:00:00+00:00,/orders,12,347.0,502.0,Persistence,20260910T174657Z,2026-08-01 11:00:00+00:00
2026-08-01 13:00:00+00:00,/orders,1,538.0,613.0,Persistence,20260910T174657Z,2026-08-01 12:00:00+00:00
2026-08-01 18:00:00+00:00,/orders,6,497.0,613.0,Persistence,20260910T174657Z,2026-08-01 12:00:00+00:00
2026-08-02 00:00:00+00:00,/orders,12,167.0,613.0,Persistence,20260910T174657Z,2026-08-01 12:00:00+00:00
2026-08-01 14:00:00+00:00,/orders,1,491.0,538.0,Persistence,20260910T174657Z,2026-08-01 13:00:00+00:00
2026-08-01 19:00:00+00:00,/orders,6,499.0,538.0,Persistence,20260910T174657Z,2026-08-01 13:00:00+00:00
2026-08-02 01:00:00+00:00,/orders,12,215.0,538.0,Persistence,20260910T174657Z,2026-08-01 13:00:00+00:00
2026-08-01 15:00:00+00:00,/orders,1,534.0,491.0,Persistence,20260910T174657Z,2026-08-01 14:00:00+00:00
2026-08-01 20:00:00+00:00,/orders,6,449.0,491.0,Persistence,20260910T174657Z,2026-08-01 14:00:00+00:00
2026-08-02 02:00:00+00:00,/orders,12,262.0,491.0,Persistence,20260910T174657Z,2026-08-01 14:00:00+00:00
2026-08-01 16:00:00+00:00,/orders,1,579.0,534.0,Persistence,20260910T174657Z,2026-08-01 15:00:00+00:00
2026-08-01 21:00:00+00:00,/orders,6,334.0,534.0,Persistence,20260910T174657Z,2026-08-01 15:00:00+00:00
2026-08-02 03:00:00+00:00,/orders,12,384.0,534.0,Persistence,20260910T174657Z,2026-08-01 15:00:00+00:00
2026-08-01 17:00:00+00:00,/orders,1,446.0,579.0,Persistence,20260910T174657Z,2026-08-01 16:00:00+00:00
2026-08-01 22:00:00+00:00,/orders,6,373.0,579.0,Persistence,20260910T174657Z,2026-08-01 16:00:00+00:00
2026-08-02 04:00:00+00:00,/orders,12,347.0,579.0,Persistence,20260910T174657Z,2026-08-01 16:00:00+00:00
2026-08-01 18:00:00+00:00,/orders,1,497.0,446.0,Persistence,20260910T174657Z,2026-08-01 17:00:00+00:00
2026-08-01 23:00:00+00:00,/orders,6,347.0,446.0,Persistence,20260910T174657Z,2026-08-01 17:00:00+00:00
2026-08-02 05:00:00+00:00,/orders,12,336.0,446.0,Persistence,20260910T174657Z,2026-08-01 17:00:00+00:00
2026-08-01 19:00:00+00:00,/orders,1,499.0,497.0,Persistence,20260910T174657Z,2026-08-01 18:00:00+00:00
2026-08-02 00:00:00+00:00,/orders,6,167.0,497.0,Persistence,20260910T174657Z,2026-08-01 18:00:00+00:00
2026-08-02 06:00:00+00:00,/orders,12,347.0,497.0,Persistence,20260910T174657Z,2026-08-01 18:00:00+00:00
2026-08-01 20:00:00+00:00,/orders,1,449.0,499.0,Persistence,20260910T174657Z,2026-08-01 19:00:00+00:00
2026-08-02 01:00:00+00:00,/orders,6,215.0,499.0,Persistence,20260910T174657Z,2026-08-01 19:00:00+00:00
2026-08-02 07:00:00+00:00,/orders,12,328.0,499.0,Persistence,20260910T174657Z,2026-08-01 19:00:00+00:00
2026-08-01 21:00:00+00:00,/orders,1,334.0,449.0,Persistence,20260910T174657Z,2026-08-01 20:00:00+00:00
2026-08-02 02:00:00+00:00,/orders,6,262.0,449.0,Persistence,20260910T174657Z,2026-08-01 20:00:00+00:00
2026-08-02 08:00:00+00:00,/orders,12,439.0,449.0,Persistence,20260910T174657Z,2026-08-01 20:00:00+00:00
2026-08-01 22:00:00+00:00,/orders,1,373.0,334.0,Persistence,20260910T174657Z,2026-08-01 21:00:00+00:00
2026-08-02 03:00:00+00:00,/orders,6,384.0,334.0,Persistence,20260910T174657Z,2026-08-01 21:00:00+00:00
2026-08-02 09:00:00+00:00,/orders,12,454.0,334.0,Persistence,20260910T174657Z,2026-08-01 21:00:00+00:00
2026-08-01 23:00:00+00:00,/orders,1,347.0,373.0,Persistence,20260910T174657Z,2026-08-01 22:00:00+00:00
2026-08-02 04:00:00+00:00,/orders,6,347.0,373.0,Persistence,20260910T174657Z,2026-08-01 22:00:00+00:00
2026-08-02 10:00:00+00:00,/orders,12,420.0,373.0,Persistence,20260910T174657Z,2026-08-01 22:00:00+00:00
2026-08-02 00:00:00+00:00,/orders,1,167.0,347.0,Persistence,20260910T174657Z,2026-08-01 23:00:00+00:00
2026-08-02 05:00:00+00:00,/orders,6,336.0,347.0,Persistence,20260910T174657Z,2026-08-01 23:00:00+00:00
2026-08-02 11:00:00+00:00,/orders,12,607.0,347.0,Persistence,20260910T174657Z,2026-08-01 23:00:00+00:00
2026-08-02 01:00:00+00:00,/orders,1,215.0,167.0,Persistence,20260910T174657Z,2026-08-02 00:00:00+00:00
2026-08-02 06:00:00+00:00,/orders,6,347.0,167.0,Persistence,20260910T174657Z,2026-08-02 00:00:00+00:00
2026-08-02 12:00:00+00:00,/orders,12,534.0,167.0,Persistence,20260910T174657Z,2026-08-02 00:00:00+00:00
2026-08-02 02:00:00+00:00,/orders,1,262.0,215.0,Persistence,20260910T174657Z,2026-08-02 01:00:00+00:00
2026-08-02 07:00:00+00:00,/orders,6,328.0,215.0,Persistence,20260910T174657Z,2026-08-02 01:00:00+00:00
2026-08-02 13:00:00+00:00,/orders,12,572.0,215.0,Persistence,20260910T174657Z,2026-08-02 01:00:00+00:00
2026-08-02 03:00:00+00:00,/orders,1,384.0,262.0,Persistence,20260910T174657Z,2026-08-02 02:00:00+00:00
2026-08-02 08:00:00+00:00,/orders,6,439.0,262.0,Persistence,20260910T174657Z,2026-08-02 02:00:00+00:00
2026-08-02 14:00:00+00:00,/orders,12,500.0,262.0,Persistence,20260910T174657Z,2026-08-02 02:00:00+00:00
2026-08-02 04:00:00+00:00,/orders,1,347.0,384.0,Persistence,20260910T174657Z,2026-08-02 03:00:00+00:00
2026-08-02 09:00:00+00:00,/orders,6,454.0,384.0,Persistence,20260910T174657Z,2026-08-02 03:00:00+00:00
2026-08-02 15:00:00+00:00,/orders,12,485.0,384.0,Persistence,20260910T174657Z,2026-08-02 03:00:00+00:00
2026-08-02 05:00:00+00:00,/orders,1,336.0,347.0,Persistence,20260910T174657Z,2026-08-02 04:00:00+00:00
2026-08-02 10:00:00+00:00,/orders,6,420.0,347.0,Persistence,20260910T174657Z,2026-08-02 04:00:00+00:00
2026-08-02 16:00:00+00:00,/orders,12,567.0,347.0,Persistence,20260910T174657Z,2026-08-02 04:00:00+00:00
2026-08-02 06:00:00+00:00,/orders,1,347.0,336.0,Persistence,20260910T174657Z,2026-08-02 05:00:00+00:00
2026-08-02 11:00:00+00:00,/orders,6,607.0,336.0,Persistence,20260910T174657Z,2026-08-02 05:00:00+00:00
2026-08-02 17:00:00+00:00,/orders,12,476.0,336.0,Persistence,20260910T174657Z,2026-08-02 05:00:00+00:00
2026-08-02 07:00:00+00:00,/orders,1,328.0,347.0,Persistence,20260910T174657Z,2026-08-02 06:00:00+00:00
2026-08-02 12:00:00+00:00,/orders,6,534.0,347.0,Persistence,20260910T174657Z,2026-08-02 06:00:00+00:00
2026-08-02 18:00:00+00:00,/orders,12,521.0,347.0,Persistence,20260910T174657Z,2026-08-02 06:00:00+00:00
2026-08-02 08:00:00+00:00,/orders,1,439.0,328.0,Persistence,20260910T174657Z,2026-08-02 07:00:00+00:00
2026-08-02 13:00:00+00:00,/orders,6,572.0,328.0,Persistence,20260910T174657Z,2026-08-02 07:00:00+00:00
2026-08-02 19:00:00+00:00,/orders,12,399.0,328.0,Persistence,20260910T174657Z,2026-08-02 07:00:00+00:00
2026-08-02 09:00:00+00:00,/orders,1,454.0,439.0,Persistence,20260910T174657Z,2026-08-02 08:00:00+00:00
2026-08-02 14:00:00+00:00,/orders,6,500.0,439.0,Persistence,20260910T174657Z,2026-08-02 08:00:00+00:00
2026-08-02 20:00:00+00:00,/orders,12,384.0,439.0,Persistence,20260910T174657Z,2026-08-02 08:00:00+00:00
2026-08-02 10:00:00+00:00,/orders,1,420.0,454.0,Persistence,20260910T174657Z,2026-08-02 09:00:00+00:00
2026-08-02 15:00:00+00:00,/orders,6,485.0,454.0,Persistence,20260910T174657Z,2026-08-02 09:00:00+00:00
2026-08-02 21:00:00+00:00,/orders,12,428.0,454.0,Persistence,20260910T174657Z,2026-08-02 09:00:00+00:00
2026-08-02 11:00:00+00:00,/orders,1,607.0,420.0,Persistence,20260910T174657Z,2026-08-02 10:00:00+00:00
2026-08-02 16:00:00+00:00,/orders,6,567.0,420.0,Persistence,20260910T174657Z,2026-08-02 10:00:00+00:00
2026-08-02 22:00:00+00:00,/orders,12,325.0,420.0,Persistence,20260910T174657Z,2026-08-02 10:00:00+00:00
2026-08-02 12:00:00+00:00,/orders,1,534.0,607.0,Persistence,20260910T174657Z,2026-08-02 11:00:00+00:00
2026-08-02 17:00:00+00:00,/orders,6,476.0,607.0,Persistence,20260910T174657Z,2026-08-02 11:00:00+00:00
2026-08-02 23:00:00+00:00,/orders,12,355.0,607.0,Persistence,20260910T174657Z,2026-08-02 11:00:00+00:00
2026-08-02 13:00:00+00:00,/orders,1,572.0,534.0,Persistence,20260910T174657Z,2026-08-02 12:00:00+00:00
2026-08-02 18:00:00+00:00,/orders,6,521.0,534.0,Persistence,20260910T174657Z,2026-08-02 12:00:00+00:00
2026-08-03 00:00:00+00:00,/orders,12,478.0,534.0,Persistence,20260910T174657Z,2026-08-02 12:00:00+00:00
2026-08-02 14:00:00+00:00,/orders,1,500.0,572.0,Persistence,20260910T174657Z,2026-08-02 13:00:00+00:00
2026-08-02 19:00:00+00:00,/orders,6,399.0,572.0,Persistence,20260910T174657Z,2026-08-02 13:00:00+00:00
2026-08-03 01:00:00+00:00,/orders,12,354.0,572.0,Persistence,20260910T174657Z,2026-08-02 13:00:00+00:00
2026-08-02 15:00:00+00:00,/orders,1,485.0,500.0,Persistence,20260910T174657Z,2026-08-02 14:00:00+00:00
2026-08-02 20:00:00+00:00,/orders,6,384.0,500.0,Persistence,20260910T174657Z,2026-08-02 14:00:00+00:00
2026-08-03 02:00:00+00:00,/orders,12,433.0,500.0,Persistence,20260910T174657Z,2026-08-02 14:00:00+00:00
2026-08-02 16:00:00+00:00,/orders,1,567.0,485.0,Persistence,20260910T174657Z,2026-08-02 15:00:00+00:00
2026-08-02 21:00:00+00:00,/orders,6,428.0,485.0,Persistence,20260910T174657Z,2026-08-02 15:00:00+00:00
2026-08-03 03:00:00+00:00,/orders,12,383.0,485.0,Persistence,20260910T174657Z,2026-08-02 15:00:00+00:00
2026-08-02 17:00:00+00:00,/orders,1,476.0,567.0,Persistence,20260910T174657Z,2026-08-02 16:00:00+00:00
2026-08-02 22:00:00+00:00,/orders,6,325.0,567.0,Persistence,20260910T174657Z,2026-08-02 16:00:00+00:00
2026-08-03 04:00:00+00:00,/orders,12,494.0,567.0,Persistence,20260910T174657Z,2026-08-02 16:00:00+00:00
2026-08-02 18:00:00+00:00,/orders,1,521.0,476.0,Persistence,20260910T174657Z,2026-08-02 17:00:00+00:00
2026-08-02 23:00:00+00:00,/orders,6,355.0,476.0,Persistence,20260910T174657Z,2026-08-02 17:00:00+00:00
2026-08-03 05:00:00+00:00,/orders,12,463.0,476.0,Persistence,20260910T174657Z,2026-08-02 17:00:00+00:00
2026-08-02 19:00:00+00:00,/orders,1,399.0,521.0,Persistence,20260910T174657Z,2026-08-02 18:00:00+00:00
2026-08-03 00:00:00+00:00,/orders,6,478.0,521.0,Persistence,20260910T174657Z,2026-08-02 18:00:00+00:00
2026-08-03 06:00:00+00:00,/orders,12,453.0,521.0,Persistence,20260910T174657Z,2026-08-02 18:00:00+00:00
2026-08-02 20:00:00+00:00,/orders,1,384.0,399.0,Persistence,20260910T174657Z,2026-08-02 19:00:00+00:00
2026-08-03 01:00:00+00:00,/orders,6,354.0,399.0,Persistence,20260910T174657Z,2026-08-02 19:00:00+00:00
2026-08-03 07:00:00+00:00,/orders,12,512.0,399.0,Persistence,20260910T174657Z,2026-08-02 19:00:00+00:00
2026-08-02 21:00:00+00:00,/orders,1,428.0,384.0,Persistence,20260910T174657Z,2026-08-02 20:00:00+00:00
2026-08-03 02:00:00+00:00,/orders,6,433.0,384.0,Persistence,20260910T174657Z,2026-08-02 20:00:00+00:00
2026-08-03 08:00:00+00:00,/orders,12,538.0,384.0,Persistence,20260910T174657Z,2026-08-02 20:00:00+00:00
2026-08-02 22:00:00+00:00,/orders,1,325.0,428.0,Persistence,20260910T174657Z,2026-08-02 21:00:00+00:00
2026-08-03 03:00:00+00:00,/orders,6,383.0,428.0,Persistence,20260910T174657Z,2026-08-02 21:00:00+00:00
2026-08-03 09:00:00+00:00,/orders,12,655.0,428.0,Persistence,20260910T174657Z,2026-08-02 21:00:00+00:00
2026-08-02 23:00:00+00:00,/orders,1,355.0,325.0,Persistence,20260910T174657Z,2026-08-02 22:00:00+00:00
2026-08-03 04:00:00+00:00,/orders,6,494.0,325.0,Persistence,20260910T174657Z,2026-08-02 22:00:00+00:00
2026-08-03 10:00:00+00:00,/orders,12,789.0,325.0,Persistence,20260910T174657Z,2026-08-02 22:00:00+00:00
2026-08-03 00:00:00+00:00,/orders,1,478.0,355.0,Persistence,20260910T174657Z,2026-08-02 23:00:00+00:00
2026-08-03 05:00:00+00:00,/orders,6,463.0,355.0,Persistence,20260910T174657Z,2026-08-02 23:00:00+00:00
2026-08-03 11:00:00+00:00,/orders,12,716.0,355.0,Persistence,20260910T174657Z,2026-08-02 23:00:00+00:00
2026-08-03 01:00:00+00:00,/orders,1,354.0,478.0,Persistence,20260910T174657Z,2026-08-03 00:00:00+00:00
2026-08-03 06:00:00+00:00,/orders,6,453.0,478.0,Persistence,20260910T174657Z,2026-08-03 00:00:00+00:00
2026-08-03 12:00:00+00:00,/orders,12,672.0,478.0,Persistence,20260910T174657Z,2026-08-03 00:00:00+00:00
2026-08-03 02:00:00+00:00,/orders,1,433.0,354.0,Persistence,20260910T174657Z,2026-08-03 01:00:00+00:00
2026-08-03 07:00:00+00:00,/orders,6,512.0,354.0,Persistence,20260910T174657Z,2026-08-03 01:00:00+00:00
2026-08-03 13:00:00+00:00,/orders,12,683.0,354.0,Persistence,20260910T174657Z,2026-08-03 01:00:00+00:00
2026-08-03 03:00:00+00:00,/orders,1,383.0,433.0,Persistence,20260910T174657Z,2026-08-03 02:00:00+00:00
2026-08-03 08:00:00+00:00,/orders,6,538.0,433.0,Persistence,20260910T174657Z,2026-08-03 02:00:00+00:00
2026-08-03 14:00:00+00:00,/orders,12,763.0,433.0,Persistence,20260910T174657Z,2026-08-03 02:00:00+00:00
2026-08-03 04:00:00+00:00,/orders,1,494.0,383.0,Persistence,20260910T174657Z,2026-08-03 03:00:00+00:00
2026-08-03 09:00:00+00:00,/orders,6,655.0,383.0,Persistence,20260910T174657Z,2026-08-03 03:00:00+00:00
2026-08-03 15:00:00+00:00,/orders,12,691.0,383.0,Persistence,20260910T174657Z,2026-08-03 03:00:00+00:00
2026-08-03 05:00:00+00:00,/orders,1,463.0,494.0,Persistence,20260910T174657Z,2026-08-03 04:00:00+00:00
2026-08-03 10:00:00+00:00,/orders,6,789.0,494.0,Persistence,20260910T174657Z,2026-08-03 04:00:00+00:00
2026-08-03 16:00:00+00:00,/orders,12,670.0,494.0,Persistence,20260910T174657Z,2026-08-03 04:00:00+00:00
2026-08-03 06:00:00+00:00,/orders,1,453.0,463.0,Persistence,20260910T174657Z,2026-08-03 05:00:00+00:00
2026-08-03 11:00:00+00:00,/orders,6,716.0,463.0,Persistence,20260910T174657Z,2026-08-03 05:00:00+00:00
2026-08-03 17:00:00+00:00,/orders,12,756.0,463.0,Persistence,20260910T174657Z,2026-08-03 05:00:00+00:00
2026-08-03 07:00:00+00:00,/orders,1,512.0,453.0,Persistence,20260910T174657Z,2026-08-03 06:00:00+00:00
2026-08-03 12:00:00+00:00,/orders,6,672.0,453.0,Persistence,20260910T174657Z,2026-08-03 06:00:00+00:00
2026-08-03 18:00:00+00:00,/orders,12,697.0,453.0,Persistence,20260910T174657Z,2026-08-03 06:00:00+00:00
2026-08-03 08:00:00+00:00,/orders,1,538.0,512.0,Persistence,20260910T174657Z,2026-08-03 07:00:00+00:00
2026-08-03 13:00:00+00:00,/orders,6,683.0,512.0,Persistence,20260910T174657Z,2026-08-03 07:00:00+00:00
2026-08-03 19:00:00+00:00,/orders,12,698.0,512.0,Persistence,20260910T174657Z,2026-08-03 07:00:00+00:00
2026-08-03 09:00:00+00:00,/orders,1,655.0,538.0,Persistence,20260910T174657Z,2026-08-03 08:00:00+00:00
2026-08-03 14:00:00+00:00,/orders,6,763.0,538.0,Persistence,20260910T174657Z,2026-08-03 08:00:00+00:00
2026-08-03 20:00:00+00:00,/orders,12,676.0,538.0,Persistence,20260910T174657Z,2026-08-03 08:00:00+00:00
2026-08-03 10:00:00+00:00,/orders,1,789.0,655.0,Persistence,20260910T174657Z,2026-08-03 09:00:00+00:00
2026-08-03 15:00:00+00:00,/orders,6,691.0,655.0,Persistence,20260910T174657Z,2026-08-03 09:00:00+00:00
2026-08-03 21:00:00+00:00,/orders,12,552.0,655.0,Persistence,20260910T174657Z,2026-08-03 09:00:00+00:00
2026-08-03 11:00:00+00:00,/orders,1,716.0,789.0,Persistence,20260910T174657Z,2026-08-03 10:00:00+00:00
2026-08-03 16:00:00+00:00,/orders,6,670.0,789.0,Persistence,20260910T174657Z,2026-08-03 10:00:00+00:00
2026-08-03 22:00:00+00:00,/orders,12,440.0,789.0,Persistence,20260910T174657Z,2026-08-03 10:00:00+00:00
2026-08-03 12:00:00+00:00,/orders,1,672.0,716.0,Persistence,20260910T174657Z,2026-08-03 11:00:00+00:00
2026-08-03 17:00:00+00:00,/orders,6,756.0,716.0,Persistence,20260910T174657Z,2026-08-03 11:00:00+00:00
2026-08-03 23:00:00+00:00,/orders,12,502.0,716.0,Persistence,20260910T174657Z,2026-08-03 11:00:00+00:00
2026-08-03 13:00:00+00:00,/orders,1,683.0,672.0,Persistence,20260910T174657Z,2026-08-03 12:00:00+00:00
2026-08-03 18:00:00+00:00,/orders,6,697.0,672.0,Persistence,20260910T174657Z,2026-08-03 12:00:00+00:00
2026-08-04 00:00:00+00:00,/orders,12,431.0,672.0,Persistence,20260910T174657Z,2026-08-03 12:00:00+00:00
2026-08-03 14:00:00+00:00,/orders,1,763.0,683.0,Persistence,20260910T174657Z,2026-08-03 13:00:00+00:00
2026-08-03 19:00:00+00:00,/orders,6,698.0,683.0,Persistence,20260910T174657Z,2026-08-03 13:00:00+00:00
2026-08-04 01:00:00+00:00,/orders,12,468.0,683.0,Persistence,20260910T174657Z,2026-08-03 13:00:00+00:00
2026-08-03 15:00:00+00:00,/orders,1,691.0,763.0,Persistence,20260910T174657Z,2026-08-03 14:00:00+00:00
2026-08-03 20:00:00+00:00,/orders,6,676.0,763.0,Persistence,20260910T174657Z,2026-08-03 14:00:00+00:00
2026-08-04 02:00:00+00:00,/orders,12,374.0,763.0,Persistence,20260910T174657Z,2026-08-03 14:00:00+00:00
2026-08-03 16:00:00+00:00,/orders,1,670.0,691.0,Persistence,20260910T174657Z,2026-08-03 15:00:00+00:00
2026-08-03 21:00:00+00:00,/orders,6,552.0,691.0,Persistence,20260910T174657Z,2026-08-03 15:00:00+00:00
2026-08-04 03:00:00+00:00,/orders,12,436.0,691.0,Persistence,20260910T174657Z,2026-08-03 15:00:00+00:00
2026-08-03 17:00:00+00:00,/orders,1,756.0,670.0,Persistence,20260910T174657Z,2026-08-03 16:00:00+00:00
2026-08-03 22:00:00+00:00,/orders,6,440.0,670.0,Persistence,20260910T174657Z,2026-08-03 16:00:00+00:00
2026-08-04 04:00:00+00:00,/orders,12,461.0,670.0,Persistence,20260910T174657Z,2026-08-03 16:00:00+00:00
2026-08-03 18:00:00+00:00,/orders,1,697.0,756.0,Persistence,20260910T174657Z,2026-08-03 17:00:00+00:00
2026-08-03 23:00:00+00:00,/orders,6,502.0,756.0,Persistence,20260910T174657Z,2026-08-03 17:00:00+00:00
2026-08-04 05:00:00+00:00,/orders,12,501.0,756.0,Persistence,20260910T174657Z,2026-08-03 17:00:00+00:00
2026-08-01 12:00:00+00:00,/orders,1,613.0,706.0,SeasonalNaive,20260910T174657Z,2026-08-01 11:00:00+00:00
2026-08-01 17:00:00+00:00,/orders,6,446.0,665.0,SeasonalNaive,20260910T174657Z,2026-08-01 11:00:00+00:00
2026-08-01 23:00:00+00:00,/orders,12,347.0,375.0,SeasonalNaive,20260910T174657Z,2026-08-01 11:00:00+00:00
2026-08-01 13:00:00+00:00,/orders,1,538.0,705.0,SeasonalNaive,20260910T174657Z,2026-08-01 12:00:00+00:00
2026-08-01 18:00:00+00:00,/orders,6,497.0,672.0,SeasonalNaive,20260910T174657Z,2026-08-01 12:00:00+00:00
2026-08-02 00:00:00+00:00,/orders,12,167.0,259.0,SeasonalNaive,20260910T174657Z,2026-08-01 12:00:00+00:00
2026-08-01 14:00:00+00:00,/orders,1,491.0,717.0,SeasonalNaive,20260910T174657Z,2026-08-01 13:00:00+00:00
2026-08-01 19:00:00+00:00,/orders,6,499.0,619.0,SeasonalNaive,20260910T174657Z,2026-08-01 13:00:00+00:00
2026-08-02 01:00:00+00:00,/orders,12,215.0,393.0,SeasonalNaive,20260910T174657Z,2026-08-01 13:00:00+00:00
2026-08-01 15:00:00+00:00,/orders,1,534.0,717.0,SeasonalNaive,20260910T174657Z,2026-08-01 14:00:00+00:00
2026-08-01 20:00:00+00:00,/orders,6,449.0,620.0,SeasonalNaive,20260910T174657Z,2026-08-01 14:00:00+00:00
2026-08-02 02:00:00+00:00,/orders,12,262.0,240.0,SeasonalNaive,20260910T174657Z,2026-08-01 14:00:00+00:00
2026-08-01 16:00:00+00:00,/orders,1,579.0,722.0,SeasonalNaive,20260910T174657Z,2026-08-01 15:00:00+00:00
2026-08-01 21:00:00+00:00,/orders,6,334.0,587.0,SeasonalNaive,20260910T174657Z,2026-08-01 15:00:00+00:00
2026-08-02 03:00:00+00:00,/orders,12,384.0,264.0,SeasonalNaive,20260910T174657Z,2026-08-01 15:00:00+00:00
2026-08-01 17:00:00+00:00,/orders,1,446.0,665.0,SeasonalNaive,20260910T174657Z,2026-08-01 16:00:00+00:00
2026-08-01 22:00:00+00:00,/orders,6,373.0,543.0,SeasonalNaive,20260910T174657Z,2026-08-01 16:00:00+00:00
2026-08-02 04:00:00+00:00,/orders,12,347.0,443.0,SeasonalNaive,20260910T174657Z,2026-08-01 16:00:00+00:00
2026-08-01 18:00:00+00:00,/orders,1,497.0,672.0,SeasonalNaive,20260910T174657Z,2026-08-01 17:00:00+00:00
2026-08-01 23:00:00+00:00,/orders,6,347.0,375.0,SeasonalNaive,20260910T174657Z,2026-08-01 17:00:00+00:00
2026-08-02 05:00:00+00:00,/orders,12,336.0,341.0,SeasonalNaive,20260910T174657Z,2026-08-01 17:00:00+00:00
2026-08-01 19:00:00+00:00,/orders,1,499.0,619.0,SeasonalNaive,20260910T174657Z,2026-08-01 18:00:00+00:00
2026-08-02 00:00:00+00:00,/orders,6,167.0,259.0,SeasonalNaive,20260910T174657Z,2026-08-01 18:00:00+00:00
2026-08-02 06:00:00+00:00,/orders,12,347.0,345.0,SeasonalNaive,20260910T174657Z,2026-08-01 18:00:00+00:00
2026-08-01 20:00:00+00:00,/orders,1,449.0,620.0,SeasonalNaive,20260910T174657Z,2026-08-01 19:00:00+00:00
2026-08-02 01:00:00+00:00,/orders,6,215.0,393.0,SeasonalNaive,20260910T174657Z,2026-08-01 19:00:00+00:00
2026-08-02 07:00:00+00:00,/orders,12,328.0,462.0,SeasonalNaive,20260910T174657Z,2026-08-01 19:00:00+00:00
2026-08-01 21:00:00+00:00,/orders,1,334.0,587.0,SeasonalNaive,20260910T174657Z,2026-08-01 20:00:00+00:00
2026-08-02 02:00:00+00:00,/orders,6,262.0,240.0,SeasonalNaive,20260910T174657Z,2026-08-01 20:00:00+00:00
2026-08-02 08:00:00+00:00,/orders,12,439.0,459.0,SeasonalNaive,20260910T174657Z,2026-08-01 20:00:00+00:00
2026-08-01 22:00:00+00:00,/orders,1,373.0,543.0,SeasonalNaive,20260910T174657Z,2026-08-01 21:00:00+00:00
2026-08-02 03:00:00+00:00,/orders,6,384.0,264.0,SeasonalNaive,20260910T174657Z,2026-08-01 21:00:00+00:00
2026-08-02 09:00:00+00:00,/orders,12,454.0,456.0,SeasonalNaive,20260910T174657Z,2026-08-01 21:00:00+00:00
2026-08-01 23:00:00+00:00,/orders,1,347.0,375.0,SeasonalNaive,20260910T174657Z,2026-08-01 22:00:00+00:00
2026-08-02 04:00:00+00:00,/orders,6,347.0,443.0,SeasonalNaive,20260910T174657Z,2026-08-01 22:00:00+00:00
2026-08-02 10:00:00+00:00,/orders,12,420.0,511.0,SeasonalNaive,20260910T174657Z,2026-08-01 22:00:00+00:00
2026-08-02 00:00:00+00:00,/orders,1,167.0,259.0,SeasonalNaive,20260910T174657Z,2026-08-01 23:00:00+00:00
2026-08-02 05:00:00+00:00,/orders,6,336.0,341.0,SeasonalNaive,20260910T174657Z,2026-08-01 23:00:00+00:00
2026-08-02 11:00:00+00:00,/orders,12,607.0,502.0,SeasonalNaive,20260910T174657Z,2026-08-01 23:00:00+00:00
2026-08-02 01:00:00+00:00,/orders,1,215.0,393.0,SeasonalNaive,20260910T174657Z,2026-08-02 00:00:00+00:00
2026-08-02 06:00:00+00:00,/orders,6,347.0,345.0,SeasonalNaive,20260910T174657Z,2026-08-02 00:00:00+00:00
2026-08-02 12:00:00+00:00,/orders,12,534.0,613.0,SeasonalNaive,20260910T174657Z,2026-08-02 00:00:00+00:00
2026-08-02 02:00:00+00:00,/orders,1,262.0,240.0,SeasonalNaive,20260910T174657Z,2026-08-02 01:00:00+00:00
2026-08-02 07:00:00+00:00,/orders,6,328.0,462.0,SeasonalNaive,20260910T174657Z,2026-08-02 01:00:00+00:00
2026-08-02 13:00:00+00:00,/orders,12,572.0,538.0,SeasonalNaive,20260910T174657Z,2026-08-02 01:00:00+00:00
2026-08-02 03:00:00+00:00,/orders,1,384.0,264.0,SeasonalNaive,20260910T174657Z,2026-08-02 02:00:00+00:00
2026-08-02 08:00:00+00:00,/orders,6,439.0,459.0,SeasonalNaive,20260910T174657Z,2026-08-02 02:00:00+00:00
2026-08-02 14:00:00+00:00,/orders,12,500.0,491.0,SeasonalNaive,20260910T174657Z,2026-08-02 02:00:00+00:00
2026-08-02 04:00:00+00:00,/orders,1,347.0,443.0,SeasonalNaive,20260910T174657Z,2026-08-02 03:00:00+00:00
2026-08-02 09:00:00+00:00,/orders,6,454.0,456.0,SeasonalNaive,20260910T174657Z,2026-08-02 03:00:00+00:00
2026-08-02 15:00:00+00:00,/orders,12,485.0,534.0,SeasonalNaive,20260910T174657Z,2026-08-02 03:00:00+00:00
2026-08-02 05:00:00+00:00,/orders,1,336.0,341.0,SeasonalNaive,20260910T174657Z,2026-08-02 04:00:00+00:00
2026-08-02 10:00:00+00:00,/orders,6,420.0,511.0,SeasonalNaive,20260910T174657Z,2026-08-02 04:00:00+00:00
2026-08-02 16:00:00+00:00,/orders,12,567.0,579.0,SeasonalNaive,20260910T174657Z,2026-08-02 04:00:00+00:00
2026-08-02 06:00:00+00:00,/orders,1,347.0,345.0,SeasonalNaive,20260910T174657Z,2026-08-02 05:00:00+00:00
2026-08-02 11:00:00+00:00,/orders,6,607.0,502.0,SeasonalNaive,20260910T174657Z,2026-08-02 05:00:00+00:00
2026-08-02 17:00:00+00:00,/orders,12,476.0,446.0,SeasonalNaive,20260910T174657Z,2026-08-02 05:00:00+00:00
2026-08-02 07:00:00+00:00,/orders,1,328.0,462.0,SeasonalNaive,20260910T174657Z,2026-08-02 06:00:00+00:00
2026-08-02 12:00:00+00:00,/orders,6,534.0,613.0,SeasonalNaive,20260910T174657Z,2026-08-02 06:00:00+00:00
2026-08-02 18:00:00+00:00,/orders,12,521.0,497.0,SeasonalNaive,20260910T174657Z,2026-08-02 06:00:00+00:00
2026-08-02 08:00:00+00:00,/orders,1,439.0,459.0,SeasonalNaive,20260910T174657Z,2026-08-02 07:00:00+00:00
2026-08-02 13:00:00+00:00,/orders,6,572.0,538.0,SeasonalNaive,20260910T174657Z,2026-08-02 07:00:00+00:00
2026-08-02 19:00:00+00:00,/orders,12,399.0,499.0,SeasonalNaive,20260910T174657Z,2026-08-02 07:00:00+00:00
2026-08-02 09:00:00+00:00,/orders,1,454.0,456.0,SeasonalNaive,20260910T174657Z,2026-08-02 08:00:00+00:00
2026-08-02 14:00:00+00:00,/orders,6,500.0,491.0,SeasonalNaive,20260910T174657Z,2026-08-02 08:00:00+00:00
2026-08-02 20:00:00+00:00,/orders,12,384.0,449.0,SeasonalNaive,20260910T174657Z,2026-08-02 08:00:00+00:00
2026-08-02 10:00:00+00:00,/orders,1,420.0,511.0,SeasonalNaive,20260910T174657Z,2026-08-02 09:00:00+00:00
2026-08-02 15:00:00+00:00,/orders,6,485.0,534.0,SeasonalNaive,20260910T174657Z,2026-08-02 09:00:00+00:00
2026-08-02 21:00:00+00:00,/orders,12,428.0,334.0,SeasonalNaive,20260910T174657Z,2026-08-02 09:00:00+00:00
2026-08-02 11:00:00+00:00,/orders,1,607.0,502.0,SeasonalNaive,20260910T174657Z,2026-08-02 10:00:00+00:00
2026-08-02 16:00:00+00:00,/orders,6,567.0,579.0,SeasonalNaive,20260910T174657Z,2026-08-02 10:00:00+00:00
2026-08-02 22:00:00+00:00,/orders,12,325.0,373.0,SeasonalNaive,20260910T174657Z,2026-08-02 10:00:00+00:00
2026-08-02 12:00:00+00:00,/orders,1,534.0,613.0,SeasonalNaive,20260910T174657Z,2026-08-02 11:00:00+00:00
2026-08-02 17:00:00+00:00,/orders,6,476.0,446.0,SeasonalNaive,20260910T174657Z,2026-08-02 11:00:00+00:00
2026-08-02 23:00:00+00:00,/orders,12,355.0,347.0,SeasonalNaive,20260910T174657Z,2026-08-02 11:00:00+00:00
2026-08-02 13:00:00+00:00,/orders,1,572.0,538.0,SeasonalNaive,20260910T174657Z,2026-08-02 12:00:00+00:00
2026-08-02 18:00:00+00:00,/orders,6,521.0,497.0,SeasonalNaive,20260910T174657Z,2026-08-02 12:00:00+00:00
2026-08-03 00:00:00+00:00,/orders,12,478.0,167.0,SeasonalNaive,20260910T174657Z,2026-08-02 12:00:00+00:00
2026-08-02 14:00:00+00:00,/orders,1,500.0,491.0,SeasonalNaive,20260910T174657Z,2026-08-02 13:00:00+00:00
2026-08-02 19:00:00+00:00,/orders,6,399.0,499.0,SeasonalNaive,20260910T174657Z,2026-08-02 13:00:00+00:00
2026-08-03 01:00:00+00:00,/orders,12,354.0,215.0,SeasonalNaive,20260910T174657Z,2026-08-02 13:00:00+00:00
2026-08-02 15:00:00+00:00,/orders,1,485.0,534.0,SeasonalNaive,20260910T174657Z,2026-08-02 14:00:00+00:00
2026-08-02 20:00:00+00:00,/orders,6,384.0,449.0,SeasonalNaive,20260910T174657Z,2026-08-02 14:00:00+00:00
2026-08-03 02:00:00+00:00,/orders,12,433.0,262.0,SeasonalNaive,20260910T174657Z,2026-08-02 14:00:00+00:00
2026-08-02 16:00:00+00:00,/orders,1,567.0,579.0,SeasonalNaive,20260910T174657Z,2026-08-02 15:00:00+00:00
2026-08-02 21:00:00+00:00,/orders,6,428.0,334.0,SeasonalNaive,20260910T174657Z,2026-08-02 15:00:00+00:00
2026-08-03 03:00:00+00:00,/orders,12,383.0,384.0,SeasonalNaive,20260910T174657Z,2026-08-02 15:00:00+00:00
2026-08-02 17:00:00+00:00,/orders,1,476.0,446.0,SeasonalNaive,20260910T174657Z,2026-08-02 16:00:00+00:00
2026-08-02 22:00:00+00:00,/orders,6,325.0,373.0,SeasonalNaive,20260910T174657Z,2026-08-02 16:00:00+00:00
2026-08-03 04:00:00+00:00,/orders,12,494.0,347.0,SeasonalNaive,20260910T174657Z,2026-08-02 16:00:00+00:00
2026-08-02 18:00:00+00:00,/orders,1,521.0,497.0,SeasonalNaive,20260910T174657Z,2026-08-02 17:00:00+00:00
2026-08-02 23:00:00+00:00,/orders,6,355.0,347.0,SeasonalNaive,20260910T174657Z,2026-08-02 17:00:00+00:00
2026-08-03 05:00:00+00:00,/orders,12,463.0,336.0,SeasonalNaive,20260910T174657Z,2026-08-02 17:00:00+00:00
2026-08-02 19:00:00+00:00,/orders,1,399.0,499.0,SeasonalNaive,20260910T174657Z,2026-08-02 18:00:00+00:00
2026-08-03 00:00:00+00:00,/orders,6,478.0,167.0,SeasonalNaive,20260910T174657Z,2026-08-02 18:00:00+00:00
2026-08-03 06:00:00+00:00,/orders,12,453.0,347.0,SeasonalNaive,20260910T174657Z,2026-08-02 18:00:00+00:00
2026-08-02 20:00:00+00:00,/orders,1,384.0,449.0,SeasonalNaive,20260910T174657Z,2026-08-02 19:00:00+00:00
2026-08-03 01:00:00+00:00,/orders,6,354.0,215.0,SeasonalNaive,20260910T174657Z,2026-08-02 19:00:00+00:00
2026-08-03 07:00:00+00:00,/orders,12,512.0,328.0,SeasonalNaive,20260910T174657Z,2026-08-02 19:00:00+00:00
2026-08-02 21:00:00+00:00,/orders,1,428.0,334.0,SeasonalNaive,20260910T174657Z,2026-08-02 20:00:00+00:00
2026-08-03 02:00:00+00:00,/orders,6,433.0,262.0,SeasonalNaive,20260910T174657Z,2026-08-02 20:00:00+00:00
2026-08-03 08:00:00+00:00,/orders,12,538.0,439.0,SeasonalNaive,20260910T174657Z,2026-08-02 20:00:00+00:00
2026-08-02 22:00:00+00:00,/orders,1,325.0,373.0,SeasonalNaive,20260910T174657Z,2026-08-02 21:00:00+00:00
2026-08-03 03:00:00+00:00,/orders,6,383.0,384.0,SeasonalNaive,20260910T174657Z,2026-08-02 21:00:00+00:00
2026-08-03 09:00:00+00:00,/orders,12,655.0,454.0,SeasonalNaive,20260910T174657Z,2026-08-02 21:00:00+00:00
2026-08-02 23:00:00+00:00,/orders,1,355.0,347.0,SeasonalNaive,20260910T174657Z,2026-08-02 22:00:00+00:00
2026-08-03 04:00:00+00:00,/orders,6,494.0,347.0,SeasonalNaive,20260910T174657Z,2026-08-02 22:00:00+00:00
2026-08-03 10:00:00+00:00,/orders,12,789.0,420.0,SeasonalNaive,20260910T174657Z,2026-08-02 22:00:00+00:00
2026-08-03 00:00:00+00:00,/orders,1,478.0,167.0,SeasonalNaive,20260910T174657Z,2026-08-02 23:00:00+00:00
2026-08-03 05:00:00+00:00,/orders,6,463.0,336.0,SeasonalNaive,20260910T174657Z,2026-08-02 23:00:00+00:00
2026-08-03 11:00:00+00:00,/orders,12,716.0,607.0,SeasonalNaive,20260910T174657Z,2026-08-02 23:00:00+00:00
2026-08-03 01:00:00+00:00,/orders,1,354.0,215.0,SeasonalNaive,20260910T174657Z,2026-08-03 00:00:00+00:00
2026-08-03 06:00:00+00:00,/orders,6,453.0,347.0,SeasonalNaive,20260910T174657Z,2026-08-03 00:00:00+00:00
2026-08-03 12:00:00+00:00,/orders,12,672.0,534.0,SeasonalNaive,20260910T174657Z,2026-08-03 00:00:00+00:00
2026-08-03 02:00:00+00:00,/orders,1,433.0,262.0,SeasonalNaive,20260910T174657Z,2026-08-03 01:00:00+00:00
2026-08-03 07:00:00+00:00,/orders,6,512.0,328.0,SeasonalNaive,20260910T174657Z,2026-08-03 01:00:00+00:00
2026-08-03 13:00:00+00:00,/orders,12,683.0,572.0,SeasonalNaive,20260910T174657Z,2026-08-03 01:00:00+00:00
2026-08-03 03:00:00+00:00,/orders,1,383.0,384.0,SeasonalNaive,20260910T174657Z,2026-08-03 02:00:00+00:00
2026-08-03 08:00:00+00:00,/orders,6,538.0,439.0,SeasonalNaive,20260910T174657Z,2026-08-03 02:00:00+00:00
2026-08-03 14:00:00+00:00,/orders,12,763.0,500.0,SeasonalNaive,20260910T174657Z,2026-08-03 02:00:00+00:00
2026-08-03 04:00:00+00:00,/orders,1,494.0,347.0,SeasonalNaive,20260910T174657Z,2026-08-03 03:00:00+00:00
2026-08-03 09:00:00+00:00,/orders,6,655.0,454.0,SeasonalNaive,20260910T174657Z,2026-08-03 03:00:00+00:00
2026-08-03 15:00:00+00:00,/orders,12,691.0,485.0,SeasonalNaive,20260910T174657Z,2026-08-03 03:00:00+00:00
2026-08-03 05:00:00+00:00,/orders,1,463.0,336.0,SeasonalNaive,20260910T174657Z,2026-08-03 04:00:00+00:00
2026-08-03 10:00:00+00:00,/orders,6,789.0,420.0,SeasonalNaive,20260910T174657Z,2026-08-03 04:00:00+00:00
2026-08-03 16:00:00+00:00,/orders,12,670.0,567.0,SeasonalNaive,20260910T174657Z,2026-08-03 04:00:00+00:00
2026-08-03 06:00:00+00:00,/orders,1,453.0,347.0,SeasonalNaive,20260910T174657Z,2026-08-03 05:00:00+00:00
2026-08-03 11:00:00+00:00,/orders,6,716.0,607.0,SeasonalNaive,20260910T174657Z,2026-08-03 05:00:00+00:00
2026-08-03 17:00:00+00:00,/orders,12,756.0,476.0,SeasonalNaive,20260910T174657Z,2026-08-03 05:00:00+00:00
2026-08-03 07:00:00+00:00,/orders,1,512.0,328.0,SeasonalNaive,20260910T174657Z,2026-08-03 06:00:00+00:00
2026-08-03 12:00:00+00:00,/orders,6,672.0,534.0,SeasonalNaive,20260910T174657Z,2026-08-03 06:00:00+00:00
2026-08-03 18:00:00+00:00,/orders,12,697.0,521.0,SeasonalNaive,20260910T174657Z,2026-08-03 06:00:00+00:00
2026-08-03 08:00:00+00:00,/orders,1,538.0,439.0,SeasonalNaive,20260910T174657Z,2026-08-03 07:00:00+00:00
2026-08-03 13:00:00+00:00,/orders,6,683.0,572.0,SeasonalNaive,20260910T174657Z,2026-08-03 07:00:00+00:00
2026-08-03 19:00:00+00:00,/orders,12,698.0,399.0,SeasonalNaive,20260910T174657Z,2026-08-03 07:00:00+00:00
2026-08-03 09:00:00+00:00,/orders,1,655.0,454.0,SeasonalNaive,20260910T174657Z,2026-08-03 08:00:00+00:00
2026-08-03 14:00:00+00:00,/orders,6,763.0,500.0,SeasonalNaive,20260910T174657Z,2026-08-03 08:00:00+00:00
2026-08-03 20:00:00+00:00,/orders,12,676.0,384.0,SeasonalNaive,20260910T174657Z,2026-08-03 08:00:00+00:00
2026-08-03 10:00:00+00:00,/orders,1,789.0,420.0,SeasonalNaive,20260910T174657Z,2026-08-03 09:00:00+00:00
2026-08-03 15:00:00+00:00,/orders,6,691.0,485.0,SeasonalNaive,20260910T174657Z,2026-08-03 09:00:00+00:00
2026-08-03 21:00:00+00:00,/orders,12,552.0,428.0,SeasonalNaive,20260910T174657Z,2026-08-03 09:00:00+00:00
2026-08-03 11:00:00+00:00,/orders,1,716.0,607.0,SeasonalNaive,20260910T174657Z,2026-08-03 10:00:00+00:00
2026-08-03 16:00:00+00:00,/orders,6,670.0,567.0,SeasonalNaive,20260910T174657Z,2026-08-03 10:00:00+00:00
2026-08-03 22:00:00+00:00,/orders,12,440.0,325.0,SeasonalNaive,20260910T174657Z,2026-08-03 10:00:00+00:00
2026-08-03 12:00:00+00:00,/orders,1,672.0,534.0,SeasonalNaive,20260910T174657Z,2026-08-03 11:00:00+00:00
2026-08-03 17:00:00+00:00,/orders,6,756.0,476.0,SeasonalNaive,20260910T174657Z,2026-08-03 11:00:00+00:00
2026-08-03 23:00:00+00:00,/orders,12,502.0,355.0,SeasonalNaive,20260910T174657Z,2026-08-03 11:00:00+00:00
2026-08-03 13:00:00+00:00,/orders,1,683.0,572.0,SeasonalNaive,20260910T174657Z,2026-08-03 12:00:00+00:00
2026-08-03 18:00:00+00:00,/orders,6,697.0,521.0,SeasonalNaive,20260910T174657Z,2026-08-03 12:00:00+00:00
2026-08-04 00:00:00+00:00,/orders,12,431.0,478.0,SeasonalNaive,20260910T174657Z,2026-08-03 12:00:00+00:00
2026-08-03 14:00:00+00:00,/orders,1,763.0,500.0,SeasonalNaive,20260910T174657Z,2026-08-03 13:00:00+00:00
2026-08-03 19:00:00+00:00,/orders,6,698.0,399.0,SeasonalNaive,20260910T174657Z,2026-08-03 13:00:00+00:00
2026-08-04 01:00:00+00:00,/orders,12,468.0,354.0,SeasonalNaive,20260910T174657Z,2026-08-03 13:00:00+00:00
2026-08-03 15:00:00+00:00,/orders,1,691.0,485.0,SeasonalNaive,20260910T174657Z,2026-08-03 14:00:00+00:00
2026-08-03 20:00:00+00:00,/orders,6,676.0,384.0,SeasonalNaive,20260910T174657Z,2026-08-03 14:00:00+00:00
2026-08-04 02:00:00+00:00,/orders,12,374.0,433.0,SeasonalNaive,20260910T174657Z,2026-08-03 14:00:00+00:00
2026-08-03 16:00:00+00:00,/orders,1,670.0,567.0,SeasonalNaive,20260910T174657Z,2026-08-03 15:00:00+00:00
2026-08-03 21:00:00+00:00,/orders,6,552.0,428.0,SeasonalNaive,20260910T174657Z,2026-08-03 15:00:00+00:00
2026-08-04 03:00:00+00:00,/orders,12,436.0,383.0,SeasonalNaive,20260910T174657Z,2026-08-03 15:00:00+00:00
2026-08-03 17:00:00+00:00,/orders,1,756.0,476.0,SeasonalNaive,20260910T174657Z,2026-08-03 16:00:00+00:00
2026-08-03 22:00:00+00:00,/orders,6,440.0,325.0,SeasonalNaive,20260910T174657Z,2026-08-03 16:00:00+00:00
2026-08-04 04:00:00+00:00,/orders,12,461.0,494.0,SeasonalNaive,20260910T174657Z,2026-08-03 16:00:00+00:00
2026-08-03 18:00:00+00:00,/orders,1,697.0,521.0,SeasonalNaive,20260910T174657Z,2026-08-03 17:00:00+00:00
2026-08-03 23:00:00+00:00,/orders,6,502.0,355.0,SeasonalNaive,20260910T174657Z,2026-08-03 17:00:00+00:00
2026-08-04 05:00:00+00:00,/orders,12,501.0,463.0,SeasonalNaive,20260910T174657Z,2026-08-03 17:00:00+00:00
2026-08-01 12:00:00+00:00,/payments,1,368.0,417.13849404761925,RF,20260910T174657Z,2026-08-01 11:00:00+00:00
2026-08-01 17:00:00+00:00,/payments,6,392.0,421.06761904761913,RF,20260910T174657Z,2026-08-01 11:00:00+00:00
2026-08-01 23:00:00+00:00,/payments,12,321.0,362.54074404761906,RF,20260910T174657Z,2026-08-01 11:00:00+00:00
2026-08-01 13:00:00+00:00,/payments,1,406.0,396.54122023809526,RF,20260910T174657Z,2026-08-01 12:00:00+00:00
2026-08-01 18:00:00+00:00,/payments,6,398.0,433.1990833333337,RF,20260910T174657Z,2026-08-01 12:00:00+00:00
2026-08-02 00:00:00+00:00,/payments,12,281.0,334.2836488095238,RF,20260910T174657Z,2026-08-01 12:00:00+00:00
2026-08-01 14:00:00+00:00,/payments,1,443.0,425.92287896825417,RF,20260910T174657Z,2026-08-01 13:00:00+00:00
2026-08-01 19:00:00+00:00,/payments,6,370.0,379.38526190476193,RF,20260910T174657Z,2026-08-01 13:00:00+00:00
2026-08-02 01:00:00+00:00,/payments,12,215.0,324.6979642857143,RF,20260910T174657Z,2026-08-01 13:00:00+00:00
2026-08-01 15:00:00+00:00,/payments,1,429.0,449.83284325396846,RF,20260910T174657Z,2026-08-01 14:00:00+00:00
2026-08-01 20:00:00+00:00,/payments,6,279.0,370.84287103174603,RF,20260910T174657Z,2026-08-01 14:00:00+00:00
2026-08-02 02:00:00+00:00,/payments,12,315.0,333.9492023809525,RF,20260910T174657Z,2026-08-01 14:00:00+00:00
2026-08-01 16:00:00+00:00,/payments,1,398.0,401.1210416666667,RF,20260910T174657Z,2026-08-01 15:00:00+00:00
2026-08-01 21:00:00+00:00,/payments,6,300.0,360.5660535714284,RF,20260910T174657Z,2026-08-01 15:00:00+00:00
2026-08-02 03:00:00+00:00,/payments,12,197.0,347.6464761904761,RF,20260910T174657Z,2026-08-01 15:00:00+00:00
2026-08-01 17:00:00+00:00,/payments,1,392.0,421.26795238095247,RF,20260910T174657Z,2026-08-01 16:00:00+00:00
2026-08-01 22:00:00+00:00,/payments,6,237.0,360.50239484126985,RF,20260910T174657Z,2026-08-01 16:00:00+00:00
2026-08-02 04:00:00+00:00,/payments,12,317.0,356.25264880952375,RF,20260910T174657Z,2026-08-01 16:00:00+00:00
2026-08-01 18:00:00+00:00,/payments,1,398.0,436.5177023809527,RF,20260910T174657Z,2026-08-01 17:00:00+00:00
2026-08-01 23:00:00+00:00,/payments,6,321.0,364.71756547619043,RF,20260910T174657Z,2026-08-01 17:00:00+00:00
2026-08-02 05:00:00+00:00,/payments,12,182.0,378.6995257936508,RF,20260910T174657Z,2026-08-01 17:00:00+00:00
2026-08-01 19:00:00+00:00,/payments,1,370.0,376.36289285714287,RF,20260910T174657Z,2026-08-01 18:00:00+00:00
2026-08-02 00:00:00+00:00,/payments,6,281.0,341.1890654761904,RF,20260910T174657Z,2026-08-01 18:00:00+00:00
2026-08-02 06:00:00+00:00,/payments,12,282.0,427.9038888888889,RF,20260910T174657Z,2026-08-01 18:00:00+00:00
2026-08-01 20:00:00+00:00,/payments,1,279.0,360.99563293650783,RF,20260910T174657Z,2026-08-01 19:00:00+00:00
2026-08-02 01:00:00+00:00,/payments,6,215.0,344.8566488095237,RF,20260910T174657Z,2026-08-01 19:00:00+00:00
2026-08-02 07:00:00+00:00,/payments,12,322.0,441.112130952381,RF,20260910T174657Z,2026-08-01 19:00:00+00:00
2026-08-01 21:00:00+00:00,/payments,1,300.0,308.54551587301603,RF,20260910T174657Z,2026-08-01 20:00:00+00:00
2026-08-02 02:00:00+00:00,/payments,6,315.0,303.84921428571414,RF,20260910T174657Z,2026-08-01 20:00:00+00:00
2026-08-02 08:00:00+00:00,/payments,12,387.0,300.3244761904761,RF,20260910T174657Z,2026-08-01 20:00:00+00:00
2026-08-01 22:00:00+00:00,/payments,1,237.0,304.5835595238095,RF,20260910T174657Z,2026-08-01 21:00:00+00:00
2026-08-02 03:00:00+00:00,/payments,6,197.0,301.06760119047607,RF,20260910T174657Z,2026-08-01 21:00:00+00:00
2026-08-02 09:00:00+00:00,/payments,12,376.0,303.8218095238094,RF,20260910T174657Z,2026-08-01 21:00:00+00:00
2026-08-01 23:00:00+00:00,/payments,1,321.0,280.5688869047619,RF,20260910T174657Z,2026-08-01 22:00:00+00:00
2026-08-02 04:00:00+00:00,/payments,6,317.0,305.5315178571428,RF,20260910T174657Z,2026-08-01 22:00:00+00:00
2026-08-02 10:00:00+00:00,/payments,12,368.0,304.64801785714275,RF,20260910T174657Z,2026-08-01 22:00:00+00:00
2026-08-02 00:00:00+00:00,/payments,1,281.0,318.2392142857143,RF,20260910T174657Z,2026-08-01 23:00:00+00:00
2026-08-02 05:00:00+00:00,/payments,6,182.0,373.3866686507936,RF,20260910T174657Z,2026-08-01 23:00:00+00:00
2026-08-02 11:00:00+00:00,/payments,12,430.0,455.76676984127,RF,20260910T174657Z,2026-08-01 23:00:00+00:00
2026-08-02 01:00:00+00:00,/payments,1,215.0,273.98985714285715,RF,20260910T174657Z,2026-08-02 00:00:00+00:00
2026-08-02 06:00:00+00:00,/payments,6,282.0,306.12757738095223,RF,20260910T174657Z,2026-08-02 00:00:00+00:00
2026-08-02 12:00:00+00:00,/payments,12,439.0,307.13801785714276,RF,20260910T174657Z,2026-08-02 00:00:00+00:00
2026-08-02 02:00:00+00:00,/payments,1,315.0,280.5994345238094,RF,20260910T174657Z,2026-08-02 01:00:00+00:00
2026-08-02 07:00:00+00:00,/payments,6,322.0,310.9759107142856,RF,20260910T174657Z,2026-08-02 01:00:00+00:00
2026-08-02 13:00:00+00:00,/payments,12,464.0,445.840273809524,RF,20260910T174657Z,2026-08-02 01:00:00+00:00
2026-08-02 03:00:00+00:00,/payments,1,197.0,334.4347499999999,RF,20260910T174657Z,2026-08-02 02:00:00+00:00
2026-08-02 08:00:00+00:00,/payments,6,387.0,387.9853769841271,RF,20260910T174657Z,2026-08-02 02:00:00+00:00
2026-08-02 14:00:00+00:00,/payments,12,448.0,461.0119662698413,RF,20260910T174657Z,2026-08-02 02:00:00+00:00
2026-08-02 04:00:00+00:00,/payments,1,317.0,272.8200297619047,RF,20260910T174657Z,2026-08-02 03:00:00+00:00
2026-08-02 09:00:00+00:00,/payments,6,376.0,348.66696428571413,RF,20260910T174657Z,2026-08-02 03:00:00+00:00
2026-08-02 15:00:00+00:00,/payments,12,515.0,458.1995416666668,RF,20260910T174657Z,2026-08-02 03:00:00+00:00
2026-08-02 05:00:00+00:00,/payments,1,182.0,325.9240952380951,RF,20260910T174657Z,2026-08-02 04:00:00+00:00
2026-08-02 10:00:00+00:00,/payments,6,368.0,403.64782539682557,RF,20260910T174657Z,2026-08-02 04:00:00+00:00
2026-08-02 16:00:00+00:00,/payments,12,410.0,460.1027797619049,RF,20260910T174657Z,2026-08-02 04:00:00+00:00
2026-08-02 06:00:00+00:00,/payments,1,282.0,280.3269464285714,RF,20260910T174657Z,2026-08-02 05:00:00+00:00
2026-08-02 11:00:00+00:00,/payments,6,430.0,376.53076984127,RF,20260910T174657Z,2026-08-02 05:00:00+00:00
2026-08-02 17:00:00+00:00,/payments,12,415.0,470.873023809524,RF,20260910T174657Z,2026-08-02 05:00:00+00:00
2026-08-02 07:00:00+00:00,/payments,1,322.0,319.5130952380951,RF,20260910T174657Z,2026-08-02 06:00:00+00:00
2026-08-02 12:00:00+00:00,/payments,6,439.0,386.8781666666668,RF,20260910T174657Z,2026-08-02 06:00:00+00:00
2026-08-02 18:00:00+00:00,/payments,12,347.0,448.2604880952382,RF,20260910T174657Z,2026-08-02 06:00:00+00:00
2026-08-02 08:00:00+00:00,/payments,1,387.0,335.20408333333324,RF,20260910T174657Z,2026-08-02 07:00:00+00:00
2026-08-02 13:00:00+00:00,/payments,6,464.0,440.6648134920636,RF,20260910T174657Z,2026-08-02 07:00:00+00:00
2026-08-02 19:00:00+00:00,/payments,12,378.0,407.06533928571423,RF,20260910T174657Z,2026-08-02 07:00:00+00:00
2026-08-02 09:00:00+00:00,/payments,1,376.0,360.101880952381,RF,20260910T174657Z,2026-08-02 08:00:00+00:00
2026-08-02 14:00:00+00:00,/payments,6,448.0,416.090234126984,RF,20260910T174657Z,2026-08-02 08:00:00+00:00
2026-08-02 20:00:00+00:00,/payments,12,384.0,393.7715714285714,RF,20260910T174657Z,2026-08-02 08:00:00+00:00
2026-08-02 10:00:00+00:00,/payments,1,368.0,380.3746547619049,RF,20260910T174657Z,2026-08-02 09:00:00+00:00
2026-08-02 15:00:00+00:00,/payments,6,515.0,451.09290674603204,RF,20260910T174657Z,2026-08-02 09:00:00+00:00
2026-08-02 21:00:00+00:00,/payments,12,341.0,376.75804365079364,RF,20260910T174657Z,2026-08-02 09:00:00+00:00
2026-08-02 11:00:00+00:00,/payments,1,430.0,384.9803214285715,RF,20260910T174657Z,2026-08-02 10:00:00+00:00
2026-08-02 16:00:00+00:00,/payments,6,410.0,459.30570833333354,RF,20260910T174657Z,2026-08-02 10:00:00+00:00
2026-08-02 22:00:00+00:00,/payments,12,323.0,377.9819126984127,RF,20260910T174657Z,2026-08-02 10:00:00+00:00
2026-08-02 12:00:00+00:00,/payments,1,439.0,406.31417658730163,RF,20260910T174657Z,2026-08-02 11:00:00+00:00
2026-08-02 17:00:00+00:00,/payments,6,415.0,424.9290952380953,RF,20260910T174657Z,2026-08-02 11:00:00+00:00
2026-08-02 23:00:00+00:00,/payments,12,246.0,355.999371031746,RF,20260910T174657Z,2026-08-02 11:00:00+00:00
2026-08-02 13:00:00+00:00,/payments,1,464.0,449.4318730158733,RF,20260910T174657Z,2026-08-02 12:00:00+00:00
2026-08-02 18:00:00+00:00,/payments,6,347.0,398.09758928571426,RF,20260910T174657Z,2026-08-02 12:00:00+00:00
2026-08-03 00:00:00+00:00,/payments,12,414.0,352.063255952381,RF,20260910T174657Z,2026-08-02 12:00:00+00:00
2026-08-02 14:00:00+00:00,/payments,1,448.0,458.0550198412699,RF,20260910T174657Z,2026-08-02 13:00:00+00:00
2026-08-02 19:00:00+00:00,/payments,6,378.0,385.79379166666666,RF,20260910T174657Z,2026-08-02 13:00:00+00:00
2026-08-03 01:00:00+00:00,/payments,12,315.0,357.278255952381,RF,20260910T174657Z,2026-08-02 13:00:00+00:00
2026-08-02 15:00:00+00:00,/payments,1,515.0,460.7108174603177,RF,20260910T174657Z,2026-08-02 14:00:00+00:00
2026-08-02 20:00:00+00:00,/payments,6,384.0,384.4126428571428,RF,20260910T174657Z,2026-08-02 14:00:00+00:00
2026-08-03 02:00:00+00:00,/payments,12,381.0,359.66042261904767,RF,20260910T174657Z,2026-08-02 14:00:00+00:00
2026-08-02 16:00:00+00:00,/payments,1,410.0,511.6648174603174,RF,20260910T174657Z,2026-08-02 15:00:00+00:00
2026-08-02 21:00:00+00:00,/payments,6,341.0,384.43054166666667,RF,20260910T174657Z,2026-08-02 15:00:00+00:00
2026-08-03 03:00:00+00:00,/payments,12,390.0,373.1079583333334,RF,20260910T174657Z,2026-08-02 15:00:00+00:00
2026-08-02 17:00:00+00:00,/payments,1,415.0,403.5560178571429,RF,20260910T174657Z,2026-08-02 16:00:00+00:00
2026-08-02 22:00:00+00:00,/payments,6,323.0,360.2418234126984,RF,20260910T174657Z,2026-08-02 16:00:00+00:00
2026-08-03 04:00:00+00:00,/payments,12,423.0,380.1344186507938,RF,20260910T174657Z,2026-08-02 16:00:00+00:00
2026-08-02 18:00:00+00:00,/payments,1,347.0,393.1174464285715,RF,20260910T174657Z,2026-08-02 17:00:00+00:00
2026-08-02 23:00:00+00:00,/payments,6,246.0,356.6416488095238,RF,20260910T174657Z,2026-08-02 17:00:00+00:00
2026-08-03 05:00:00+00:00,/payments,12,417.0,416.00074404761915,RF,20260910T174657Z,2026-08-02 17:00:00+00:00
2026-08-02 19:00:00+00:00,/payments,1,378.0,352.50262698412706,RF,20260910T174657Z,2026-08-02 18:00:00+00:00
2026-08-03 00:00:00+00:00,/payments,6,414.0,360.45373214285706,RF,20260910T174657Z,2026-08-02 18:00:00+00:00
2026-08-03 06:00:00+00:00,/payments,12,451.0,435.3568690476191,RF,20260910T174657Z,2026-08-02 18:00:00+00:00
2026-08-02 20:00:00+00:00,/payments,1,384.0,363.1492162698412,RF,20260910T174657Z,2026-08-02 19:00:00+00:00
2026-08-03 01:00:00+00:00,/payments,6,315.0,360.3936488095238,RF,20260910T174657Z,2026-08-02 19:00:00+00:00
2026-08-03 07:00:00+00:00,/payments,12,550.0,443.34458333333345,RF,20260910T174657Z,2026-08-02 19:00:00+00:00
2026-08-02 21:00:00+00:00,/payments,1,341.0,377.6769285714285,RF,20260910T174657Z,2026-08-02 20:00:00+00:00
2026-08-03 02:00:00+00:00,/payments,6,381.0,358.9738988095238,RF,20260910T174657Z,2026-08-02 20:00:00+00:00
2026-08-03 08:00:00+00:00,/payments,12,565.0,473.41038095238105,RF,20260910T174657Z,2026-08-02 20:00:00+00:00
2026-08-02 22:00:00+00:00,/payments,1,323.0,355.2374900793651,RF,20260910T174657Z,2026-08-02 21:00:00+00:00
2026-08-03 03:00:00+00:00,/payments,6,390.0,374.24531547619046,RF,20260910T174657Z,2026-08-02 21:00:00+00:00
2026-08-03 09:00:00+00:00,/payments,12,646.0,492.21018452380963,RF,20260910T174657Z,2026-08-02 21:00:00+00:00
2026-08-02 23:00:00+00:00,/payments,1,246.0,326.46508333333327,RF,20260910T174657Z,2026-08-02 22:00:00+00:00
2026-08-03 04:00:00+00:00,/payments,6,423.0,382.1056686507938,RF,20260910T174657Z,2026-08-02 22:00:00+00:00
2026-08-03 10:00:00+00:00,/payments,12,622.0,549.2852579365078,RF,20260910T174657Z,2026-08-02 22:00:00+00:00
2026-08-03 00:00:00+00:00,/payments,1,414.0,299.1352261904761,RF,20260910T174657Z,2026-08-02 23:00:00+00:00
2026-08-03 05:00:00+00:00,/payments,6,417.0,389.13844246031744,RF,20260910T174657Z,2026-08-02 23:00:00+00:00
2026-08-03 11:00:00+00:00,/payments,12,743.0,577.297365079365,RF,20260910T174657Z,2026-08-02 23:00:00+00:00
2026-08-03 01:00:00+00:00,/payments,1,315.0,391.5645357142858,RF,20260910T174657Z,2026-08-03 00:00:00+00:00
2026-08-03 06:00:00+00:00,/payments,6,451.0,422.62173214285707,RF,20260910T174657Z,2026-08-03 00:00:00+00:00
2026-08-03 12:00:00+00:00,/payments,12,828.0,578.038490079365,RF,20260910T174657Z,2026-08-03 00:00:00+00:00
2026-08-03 02:00:00+00:00,/payments,1,381.0,329.41225595238086,RF,20260910T174657Z,2026-08-03 01:00:00+00:00
2026-08-03 07:00:00+00:00,/payments,6,550.0,443.3975615079365,RF,20260910T174657Z,2026-08-03 01:00:00+00:00
2026-08-03 13:00:00+00:00,/payments,12,777.0,586.1028869047618,RF,20260910T174657Z,2026-08-03 01:00:00+00:00
2026-08-03 03:00:00+00:00,/payments,1,390.0,388.3720297619047,RF,20260910T174657Z,2026-08-03 02:00:00+00:00
2026-08-03 08:00:00+00:00,/payments,6,565.0,472.9138571428573,RF,20260910T174657Z,2026-08-03 02:00:00+00:00
2026-08-03 14:00:00+00:00,/payments,12,844.0,592.1533937590187,RF,20260910T174657Z,2026-08-03 02:00:00+00:00
2026-08-03 04:00:00+00:00,/payments,1,423.0,394.86583333333346,RF,20260910T174657Z,2026-08-03 03:00:00+00:00
2026-08-03 09:00:00+00:00,/payments,6,646.0,469.99972023809545,RF,20260910T174657Z,2026-08-03 03:00:00+00:00
2026-08-03 15:00:00+00:00,/payments,12,861.0,595.8417151875901,RF,20260910T174657Z,2026-08-03 03:00:00+00:00
2026-08-03 05:00:00+00:00,/payments,1,417.0,414.3149761904762,RF,20260910T174657Z,2026-08-03 04:00:00+00:00
2026-08-03 10:00:00+00:00,/payments,6,622.0,499.0511547619049,RF,20260910T174657Z,2026-08-03 04:00:00+00:00
2026-08-03 16:00:00+00:00,/payments,12,875.0,590.2677709235209,RF,20260910T174657Z,2026-08-03 04:00:00+00:00
2026-08-03 06:00:00+00:00,/payments,1,451.0,422.7526488095238,RF,20260910T174657Z,2026-08-03 05:00:00+00:00
2026-08-03 11:00:00+00:00,/payments,6,743.0,553.5154265873016,RF,20260910T174657Z,2026-08-03 05:00:00+00:00
2026-08-03 17:00:00+00:00,/payments,12,825.0,576.0900714285713,RF,20260910T174657Z,2026-08-03 05:00:00+00:00
2026-08-03 07:00:00+00:00,/payments,1,550.0,456.63961507936517,RF,20260910T174657Z,2026-08-03 06:00:00+00:00
2026-08-03 12:00:00+00:00,/payments,6,828.0,589.0281726190476,RF,20260910T174657Z,2026-08-03 06:00:00+00:00
2026-08-03 18:00:00+00:00,/payments,12,750.0,517.6210595238095,RF,20260910T174657Z,2026-08-03 06:00:00+00:00
2026-08-03 08:00:00+00:00,/payments,1,565.0,521.9862976190477,RF,20260910T174657Z,2026-08-03 07:00:00+00:00
2026-08-03 13:00:00+00:00,/payments,6,777.0,592.4313948412698,RF,20260910T174657Z,2026-08-03 07:00:00+00:00
2026-08-03 19:00:00+00:00,/payments,12,691.0,513.2951626984129,RF,20260910T174657Z,2026-08-03 07:00:00+00:00
2026-08-03 09:00:00+00:00,/payments,1,646.0,561.8811547619048,RF,20260910T174657Z,2026-08-03 08:00:00+00:00
2026-08-03 14:00:00+00:00,/payments,6,844.0,584.5393928571428,RF,20260910T174657Z,2026-08-03 08:00:00+00:00
2026-08-03 20:00:00+00:00,/payments,12,743.0,498.54204365079386,RF,20260910T174657Z,2026-08-03 08:00:00+00:00
2026-08-03 10:00:00+00:00,/payments,1,622.0,579.3333035714286,RF,20260910T174657Z,2026-08-03 09:00:00+00:00
2026-08-03 15:00:00+00:00,/payments,6,861.0,585.0032876984126,RF,20260910T174657Z,2026-08-03 09:00:00+00:00
2026-08-03 21:00:00+00:00,/payments,12,720.0,436.06775198412697,RF,20260910T174657Z,2026-08-03 09:00:00+00:00
2026-08-03 11:00:00+00:00,/payments,1,743.0,588.8855097402599,RF,20260910T174657Z,2026-08-03 10:00:00+00:00
2026-08-03 16:00:00+00:00,/payments,6,875.0,573.3235615079363,RF,20260910T174657Z,2026-08-03 10:00:00+00:00
2026-08-03 22:00:00+00:00,/payments,12,633.0,404.9880595238094,RF,20260910T174657Z,2026-08-03 10:00:00+00:00
2026-08-03 12:00:00+00:00,/payments,1,828.0,585.6853939393939,RF,20260910T174657Z,2026-08-03 11:00:00+00:00
2026-08-03 17:00:00+00:00,/payments,6,825.0,564.8894007936506,RF,20260910T174657Z,2026-08-03 11:00:00+00:00
2026-08-03 23:00:00+00:00,/payments,12,622.0,412.7193333333333,RF,20260910T174657Z,2026-08-03 11:00:00+00:00
2026-08-03 13:00:00+00:00,/payments,1,777.0,577.2167857142856,RF,20260910T174657Z,2026-08-03 12:00:00+00:00
2026-08-03 18:00:00+00:00,/payments,6,750.0,508.35280357142835,RF,20260910T174657Z,2026-08-03 12:00:00+00:00
2026-08-04 00:00:00+00:00,/payments,12,587.0,348.56436904761904,RF,20260910T174657Z,2026-08-03 12:00:00+00:00
2026-08-03 14:00:00+00:00,/payments,1,844.0,578.1289047619047,RF,20260910T174657Z,2026-08-03 13:00:00+00:00
2026-08-03 19:00:00+00:00,/payments,6,691.0,480.885746031746,RF,20260910T174657Z,2026-08-03 13:00:00+00:00
2026-08-04 01:00:00+00:00,/payments,12,525.0,339.40945634920644,RF,20260910T174657Z,2026-08-03 13:00:00+00:00
2026-08-03 15:00:00+00:00,/payments,1,861.0,577.0948630952378,RF,20260910T174657Z,2026-08-03 14:00:00+00:00
2026-08-03 20:00:00+00:00,/payments,6,743.0,480.13766269841244,RF,20260910T174657Z,2026-08-03 14:00:00+00:00
2026-08-04 02:00:00+00:00,/payments,12,534.0,350.69630952380953,RF,20260910T174657Z,2026-08-03 14:00:00+00:00
2026-08-03 16:00:00+00:00,/payments,1,875.0,574.697351190476,RF,20260910T174657Z,2026-08-03 15:00:00+00:00
2026-08-03 21:00:00+00:00,/payments,6,720.0,450.53009126984114,RF,20260910T174657Z,2026-08-03 15:00:00+00:00
2026-08-04 03:00:00+00:00,/payments,12,555.0,365.5034563492064,RF,20260910T174657Z,2026-08-03 15:00:00+00:00
2026-08-03 17:00:00+00:00,/payments,1,825.0,571.7520892857141,RF,20260910T174657Z,2026-08-03 16:00:00+00:00
2026-08-03 22:00:00+00:00,/payments,6,633.0,433.9172857142856,RF,20260910T174657Z,2026-08-03 16:00:00+00:00
2026-08-04 04:00:00+00:00,/payments,12,756.0,367.76509126984115,RF,20260910T174657Z,2026-08-03 16:00:00+00:00
2026-08-03 18:00:00+00:00,/payments,1,750.0,512.8578095238092,RF,20260910T174657Z,2026-08-03 17:00:00+00:00
2026-08-03 23:00:00+00:00,/payments,6,622.0,415.56810119047617,RF,20260910T174657Z,2026-08-03 17:00:00+00:00
2026-08-04 05:00:00+00:00,/payments,12,479.0,392.5134305555555,RF,20260910T174657Z,2026-08-03 17:00:00+00:00
2026-08-01 12:00:00+00:00,/payments,1,368.0,374.0,Persistence,20260910T174657Z,2026-08-01 11:00:00+00:00
2026-08-01 17:00:00+00:00,/payments,6,392.0,374.0,Persistence,20260910T174657Z,2026-08-01 11:00:00+00:00
2026-08-01 23:00:00+00:00,/payments,12,321.0,374.0,Persistence,20260910T174657Z,2026-08-01 11:00:00+00:00
2026-08-01 13:00:00+00:00,/payments,1,406.0,368.0,Persistence,20260910T174657Z,2026-08-01 12:00:00+00:00
2026-08-01 18:00:00+00:00,/payments,6,398.0,368.0,Persistence,20260910T174657Z,2026-08-01 12:00:00+00:00
2026-08-02 00:00:00+00:00,/payments,12,281.0,368.0,Persistence,20260910T174657Z,2026-08-01 12:00:00+00:00
2026-08-01 14:00:00+00:00,/payments,1,443.0,406.0,Persistence,20260910T174657Z,2026-08-01 13:00:00+00:00
2026-08-01 19:00:00+00:00,/payments,6,370.0,406.0,Persistence,20260910T174657Z,2026-08-01 13:00:00+00:00
2026-08-02 01:00:00+00:00,/payments,12,215.0,406.0,Persistence,20260910T174657Z,2026-08-01 13:00:00+00:00
2026-08-01 15:00:00+00:00,/payments,1,429.0,443.0,Persistence,20260910T174657Z,2026-08-01 14:00:00+00:00
2026-08-01 20:00:00+00:00,/payments,6,279.0,443.0,Persistence,20260910T174657Z,2026-08-01 14:00:00+00:00
2026-08-02 02:00:00+00:00,/payments,12,315.0,443.0,Persistence,20260910T174657Z,2026-08-01 14:00:00+00:00
2026-08-01 16:00:00+00:00,/payments,1,398.0,429.0,Persistence,20260910T174657Z,2026-08-01 15:00:00+00:00
2026-08-01 21:00:00+00:00,/payments,6,300.0,429.0,Persistence,20260910T174657Z,2026-08-01 15:00:00+00:00
2026-08-02 03:00:00+00:00,/payments,12,197.0,429.0,Persistence,20260910T174657Z,2026-08-01 15:00:00+00:00
2026-08-01 17:00:00+00:00,/payments,1,392.0,398.0,Persistence,20260910T174657Z,2026-08-01 16:00:00+00:00
2026-08-01 22:00:00+00:00,/payments,6,237.0,398.0,Persistence,20260910T174657Z,2026-08-01 16:00:00+00:00
2026-08-02 04:00:00+00:00,/payments,12,317.0,398.0,Persistence,20260910T174657Z,2026-08-01 16:00:00+00:00
2026-08-01 18:00:00+00:00,/payments,1,398.0,392.0,Persistence,20260910T174657Z,2026-08-01 17:00:00+00:00
2026-08-01 23:00:00+00:00,/payments,6,321.0,392.0,Persistence,20260910T174657Z,2026-08-01 17:00:00+00:00
2026-08-02 05:00:00+00:00,/payments,12,182.0,392.0,Persistence,20260910T174657Z,2026-08-01 17:00:00+00:00
2026-08-01 19:00:00+00:00,/payments,1,370.0,398.0,Persistence,20260910T174657Z,2026-08-01 18:00:00+00:00
2026-08-02 00:00:00+00:00,/payments,6,281.0,398.0,Persistence,20260910T174657Z,2026-08-01 18:00:00+00:00
2026-08-02 06:00:00+00:00,/payments,12,282.0,398.0,Persistence,20260910T174657Z,2026-08-01 18:00:00+00:00
2026-08-01 20:00:00+00:00,/payments,1,279.0,370.0,Persistence,20260910T174657Z,2026-08-01 19:00:00+00:00
2026-08-02 01:00:00+00:00,/payments,6,215.0,370.0,Persistence,20260910T174657Z,2026-08-01 19:00:00+00:00
2026-08-02 07:00:00+00:00,/payments,12,322.0,370.0,Persistence,20260910T174657Z,2026-08-01 19:00:00+00:00
2026-08-01 21:00:00+00:00,/payments,1,300.0,279.0,Persistence,20260910T174657Z,2026-08-01 20:00:00+00:00
2026-08-02 02:00:00+00:00,/payments,6,315.0,279.0,Persistence,20260910T174657Z,2026-08-01 20:00:00+00:00
2026-08-02 08:00:00+00:00,/payments,12,387.0,279.0,Persistence,20260910T174657Z,2026-08-01 20:00:00+00:00
2026-08-01 22:00:00+00:00,/payments,1,237.0,300.0,Persistence,20260910T174657Z,2026-08-01 21:00:00+00:00
2026-08-02 03:00:00+00:00,/payments,6,197.0,300.0,Persistence,20260910T174657Z,2026-08-01 21:00:00+00:00
2026-08-02 09:00:00+00:00,/payments,12,376.0,300.0,Persistence,20260910T174657Z,2026-08-01 21:00:00+00:00
2026-08-01 23:00:00+00:00,/payments,1,321.0,237.0,Persistence,20260910T174657Z,2026-08-01 22:00:00+00:00
2026-08-02 04:00:00+00:00,/payments,6,317.0,237.0,Persistence,20260910T174657Z,2026-08-01 22:00:00+00:00
2026-08-02 10:00:00+00:00,/payments,12,368.0,237.0,Persistence,20260910T174657Z,2026-08-01 22:00:00+00:00
2026-08-02 00:00:00+00:00,/payments,1,281.0,321.0,Persistence,20260910T174657Z,2026-08-01 23:00:00+00:00
2026-08-02 05:00:00+00:00,/payments,6,182.0,321.0,Persistence,20260910T174657Z,2026-08-01 23:00:00+00:00
2026-08-02 11:00:00+00:00,/payments,12,430.0,321.0,Persistence,20260910T174657Z,2026-08-01 23:00:00+00:00
2026-08-02 01:00:00+00:00,/payments,1,215.0,281.0,Persistence,20260910T174657Z,2026-08-02 00:00:00+00:00
2026-08-02 06:00:00+00:00,/payments,6,282.0,281.0,Persistence,20260910T174657Z,2026-08-02 00:00:00+00:00
2026-08-02 12:00:00+00:00,/payments,12,439.0,281.0,Persistence,20260910T174657Z,2026-08-02 00:00:00+00:00
2026-08-02 02:00:00+00:00,/payments,1,315.0,215.0,Persistence,20260910T174657Z,2026-08-02 01:00:00+00:00
2026-08-02 07:00:00+00:00,/payments,6,322.0,215.0,Persistence,20260910T174657Z,2026-08-02 01:00:00+00:00
2026-08-02 13:00:00+00:00,/payments,12,464.0,215.0,Persistence,20260910T174657Z,2026-08-02 01:00:00+00:00
2026-08-02 03:00:00+00:00,/payments,1,197.0,315.0,Persistence,20260910T174657Z,2026-08-02 02:00:00+00:00
2026-08-02 08:00:00+00:00,/payments,6,387.0,315.0,Persistence,20260910T174657Z,2026-08-02 02:00:00+00:00
2026-08-02 14:00:00+00:00,/payments,12,448.0,315.0,Persistence,20260910T174657Z,2026-08-02 02:00:00+00:00
2026-08-02 04:00:00+00:00,/payments,1,317.0,197.0,Persistence,20260910T174657Z,2026-08-02 03:00:00+00:00
2026-08-02 09:00:00+00:00,/payments,6,376.0,197.0,Persistence,20260910T174657Z,2026-08-02 03:00:00+00:00
2026-08-02 15:00:00+00:00,/payments,12,515.0,197.0,Persistence,20260910T174657Z,2026-08-02 03:00:00+00:00
2026-08-02 05:00:00+00:00,/payments,1,182.0,317.0,Persistence,20260910T174657Z,2026-08-02 04:00:00+00:00
2026-08-02 10:00:00+00:00,/payments,6,368.0,317.0,Persistence,20260910T174657Z,2026-08-02 04:00:00+00:00
2026-08-02 16:00:00+00:00,/payments,12,410.0,317.0,Persistence,20260910T174657Z,2026-08-02 04:00:00+00:00
2026-08-02 06:00:00+00:00,/payments,1,282.0,182.0,Persistence,20260910T174657Z,2026-08-02 05:00:00+00:00
2026-08-02 11:00:00+00:00,/payments,6,430.0,182.0,Persistence,20260910T174657Z,2026-08-02 05:00:00+00:00
2026-08-02 17:00:00+00:00,/payments,12,415.0,182.0,Persistence,20260910T174657Z,2026-08-02 05:00:00+00:00
2026-08-02 07:00:00+00:00,/payments,1,322.0,282.0,Persistence,20260910T174657Z,2026-08-02 06:00:00+00:00
2026-08-02 12:00:00+00:00,/payments,6,439.0,282.0,Persistence,20260910T174657Z,2026-08-02 06:00:00+00:00
2026-08-02 18:00:00+00:00,/payments,12,347.0,282.0,Persistence,20260910T174657Z,2026-08-02 06:00:00+00:00
2026-08-02 08:00:00+00:00,/payments,1,387.0,322.0,Persistence,20260910T174657Z,2026-08-02 07:00:00+00:00
2026-08-02 13:00:00+00:00,/payments,6,464.0,322.0,Persistence,20260910T174657Z,2026-08-02 07:00:00+00:00
2026-08-02 19:00:00+00:00,/payments,12,378.0,322.0,Persistence,20260910T174657Z,2026-08-02 07:00:00+00:00
2026-08-02 09:00:00+00:00,/payments,1,376.0,387.0,Persistence,20260910T174657Z,2026-08-02 08:00:00+00:00
2026-08-02 14:00:00+00:00,/payments,6,448.0,387.0,Persistence,20260910T174657Z,2026-08-02 08:00:00+00:00
2026-08-02 20:00:00+00:00,/payments,12,384.0,387.0,Persistence,20260910T174657Z,2026-08-02 08:00:00+00:00
2026-08-02 10:00:00+00:00,/payments,1,368.0,376.0,Persistence,20260910T174657Z,2026-08-02 09:00:00+00:00
2026-08-02 15:00:00+00:00,/payments,6,515.0,376.0,Persistence,20260910T174657Z,2026-08-02 09:00:00+00:00
2026-08-02 21:00:00+00:00,/payments,12,341.0,376.0,Persistence,20260910T174657Z,2026-08-02 09:00:00+00:00
2026-08-02 11:00:00+00:00,/payments,1,430.0,368.0,Persistence,20260910T174657Z,2026-08-02 10:00:00+00:00
2026-08-02 16:00:00+00:00,/payments,6,410.0,368.0,Persistence,20260910T174657Z,2026-08-02 10:00:00+00:00
2026-08-02 22:00:00+00:00,/payments,12,323.0,368.0,Persistence,20260910T174657Z,2026-08-02 10:00:00+00:00
2026-08-02 12:00:00+00:00,/payments,1,439.0,430.0,Persistence,20260910T174657Z,2026-08-02 11:00:00+00:00
2026-08-02 17:00:00+00:00,/payments,6,415.0,430.0,Persistence,20260910T174657Z,2026-08-02 11:00:00+00:00
2026-08-02 23:00:00+00:00,/payments,12,246.0,430.0,Persistence,20260910T174657Z,2026-08-02 11:00:00+00:00
2026-08-02 13:00:00+00:00,/payments,1,464.0,439.0,Persistence,20260910T174657Z,2026-08-02 12:00:00+00:00
2026-08-02 18:00:00+00:00,/payments,6,347.0,439.0,Persistence,20260910T174657Z,2026-08-02 12:00:00+00:00
2026-08-03 00:00:00+00:00,/payments,12,414.0,439.0,Persistence,20260910T174657Z,2026-08-02 12:00:00+00:00
2026-08-02 14:00:00+00:00,/payments,1,448.0,464.0,Persistence,20260910T174657Z,2026-08-02 13:00:00+00:00
2026-08-02 19:00:00+00:00,/payments,6,378.0,464.0,Persistence,20260910T174657Z,2026-08-02 13:00:00+00:00
2026-08-03 01:00:00+00:00,/payments,12,315.0,464.0,Persistence,20260910T174657Z,2026-08-02 13:00:00+00:00
2026-08-02 15:00:00+00:00,/payments,1,515.0,448.0,Persistence,20260910T174657Z,2026-08-02 14:00:00+00:00
2026-08-02 20:00:00+00:00,/payments,6,384.0,448.0,Persistence,20260910T174657Z,2026-08-02 14:00:00+00:00
2026-08-03 02:00:00+00:00,/payments,12,381.0,448.0,Persistence,20260910T174657Z,2026-08-02 14:00:00+00:00
2026-08-02 16:00:00+00:00,/payments,1,410.0,515.0,Persistence,20260910T174657Z,2026-08-02 15:00:00+00:00
2026-08-02 21:00:00+00:00,/payments,6,341.0,515.0,Persistence,20260910T174657Z,2026-08-02 15:00:00+00:00
2026-08-03 03:00:00+00:00,/payments,12,390.0,515.0,Persistence,20260910T174657Z,2026-08-02 15:00:00+00:00
2026-08-02 17:00:00+00:00,/payments,1,415.0,410.0,Persistence,20260910T174657Z,2026-08-02 16:00:00+00:00
2026-08-02 22:00:00+00:00,/payments,6,323.0,410.0,Persistence,20260910T174657Z,2026-08-02 16:00:00+00:00
2026-08-03 04:00:00+00:00,/payments,12,423.0,410.0,Persistence,20260910T174657Z,2026-08-02 16:00:00+00:00
2026-08-02 18:00:00+00:00,/payments,1,347.0,415.0,Persistence,20260910T174657Z,2026-08-02 17:00:00+00:00
2026-08-02 23:00:00+00:00,/payments,6,246.0,415.0,Persistence,20260910T174657Z,2026-08-02 17:00:00+00:00
2026-08-03 05:00:00+00:00,/payments,12,417.0,415.0,Persistence,20260910T174657Z,2026-08-02 17:00:00+00:00
2026-08-02 19:00:00+00:00,/payments,1,378.0,347.0,Persistence,20260910T174657Z,2026-08-02 18:00:00+00:00
2026-08-03 00:00:00+00:00,/payments,6,414.0,347.0,Persistence,20260910T174657Z,2026-08-02 18:00:00+00:00
2026-08-03 06:00:00+00:00,/payments,12,451.0,347.0,Persistence,20260910T174657Z,2026-08-02 18:00:00+00:00
2026-08-02 20:00:00+00:00,/payments,1,384.0,378.0,Persistence,20260910T174657Z,2026-08-02 19:00:00+00:00
2026-08-03 01:00:00+00:00,/payments,6,315.0,378.0,Persistence,20260910T174657Z,2026-08-02 19:00:00+00:00
2026-08-03 07:00:00+00:00,/payments,12,550.0,378.0,Persistence,20260910T174657Z,2026-08-02 19:00:00+00:00
2026-08-02 21:00:00+00:00,/payments,1,341.0,384.0,Persistence,20260910T174657Z,2026-08-02 20:00:00+00:00
2026-08-03 02:00:00+00:00,/payments,6,381.0,384.0,Persistence,20260910T174657Z,2026-08-02 20:00:00+00:00
2026-08-03 08:00:00+00:00,/payments,12,565.0,384.0,Persistence,20260910T174657Z,2026-08-02 20:00:00+00:00
2026-08-02 22:00:00+00:00,/payments,1,323.0,341.0,Persistence,20260910T174657Z,2026-08-02 21:00:00+00:00
2026-08-03 03:00:00+00:00,/payments,6,390.0,341.0,Persistence,20260910T174657Z,2026-08-02 21:00:00+00:00
2026-08-03 09:00:00+00:00,/payments,12,646.0,341.0,Persistence,20260910T174657Z,2026-08-02 21:00:00+00:00
2026-08-02 23:00:00+00:00,/payments,1,246.0,323.0,Persistence,20260910T174657Z,2026-08-02 22:00:00+00:00
2026-08-03 04:00:00+00:00,/payments,6,423.0,323.0,Persistence,20260910T174657Z,2026-08-02 22:00:00+00:00
2026-08-03 10:00:00+00:00,/payments,12,622.0,323.0,Persistence,20260910T174657Z,2026-08-02 22:00:00+00:00
2026-08-03 00:00:00+00:00,/payments,1,414.0,246.0,Persistence,20260910T174657Z,2026-08-02 23:00:00+00:00
2026-08-03 05:00:00+00:00,/payments,6,417.0,246.0,Persistence,20260910T174657Z,2026-08-02 23:00:00+00:00
2026-08-03 11:00:00+00:00,/payments,12,743.0,246.0,Persistence,20260910T174657Z,2026-08-02 23:00:00+00:00
2026-08-03 01:00:00+00:00,/payments,1,315.0,414.0,Persistence,20260910T174657Z,2026-08-03 00:00:00+00:00
2026-08-03 06:00:00+00:00,/payments,6,451.0,414.0,Persistence,20260910T174657Z,2026-08-03 00:00:00+00:00
2026-08-03 12:00:00+00:00,/payments,12,828.0,414.0,Persistence,20260910T174657Z,2026-08-03 00:00:00+00:00
2026-08-03 02:00:00+00:00,/payments,1,381.0,315.0,Persistence,20260910T174657Z,2026-08-03 01:00:00+00:00
2026-08-03 07:00:00+00:00,/payments,6,550.0,315.0,Persistence,20260910T174657Z,2026-08-03 01:00:00+00:00
2026-08-03 13:00:00+00:00,/payments,12,777.0,315.0,Persistence,20260910T174657Z,2026-08-03 01:00:00+00:00
2026-08-03 03:00:00+00:00,/payments,1,390.0,381.0,Persistence,20260910T174657Z,2026-08-03 02:00:00+00:00
2026-08-03 08:00:00+00:00,/payments,6,565.0,381.0,Persistence,20260910T174657Z,2026-08-03 02:00:00+00:00
2026-08-03 14:00:00+00:00,/payments,12,844.0,381.0,Persistence,20260910T174657Z,2026-08-03 02:00:00+00:00
2026-08-03 04:00:00+00:00,/payments,1,423.0,390.0,Persistence,20260910T174657Z,2026-08-03 03:00:00+00:00
2026-08-03 09:00:00+00:00,/payments,6,646.0,390.0,Persistence,20260910T174657Z,2026-08-03 03:00:00+00:00
2026-08-03 15:00:00+00:00,/payments,12,861.0,390.0,Persistence,20260910T174657Z,2026-08-03 03:00:00+00:00
2026-08-03 05:00:00+00:00,/payments,1,417.0,423.0,Persistence,20260910T174657Z,2026-08-03 04:00:00+00:00
2026-08-03 10:00:00+00:00,/payments,6,622.0,423.0,Persistence,20260910T174657Z,2026-08-03 04:00:00+00:00
2026-08-03 16:00:00+00:00,/payments,12,875.0,423.0,Persistence,20260910T174657Z,2026-08-03 04:00:00+00:00
2026-08-03 06:00:00+00:00,/payments,1,451.0,417.0,Persistence,20260910T174657Z,2026-08-03 05:00:00+00:00
2026-08-03 11:00:00+00:00,/payments,6,743.0,417.0,Persistence,20260910T174657Z,2026-08-03 05:00:00+00:00
2026-08-03 17:00:00+00:00,/payments,12,825.0,417.0,Persistence,20260910T174657Z,2026-08-03 05:00:00+00:00
2026-08-03 07:00:00+00:00,/payments,1,550.0,451.0,Persistence,20260910T174657Z,2026-08-03 06:00:00+00:00
2026-08-03 12:00:00+00:00,/payments,6,828.0,451.0,Persistence,20260910T174657Z,2026-08-03 06:00:00+00:00
2026-08-03 18:00:00+00:00,/payments,12,750.0,451.0,Persistence,20260910T174657Z,2026-08-03 06:00:00+00:00
2026-08-03 08:00:00+00:00,/payments,1,565.0,550.0,Persistence,20260910T174657Z,2026-08-03 07:00:00+00:00
2026-08-03 13:00:00+00:00,/payments,6,777.0,550.0,Persistence,20260910T174657Z,2026-08-03 07:00:00+00:00
2026-08-03 19:00:00+00:00,/payments,12,691.0,550.0,Persistence,20260910T174657Z,2026-08-03 07:00:00+00:00
2026-08-03 09:00:00+00:00,/payments,1,646.0,565.0,Persistence,20260910T174657Z,2026-08-03 08:00:00+00:00
2026-08-03 14:00:00+00:00,/payments,6,844.0,565.0,Persistence,20260910T174657Z,2026-08-03 08:00:00+00:00
2026-08-03 20:00:00+00:00,/payments,12,743.0,565.0,Persistence,20260910T174657Z,2026-08-03 08:00:00+00:00
2026-08-03 10:00:00+00:00,/payments,1,622.0,646.0,Persistence,20260910T174657Z,2026-08-03 09:00:00+00:00
2026-08-03 15:00:00+00:00,/payments,6,861.0,646.0,Persistence,20260910T174657Z,2026-08-03 09:00:00+00:00
2026-08-03 21:00:00+00:00,/payments,12,720.0,646.0,Persistence,20260910T174657Z,2026-08-03 09:00:00+00:00
2026-08-03 11:00:00+00:00,/payments,1,743.0,622.0,Persistence,20260910T174657Z,2026-08-03 10:00:00+00:00
2026-08-03 16:00:00+00:00,/payments,6,875.0,622.0,Persistence,20260910T174657Z,2026-08-03 10:00:00+00:00
2026-08-03 22:00:00+00:00,/payments,12,633.0,622.0,Persistence,20260910T174657Z,2026-08-03 10:00:00+00:00
2026-08-03 12:00:00+00:00,/payments,1,828.0,743.0,Persistence,20260910T174657Z,2026-08-03 11:00:00+00:00
2026-08-03 17:00:00+00:00,/payments,6,825.0,743.0,Persistence,20260910T174657Z,2026-08-03 11:00:00+00:00
2026-08-03 23:00:00+00:00,/payments,12,622.0,743.0,Persistence,20260910T174657Z,2026-08-03 11:00:00+00:00
2026-08-03 13:00:00+00:00,/payments,1,777.0,828.0,Persistence,20260910T174657Z,2026-08-03 12:00:00+00:00
2026-08-03 18:00:00+00:00,/payments,6,750.0,828.0,Persistence,20260910T174657Z,2026-08-03 12:00:00+00:00
2026-08-04 00:00:00+00:00,/payments,12,587.0,828.0,Persistence,20260910T174657Z,2026-08-03 12:00:00+00:00
2026-08-03 14:00:00+00:00,/payments,1,844.0,777.0,Persistence,20260910T174657Z,2026-08-03 13:00:00+00:00
2026-08-03 19:00:00+00:00,/payments,6,691.0,777.0,Persistence,20260910T174657Z,2026-08-03 13:00:00+00:00
2026-08-04 01:00:00+00:00,/payments,12,525.0,777.0,Persistence,20260910T174657Z,2026-08-03 13:00:00+00:00
2026-08-03 15:00:00+00:00,/payments,1,861.0,844.0,Persistence,20260910T174657Z,2026-08-03 14:00:00+00:00
2026-08-03 20:00:00+00:00,/payments,6,743.0,844.0,Persistence,20260910T174657Z,2026-08-03 14:00:00+00:00
2026-08-04 02:00:00+00:00,/payments,12,534.0,844.0,Persistence,20260910T174657Z,2026-08-03 14:00:00+00:00
2026-08-03 16:00:00+00:00,/payments,1,875.0,861.0,Persistence,20260910T174657Z,2026-08-03 15:00:00+00:00
2026-08-03 21:00:00+00:00,/payments,6,720.0,861.0,Persistence,20260910T174657Z,2026-08-03 15:00:00+00:00
2026-08-04 03:00:00+00:00,/payments,12,555.0,861.0,Persistence,20260910T174657Z,2026-08-03 15:00:00+00:00
2026-08-03 17:00:00+00:00,/payments,1,825.0,875.0,Persistence,20260910T174657Z,2026-08-03 16:00:00+00:00
2026-08-03 22:00:00+00:00,/payments,6,633.0,875.0,Persistence,20260910T174657Z,2026-08-03 16:00:00+00:00
2026-08-04 04:00:00+00:00,/payments,12,756.0,875.0,Persistence,20260910T174657Z,2026-08-03 16:00:00+00:00
2026-08-03 18:00:00+00:00,/payments,1,750.0,825.0,Persistence,20260910T174657Z,2026-08-03 17:00:00+00:00
2026-08-03 23:00:00+00:00,/payments,6,622.0,825.0,Persistence,20260910T174657Z,2026-08-03 17:00:00+00:00
2026-08-04 05:00:00+00:00,/payments,12,479.0,825.0,Persistence,20260910T174657Z,2026-08-03 17:00:00+00:00
2026-08-01 12:00:00+00:00,/payments,1,368.0,596.0,SeasonalNaive,20260910T174657Z,2026-08-01 11:00:00+00:00
2026-08-01 17:00:00+00:00,/payments,6,392.0,638.0,SeasonalNaive,20260910T174657Z,2026-08-01 11:00:00+00:00
2026-08-01 23:00:00+00:00,/payments,12,321.0,378.0,SeasonalNaive,20260910T174657Z,2026-08-01 11:00:00+00:00
2026-08-01 13:00:00+00:00,/payments,1,406.0,661.0,SeasonalNaive,20260910T174657Z,2026-08-01 12:00:00+00:00
2026-08-01 18:00:00+00:00,/payments,6,398.0,508.0,SeasonalNaive,20260910T174657Z,2026-08-01 12:00:00+00:00
2026-08-02 00:00:00+00:00,/payments,12,281.0,316.0,SeasonalNaive,20260910T174657Z,2026-08-01 12:00:00+00:00
2026-08-01 14:00:00+00:00,/payments,1,443.0,609.0,SeasonalNaive,20260910T174657Z,2026-08-01 13:00:00+00:00
2026-08-01 19:00:00+00:00,/payments,6,370.0,471.0,SeasonalNaive,20260910T174657Z,2026-08-01 13:00:00+00:00
2026-08-02 01:00:00+00:00,/payments,12,215.0,301.0,SeasonalNaive,20260910T174657Z,2026-08-01 13:00:00+00:00
2026-08-01 15:00:00+00:00,/payments,1,429.0,705.0,SeasonalNaive,20260910T174657Z,2026-08-01 14:00:00+00:00
2026-08-01 20:00:00+00:00,/payments,6,279.0,443.0,SeasonalNaive,20260910T174657Z,2026-08-01 14:00:00+00:00
2026-08-02 02:00:00+00:00,/payments,12,315.0,203.0,SeasonalNaive,20260910T174657Z,2026-08-01 14:00:00+00:00
2026-08-01 16:00:00+00:00,/payments,1,398.0,557.0,SeasonalNaive,20260910T174657Z,2026-08-01 15:00:00+00:00
2026-08-01 21:00:00+00:00,/payments,6,300.0,427.0,SeasonalNaive,20260910T174657Z,2026-08-01 15:00:00+00:00
2026-08-02 03:00:00+00:00,/payments,12,197.0,191.0,SeasonalNaive,20260910T174657Z,2026-08-01 15:00:00+00:00
2026-08-01 17:00:00+00:00,/payments,1,392.0,638.0,SeasonalNaive,20260910T174657Z,2026-08-01 16:00:00+00:00
2026-08-01 22:00:00+00:00,/payments,6,237.0,447.0,SeasonalNaive,20260910T174657Z,2026-08-01 16:00:00+00:00
2026-08-02 04:00:00+00:00,/payments,12,317.0,211.0,SeasonalNaive,20260910T174657Z,2026-08-01 16:00:00+00:00
2026-08-01 18:00:00+00:00,/payments,1,398.0,508.0,SeasonalNaive,20260910T174657Z,2026-08-01 17:00:00+00:00
2026-08-01 23:00:00+00:00,/payments,6,321.0,378.0,SeasonalNaive,20260910T174657Z,2026-08-01 17:00:00+00:00
2026-08-02 05:00:00+00:00,/payments,12,182.0,324.0,SeasonalNaive,20260910T174657Z,2026-08-01 17:00:00+00:00
2026-08-01 19:00:00+00:00,/payments,1,370.0,471.0,SeasonalNaive,20260910T174657Z,2026-08-01 18:00:00+00:00
2026-08-02 00:00:00+00:00,/payments,6,281.0,316.0,SeasonalNaive,20260910T174657Z,2026-08-01 18:00:00+00:00
2026-08-02 06:00:00+00:00,/payments,12,282.0,316.0,SeasonalNaive,20260910T174657Z,2026-08-01 18:00:00+00:00
2026-08-01 20:00:00+00:00,/payments,1,279.0,443.0,SeasonalNaive,20260910T174657Z,2026-08-01 19:00:00+00:00
2026-08-02 01:00:00+00:00,/payments,6,215.0,301.0,SeasonalNaive,20260910T174657Z,2026-08-01 19:00:00+00:00
2026-08-02 07:00:00+00:00,/payments,12,322.0,386.0,SeasonalNaive,20260910T174657Z,2026-08-01 19:00:00+00:00
2026-08-01 21:00:00+00:00,/payments,1,300.0,427.0,SeasonalNaive,20260910T174657Z,2026-08-01 20:00:00+00:00
2026-08-02 02:00:00+00:00,/payments,6,315.0,203.0,SeasonalNaive,20260910T174657Z,2026-08-01 20:00:00+00:00
2026-08-02 08:00:00+00:00,/payments,12,387.0,337.0,SeasonalNaive,20260910T174657Z,2026-08-01 20:00:00+00:00
2026-08-01 22:00:00+00:00,/payments,1,237.0,447.0,SeasonalNaive,20260910T174657Z,2026-08-01 21:00:00+00:00
2026-08-02 03:00:00+00:00,/payments,6,197.0,191.0,SeasonalNaive,20260910T174657Z,2026-08-01 21:00:00+00:00
2026-08-02 09:00:00+00:00,/payments,12,376.0,344.0,SeasonalNaive,20260910T174657Z,2026-08-01 21:00:00+00:00
2026-08-01 23:00:00+00:00,/payments,1,321.0,378.0,SeasonalNaive,20260910T174657Z,2026-08-01 22:00:00+00:00
2026-08-02 04:00:00+00:00,/payments,6,317.0,211.0,SeasonalNaive,20260910T174657Z,2026-08-01 22:00:00+00:00
2026-08-02 10:00:00+00:00,/payments,12,368.0,413.0,SeasonalNaive,20260910T174657Z,2026-08-01 22:00:00+00:00
2026-08-02 00:00:00+00:00,/payments,1,281.0,316.0,SeasonalNaive,20260910T174657Z,2026-08-01 23:00:00+00:00
2026-08-02 05:00:00+00:00,/payments,6,182.0,324.0,SeasonalNaive,20260910T174657Z,2026-08-01 23:00:00+00:00
2026-08-02 11:00:00+00:00,/payments,12,430.0,374.0,SeasonalNaive,20260910T174657Z,2026-08-01 23:00:00+00:00
2026-08-02 01:00:00+00:00,/payments,1,215.0,301.0,SeasonalNaive,20260910T174657Z,2026-08-02 00:00:00+00:00
2026-08-02 06:00:00+00:00,/payments,6,282.0,316.0,SeasonalNaive,20260910T174657Z,2026-08-02 00:00:00+00:00
2026-08-02 12:00:00+00:00,/payments,12,439.0,368.0,SeasonalNaive,20260910T174657Z,2026-08-02 00:00:00+00:00
2026-08-02 02:00:00+00:00,/payments,1,315.0,203.0,SeasonalNaive,20260910T174657Z,2026-08-02 01:00:00+00:00
2026-08-02 07:00:00+00:00,/payments,6,322.0,386.0,SeasonalNaive,20260910T174657Z,2026-08-02 01:00:00+00:00
2026-08-02 13:00:00+00:00,/payments,12,464.0,406.0,SeasonalNaive,20260910T174657Z,2026-08-02 01:00:00+00:00
2026-08-02 03:00:00+00:00,/payments,1,197.0,191.0,SeasonalNaive,20260910T174657Z,2026-08-02 02:00:00+00:00
2026-08-02 08:00:00+00:00,/payments,6,387.0,337.0,SeasonalNaive,20260910T174657Z,2026-08-02 02:00:00+00:00
2026-08-02 14:00:00+00:00,/payments,12,448.0,443.0,SeasonalNaive,20260910T174657Z,2026-08-02 02:00:00+00:00
2026-08-02 04:00:00+00:00,/payments,1,317.0,211.0,SeasonalNaive,20260910T174657Z,2026-08-02 03:00:00+00:00
2026-08-02 09:00:00+00:00,/payments,6,376.0,344.0,SeasonalNaive,20260910T174657Z,2026-08-02 03:00:00+00:00
2026-08-02 15:00:00+00:00,/payments,12,515.0,429.0,SeasonalNaive,20260910T174657Z,2026-08-02 03:00:00+00:00
2026-08-02 05:00:00+00:00,/payments,1,182.0,324.0,SeasonalNaive,20260910T174657Z,2026-08-02 04:00:00+00:00
2026-08-02 10:00:00+00:00,/payments,6,368.0,413.0,SeasonalNaive,20260910T174657Z,2026-08-02 04:00:00+00:00
2026-08-02 16:00:00+00:00,/payments,12,410.0,398.0,SeasonalNaive,20260910T174657Z,2026-08-02 04:00:00+00:00
2026-08-02 06:00:00+00:00,/payments,1,282.0,316.0,SeasonalNaive,20260910T174657Z,2026-08-02 05:00:00+00:00
2026-08-02 11:00:00+00:00,/payments,6,430.0,374.0,SeasonalNaive,20260910T174657Z,2026-08-02 05:00:00+00:00
2026-08-02 17:00:00+00:00,/payments,12,415.0,392.0,SeasonalNaive,20260910T174657Z,2026-08-02 05:00:00+00:00
2026-08-02 07:00:00+00:00,/payments,1,322.0,386.0,SeasonalNaive,20260910T174657Z,2026-08-02 06:00:00+00:00
2026-08-02 12:00:00+00:00,/payments,6,439.0,368.0,SeasonalNaive,20260910T174657Z,2026-08-02 06:00:00+00:00
2026-08-02 18:00:00+00:00,/payments,12,347.0,398.0,SeasonalNaive,20260910T174657Z,2026-08-02 06:00:00+00:00
2026-08-02 08:00:00+00:00,/payments,1,387.0,337.0,SeasonalNaive,20260910T174657Z,2026-08-02 07:00:00+00:00
2026-08-02 13:00:00+00:00,/payments,6,464.0,406.0,SeasonalNaive,20260910T174657Z,2026-08-02 07:00:00+00:00
2026-08-02 19:00:00+00:00,/payments,12,378.0,370.0,SeasonalNaive,20260910T174657Z,2026-08-02 07:00:00+00:00
2026-08-02 09:00:00+00:00,/payments,1,376.0,344.0,SeasonalNaive,20260910T174657Z,2026-08-02 08:00:00+00:00
2026-08-02 14:00:00+00:00,/payments,6,448.0,443.0,SeasonalNaive,20260910T174657Z,2026-08-02 08:00:00+00:00
2026-08-02 20:00:00+00:00,/payments,12,384.0,279.0,SeasonalNaive,20260910T174657Z,2026-08-02 08:00:00+00:00
2026-08-02 10:00:00+00:00,/payments,1,368.0,413.0,SeasonalNaive,20260910T174657Z,2026-08-02 09:00:00+00:00
2026-08-02 15:00:00+00:00,/payments,6,515.0,429.0,SeasonalNaive,20260910T174657Z,2026-08-02 09:00:00+00:00
2026-08-02 21:00:00+00:00,/payments,12,341.0,300.0,SeasonalNaive,20260910T174657Z,2026-08-02 09:00:00+00:00
2026-08-02 11:00:00+00:00,/payments,1,430.0,374.0,SeasonalNaive,20260910T174657Z,2026-08-02 10:00:00+00:00
2026-08-02 16:00:00+00:00,/payments,6,410.0,398.0,SeasonalNaive,20260910T174657Z,2026-08-02 10:00:00+00:00
2026-08-02 22:00:00+00:00,/payments,12,323.0,237.0,SeasonalNaive,20260910T174657Z,2026-08-02 10:00:00+00:00
2026-08-02 12:00:00+00:00,/payments,1,439.0,368.0,SeasonalNaive,20260910T174657Z,2026-08-02 11:00:00+00:00
2026-08-02 17:00:00+00:00,/payments,6,415.0,392.0,SeasonalNaive,20260910T174657Z,2026-08-02 11:00:00+00:00
2026-08-02 23:00:00+00:00,/payments,12,246.0,321.0,SeasonalNaive,20260910T174657Z,2026-08-02 11:00:00+00:00
2026-08-02 13:00:00+00:00,/payments,1,464.0,406.0,SeasonalNaive,20260910T174657Z,2026-08-02 12:00:00+00:00
2026-08-02 18:00:00+00:00,/payments,6,347.0,398.0,SeasonalNaive,20260910T174657Z,2026-08-02 12:00:00+00:00
2026-08-03 00:00:00+00:00,/payments,12,414.0,281.0,SeasonalNaive,20260910T174657Z,2026-08-02 12:00:00+00:00
2026-08-02 14:00:00+00:00,/payments,1,448.0,443.0,SeasonalNaive,20260910T174657Z,2026-08-02 13:00:00+00:00
2026-08-02 19:00:00+00:00,/payments,6,378.0,370.0,SeasonalNaive,20260910T174657Z,2026-08-02 13:00:00+00:00
2026-08-03 01:00:00+00:00,/payments,12,315.0,215.0,SeasonalNaive,20260910T174657Z,2026-08-02 13:00:00+00:00
2026-08-02 15:00:00+00:00,/payments,1,515.0,429.0,SeasonalNaive,20260910T174657Z,2026-08-02 14:00:00+00:00
2026-08-02 20:00:00+00:00,/payments,6,384.0,279.0,SeasonalNaive,20260910T174657Z,2026-08-02 14:00:00+00:00
2026-08-03 02:00:00+00:00,/payments,12,381.0,315.0,SeasonalNaive,20260910T174657Z,2026-08-02 14:00:00+00:00
2026-08-02 16:00:00+00:00,/payments,1,410.0,398.0,SeasonalNaive,20260910T174657Z,2026-08-02 15:00:00+00:00
2026-08-02 21:00:00+00:00,/payments,6,341.0,300.0,SeasonalNaive,20260910T174657Z,2026-08-02 15:00:00+00:00
2026-08-03 03:00:00+00:00,/payments,12,390.0,197.0,SeasonalNaive,20260910T174657Z,2026-08-02 15:00:00+00:00
2026-08-02 17:00:00+00:00,/payments,1,415.0,392.0,SeasonalNaive,20260910T174657Z,2026-08-02 16:00:00+00:00
2026-08-02 22:00:00+00:00,/payments,6,323.0,237.0,SeasonalNaive,20260910T174657Z,2026-08-02 16:00:00+00:00
2026-08-03 04:00:00+00:00,/payments,12,423.0,317.0,SeasonalNaive,20260910T174657Z,2026-08-02 16:00:00+00:00
2026-08-02 18:00:00+00:00,/payments,1,347.0,398.0,SeasonalNaive,20260910T174657Z,2026-08-02 17:00:00+00:00
2026-08-02 23:00:00+00:00,/payments,6,246.0,321.0,SeasonalNaive,20260910T174657Z,2026-08-02 17:00:00+00:00
2026-08-03 05:00:00+00:00,/payments,12,417.0,182.0,SeasonalNaive,20260910T174657Z,2026-08-02 17:00:00+00:00
2026-08-02 19:00:00+00:00,/payments,1,378.0,370.0,SeasonalNaive,20260910T174657Z,2026-08-02 18:00:00+00:00
2026-08-03 00:00:00+00:00,/payments,6,414.0,281.0,SeasonalNaive,20260910T174657Z,2026-08-02 18:00:00+00:00
2026-08-03 06:00:00+00:00,/payments,12,451.0,282.0,SeasonalNaive,20260910T174657Z,2026-08-02 18:00:00+00:00
2026-08-02 20:00:00+00:00,/payments,1,384.0,279.0,SeasonalNaive,20260910T174657Z,2026-08-02 19:00:00+00:00
2026-08-03 01:00:00+00:00,/payments,6,315.0,215.0,SeasonalNaive,20260910T174657Z,2026-08-02 19:00:00+00:00
2026-08-03 07:00:00+00:00,/payments,12,550.0,322.0,SeasonalNaive,20260910T174657Z,2026-08-02 19:00:00+00:00
2026-08-02 21:00:00+00:00,/payments,1,341.0,300.0,SeasonalNaive,20260910T174657Z,2026-08-02 20:00:00+00:00
2026-08-03 02:00:00+00:00,/payments,6,381.0,315.0,SeasonalNaive,20260910T174657Z,2026-08-02 20:00:00+00:00
2026-08-03 08:00:00+00:00,/payments,12,565.0,387.0,SeasonalNaive,20260910T174657Z,2026-08-02 20:00:00+00:00
2026-08-02 22:00:00+00:00,/payments,1,323.0,237.0,SeasonalNaive,20260910T174657Z,2026-08-02 21:00:00+00:00
2026-08-03 03:00:00+00:00,/payments,6,390.0,197.0,SeasonalNaive,20260910T174657Z,2026-08-02 21:00:00+00:00
2026-08-03 09:00:00+00:00,/payments,12,646.0,376.0,SeasonalNaive,20260910T174657Z,2026-08-02 21:00:00+00:00
2026-08-02 23:00:00+00:00,/payments,1,246.0,321.0,SeasonalNaive,20260910T174657Z,2026-08-02 22:00:00+00:00
2026-08-03 04:00:00+00:00,/payments,6,423.0,317.0,SeasonalNaive,20260910T174657Z,2026-08-02 22:00:00+00:00
2026-08-03 10:00:00+00:00,/payments,12,622.0,368.0,SeasonalNaive,20260910T174657Z,2026-08-02 22:00:00+00:00
2026-08-03 00:00:00+00:00,/payments,1,414.0,281.0,SeasonalNaive,20260910T174657Z,2026-08-02 23:00:00+00:00
2026-08-03 05:00:00+00:00,/payments,6,417.0,182.0,SeasonalNaive,20260910T174657Z,2026-08-02 23:00:00+00:00
2026-08-03 11:00:00+00:00,/payments,12,743.0,430.0,SeasonalNaive,20260910T174657Z,2026-08-02 23:00:00+00:00
2026-08-03 01:00:00+00:00,/payments,1,315.0,215.0,SeasonalNaive,20260910T174657Z,2026-08-03 00:00:00+00:00
2026-08-03 06:00:00+00:00,/payments,6,451.0,282.0,SeasonalNaive,20260910T174657Z,2026-08-03 00:00:00+00:00
2026-08-03 12:00:00+00:00,/payments,12,828.0,439.0,SeasonalNaive,20260910T174657Z,2026-08-03 00:00:00+00:00
2026-08-03 02:00:00+00:00,/payments,1,381.0,315.0,SeasonalNaive,20260910T174657Z,2026-08-03 01:00:00+00:00
2026-08-03 07:00:00+00:00,/payments,6,550.0,322.0,SeasonalNaive,20260910T174657Z,2026-08-03 01:00:00+00:00
2026-08-03 13:00:00+00:00,/payments,12,777.0,464.0,SeasonalNaive,20260910T174657Z,2026-08-03 01:00:00+00:00
2026-08-03 03:00:00+00:00,/payments,1,390.0,197.0,SeasonalNaive,20260910T174657Z,2026-08-03 02:00:00+00:00
2026-08-03 08:00:00+00:00,/payments,6,565.0,387.0,SeasonalNaive,20260910T174657Z,2026-08-03 02:00:00+00:00
2026-08-03 14:00:00+00:00,/payments,12,844.0,448.0,SeasonalNaive,20260910T174657Z,2026-08-03 02:00:00+00:00
2026-08-03 04:00:00+00:00,/payments,1,423.0,317.0,SeasonalNaive,20260910T174657Z,2026-08-03 03:00:00+00:00
2026-08-03 09:00:00+00:00,/payments,6,646.0,376.0,SeasonalNaive,20260910T174657Z,2026-08-03 03:00:00+00:00
2026-08-03 15:00:00+00:00,/payments,12,861.0,515.0,SeasonalNaive,20260910T174657Z,2026-08-03 03:00:00+00:00
2026-08-03 05:00:00+00:00,/payments,1,417.0,182.0,SeasonalNaive,20260910T174657Z,2026-08-03 04:00:00+00:00
2026-08-03 10:00:00+00:00,/payments,6,622.0,368.0,SeasonalNaive,20260910T174657Z,2026-08-03 04:00:00+00:00
2026-08-03 16:00:00+00:00,/payments,12,875.0,410.0,SeasonalNaive,20260910T174657Z,2026-08-03 04:00:00+00:00
2026-08-03 06:00:00+00:00,/payments,1,451.0,282.0,SeasonalNaive,20260910T174657Z,2026-08-03 05:00:00+00:00
2026-08-03 11:00:00+00:00,/payments,6,743.0,430.0,SeasonalNaive,20260910T174657Z,2026-08-03 05:00:00+00:00
2026-08-03 17:00:00+00:00,/payments,12,825.0,415.0,SeasonalNaive,20260910T174657Z,2026-08-03 05:00:00+00:00
2026-08-03 07:00:00+00:00,/payments,1,550.0,322.0,SeasonalNaive,20260910T174657Z,2026-08-03 06:00:00+00:00
2026-08-03 12:00:00+00:00,/payments,6,828.0,439.0,SeasonalNaive,20260910T174657Z,2026-08-03 06:00:00+00:00
2026-08-03 18:00:00+00:00,/payments,12,750.0,347.0,SeasonalNaive,20260910T174657Z,2026-08-03 06:00:00+00:00
2026-08-03 08:00:00+00:00,/payments,1,565.0,387.0,SeasonalNaive,20260910T174657Z,2026-08-03 07:00:00+00:00
2026-08-03 13:00:00+00:00,/payments,6,777.0,464.0,SeasonalNaive,20260910T174657Z,2026-08-03 07:00:00+00:00
2026-08-03 19:00:00+00:00,/payments,12,691.0,378.0,SeasonalNaive,20260910T174657Z,2026-08-03 07:00:00+00:00
2026-08-03 09:00:00+00:00,/payments,1,646.0,376.0,SeasonalNaive,20260910T174657Z,2026-08-03 08:00:00+00:00
2026-08-03 14:00:00+00:00,/payments,6,844.0,448.0,SeasonalNaive,20260910T174657Z,2026-08-03 08:00:00+00:00
2026-08-03 20:00:00+00:00,/payments,12,743.0,384.0,SeasonalNaive,20260910T174657Z,2026-08-03 08:00:00+00:00
2026-08-03 10:00:00+00:00,/payments,1,622.0,368.0,SeasonalNaive,20260910T174657Z,2026-08-03 09:00:00+00:00
2026-08-03 15:00:00+00:00,/payments,6,861.0,515.0,SeasonalNaive,20260910T174657Z,2026-08-03 09:00:00+00:00
2026-08-03 21:00:00+00:00,/payments,12,720.0,341.0,SeasonalNaive,20260910T174657Z,2026-08-03 09:00:00+00:00
2026-08-03 11:00:00+00:00,/payments,1,743.0,430.0,SeasonalNaive,20260910T174657Z,2026-08-03 10:00:00+00:00
2026-08-03 16:00:00+00:00,/payments,6,875.0,410.0,SeasonalNaive,20260910T174657Z,2026-08-03 10:00:00+00:00
2026-08-03 22:00:00+00:00,/payments,12,633.0,323.0,SeasonalNaive,20260910T174657Z,2026-08-03 10:00:00+00:00
2026-08-03 12:00:00+00:00,/payments,1,828.0,439.0,SeasonalNaive,20260910T174657Z,2026-08-03 11:00:00+00:00
2026-08-03 17:00:00+00:00,/payments,6,825.0,415.0,SeasonalNaive,20260910T174657Z,2026-08-03 11:00:00+00:00
2026-08-03 23:00:00+00:00,/payments,12,622.0,246.0,SeasonalNaive,20260910T174657Z,2026-08-03 11:00:00+00:00
2026-08-03 13:00:00+00:00,/payments,1,777.0,464.0,SeasonalNaive,20260910T174657Z,2026-08-03 12:00:00+00:00
2026-08-03 18:00:00+00:00,/payments,6,750.0,347.0,SeasonalNaive,20260910T174657Z,2026-08-03 12:00:00+00:00
2026-08-04 00:00:00+00:00,/payments,12,587.0,414.0,SeasonalNaive,20260910T174657Z,2026-08-03 12:00:00+00:00
2026-08-03 14:00:00+00:00,/payments,1,844.0,448.0,SeasonalNaive,20260910T174657Z,2026-08-03 13:00:00+00:00
2026-08-03 19:00:00+00:00,/payments,6,691.0,378.0,SeasonalNaive,20260910T174657Z,2026-08-03 13:00:00+00:00
2026-08-04 01:00:00+00:00,/payments,12,525.0,315.0,SeasonalNaive,20260910T174657Z,2026-08-03 13:00:00+00:00
2026-08-03 15:00:00+00:00,/payments,1,861.0,515.0,SeasonalNaive,20260910T174657Z,2026-08-03 14:00:00+00:00
2026-08-03 20:00:00+00:00,/payments,6,743.0,384.0,SeasonalNaive,20260910T174657Z,2026-08-03 14:00:00+00:00
2026-08-04 02:00:00+00:00,/payments,12,534.0,381.0,SeasonalNaive,20260910T174657Z,2026-08-03 14:00:00+00:00
2026-08-03 16:00:00+00:00,/payments,1,875.0,410.0,SeasonalNaive,20260910T174657Z,2026-08-03 15:00:00+00:00
2026-08-03 21:00:00+00:00,/payments,6,720.0,341.0,SeasonalNaive,20260910T174657Z,2026-08-03 15:00:00+00:00
2026-08-04 03:00:00+00:00,/payments,12,555.0,390.0,SeasonalNaive,20260910T174657Z,2026-08-03 15:00:00+00:00
2026-08-03 17:00:00+00:00,/payments,1,825.0,415.0,SeasonalNaive,20260910T174657Z,2026-08-03 16:00:00+00:00
2026-08-03 22:00:00+00:00,/payments,6,633.0,323.0,SeasonalNaive,20260910T174657Z,2026-08-03 16:00:00+00:00
2026-08-04 04:00:00+00:00,/payments,12,756.0,423.0,SeasonalNaive,20260910T174657Z,2026-08-03 16:00:00+00:00
2026-08-03 18:00:00+00:00,/payments,1,750.0,347.0,SeasonalNaive,20260910T174657Z,2026-08-03 17:00:00+00:00
2026-08-03 23:00:00+00:00,/payments,6,622.0,246.0,SeasonalNaive,20260910T174657Z,2026-08-03 17:00:00+00:00
2026-08-04 05:00:00+00:00,/payments,12,479.0,417.0,SeasonalNaive,20260910T174657Z,2026-08-03 17:00:00+00:00
2026-08-01 12:00:00+00:00,/search,1,609.0,695.3336428571429,RF,20260910T174657Z,2026-08-01 11:00:00+00:00
2026-08-01 17:00:00+00:00,/search,6,891.0,745.5114285714288,RF,20260910T174657Z,2026-08-01 11:00:00+00:00
2026-08-01 23:00:00+00:00,/search,12,684.0,515.3272718253969,RF,20260910T174657Z,2026-08-01 11:00:00+00:00
2026-08-01 13:00:00+00:00,/search,1,689.0,681.1408492063488,RF,20260910T174657Z,2026-08-01 12:00:00+00:00
2026-08-01 18:00:00+00:00,/search,6,844.0,671.8074027777777,RF,20260910T174657Z,2026-08-01 12:00:00+00:00
2026-08-02 00:00:00+00:00,/search,12,388.0,481.5642103174599,RF,20260910T174657Z,2026-08-01 12:00:00+00:00
2026-08-01 14:00:00+00:00,/search,1,1119.0,703.63485515873,RF,20260910T174657Z,2026-08-01 13:00:00+00:00
2026-08-01 19:00:00+00:00,/search,6,750.0,620.8992261904763,RF,20260910T174657Z,2026-08-01 13:00:00+00:00
2026-08-02 01:00:00+00:00,/search,12,251.0,360.75209523809514,RF,20260910T174657Z,2026-08-01 13:00:00+00:00
2026-08-01 15:00:00+00:00,/search,1,986.0,861.714593253968,RF,20260910T174657Z,2026-08-01 14:00:00+00:00
2026-08-01 20:00:00+00:00,/search,6,826.0,714.7465595238094,RF,20260910T174657Z,2026-08-01 14:00:00+00:00
2026-08-02 02:00:00+00:00,/search,12,386.0,353.289380952381,RF,20260910T174657Z,2026-08-01 14:00:00+00:00
2026-08-01 16:00:00+00:00,/search,1,929.0,881.2452777777773,RF,20260910T174657Z,2026-08-01 15:00:00+00:00
2026-08-01 21:00:00+00:00,/search,6,667.0,702.2942242063493,RF,20260910T174657Z,2026-08-01 15:00:00+00:00
2026-08-02 03:00:00+00:00,/search,12,390.0,373.47010714285716,RF,20260910T174657Z,2026-08-01 15:00:00+00:00
2026-08-01 17:00:00+00:00,/search,1,891.0,887.0520793650797,RF,20260910T174657Z,2026-08-01 16:00:00+00:00
2026-08-01 22:00:00+00:00,/search,6,653.0,600.5842658730159,RF,20260910T174657Z,2026-08-01 16:00:00+00:00
2026-08-02 04:00:00+00:00,/search,12,384.0,383.5752559523809,RF,20260910T174657Z,2026-08-01 16:00:00+00:00
2026-08-01 18:00:00+00:00,/search,1,844.0,857.5492083333334,RF,20260910T174657Z,2026-08-01 17:00:00+00:00
2026-08-01 23:00:00+00:00,/search,6,684.0,539.883380952381,RF,20260910T174657Z,2026-08-01 17:00:00+00:00
2026-08-02 05:00:00+00:00,/search,12,467.0,399.5797321428571,RF,20260910T174657Z,2026-08-01 17:00:00+00:00
2026-08-01 19:00:00+00:00,/search,1,750.0,784.8644265873012,RF,20260910T174657Z,2026-08-01 18:00:00+00:00
2026-08-02 00:00:00+00:00,/search,6,388.0,488.0452936507936,RF,20260910T174657Z,2026-08-01 18:00:00+00:00
2026-08-02 06:00:00+00:00,/search,12,414.0,423.77322023809506,RF,20260910T174657Z,2026-08-01 18:00:00+00:00
2026-08-01 20:00:00+00:00,/search,1,826.0,771.9123392857142,RF,20260910T174657Z,2026-08-01 19:00:00+00:00
2026-08-02 01:00:00+00:00,/search,6,251.0,398.4286250000002,RF,20260910T174657Z,2026-08-01 19:00:00+00:00
2026-08-02 07:00:00+00:00,/search,12,452.0,441.1390357142858,RF,20260910T174657Z,2026-08-01 19:00:00+00:00
2026-08-01 21:00:00+00:00,/search,1,667.0,699.6929146825398,RF,20260910T174657Z,2026-08-01 20:00:00+00:00
2026-08-02 02:00:00+00:00,/search,6,386.0,355.21676190476194,RF,20260910T174657Z,2026-08-01 20:00:00+00:00
2026-08-02 08:00:00+00:00,/search,12,539.0,448.98078571428573,RF,20260910T174657Z,2026-08-01 20:00:00+00:00
2026-08-01 22:00:00+00:00,/search,1,653.0,564.8364920634922,RF,20260910T174657Z,2026-08-01 21:00:00+00:00
2026-08-02 03:00:00+00:00,/search,6,390.0,373.22119047619054,RF,20260910T174657Z,2026-08-01 21:00:00+00:00
2026-08-02 09:00:00+00:00,/search,12,548.0,523.3682559523811,RF,20260910T174657Z,2026-08-01 21:00:00+00:00
2026-08-01 23:00:00+00:00,/search,1,684.0,538.2389682539684,RF,20260910T174657Z,2026-08-01 22:00:00+00:00
2026-08-02 04:00:00+00:00,/search,6,384.0,379.94249404761905,RF,20260910T174657Z,2026-08-01 22:00:00+00:00
2026-08-02 10:00:00+00:00,/search,12,589.0,576.3855396825396,RF,20260910T174657Z,2026-08-01 22:00:00+00:00
2026-08-02 00:00:00+00:00,/search,1,388.0,541.4507222222223,RF,20260910T174657Z,2026-08-01 23:00:00+00:00
2026-08-02 05:00:00+00:00,/search,6,467.0,388.8603214285714,RF,20260910T174657Z,2026-08-01 23:00:00+00:00
2026-08-02 11:00:00+00:00,/search,12,678.0,588.6359523809523,RF,20260910T174657Z,2026-08-01 23:00:00+00:00
2026-08-02 01:00:00+00:00,/search,1,251.0,404.3803690476192,RF,20260910T174657Z,2026-08-02 00:00:00+00:00
2026-08-02 06:00:00+00:00,/search,6,414.0,427.990494047619,RF,20260910T174657Z,2026-08-02 00:00:00+00:00
2026-08-02 12:00:00+00:00,/search,12,586.0,614.8464384920637,RF,20260910T174657Z,2026-08-02 00:00:00+00:00
2026-08-02 02:00:00+00:00,/search,1,386.0,401.0097500000001,RF,20260910T174657Z,2026-08-02 01:00:00+00:00
2026-08-02 07:00:00+00:00,/search,6,452.0,442.6955833333334,RF,20260910T174657Z,2026-08-02 01:00:00+00:00
2026-08-02 13:00:00+00:00,/search,12,673.0,645.4941468253969,RF,20260910T174657Z,2026-08-02 01:00:00+00:00
2026-08-02 03:00:00+00:00,/search,1,390.0,378.1184940476189,RF,20260910T174657Z,2026-08-02 02:00:00+00:00
2026-08-02 08:00:00+00:00,/search,6,539.0,442.0494523809525,RF,20260910T174657Z,2026-08-02 02:00:00+00:00
2026-08-02 14:00:00+00:00,/search,12,595.0,681.959861111111,RF,20260910T174657Z,2026-08-02 02:00:00+00:00
2026-08-02 04:00:00+00:00,/search,1,384.0,375.33151190476195,RF,20260910T174657Z,2026-08-02 03:00:00+00:00
2026-08-02 09:00:00+00:00,/search,6,548.0,520.538017857143,RF,20260910T174657Z,2026-08-02 03:00:00+00:00
2026-08-02 15:00:00+00:00,/search,12,664.0,702.44148015873,RF,20260910T174657Z,2026-08-02 03:00:00+00:00
2026-08-02 05:00:00+00:00,/search,1,467.0,394.8106845238095,RF,20260910T174657Z,2026-08-02 04:00:00+00:00
2026-08-02 10:00:00+00:00,/search,6,589.0,574.638206349206,RF,20260910T174657Z,2026-08-02 04:00:00+00:00
2026-08-02 16:00:00+00:00,/search,12,586.0,714.113875,RF,20260910T174657Z,2026-08-02 04:00:00+00:00
2026-08-02 06:00:00+00:00,/search,1,414.0,435.05495833333333,RF,20260910T174657Z,2026-08-02 05:00:00+00:00
2026-08-02 11:00:00+00:00,/search,6,678.0,596.8808968253965,RF,20260910T174657Z,2026-08-02 05:00:00+00:00
2026-08-02 17:00:00+00:00,/search,12,546.0,711.5080535714283,RF,20260910T174657Z,2026-08-02 05:00:00+00:00
2026-08-02 07:00:00+00:00,/search,1,452.0,445.51807738095243,RF,20260910T174657Z,2026-08-02 06:00:00+00:00
2026-08-02 12:00:00+00:00,/search,6,586.0,615.067771825397,RF,20260910T174657Z,2026-08-02 06:00:00+00:00
2026-08-02 18:00:00+00:00,/search,12,553.0,712.8846130952381,RF,20260910T174657Z,2026-08-02 06:00:00+00:00
2026-08-02 08:00:00+00:00,/search,1,539.0,445.6701190476191,RF,20260910T174657Z,2026-08-02 07:00:00+00:00
2026-08-02 13:00:00+00:00,/search,6,673.0,641.3140277777778,RF,20260910T174657Z,2026-08-02 07:00:00+00:00
2026-08-02 19:00:00+00:00,/search,12,515.0,692.8085476190478,RF,20260910T174657Z,2026-08-02 07:00:00+00:00
2026-08-02 09:00:00+00:00,/search,1,548.0,562.6178432539682,RF,20260910T174657Z,2026-08-02 08:00:00+00:00
2026-08-02 14:00:00+00:00,/search,6,595.0,696.0015079365077,RF,20260910T174657Z,2026-08-02 08:00:00+00:00
2026-08-02 20:00:00+00:00,/search,12,536.0,671.0701726190475,RF,20260910T174657Z,2026-08-02 08:00:00+00:00
2026-08-02 10:00:00+00:00,/search,1,589.0,600.2270000000001,RF,20260910T174657Z,2026-08-02 09:00:00+00:00
2026-08-02 15:00:00+00:00,/search,6,664.0,724.9357797619049,RF,20260910T174657Z,2026-08-02 09:00:00+00:00
2026-08-02 21:00:00+00:00,/search,12,409.0,576.5700337301588,RF,20260910T174657Z,2026-08-02 09:00:00+00:00
2026-08-02 11:00:00+00:00,/search,1,678.0,621.4288849206347,RF,20260910T174657Z,2026-08-02 10:00:00+00:00
2026-08-02 16:00:00+00:00,/search,6,586.0,744.1454761904761,RF,20260910T174657Z,2026-08-02 10:00:00+00:00
2026-08-02 22:00:00+00:00,/search,12,493.0,541.3292519841268,RF,20260910T174657Z,2026-08-02 10:00:00+00:00
2026-08-02 12:00:00+00:00,/search,1,586.0,627.497408730159,RF,20260910T174657Z,2026-08-02 11:00:00+00:00
2026-08-02 17:00:00+00:00,/search,6,546.0,721.6939285714285,RF,20260910T174657Z,2026-08-02 11:00:00+00:00
2026-08-02 23:00:00+00:00,/search,12,537.0,555.1227936507935,RF,20260910T174657Z,2026-08-02 11:00:00+00:00
2026-08-02 13:00:00+00:00,/search,1,673.0,654.9298015873017,RF,20260910T174657Z,2026-08-02 12:00:00+00:00
2026-08-02 18:00:00+00:00,/search,6,553.0,720.672613095238,RF,20260910T174657Z,2026-08-02 12:00:00+00:00
2026-08-03 00:00:00+00:00,/search,12,453.0,560.9749960317462,RF,20260910T174657Z,2026-08-02 12:00:00+00:00
2026-08-02 14:00:00+00:00,/search,1,595.0,686.9450396825395,RF,20260910T174657Z,2026-08-02 13:00:00+00:00
2026-08-02 19:00:00+00:00,/search,6,515.0,688.1133392857143,RF,20260910T174657Z,2026-08-02 13:00:00+00:00
2026-08-03 01:00:00+00:00,/search,12,560.0,555.9217261904761,RF,20260910T174657Z,2026-08-02 13:00:00+00:00
2026-08-02 15:00:00+00:00,/search,1,664.0,674.3205079365076,RF,20260910T174657Z,2026-08-02 14:00:00+00:00
2026-08-02 20:00:00+00:00,/search,6,536.0,618.453003968254,RF,20260910T174657Z,2026-08-02 14:00:00+00:00
2026-08-03 02:00:00+00:00,/search,12,502.0,556.4987539682538,RF,20260910T174657Z,2026-08-02 14:00:00+00:00
2026-08-02 16:00:00+00:00,/search,1,586.0,673.3313412698411,RF,20260910T174657Z,2026-08-02 15:00:00+00:00
2026-08-02 21:00:00+00:00,/search,6,409.0,571.2487380952382,RF,20260910T174657Z,2026-08-02 15:00:00+00:00
2026-08-03 03:00:00+00:00,/search,12,602.0,563.2757896825395,RF,20260910T174657Z,2026-08-02 15:00:00+00:00
2026-08-02 17:00:00+00:00,/search,1,546.0,618.6937261904764,RF,20260910T174657Z,2026-08-02 16:00:00+00:00
2026-08-02 22:00:00+00:00,/search,6,493.0,610.6571428571431,RF,20260910T174657Z,2026-08-02 16:00:00+00:00
2026-08-03 04:00:00+00:00,/search,12,516.0,576.2260019841268,RF,20260910T174657Z,2026-08-02 16:00:00+00:00
2026-08-02 18:00:00+00:00,/search,1,553.0,620.6717698412699,RF,20260910T174657Z,2026-08-02 17:00:00+00:00
2026-08-02 23:00:00+00:00,/search,6,537.0,622.9510238095238,RF,20260910T174657Z,2026-08-02 17:00:00+00:00
2026-08-03 05:00:00+00:00,/search,12,640.0,600.7729940476188,RF,20260910T174657Z,2026-08-02 17:00:00+00:00
2026-08-02 19:00:00+00:00,/search,1,515.0,585.5891190476191,RF,20260910T174657Z,2026-08-02 18:00:00+00:00
2026-08-03 00:00:00+00:00,/search,6,453.0,548.6222896825399,RF,20260910T174657Z,2026-08-02 18:00:00+00:00
2026-08-03 06:00:00+00:00,/search,12,606.0,629.0341488095238,RF,20260910T174657Z,2026-08-02 18:00:00+00:00
2026-08-02 20:00:00+00:00,/search,1,536.0,592.8713849206354,RF,20260910T174657Z,2026-08-02 19:00:00+00:00
2026-08-03 01:00:00+00:00,/search,6,560.0,586.8662738095236,RF,20260910T174657Z,2026-08-02 19:00:00+00:00
2026-08-03 07:00:00+00:00,/search,12,653.0,641.2566230158732,RF,20260910T174657Z,2026-08-02 19:00:00+00:00
2026-08-02 21:00:00+00:00,/search,1,409.0,561.266763888889,RF,20260910T174657Z,2026-08-02 20:00:00+00:00
2026-08-03 02:00:00+00:00,/search,6,502.0,575.7605238095236,RF,20260910T174657Z,2026-08-02 20:00:00+00:00
2026-08-03 08:00:00+00:00,/search,12,617.0,669.8016468253969,RF,20260910T174657Z,2026-08-02 20:00:00+00:00
2026-08-02 22:00:00+00:00,/search,1,493.0,494.4615099206349,RF,20260910T174657Z,2026-08-02 21:00:00+00:00
2026-08-03 03:00:00+00:00,/search,6,602.0,563.1490714285717,RF,20260910T174657Z,2026-08-02 21:00:00+00:00
2026-08-03 09:00:00+00:00,/search,12,751.0,685.3164146825397,RF,20260910T174657Z,2026-08-02 21:00:00+00:00
2026-08-02 23:00:00+00:00,/search,1,537.0,531.0811130952382,RF,20260910T174657Z,2026-08-02 22:00:00+00:00
2026-08-03 04:00:00+00:00,/search,6,516.0,574.8227976190478,RF,20260910T174657Z,2026-08-02 22:00:00+00:00
2026-08-03 10:00:00+00:00,/search,12,920.0,703.121009920635,RF,20260910T174657Z,2026-08-02 22:00:00+00:00
2026-08-03 00:00:00+00:00,/search,1,453.0,558.9301269841268,RF,20260910T174657Z,2026-08-02 23:00:00+00:00
2026-08-03 05:00:00+00:00,/search,6,640.0,605.5296230158727,RF,20260910T174657Z,2026-08-02 23:00:00+00:00
2026-08-03 11:00:00+00:00,/search,12,851.0,748.4939880952384,RF,20260910T174657Z,2026-08-02 23:00:00+00:00
2026-08-03 01:00:00+00:00,/search,1,560.0,437.71802976190486,RF,20260910T174657Z,2026-08-03 00:00:00+00:00
2026-08-03 06:00:00+00:00,/search,6,606.0,493.8818452380952,RF,20260910T174657Z,2026-08-03 00:00:00+00:00
2026-08-03 12:00:00+00:00,/search,12,1012.0,668.6215773809525,RF,20260910T174657Z,2026-08-03 00:00:00+00:00
2026-08-03 02:00:00+00:00,/search,1,502.0,557.2934087301587,RF,20260910T174657Z,2026-08-03 01:00:00+00:00
2026-08-03 07:00:00+00:00,/search,6,653.0,646.4220714285713,RF,20260910T174657Z,2026-08-03 01:00:00+00:00
2026-08-03 13:00:00+00:00,/search,12,987.0,782.8892797619047,RF,20260910T174657Z,2026-08-03 01:00:00+00:00
2026-08-03 03:00:00+00:00,/search,1,602.0,540.9510238095238,RF,20260910T174657Z,2026-08-03 02:00:00+00:00
2026-08-03 08:00:00+00:00,/search,6,617.0,667.740748015873,RF,20260910T174657Z,2026-08-03 02:00:00+00:00
2026-08-03 14:00:00+00:00,/search,12,803.0,636.8982500000001,RF,20260910T174657Z,2026-08-03 02:00:00+00:00
2026-08-03 04:00:00+00:00,/search,1,516.0,572.9020476190477,RF,20260910T174657Z,2026-08-03 03:00:00+00:00
2026-08-03 09:00:00+00:00,/search,6,751.0,664.1789563492066,RF,20260910T174657Z,2026-08-03 03:00:00+00:00
2026-08-03 15:00:00+00:00,/search,12,874.0,772.9172678571429,RF,20260910T174657Z,2026-08-03 03:00:00+00:00
2026-08-03 05:00:00+00:00,/search,1,640.0,588.5422142857142,RF,20260910T174657Z,2026-08-03 04:00:00+00:00
2026-08-03 10:00:00+00:00,/search,6,920.0,707.7080694444443,RF,20260910T174657Z,2026-08-03 04:00:00+00:00
2026-08-03 16:00:00+00:00,/search,12,842.0,760.258880952381,RF,20260910T174657Z,2026-08-03 04:00:00+00:00
2026-08-03 06:00:00+00:00,/search,1,606.0,626.1619543650799,RF,20260910T174657Z,2026-08-03 05:00:00+00:00
2026-08-03 11:00:00+00:00,/search,6,851.0,724.3243928571432,RF,20260910T174657Z,2026-08-03 05:00:00+00:00
2026-08-03 17:00:00+00:00,/search,12,843.0,764.1435476190476,RF,20260910T174657Z,2026-08-03 05:00:00+00:00
2026-08-03 07:00:00+00:00,/search,1,653.0,630.0814999999998,RF,20260910T174657Z,2026-08-03 06:00:00+00:00
2026-08-03 12:00:00+00:00,/search,6,1012.0,687.5577599206349,RF,20260910T174657Z,2026-08-03 06:00:00+00:00
2026-08-03 18:00:00+00:00,/search,12,811.0,609.6240000000003,RF,20260910T174657Z,2026-08-03 06:00:00+00:00
2026-08-03 08:00:00+00:00,/search,1,617.0,676.639878968254,RF,20260910T174657Z,2026-08-03 07:00:00+00:00
2026-08-03 13:00:00+00:00,/search,6,987.0,711.6270476190476,RF,20260910T174657Z,2026-08-03 07:00:00+00:00
2026-08-03 19:00:00+00:00,/search,12,848.0,607.8388234126985,RF,20260910T174657Z,2026-08-03 07:00:00+00:00
2026-08-03 09:00:00+00:00,/search,1,751.0,671.5223055555557,RF,20260910T174657Z,2026-08-03 08:00:00+00:00
2026-08-03 14:00:00+00:00,/search,6,803.0,658.4199742063493,RF,20260910T174657Z,2026-08-03 08:00:00+00:00
2026-08-03 20:00:00+00:00,/search,12,739.0,606.6954404761908,RF,20260910T174657Z,2026-08-03 08:00:00+00:00
2026-08-03 10:00:00+00:00,/search,1,920.0,791.3645952380954,RF,20260910T174657Z,2026-08-03 09:00:00+00:00
2026-08-03 15:00:00+00:00,/search,6,874.0,788.2273392857143,RF,20260910T174657Z,2026-08-03 09:00:00+00:00
2026-08-03 21:00:00+00:00,/search,12,731.0,646.9813928571429,RF,20260910T174657Z,2026-08-03 09:00:00+00:00
2026-08-03 11:00:00+00:00,/search,1,851.0,876.6514880952382,RF,20260910T174657Z,2026-08-03 10:00:00+00:00
2026-08-03 16:00:00+00:00,/search,6,842.0,896.5124345238098,RF,20260910T174657Z,2026-08-03 10:00:00+00:00
2026-08-03 22:00:00+00:00,/search,12,605.0,602.6872003968257,RF,20260910T174657Z,2026-08-03 10:00:00+00:00
2026-08-03 12:00:00+00:00,/search,1,1012.0,803.3365238095234,RF,20260910T174657Z,2026-08-03 11:00:00+00:00
2026-08-03 17:00:00+00:00,/search,6,843.0,769.5617261904763,RF,20260910T174657Z,2026-08-03 11:00:00+00:00
2026-08-03 23:00:00+00:00,/search,12,639.0,575.6682063492066,RF,20260910T174657Z,2026-08-03 11:00:00+00:00
2026-08-03 13:00:00+00:00,/search,1,987.0,925.5445119047622,RF,20260910T174657Z,2026-08-03 12:00:00+00:00
2026-08-03 18:00:00+00:00,/search,6,811.0,780.7863273809522,RF,20260910T174657Z,2026-08-03 12:00:00+00:00
2026-08-04 00:00:00+00:00,/search,12,515.0,543.7147083333333,RF,20260910T174657Z,2026-08-03 12:00:00+00:00
2026-08-03 14:00:00+00:00,/search,1,803.0,923.6288492063494,RF,20260910T174657Z,2026-08-03 13:00:00+00:00
2026-08-03 19:00:00+00:00,/search,6,848.0,796.4365059523808,RF,20260910T174657Z,2026-08-03 13:00:00+00:00
2026-08-04 01:00:00+00:00,/search,12,541.0,552.4130892857142,RF,20260910T174657Z,2026-08-03 13:00:00+00:00
2026-08-03 15:00:00+00:00,/search,1,874.0,810.4664146825395,RF,20260910T174657Z,2026-08-03 14:00:00+00:00
2026-08-03 20:00:00+00:00,/search,6,739.0,715.9367678571425,RF,20260910T174657Z,2026-08-03 14:00:00+00:00
2026-08-04 02:00:00+00:00,/search,12,531.0,553.7641428571425,RF,20260910T174657Z,2026-08-03 14:00:00+00:00
2026-08-03 16:00:00+00:00,/search,1,842.0,861.1700059523812,RF,20260910T174657Z,2026-08-03 15:00:00+00:00
2026-08-03 21:00:00+00:00,/search,6,731.0,663.3356547619046,RF,20260910T174657Z,2026-08-03 15:00:00+00:00
2026-08-04 03:00:00+00:00,/search,12,478.0,558.5355773809522,RF,20260910T174657Z,2026-08-03 15:00:00+00:00
2026-08-03 17:00:00+00:00,/search,1,843.0,804.716863095238,RF,20260910T174657Z,2026-08-03 16:00:00+00:00
2026-08-03 22:00:00+00:00,/search,6,605.0,588.2596646825399,RF,20260910T174657Z,2026-08-03 16:00:00+00:00
2026-08-04 04:00:00+00:00,/search,12,456.0,591.1021448412698,RF,20260910T174657Z,2026-08-03 16:00:00+00:00
2026-08-03 18:00:00+00:00,/search,1,811.0,793.7233154761905,RF,20260910T174657Z,2026-08-03 17:00:00+00:00
2026-08-03 23:00:00+00:00,/search,6,639.0,580.2656944444446,RF,20260910T174657Z,2026-08-03 17:00:00+00:00
2026-08-04 05:00:00+00:00,/search,12,678.0,617.7026507936507,RF,20260910T174657Z,2026-08-03 17:00:00+00:00
2026-08-01 12:00:00+00:00,/search,1,609.0,682.0,Persistence,20260910T174657Z,2026-08-01 11:00:00+00:00
2026-08-01 17:00:00+00:00,/search,6,891.0,682.0,Persistence,20260910T174657Z,2026-08-01 11:00:00+00:00
2026-08-01 23:00:00+00:00,/search,12,684.0,682.0,Persistence,20260910T174657Z,2026-08-01 11:00:00+00:00
2026-08-01 13:00:00+00:00,/search,1,689.0,609.0,Persistence,20260910T174657Z,2026-08-01 12:00:00+00:00
2026-08-01 18:00:00+00:00,/search,6,844.0,609.0,Persistence,20260910T174657Z,2026-08-01 12:00:00+00:00
2026-08-02 00:00:00+00:00,/search,12,388.0,609.0,Persistence,20260910T174657Z,2026-08-01 12:00:00+00:00
2026-08-01 14:00:00+00:00,/search,1,1119.0,689.0,Persistence,20260910T174657Z,2026-08-01 13:00:00+00:00
2026-08-01 19:00:00+00:00,/search,6,750.0,689.0,Persistence,20260910T174657Z,2026-08-01 13:00:00+00:00
2026-08-02 01:00:00+00:00,/search,12,251.0,689.0,Persistence,20260910T174657Z,2026-08-01 13:00:00+00:00
2026-08-01 15:00:00+00:00,/search,1,986.0,1119.0,Persistence,20260910T174657Z,2026-08-01 14:00:00+00:00
2026-08-01 20:00:00+00:00,/search,6,826.0,1119.0,Persistence,20260910T174657Z,2026-08-01 14:00:00+00:00
2026-08-02 02:00:00+00:00,/search,12,386.0,1119.0,Persistence,20260910T174657Z,2026-08-01 14:00:00+00:00
2026-08-01 16:00:00+00:00,/search,1,929.0,986.0,Persistence,20260910T174657Z,2026-08-01 15:00:00+00:00
2026-08-01 21:00:00+00:00,/search,6,667.0,986.0,Persistence,20260910T174657Z,2026-08-01 15:00:00+00:00
2026-08-02 03:00:00+00:00,/search,12,390.0,986.0,Persistence,20260910T174657Z,2026-08-01 15:00:00+00:00
2026-08-01 17:00:00+00:00,/search,1,891.0,929.0,Persistence,20260910T174657Z,2026-08-01 16:00:00+00:00
2026-08-01 22:00:00+00:00,/search,6,653.0,929.0,Persistence,20260910T174657Z,2026-08-01 16:00:00+00:00
2026-08-02 04:00:00+00:00,/search,12,384.0,929.0,Persistence,20260910T174657Z,2026-08-01 16:00:00+00:00
2026-08-01 18:00:00+00:00,/search,1,844.0,891.0,Persistence,20260910T174657Z,2026-08-01 17:00:00+00:00
2026-08-01 23:00:00+00:00,/search,6,684.0,891.0,Persistence,20260910T174657Z,2026-08-01 17:00:00+00:00
2026-08-02 05:00:00+00:00,/search,12,467.0,891.0,Persistence,20260910T174657Z,2026-08-01 17:00:00+00:00
2026-08-01 19:00:00+00:00,/search,1,750.0,844.0,Persistence,20260910T174657Z,2026-08-01 18:00:00+00:00
2026-08-02 00:00:00+00:00,/search,6,388.0,844.0,Persistence,20260910T174657Z,2026-08-01 18:00:00+00:00
2026-08-02 06:00:00+00:00,/search,12,414.0,844.0,Persistence,20260910T174657Z,2026-08-01 18:00:00+00:00
2026-08-01 20:00:00+00:00,/search,1,826.0,750.0,Persistence,20260910T174657Z,2026-08-01 19:00:00+00:00
2026-08-02 01:00:00+00:00,/search,6,251.0,750.0,Persistence,20260910T174657Z,2026-08-01 19:00:00+00:00
2026-08-02 07:00:00+00:00,/search,12,452.0,750.0,Persistence,20260910T174657Z,2026-08-01 19:00:00+00:00
2026-08-01 21:00:00+00:00,/search,1,667.0,826.0,Persistence,20260910T174657Z,2026-08-01 20:00:00+00:00
2026-08-02 02:00:00+00:00,/search,6,386.0,826.0,Persistence,20260910T174657Z,2026-08-01 20:00:00+00:00
2026-08-02 08:00:00+00:00,/search,12,539.0,826.0,Persistence,20260910T174657Z,2026-08-01 20:00:00+00:00
2026-08-01 22:00:00+00:00,/search,1,653.0,667.0,Persistence,20260910T174657Z,2026-08-01 21:00:00+00:00
2026-08-02 03:00:00+00:00,/search,6,390.0,667.0,Persistence,20260910T174657Z,2026-08-01 21:00:00+00:00
2026-08-02 09:00:00+00:00,/search,12,548.0,667.0,Persistence,20260910T174657Z,2026-08-01 21:00:00+00:00
2026-08-01 23:00:00+00:00,/search,1,684.0,653.0,Persistence,20260910T174657Z,2026-08-01 22:00:00+00:00
2026-08-02 04:00:00+00:00,/search,6,384.0,653.0,Persistence,20260910T174657Z,2026-08-01 22:00:00+00:00
2026-08-02 10:00:00+00:00,/search,12,589.0,653.0,Persistence,20260910T174657Z,2026-08-01 22:00:00+00:00
2026-08-02 00:00:00+00:00,/search,1,388.0,684.0,Persistence,20260910T174657Z,2026-08-01 23:00:00+00:00
2026-08-02 05:00:00+00:00,/search,6,467.0,684.0,Persistence,20260910T174657Z,2026-08-01 23:00:00+00:00
2026-08-02 11:00:00+00:00,/search,12,678.0,684.0,Persistence,20260910T174657Z,2026-08-01 23:00:00+00:00
2026-08-02 01:00:00+00:00,/search,1,251.0,388.0,Persistence,20260910T174657Z,2026-08-02 00:00:00+00:00
2026-08-02 06:00:00+00:00,/search,6,414.0,388.0,Persistence,20260910T174657Z,2026-08-02 00:00:00+00:00
2026-08-02 12:00:00+00:00,/search,12,586.0,388.0,Persistence,20260910T174657Z,2026-08-02 00:00:00+00:00
2026-08-02 02:00:00+00:00,/search,1,386.0,251.0,Persistence,20260910T174657Z,2026-08-02 01:00:00+00:00
2026-08-02 07:00:00+00:00,/search,6,452.0,251.0,Persistence,20260910T174657Z,2026-08-02 01:00:00+00:00
2026-08-02 13:00:00+00:00,/search,12,673.0,251.0,Persistence,20260910T174657Z,2026-08-02 01:00:00+00:00
2026-08-02 03:00:00+00:00,/search,1,390.0,386.0,Persistence,20260910T174657Z,2026-08-02 02:00:00+00:00
2026-08-02 08:00:00+00:00,/search,6,539.0,386.0,Persistence,20260910T174657Z,2026-08-02 02:00:00+00:00
2026-08-02 14:00:00+00:00,/search,12,595.0,386.0,Persistence,20260910T174657Z,2026-08-02 02:00:00+00:00
2026-08-02 04:00:00+00:00,/search,1,384.0,390.0,Persistence,20260910T174657Z,2026-08-02 03:00:00+00:00
2026-08-02 09:00:00+00:00,/search,6,548.0,390.0,Persistence,20260910T174657Z,2026-08-02 03:00:00+00:00
2026-08-02 15:00:00+00:00,/search,12,664.0,390.0,Persistence,20260910T174657Z,2026-08-02 03:00:00+00:00
2026-08-02 05:00:00+00:00,/search,1,467.0,384.0,Persistence,20260910T174657Z,2026-08-02 04:00:00+00:00
2026-08-02 10:00:00+00:00,/search,6,589.0,384.0,Persistence,20260910T174657Z,2026-08-02 04:00:00+00:00
2026-08-02 16:00:00+00:00,/search,12,586.0,384.0,Persistence,20260910T174657Z,2026-08-02 04:00:00+00:00
2026-08-02 06:00:00+00:00,/search,1,414.0,467.0,Persistence,20260910T174657Z,2026-08-02 05:00:00+00:00
2026-08-02 11:00:00+00:00,/search,6,678.0,467.0,Persistence,20260910T174657Z,2026-08-02 05:00:00+00:00
2026-08-02 17:00:00+00:00,/search,12,546.0,467.0,Persistence,20260910T174657Z,2026-08-02 05:00:00+00:00
2026-08-02 07:00:00+00:00,/search,1,452.0,414.0,Persistence,20260910T174657Z,2026-08-02 06:00:00+00:00
2026-08-02 12:00:00+00:00,/search,6,586.0,414.0,Persistence,20260910T174657Z,2026-08-02 06:00:00+00:00
2026-08-02 18:00:00+00:00,/search,12,553.0,414.0,Persistence,20260910T174657Z,2026-08-02 06:00:00+00:00
2026-08-02 08:00:00+00:00,/search,1,539.0,452.0,Persistence,20260910T174657Z,2026-08-02 07:00:00+00:00
2026-08-02 13:00:00+00:00,/search,6,673.0,452.0,Persistence,20260910T174657Z,2026-08-02 07:00:00+00:00
2026-08-02 19:00:00+00:00,/search,12,515.0,452.0,Persistence,20260910T174657Z,2026-08-02 07:00:00+00:00
2026-08-02 09:00:00+00:00,/search,1,548.0,539.0,Persistence,20260910T174657Z,2026-08-02 08:00:00+00:00
2026-08-02 14:00:00+00:00,/search,6,595.0,539.0,Persistence,20260910T174657Z,2026-08-02 08:00:00+00:00
2026-08-02 20:00:00+00:00,/search,12,536.0,539.0,Persistence,20260910T174657Z,2026-08-02 08:00:00+00:00
2026-08-02 10:00:00+00:00,/search,1,589.0,548.0,Persistence,20260910T174657Z,2026-08-02 09:00:00+00:00
2026-08-02 15:00:00+00:00,/search,6,664.0,548.0,Persistence,20260910T174657Z,2026-08-02 09:00:00+00:00
2026-08-02 21:00:00+00:00,/search,12,409.0,548.0,Persistence,20260910T174657Z,2026-08-02 09:00:00+00:00
2026-08-02 11:00:00+00:00,/search,1,678.0,589.0,Persistence,20260910T174657Z,2026-08-02 10:00:00+00:00
2026-08-02 16:00:00+00:00,/search,6,586.0,589.0,Persistence,20260910T174657Z,2026-08-02 10:00:00+00:00
2026-08-02 22:00:00+00:00,/search,12,493.0,589.0,Persistence,20260910T174657Z,2026-08-02 10:00:00+00:00
2026-08-02 12:00:00+00:00,/search,1,586.0,678.0,Persistence,20260910T174657Z,2026-08-02 11:00:00+00:00
2026-08-02 17:00:00+00:00,/search,6,546.0,678.0,Persistence,20260910T174657Z,2026-08-02 11:00:00+00:00
2026-08-02 23:00:00+00:00,/search,12,537.0,678.0,Persistence,20260910T174657Z,2026-08-02 11:00:00+00:00
2026-08-02 13:00:00+00:00,/search,1,673.0,586.0,Persistence,20260910T174657Z,2026-08-02 12:00:00+00:00
2026-08-02 18:00:00+00:00,/search,6,553.0,586.0,Persistence,20260910T174657Z,2026-08-02 12:00:00+00:00
2026-08-03 00:00:00+00:00,/search,12,453.0,586.0,Persistence,20260910T174657Z,2026-08-02 12:00:00+00:00
2026-08-02 14:00:00+00:00,/search,1,595.0,673.0,Persistence,20260910T174657Z,2026-08-02 13:00:00+00:00
2026-08-02 19:00:00+00:00,/search,6,515.0,673.0,Persistence,20260910T174657Z,2026-08-02 13:00:00+00:00
2026-08-03 01:00:00+00:00,/search,12,560.0,673.0,Persistence,20260910T174657Z,2026-08-02 13:00:00+00:00
2026-08-02 15:00:00+00:00,/search,1,664.0,595.0,Persistence,20260910T174657Z,2026-08-02 14:00:00+00:00
2026-08-02 20:00:00+00:00,/search,6,536.0,595.0,Persistence,20260910T174657Z,2026-08-02 14:00:00+00:00
2026-08-03 02:00:00+00:00,/search,12,502.0,595.0,Persistence,20260910T174657Z,2026-08-02 14:00:00+00:00
2026-08-02 16:00:00+00:00,/search,1,586.0,664.0,Persistence,20260910T174657Z,2026-08-02 15:00:00+00:00
2026-08-02 21:00:00+00:00,/search,6,409.0,664.0,Persistence,20260910T174657Z,2026-08-02 15:00:00+00:00
2026-08-03 03:00:00+00:00,/search,12,602.0,664.0,Persistence,20260910T174657Z,2026-08-02 15:00:00+00:00
2026-08-02 17:00:00+00:00,/search,1,546.0,586.0,Persistence,20260910T174657Z,2026-08-02 16:00:00+00:00
2026-08-02 22:00:00+00:00,/search,6,493.0,586.0,Persistence,20260910T174657Z,2026-08-02 16:00:00+00:00
2026-08-03 04:00:00+00:00,/search,12,516.0,586.0,Persistence,20260910T174657Z,2026-08-02 16:00:00+00:00
2026-08-02 18:00:00+00:00,/search,1,553.0,546.0,Persistence,20260910T174657Z,2026-08-02 17:00:00+00:00
2026-08-02 23:00:00+00:00,/search,6,537.0,546.0,Persistence,20260910T174657Z,2026-08-02 17:00:00+00:00
2026-08-03 05:00:00+00:00,/search,12,640.0,546.0,Persistence,20260910T174657Z,2026-08-02 17:00:00+00:00
2026-08-02 19:00:00+00:00,/search,1,515.0,553.0,Persistence,20260910T174657Z,2026-08-02 18:00:00+00:00
2026-08-03 00:00:00+00:00,/search,6,453.0,553.0,Persistence,20260910T174657Z,2026-08-02 18:00:00+00:00
2026-08-03 06:00:00+00:00,/search,12,606.0,553.0,Persistence,20260910T174657Z,2026-08-02 18:00:00+00:00
2026-08-02 20:00:00+00:00,/search,1,536.0,515.0,Persistence,20260910T174657Z,2026-08-02 19:00:00+00:00
2026-08-03 01:00:00+00:00,/search,6,560.0,515.0,Persistence,20260910T174657Z,2026-08-02 19:00:00+00:00
2026-08-03 07:00:00+00:00,/search,12,653.0,515.0,Persistence,20260910T174657Z,2026-08-02 19:00:00+00:00
2026-08-02 21:00:00+00:00,/search,1,409.0,536.0,Persistence,20260910T174657Z,2026-08-02 20:00:00+00:00
2026-08-03 02:00:00+00:00,/search,6,502.0,536.0,Persistence,20260910T174657Z,2026-08-02 20:00:00+00:00
2026-08-03 08:00:00+00:00,/search,12,617.0,536.0,Persistence,20260910T174657Z,2026-08-02 20:00:00+00:00
2026-08-02 22:00:00+00:00,/search,1,493.0,409.0,Persistence,20260910T174657Z,2026-08-02 21:00:00+00:00
2026-08-03 03:00:00+00:00,/search,6,602.0,409.0,Persistence,20260910T174657Z,2026-08-02 21:00:00+00:00
2026-08-03 09:00:00+00:00,/search,12,751.0,409.0,Persistence,20260910T174657Z,2026-08-02 21:00:00+00:00
2026-08-02 23:00:00+00:00,/search,1,537.0,493.0,Persistence,20260910T174657Z,2026-08-02 22:00:00+00:00
2026-08-03 04:00:00+00:00,/search,6,516.0,493.0,Persistence,20260910T174657Z,2026-08-02 22:00:00+00:00
2026-08-03 10:00:00+00:00,/search,12,920.0,493.0,Persistence,20260910T174657Z,2026-08-02 22:00:00+00:00
2026-08-03 00:00:00+00:00,/search,1,453.0,537.0,Persistence,20260910T174657Z,2026-08-02 23:00:00+00:00
2026-08-03 05:00:00+00:00,/search,6,640.0,537.0,Persistence,20260910T174657Z,2026-08-02 23:00:00+00:00
2026-08-03 11:00:00+00:00,/search,12,851.0,537.0,Persistence,20260910T174657Z,2026-08-02 23:00:00+00:00
2026-08-03 01:00:00+00:00,/search,1,560.0,453.0,Persistence,20260910T174657Z,2026-08-03 00:00:00+00:00
2026-08-03 06:00:00+00:00,/search,6,606.0,453.0,Persistence,20260910T174657Z,2026-08-03 00:00:00+00:00
2026-08-03 12:00:00+00:00,/search,12,1012.0,453.0,Persistence,20260910T174657Z,2026-08-03 00:00:00+00:00
2026-08-03 02:00:00+00:00,/search,1,502.0,560.0,Persistence,20260910T174657Z,2026-08-03 01:00:00+00:00
2026-08-03 07:00:00+00:00,/search,6,653.0,560.0,Persistence,20260910T174657Z,2026-08-03 01:00:00+00:00
2026-08-03 13:00:00+00:00,/search,12,987.0,560.0,Persistence,20260910T174657Z,2026-08-03 01:00:00+00:00
2026-08-03 03:00:00+00:00,/search,1,602.0,502.0,Persistence,20260910T174657Z,2026-08-03 02:00:00+00:00
2026-08-03 08:00:00+00:00,/search,6,617.0,502.0,Persistence,20260910T174657Z,2026-08-03 02:00:00+00:00
2026-08-03 14:00:00+00:00,/search,12,803.0,502.0,Persistence,20260910T174657Z,2026-08-03 02:00:00+00:00
2026-08-03 04:00:00+00:00,/search,1,516.0,602.0,Persistence,20260910T174657Z,2026-08-03 03:00:00+00:00
2026-08-03 09:00:00+00:00,/search,6,751.0,602.0,Persistence,20260910T174657Z,2026-08-03 03:00:00+00:00
2026-08-03 15:00:00+00:00,/search,12,874.0,602.0,Persistence,20260910T174657Z,2026-08-03 03:00:00+00:00
2026-08-03 05:00:00+00:00,/search,1,640.0,516.0,Persistence,20260910T174657Z,2026-08-03 04:00:00+00:00
2026-08-03 10:00:00+00:00,/search,6,920.0,516.0,Persistence,20260910T174657Z,2026-08-03 04:00:00+00:00
2026-08-03 16:00:00+00:00,/search,12,842.0,516.0,Persistence,20260910T174657Z,2026-08-03 04:00:00+00:00
2026-08-03 06:00:00+00:00,/search,1,606.0,640.0,Persistence,20260910T174657Z,2026-08-03 05:00:00+00:00
2026-08-03 11:00:00+00:00,/search,6,851.0,640.0,Persistence,20260910T174657Z,2026-08-03 05:00:00+00:00
2026-08-03 17:00:00+00:00,/search,12,843.0,640.0,Persistence,20260910T174657Z,2026-08-03 05:00:00+00:00
2026-08-03 07:00:00+00:00,/search,1,653.0,606.0,Persistence,20260910T174657Z,2026-08-03 06:00:00+00:00
2026-08-03 12:00:00+00:00,/search,6,1012.0,606.0,Persistence,20260910T174657Z,2026-08-03 06:00:00+00:00
2026-08-03 18:00:00+00:00,/search,12,811.0,606.0,Persistence,20260910T174657Z,2026-08-03 06:00:00+00:00
2026-08-03 08:00:00+00:00,/search,1,617.0,653.0,Persistence,20260910T174657Z,2026-08-03 07:00:00+00:00
2026-08-03 13:00:00+00:00,/search,6,987.0,653.0,Persistence,20260910T174657Z,2026-08-03 07:00:00+00:00
2026-08-03 19:00:00+00:00,/search,12,848.0,653.0,Persistence,20260910T174657Z,2026-08-03 07:00:00+00:00
2026-08-03 09:00:00+00:00,/search,1,751.0,617.0,Persistence,20260910T174657Z,2026-08-03 08:00:00+00:00
2026-08-03 14:00:00+00:00,/search,6,803.0,617.0,Persistence,20260910T174657Z,2026-08-03 08:00:00+00:00
2026-08-03 20:00:00+00:00,/search,12,739.0,617.0,Persistence,20260910T174657Z,2026-08-03 08:00:00+00:00
2026-08-03 10:00:00+00:00,/search,1,920.0,751.0,Persistence,20260910T174657Z,2026-08-03 09:00:00+00:00
2026-08-03 15:00:00+00:00,/search,6,874.0,751.0,Persistence,20260910T174657Z,2026-08-03 09:00:00+00:00
2026-08-03 21:00:00+00:00,/search,12,731.0,751.0,Persistence,20260910T174657Z,2026-08-03 09:00:00+00:00
2026-08-03 11:00:00+00:00,/search,1,851.0,920.0,Persistence,20260910T174657Z,2026-08-03 10:00:00+00:00
2026-08-03 16:00:00+00:00,/search,6,842.0,920.0,Persistence,20260910T174657Z,2026-08-03 10:00:00+00:00
2026-08-03 22:00:00+00:00,/search,12,605.0,920.0,Persistence,20260910T174657Z,2026-08-03 10:00:00+00:00
2026-08-03 12:00:00+00:00,/search,1,1012.0,851.0,Persistence,20260910T174657Z,2026-08-03 11:00:00+00:00
2026-08-03 17:00:00+00:00,/search,6,843.0,851.0,Persistence,20260910T174657Z,2026-08-03 11:00:00+00:00
2026-08-03 23:00:00+00:00,/search,12,639.0,851.0,Persistence,20260910T174657Z,2026-08-03 11:00:00+00:00
2026-08-03 13:00:00+00:00,/search,1,987.0,1012.0,Persistence,20260910T174657Z,2026-08-03 12:00:00+00:00
2026-08-03 18:00:00+00:00,/search,6,811.0,1012.0,Persistence,20260910T174657Z,2026-08-03 12:00:00+00:00
2026-08-04 00:00:00+00:00,/search,12,515.0,1012.0,Persistence,20260910T174657Z,2026-08-03 12:00:00+00:00
2026-08-03 14:00:00+00:00,/search,1,803.0,987.0,Persistence,20260910T174657Z,2026-08-03 13:00:00+00:00
2026-08-03 19:00:00+00:00,/search,6,848.0,987.0,Persistence,20260910T174657Z,2026-08-03 13:00:00+00:00
2026-08-04 01:00:00+00:00,/search,12,541.0,987.0,Persistence,20260910T174657Z,2026-08-03 13:00:00+00:00
2026-08-03 15:00:00+00:00,/search,1,874.0,803.0,Persistence,20260910T174657Z,2026-08-03 14:00:00+00:00
2026-08-03 20:00:00+00:00,/search,6,739.0,803.0,Persistence,20260910T174657Z,2026-08-03 14:00:00+00:00
2026-08-04 02:00:00+00:00,/search,12,531.0,803.0,Persistence,20260910T174657Z,2026-08-03 14:00:00+00:00
2026-08-03 16:00:00+00:00,/search,1,842.0,874.0,Persistence,20260910T174657Z,2026-08-03 15:00:00+00:00
2026-08-03 21:00:00+00:00,/search,6,731.0,874.0,Persistence,20260910T174657Z,2026-08-03 15:00:00+00:00
2026-08-04 03:00:00+00:00,/search,12,478.0,874.0,Persistence,20260910T174657Z,2026-08-03 15:00:00+00:00
2026-08-03 17:00:00+00:00,/search,1,843.0,842.0,Persistence,20260910T174657Z,2026-08-03 16:00:00+00:00
2026-08-03 22:00:00+00:00,/search,6,605.0,842.0,Persistence,20260910T174657Z,2026-08-03 16:00:00+00:00
2026-08-04 04:00:00+00:00,/search,12,456.0,842.0,Persistence,20260910T174657Z,2026-08-03 16:00:00+00:00
2026-08-03 18:00:00+00:00,/search,1,811.0,843.0,Persistence,20260910T174657Z,2026-08-03 17:00:00+00:00
2026-08-03 23:00:00+00:00,/search,6,639.0,843.0,Persistence,20260910T174657Z,2026-08-03 17:00:00+00:00
2026-08-04 05:00:00+00:00,/search,12,678.0,843.0,Persistence,20260910T174657Z,2026-08-03 17:00:00+00:00
2026-08-01 12:00:00+00:00,/search,1,609.0,800.0,SeasonalNaive,20260910T174657Z,2026-08-01 11:00:00+00:00
2026-08-01 17:00:00+00:00,/search,6,891.0,815.0,SeasonalNaive,20260910T174657Z,2026-08-01 11:00:00+00:00
2026-08-01 23:00:00+00:00,/search,12,684.0,540.0,SeasonalNaive,20260910T174657Z,2026-08-01 11:00:00+00:00
2026-08-01 13:00:00+00:00,/search,1,689.0,918.0,SeasonalNaive,20260910T174657Z,2026-08-01 12:00:00+00:00
2026-08-01 18:00:00+00:00,/search,6,844.0,762.0,SeasonalNaive,20260910T174657Z,2026-08-01 12:00:00+00:00
2026-08-02 00:00:00+00:00,/search,12,388.0,429.0,SeasonalNaive,20260910T174657Z,2026-08-01 12:00:00+00:00
2026-08-01 14:00:00+00:00,/search,1,1119.0,1000.0,SeasonalNaive,20260910T174657Z,2026-08-01 13:00:00+00:00
2026-08-01 19:00:00+00:00,/search,6,750.0,784.0,SeasonalNaive,20260910T174657Z,2026-08-01 13:00:00+00:00
2026-08-02 01:00:00+00:00,/search,12,251.0,386.0,SeasonalNaive,20260910T174657Z,2026-08-01 13:00:00+00:00
2026-08-01 15:00:00+00:00,/search,1,986.0,891.0,SeasonalNaive,20260910T174657Z,2026-08-01 14:00:00+00:00
2026-08-01 20:00:00+00:00,/search,6,826.0,739.0,SeasonalNaive,20260910T174657Z,2026-08-01 14:00:00+00:00
2026-08-02 02:00:00+00:00,/search,12,386.0,325.0,SeasonalNaive,20260910T174657Z,2026-08-01 14:00:00+00:00
2026-08-01 16:00:00+00:00,/search,1,929.0,944.0,SeasonalNaive,20260910T174657Z,2026-08-01 15:00:00+00:00
2026-08-01 21:00:00+00:00,/search,6,667.0,708.0,SeasonalNaive,20260910T174657Z,2026-08-01 15:00:00+00:00
2026-08-02 03:00:00+00:00,/search,12,390.0,499.0,SeasonalNaive,20260910T174657Z,2026-08-01 15:00:00+00:00
2026-08-01 17:00:00+00:00,/search,1,891.0,815.0,SeasonalNaive,20260910T174657Z,2026-08-01 16:00:00+00:00
2026-08-01 22:00:00+00:00,/search,6,653.0,547.0,SeasonalNaive,20260910T174657Z,2026-08-01 16:00:00+00:00
2026-08-02 04:00:00+00:00,/search,12,384.0,371.0,SeasonalNaive,20260910T174657Z,2026-08-01 16:00:00+00:00
2026-08-01 18:00:00+00:00,/search,1,844.0,762.0,SeasonalNaive,20260910T174657Z,2026-08-01 17:00:00+00:00
2026-08-01 23:00:00+00:00,/search,6,684.0,540.0,SeasonalNaive,20260910T174657Z,2026-08-01 17:00:00+00:00
2026-08-02 05:00:00+00:00,/search,12,467.0,371.0,SeasonalNaive,20260910T174657Z,2026-08-01 17:00:00+00:00
2026-08-01 19:00:00+00:00,/search,1,750.0,784.0,SeasonalNaive,20260910T174657Z,2026-08-01 18:00:00+00:00
2026-08-02 00:00:00+00:00,/search,6,388.0,429.0,SeasonalNaive,20260910T174657Z,2026-08-01 18:00:00+00:00
2026-08-02 06:00:00+00:00,/search,12,414.0,476.0,SeasonalNaive,20260910T174657Z,2026-08-01 18:00:00+00:00
2026-08-01 20:00:00+00:00,/search,1,826.0,739.0,SeasonalNaive,20260910T174657Z,2026-08-01 19:00:00+00:00
2026-08-02 01:00:00+00:00,/search,6,251.0,386.0,SeasonalNaive,20260910T174657Z,2026-08-01 19:00:00+00:00
2026-08-02 07:00:00+00:00,/search,12,452.0,492.0,SeasonalNaive,20260910T174657Z,2026-08-01 19:00:00+00:00
2026-08-01 21:00:00+00:00,/search,1,667.0,708.0,SeasonalNaive,20260910T174657Z,2026-08-01 20:00:00+00:00
2026-08-02 02:00:00+00:00,/search,6,386.0,325.0,SeasonalNaive,20260910T174657Z,2026-08-01 20:00:00+00:00
2026-08-02 08:00:00+00:00,/search,12,539.0,489.0,SeasonalNaive,20260910T174657Z,2026-08-01 20:00:00+00:00
2026-08-01 22:00:00+00:00,/search,1,653.0,547.0,SeasonalNaive,20260910T174657Z,2026-08-01 21:00:00+00:00
2026-08-02 03:00:00+00:00,/search,6,390.0,499.0,SeasonalNaive,20260910T174657Z,2026-08-01 21:00:00+00:00
2026-08-02 09:00:00+00:00,/search,12,548.0,621.0,SeasonalNaive,20260910T174657Z,2026-08-01 21:00:00+00:00
2026-08-01 23:00:00+00:00,/search,1,684.0,540.0,SeasonalNaive,20260910T174657Z,2026-08-01 22:00:00+00:00
2026-08-02 04:00:00+00:00,/search,6,384.0,371.0,SeasonalNaive,20260910T174657Z,2026-08-01 22:00:00+00:00
2026-08-02 10:00:00+00:00,/search,12,589.0,659.0,SeasonalNaive,20260910T174657Z,2026-08-01 22:00:00+00:00
2026-08-02 00:00:00+00:00,/search,1,388.0,429.0,SeasonalNaive,20260910T174657Z,2026-08-01 23:00:00+00:00
2026-08-02 05:00:00+00:00,/search,6,467.0,371.0,SeasonalNaive,20260910T174657Z,2026-08-01 23:00:00+00:00
2026-08-02 11:00:00+00:00,/search,12,678.0,682.0,SeasonalNaive,20260910T174657Z,2026-08-01 23:00:00+00:00
2026-08-02 01:00:00+00:00,/search,1,251.0,386.0,SeasonalNaive,20260910T174657Z,2026-08-02 00:00:00+00:00
2026-08-02 06:00:00+00:00,/search,6,414.0,476.0,SeasonalNaive,20260910T174657Z,2026-08-02 00:00:00+00:00
2026-08-02 12:00:00+00:00,/search,12,586.0,609.0,SeasonalNaive,20260910T174657Z,2026-08-02 00:00:00+00:00
2026-08-02 02:00:00+00:00,/search,1,386.0,325.0,SeasonalNaive,20260910T174657Z,2026-08-02 01:00:00+00:00
2026-08-02 07:00:00+00:00,/search,6,452.0,492.0,SeasonalNaive,20260910T174657Z,2026-08-02 01:00:00+00:00
2026-08-02 13:00:00+00:00,/search,12,673.0,689.0,SeasonalNaive,20260910T174657Z,2026-08-02 01:00:00+00:00
2026-08-02 03:00:00+00:00,/search,1,390.0,499.0,SeasonalNaive,20260910T174657Z,2026-08-02 02:00:00+00:00
2026-08-02 08:00:00+00:00,/search,6,539.0,489.0,SeasonalNaive,20260910T174657Z,2026-08-02 02:00:00+00:00
2026-08-02 14:00:00+00:00,/search,12,595.0,1119.0,SeasonalNaive,20260910T174657Z,2026-08-02 02:00:00+00:00
2026-08-02 04:00:00+00:00,/search,1,384.0,371.0,SeasonalNaive,20260910T174657Z,2026-08-02 03:00:00+00:00
2026-08-02 09:00:00+00:00,/search,6,548.0,621.0,SeasonalNaive,20260910T174657Z,2026-08-02 03:00:00+00:00
2026-08-02 15:00:00+00:00,/search,12,664.0,986.0,SeasonalNaive,20260910T174657Z,2026-08-02 03:00:00+00:00
2026-08-02 05:00:00+00:00,/search,1,467.0,371.0,SeasonalNaive,20260910T174657Z,2026-08-02 04:00:00+00:00
2026-08-02 10:00:00+00:00,/search,6,589.0,659.0,SeasonalNaive,20260910T174657Z,2026-08-02 04:00:00+00:00
2026-08-02 16:00:00+00:00,/search,12,586.0,929.0,SeasonalNaive,20260910T174657Z,2026-08-02 04:00:00+00:00
2026-08-02 06:00:00+00:00,/search,1,414.0,476.0,SeasonalNaive,20260910T174657Z,2026-08-02 05:00:00+00:00
2026-08-02 11:00:00+00:00,/search,6,678.0,682.0,SeasonalNaive,20260910T174657Z,2026-08-02 05:00:00+00:00
2026-08-02 17:00:00+00:00,/search,12,546.0,891.0,SeasonalNaive,20260910T174657Z,2026-08-02 05:00:00+00:00
2026-08-02 07:00:00+00:00,/search,1,452.0,492.0,SeasonalNaive,20260910T174657Z,2026-08-02 06:00:00+00:00
2026-08-02 12:00:00+00:00,/search,6,586.0,609.0,SeasonalNaive,20260910T174657Z,2026-08-02 06:00:00+00:00
2026-08-02 18:00:00+00:00,/search,12,553.0,844.0,SeasonalNaive,20260910T174657Z,2026-08-02 06:00:00+00:00
2026-08-02 08:00:00+00:00,/search,1,539.0,489.0,SeasonalNaive,20260910T174657Z,2026-08-02 07:00:00+00:00
2026-08-02 13:00:00+00:00,/search,6,673.0,689.0,SeasonalNaive,20260910T174657Z,2026-08-02 07:00:00+00:00
2026-08-02 19:00:00+00:00,/search,12,515.0,750.0,SeasonalNaive,20260910T174657Z,2026-08-02 07:00:00+00:00
2026-08-02 09:00:00+00:00,/search,1,548.0,621.0,SeasonalNaive,20260910T174657Z,2026-08-02 08:00:00+00:00
2026-08-02 14:00:00+00:00,/search,6,595.0,1119.0,SeasonalNaive,20260910T174657Z,2026-08-02 08:00:00+00:00
2026-08-02 20:00:00+00:00,/search,12,536.0,826.0,SeasonalNaive,20260910T174657Z,2026-08-02 08:00:00+00:00
2026-08-02 10:00:00+00:00,/search,1,589.0,659.0,SeasonalNaive,20260910T174657Z,2026-08-02 09:00:00+00:00
2026-08-02 15:00:00+00:00,/search,6,664.0,986.0,SeasonalNaive,20260910T174657Z,2026-08-02 09:00:00+00:00
2026-08-02 21:00:00+00:00,/search,12,409.0,667.0,SeasonalNaive,20260910T174657Z,2026-08-02 09:00:00+00:00
2026-08-02 11:00:00+00:00,/search,1,678.0,682.0,SeasonalNaive,20260910T174657Z,2026-08-02 10:00:00+00:00
2026-08-02 16:00:00+00:00,/search,6,586.0,929.0,SeasonalNaive,20260910T174657Z,2026-08-02 10:00:00+00:00
2026-08-02 22:00:00+00:00,/search,12,493.0,653.0,SeasonalNaive,20260910T174657Z,2026-08-02 10:00:00+00:00
2026-08-02 12:00:00+00:00,/search,1,586.0,609.0,SeasonalNaive,20260910T174657Z,2026-08-02 11:00:00+00:00
2026-08-02 17:00:00+00:00,/search,6,546.0,891.0,SeasonalNaive,20260910T174657Z,2026-08-02 11:00:00+00:00
2026-08-02 23:00:00+00:00,/search,12,537.0,684.0,SeasonalNaive,20260910T174657Z,2026-08-02 11:00:00+00:00
2026-08-02 13:00:00+00:00,/search,1,673.0,689.0,SeasonalNaive,20260910T174657Z,2026-08-02 12:00:00+00:00
2026-08-02 18:00:00+00:00,/search,6,553.0,844.0,SeasonalNaive,20260910T174657Z,2026-08-02 12:00:00+00:00
2026-08-03 00:00:00+00:00,/search,12,453.0,388.0,SeasonalNaive,20260910T174657Z,2026-08-02 12:00:00+00:00
2026-08-02 14:00:00+00:00,/search,1,595.0,1119.0,SeasonalNaive,20260910T174657Z,2026-08-02 13:00:00+00:00
2026-08-02 19:00:00+00:00,/search,6,515.0,750.0,SeasonalNaive,20260910T174657Z,2026-08-02 13:00:00+00:00
2026-08-03 01:00:00+00:00,/search,12,560.0,251.0,SeasonalNaive,20260910T174657Z,2026-08-02 13:00:00+00:00
2026-08-02 15:00:00+00:00,/search,1,664.0,986.0,SeasonalNaive,20260910T174657Z,2026-08-02 14:00:00+00:00
2026-08-02 20:00:00+00:00,/search,6,536.0,826.0,SeasonalNaive,20260910T174657Z,2026-08-02 14:00:00+00:00
2026-08-03 02:00:00+00:00,/search,12,502.0,386.0,SeasonalNaive,20260910T174657Z,2026-08-02 14:00:00+00:00
2026-08-02 16:00:00+00:00,/search,1,586.0,929.0,SeasonalNaive,20260910T174657Z,2026-08-02 15:00:00+00:00
2026-08-02 21:00:00+00:00,/search,6,409.0,667.0,SeasonalNaive,20260910T174657Z,2026-08-02 15:00:00+00:00
2026-08-03 03:00:00+00:00,/search,12,602.0,390.0,SeasonalNaive,20260910T174657Z,2026-08-02 15:00:00+00:00
2026-08-02 17:00:00+00:00,/search,1,546.0,891.0,SeasonalNaive,20260910T174657Z,2026-08-02 16:00:00+00:00
2026-08-02 22:00:00+00:00,/search,6,493.0,653.0,SeasonalNaive,20260910T174657Z,2026-08-02 16:00:00+00:00
2026-08-03 04:00:00+00:00,/search,12,516.0,384.0,SeasonalNaive,20260910T174657Z,2026-08-02 16:00:00+00:00
2026-08-02 18:00:00+00:00,/search,1,553.0,844.0,SeasonalNaive,20260910T174657Z,2026-08-02 17:00:00+00:00
2026-08-02 23:00:00+00:00,/search,6,537.0,684.0,SeasonalNaive,20260910T174657Z,2026-08-02 17:00:00+00:00
2026-08-03 05:00:00+00:00,/search,12,640.0,467.0,SeasonalNaive,20260910T174657Z,2026-08-02 17:00:00+00:00
2026-08-02 19:00:00+00:00,/search,1,515.0,750.0,SeasonalNaive,20260910T174657Z,2026-08-02 18:00:00+00:00
2026-08-03 00:00:00+00:00,/search,6,453.0,388.0,SeasonalNaive,20260910T174657Z,2026-08-02 18:00:00+00:00
2026-08-03 06:00:00+00:00,/search,12,606.0,414.0,SeasonalNaive,20260910T174657Z,2026-08-02 18:00:00+00:00
2026-08-02 20:00:00+00:00,/search,1,536.0,826.0,SeasonalNaive,20260910T174657Z,2026-08-02 19:00:00+00:00
2026-08-03 01:00:00+00:00,/search,6,560.0,251.0,SeasonalNaive,20260910T174657Z,2026-08-02 19:00:00+00:00
2026-08-03 07:00:00+00:00,/search,12,653.0,452.0,SeasonalNaive,20260910T174657Z,2026-08-02 19:00:00+00:00
2026-08-02 21:00:00+00:00,/search,1,409.0,667.0,SeasonalNaive,20260910T174657Z,2026-08-02 20:00:00+00:00
2026-08-03 02:00:00+00:00,/search,6,502.0,386.0,SeasonalNaive,20260910T174657Z,2026-08-02 20:00:00+00:00
2026-08-03 08:00:00+00:00,/search,12,617.0,539.0,SeasonalNaive,20260910T174657Z,2026-08-02 20:00:00+00:00
2026-08-02 22:00:00+00:00,/search,1,493.0,653.0,SeasonalNaive,20260910T174657Z,2026-08-02 21:00:00+00:00
2026-08-03 03:00:00+00:00,/search,6,602.0,390.0,SeasonalNaive,20260910T174657Z,2026-08-02 21:00:00+00:00
2026-08-03 09:00:00+00:00,/search,12,751.0,548.0,SeasonalNaive,20260910T174657Z,2026-08-02 21:00:00+00:00
2026-08-02 23:00:00+00:00,/search,1,537.0,684.0,SeasonalNaive,20260910T174657Z,2026-08-02 22:00:00+00:00
2026-08-03 04:00:00+00:00,/search,6,516.0,384.0,SeasonalNaive,20260910T174657Z,2026-08-02 22:00:00+00:00
2026-08-03 10:00:00+00:00,/search,12,920.0,589.0,SeasonalNaive,20260910T174657Z,2026-08-02 22:00:00+00:00
2026-08-03 00:00:00+00:00,/search,1,453.0,388.0,SeasonalNaive,20260910T174657Z,2026-08-02 23:00:00+00:00
2026-08-03 05:00:00+00:00,/search,6,640.0,467.0,SeasonalNaive,20260910T174657Z,2026-08-02 23:00:00+00:00
2026-08-03 11:00:00+00:00,/search,12,851.0,678.0,SeasonalNaive,20260910T174657Z,2026-08-02 23:00:00+00:00
2026-08-03 01:00:00+00:00,/search,1,560.0,251.0,SeasonalNaive,20260910T174657Z,2026-08-03 00:00:00+00:00
2026-08-03 06:00:00+00:00,/search,6,606.0,414.0,SeasonalNaive,20260910T174657Z,2026-08-03 00:00:00+00:00
2026-08-03 12:00:00+00:00,/search,12,1012.0,586.0,SeasonalNaive,20260910T174657Z,2026-08-03 00:00:00+00:00
2026-08-03 02:00:00+00:00,/search,1,502.0,386.0,SeasonalNaive,20260910T174657Z,2026-08-03 01:00:00+00:00
2026-08-03 07:00:00+00:00,/search,6,653.0,452.0,SeasonalNaive,20260910T174657Z,2026-08-03 01:00:00+00:00
2026-08-03 13:00:00+00:00,/search,12,987.0,673.0,SeasonalNaive,20260910T174657Z,2026-08-03 01:00:00+00:00
2026-08-03 03:00:00+00:00,/search,1,602.0,390.0,SeasonalNaive,20260910T174657Z,2026-08-03 02:00:00+00:00
2026-08-03 08:00:00+00:00,/search,6,617.0,539.0,SeasonalNaive,20260910T174657Z,2026-08-03 02:00:00+00:00
2026-08-03 14:00:00+00:00,/search,12,803.0,595.0,SeasonalNaive,20260910T174657Z,2026-08-03 02:00:00+00:00
2026-08-03 04:00:00+00:00,/search,1,516.0,384.0,SeasonalNaive,20260910T174657Z,2026-08-03 03:00:00+00:00
2026-08-03 09:00:00+00:00,/search,6,751.0,548.0,SeasonalNaive,20260910T174657Z,2026-08-03 03:00:00+00:00
2026-08-03 15:00:00+00:00,/search,12,874.0,664.0,SeasonalNaive,20260910T174657Z,2026-08-03 03:00:00+00:00
2026-08-03 05:00:00+00:00,/search,1,640.0,467.0,SeasonalNaive,20260910T174657Z,2026-08-03 04:00:00+00:00
2026-08-03 10:00:00+00:00,/search,6,920.0,589.0,SeasonalNaive,20260910T174657Z,2026-08-03 04:00:00+00:00
2026-08-03 16:00:00+00:00,/search,12,842.0,586.0,SeasonalNaive,20260910T174657Z,2026-08-03 04:00:00+00:00
2026-08-03 06:00:00+00:00,/search,1,606.0,414.0,SeasonalNaive,20260910T174657Z,2026-08-03 05:00:00+00:00
2026-08-03 11:00:00+00:00,/search,6,851.0,678.0,SeasonalNaive,20260910T174657Z,2026-08-03 05:00:00+00:00
2026-08-03 17:00:00+00:00,/search,12,843.0,546.0,SeasonalNaive,20260910T174657Z,2026-08-03 05:00:00+00:00
2026-08-03 07:00:00+00:00,/search,1,653.0,452.0,SeasonalNaive,20260910T174657Z,2026-08-03 06:00:00+00:00
2026-08-03 12:00:00+00:00,/search,6,1012.0,586.0,SeasonalNaive,20260910T174657Z,2026-08-03 06:00:00+00:00
2026-08-03 18:00:00+00:00,/search,12,811.0,553.0,SeasonalNaive,20260910T174657Z,2026-08-03 06:00:00+00:00
2026-08-03 08:00:00+00:00,/search,1,617.0,539.0,SeasonalNaive,20260910T174657Z,2026-08-03 07:00:00+00:00
2026-08-03 13:00:00+00:00,/search,6,987.0,673.0,SeasonalNaive,20260910T174657Z,2026-08-03 07:00:00+00:00
2026-08-03 19:00:00+00:00,/search,12,848.0,515.0,SeasonalNaive,20260910T174657Z,2026-08-03 07:00:00+00:00
2026-08-03 09:00:00+00:00,/search,1,751.0,548.0,SeasonalNaive,20260910T174657Z,2026-08-03 08:00:00+00:00
2026-08-03 14:00:00+00:00,/search,6,803.0,595.0,SeasonalNaive,20260910T174657Z,2026-08-03 08:00:00+00:00
2026-08-03 20:00:00+00:00,/search,12,739.0,536.0,SeasonalNaive,20260910T174657Z,2026-08-03 08:00:00+00:00
2026-08-03 10:00:00+00:00,/search,1,920.0,589.0,SeasonalNaive,20260910T174657Z,2026-08-03 09:00:00+00:00
2026-08-03 15:00:00+00:00,/search,6,874.0,664.0,SeasonalNaive,20260910T174657Z,2026-08-03 09:00:00+00:00
2026-08-03 21:00:00+00:00,/search,12,731.0,409.0,SeasonalNaive,20260910T174657Z,2026-08-03 09:00:00+00:00
2026-08-03 11:00:00+00:00,/search,1,851.0,678.0,SeasonalNaive,20260910T174657Z,2026-08-03 10:00:00+00:00
2026-08-03 16:00:00+00:00,/search,6,842.0,586.0,SeasonalNaive,20260910T174657Z,2026-08-03 10:00:00+00:00
2026-08-03 22:00:00+00:00,/search,12,605.0,493.0,SeasonalNaive,20260910T174657Z,2026-08-03 10:00:00+00:00
2026-08-03 12:00:00+00:00,/search,1,1012.0,586.0,SeasonalNaive,20260910T174657Z,2026-08-03 11:00:00+00:00
2026-08-03 17:00:00+00:00,/search,6,843.0,546.0,SeasonalNaive,20260910T174657Z,2026-08-03 11:00:00+00:00
2026-08-03 23:00:00+00:00,/search,12,639.0,537.0,SeasonalNaive,20260910T174657Z,2026-08-03 11:00:00+00:00
2026-08-03 13:00:00+00:00,/search,1,987.0,673.0,SeasonalNaive,20260910T174657Z,2026-08-03 12:00:00+00:00
2026-08-03 18:00:00+00:00,/search,6,811.0,553.0,SeasonalNaive,20260910T174657Z,2026-08-03 12:00:00+00:00
2026-08-04 00:00:00+00:00,/search,12,515.0,453.0,SeasonalNaive,20260910T174657Z,2026-08-03 12:00:00+00:00
2026-08-03 14:00:00+00:00,/search,1,803.0,595.0,SeasonalNaive,20260910T174657Z,2026-08-03 13:00:00+00:00
2026-08-03 19:00:00+00:00,/search,6,848.0,515.0,SeasonalNaive,20260910T174657Z,2026-08-03 13:00:00+00:00
2026-08-04 01:00:00+00:00,/search,12,541.0,560.0,SeasonalNaive,20260910T174657Z,2026-08-03 13:00:00+00:00
2026-08-03 15:00:00+00:00,/search,1,874.0,664.0,SeasonalNaive,20260910T174657Z,2026-08-03 14:00:00+00:00
2026-08-03 20:00:00+00:00,/search,6,739.0,536.0,SeasonalNaive,20260910T174657Z,2026-08-03 14:00:00+00:00
2026-08-04 02:00:00+00:00,/search,12,531.0,502.0,SeasonalNaive,20260910T174657Z,2026-08-03 14:00:00+00:00
2026-08-03 16:00:00+00:00,/search,1,842.0,586.0,SeasonalNaive,20260910T174657Z,2026-08-03 15:00:00+00:00
2026-08-03 21:00:00+00:00,/search,6,731.0,409.0,SeasonalNaive,20260910T174657Z,2026-08-03 15:00:00+00:00
2026-08-04 03:00:00+00:00,/search,12,478.0,602.0,SeasonalNaive,20260910T174657Z,2026-08-03 15:00:00+00:00
2026-08-03 17:00:00+00:00,/search,1,843.0,546.0,SeasonalNaive,20260910T174657Z,2026-08-03 16:00:00+00:00
2026-08-03 22:00:00+00:00,/search,6,605.0,493.0,SeasonalNaive,20260910T174657Z,2026-08-03 16:00:00+00:00
2026-08-04 04:00:00+00:00,/search,12,456.0,516.0,SeasonalNaive,20260910T174657Z,2026-08-03 16:00:00+00:00
2026-08-03 18:00:00+00:00,/search,1,811.0,553.0,SeasonalNaive,20260910T174657Z,2026-08-03 17:00:00+00:00
2026-08-03 23:00:00+00:00,/search,6,639.0,537.0,SeasonalNaive,20260910T174657Z,2026-08-03 17:00:00+00:00
2026-08-04 05:00:00+00:00,/search,12,678.0,640.0,SeasonalNaive,20260910T174657Z,2026-08-03 17:00:00+00:00
