episode_id,split,primary_cause,scenario,traffic_change_pct,capacity_change_pct,db_latency_change_pct,baseline_request_rate,baseline_latency,baseline_error_rate,baseline_db_latency,simulated_request_rate,simulated_db_latency,simulated_latency,simulated_error_rate,latency_delta,error_rate_delta
train-normal-10,train,none,no_change,0.0,0.0,0.0,332.74285714285713,261.1571428571429,1.0080000000000002,94.88571428571427,332.74285714285713,94.88571428571427,261.1571428571429,1.0080000000000002,0.0,0.0
train-normal-10,train,none,traffic_plus_20,20.0,0.0,0.0,332.74285714285713,261.1571428571429,1.0080000000000002,94.88571428571427,399.2914285714285,101.52771428571428,309.87115714285716,2.6079999999999997,48.714014285714256,1.5999999999999994
train-normal-10,train,none,capacity_plus_20,0.0,20.0,0.0,332.74285714285713,261.1571428571429,1.0080000000000002,94.88571428571427,332.74285714285713,94.88571428571427,261.1571428571429,1.0080000000000002,0.0,0.0
train-normal-10,train,none,db_latency_plus_20,0.0,0.0,20.0,332.74285714285713,261.1571428571429,1.0080000000000002,94.88571428571427,332.74285714285713,113.86285714285712,273.49228571428574,1.608,12.335142857142841,0.5999999999999999
train-normal-10,train,none,db_latency_minus_20,0.0,0.0,-20.0,332.74285714285713,261.1571428571429,1.0080000000000002,94.88571428571427,332.74285714285713,75.90857142857142,248.82200000000006,1.0080000000000002,-12.335142857142841,0.0
train-normal-10,train,none,traffic_plus_20_capacity_plus_20,20.0,20.0,0.0,332.74285714285713,261.1571428571429,1.0080000000000002,94.88571428571427,399.2914285714285,94.88571428571427,261.1571428571429,1.0080000000000002,0.0,0.0
train-normal-11,train,none,no_change,0.0,0.0,0.0,427.0,180.08571428571426,1.1825714285714284,66.07142857142857,427.0,66.07142857142857,180.08571428571426,1.1825714285714284,0.0,0.0
train-normal-11,train,none,traffic_plus_20,20.0,0.0,0.0,427.0,180.08571428571426,1.1825714285714284,66.07142857142857,512.4,70.69642857142857,213.70653571428568,2.782571428571428,33.62082142857142,1.5999999999999996
train-normal-11,train,none,capacity_plus_20,0.0,20.0,0.0,427.0,180.08571428571426,1.1825714285714284,66.07142857142857,427.0,66.07142857142857,180.08571428571426,1.1825714285714284,0.0,0.0
train-normal-11,train,none,db_latency_plus_20,0.0,0.0,20.0,427.0,180.08571428571426,1.1825714285714284,66.07142857142857,427.0,79.28571428571428,188.67499999999998,1.7825714285714283,8.589285714285722,0.5999999999999999
train-normal-11,train,none,db_latency_minus_20,0.0,0.0,-20.0,427.0,180.08571428571426,1.1825714285714284,66.07142857142857,427.0,52.85714285714286,171.49642857142854,1.1825714285714284,-8.589285714285722,0.0
train-normal-11,train,none,traffic_plus_20_capacity_plus_20,20.0,20.0,0.0,427.0,180.08571428571426,1.1825714285714284,66.07142857142857,512.4,66.07142857142857,180.08571428571426,1.1825714285714284,0.0,0.0
train-normal-12,train,none,no_change,0.0,0.0,0.0,296.8,224.8714285714286,1.1035714285714284,72.01428571428572,296.8,72.01428571428572,224.8714285714286,1.1035714285714284,0.0,0.0
train-normal-12,train,none,traffic_plus_20,20.0,0.0,0.0,296.8,224.8714285714286,1.1035714285714284,72.01428571428572,356.16,77.05528571428573,266.37622142857145,2.7035714285714283,41.50479285714286,1.5999999999999999
train-normal-12,train,none,capacity_plus_20,0.0,20.0,0.0,296.8,224.8714285714286,1.1035714285714284,72.01428571428572,296.8,72.01428571428572,224.8714285714286,1.1035714285714284,0.0,0.0
train-normal-12,train,none,db_latency_plus_20,0.0,0.0,20.0,296.8,224.8714285714286,1.1035714285714284,72.01428571428572,296.8,86.41714285714286,234.23328571428573,1.7035714285714283,9.361857142857133,0.5999999999999999
train-normal-12,train,none,db_latency_minus_20,0.0,0.0,-20.0,296.8,224.8714285714286,1.1035714285714284,72.01428571428572,296.8,57.611428571428576,215.50957142857146,1.1035714285714284,-9.361857142857133,0.0
train-normal-12,train,none,traffic_plus_20_capacity_plus_20,20.0,20.0,0.0,296.8,224.8714285714286,1.1035714285714284,72.01428571428572,356.16,72.01428571428572,224.8714285714286,1.1035714285714284,0.0,0.0
train-normal-13,train,none,no_change,0.0,0.0,0.0,358.5142857142858,258.87142857142857,0.8735714285714284,93.52857142857144,358.5142857142858,93.52857142857144,258.87142857142857,0.8735714285714284,0.0,0.0
train-normal-13,train,none,traffic_plus_20,20.0,0.0,0.0,358.5142857142858,258.87142857142857,0.8735714285714284,93.52857142857144,430.21714285714296,100.07557142857145,307.13512142857144,2.473571428571428,48.26369285714287,1.5999999999999994
train-normal-13,train,none,capacity_plus_20,0.0,20.0,0.0,358.5142857142858,258.87142857142857,0.8735714285714284,93.52857142857144,358.5142857142858,93.52857142857144,258.87142857142857,0.8735714285714284,0.0,0.0
train-normal-13,train,none,db_latency_plus_20,0.0,0.0,20.0,358.5142857142858,258.87142857142857,0.8735714285714284,93.52857142857144,358.5142857142858,112.23428571428572,271.03014285714283,1.4735714285714283,12.158714285714268,0.5999999999999999
train-normal-13,train,none,db_latency_minus_20,0.0,0.0,-20.0,358.5142857142858,258.87142857142857,0.8735714285714284,93.52857142857144,358.5142857142858,74.82285714285716,246.7127142857143,0.8735714285714284,-12.158714285714268,0.0
train-normal-13,train,none,traffic_plus_20_capacity_plus_20,20.0,20.0,0.0,358.5142857142858,258.87142857142857,0.8735714285714284,93.52857142857144,430.21714285714296,93.52857142857144,258.87142857142857,0.8735714285714284,0.0,0.0
train-normal-14,train,none,no_change,0.0,0.0,0.0,446.59999999999997,192.81428571428575,0.8418571428571427,63.942857142857136,446.59999999999997,63.942857142857136,192.81428571428575,0.8418571428571427,0.0,0.0
train-normal-14,train,none,traffic_plus_20,20.0,0.0,0.0,446.59999999999997,192.81428571428575,0.8418571428571427,63.942857142857136,535.92,68.41885714285714,228.5021142857143,2.4418571428571423,35.687828571428554,1.5999999999999996
train-normal-14,train,none,capacity_plus_20,0.0,20.0,0.0,446.59999999999997,192.81428571428575,0.8418571428571427,63.942857142857136,446.59999999999997,63.942857142857136,192.81428571428575,0.8418571428571427,0.0,0.0
train-normal-14,train,none,db_latency_plus_20,0.0,0.0,20.0,446.59999999999997,192.81428571428575,0.8418571428571427,63.942857142857136,446.59999999999997,76.73142857142857,201.12685714285718,1.4418571428571427,8.312571428571431,0.6
train-normal-14,train,none,db_latency_minus_20,0.0,0.0,-20.0,446.59999999999997,192.81428571428575,0.8418571428571427,63.942857142857136,446.59999999999997,51.15428571428571,184.5017142857143,0.8418571428571427,-8.312571428571431,0.0
train-normal-14,train,none,traffic_plus_20_capacity_plus_20,20.0,20.0,0.0,446.59999999999997,192.81428571428575,0.8418571428571427,63.942857142857136,535.92,63.942857142857136,192.81428571428575,0.8418571428571427,0.0,0.0
train-normal-15,train,none,no_change,0.0,0.0,0.0,305.95714285714286,227.79999999999998,1.2257142857142855,79.21428571428571,305.95714285714286,79.21428571428571,227.79999999999998,1.2257142857142855,0.0,0.0
train-normal-15,train,none,traffic_plus_20,20.0,0.0,0.0,305.95714285714286,227.79999999999998,1.2257142857142855,79.21428571428571,367.1485714285714,84.75928571428571,270.13024999999993,2.825714285714285,42.33024999999995,1.5999999999999996
train-normal-15,train,none,capacity_plus_20,0.0,20.0,0.0,305.95714285714286,227.79999999999998,1.2257142857142855,79.21428571428571,305.95714285714286,79.21428571428571,227.79999999999998,1.2257142857142855,0.0,0.0
train-normal-15,train,none,db_latency_plus_20,0.0,0.0,20.0,305.95714285714286,227.79999999999998,1.2257142857142855,79.21428571428571,305.95714285714286,95.05714285714285,238.09785714285712,1.8257142857142854,10.29785714285714,0.5999999999999999
train-normal-15,train,none,db_latency_minus_20,0.0,0.0,-20.0,305.95714285714286,227.79999999999998,1.2257142857142855,79.21428571428571,305.95714285714286,63.37142857142857,217.50214285714284,1.2257142857142855,-10.29785714285714,0.0
train-normal-15,train,none,traffic_plus_20_capacity_plus_20,20.0,20.0,0.0,305.95714285714286,227.79999999999998,1.2257142857142855,79.21428571428571,367.1485714285714,79.21428571428571,227.79999999999998,1.2257142857142855,0.0,0.0
train-normal-16,train,none,no_change,0.0,0.0,0.0,342.38571428571424,250.17142857142858,1.2075714285714285,91.47142857142858,342.38571428571424,91.47142857142858,250.17142857142858,1.2075714285714285,0.0,0.0
train-normal-16,train,none,traffic_plus_20,20.0,0.0,0.0,342.38571428571424,250.17142857142858,1.2075714285714285,91.47142857142858,410.8628571428571,97.87442857142858,296.8625214285714,2.8075714285714284,46.69109285714285,1.5999999999999999
train-normal-16,train,none,capacity_plus_20,0.0,20.0,0.0,342.38571428571424,250.17142857142858,1.2075714285714285,91.47142857142858,342.38571428571424,91.47142857142858,250.17142857142858,1.2075714285714285,0.0,0.0
train-normal-16,train,none,db_latency_plus_20,0.0,0.0,20.0,342.38571428571424,250.17142857142858,1.2075714285714285,91.47142857142858,342.38571428571424,109.76571428571428,262.06271428571426,1.8075714285714284,11.891285714285686,0.5999999999999999
train-normal-16,train,none,db_latency_minus_20,0.0,0.0,-20.0,342.38571428571424,250.17142857142858,1.2075714285714285,91.47142857142858,342.38571428571424,73.17714285714287,238.28014285714286,1.2075714285714285,-11.891285714285715,0.0
train-normal-16,train,none,traffic_plus_20_capacity_plus_20,20.0,20.0,0.0,342.38571428571424,250.17142857142858,1.2075714285714285,91.47142857142858,410.8628571428571,91.47142857142858,250.17142857142858,1.2075714285714285,0.0,0.0
train-normal-17,train,none,no_change,0.0,0.0,0.0,435.5857142857143,181.28571428571428,1.2315714285714283,63.47142857142857,435.5857142857143,63.47142857142857,181.28571428571428,1.2315714285714283,0.0,0.0
train-normal-17,train,none,traffic_plus_20,20.0,0.0,0.0,435.5857142857143,181.28571428571428,1.2315714285714283,63.47142857142857,522.7028571428572,67.91442857142857,214.99223571428567,2.831571428571428,33.70652142857139,1.5999999999999996
train-normal-17,train,none,capacity_plus_20,0.0,20.0,0.0,435.5857142857143,181.28571428571428,1.2315714285714283,63.47142857142857,435.5857142857143,63.47142857142857,181.28571428571428,1.2315714285714283,0.0,0.0
train-normal-17,train,none,db_latency_plus_20,0.0,0.0,20.0,435.5857142857143,181.28571428571428,1.2315714285714283,63.47142857142857,435.5857142857143,76.16571428571427,189.53699999999998,1.8315714285714282,8.2512857142857,0.5999999999999999
train-normal-17,train,none,db_latency_minus_20,0.0,0.0,-20.0,435.5857142857143,181.28571428571428,1.2315714285714283,63.47142857142857,435.5857142857143,50.777142857142856,173.03442857142858,1.2315714285714283,-8.2512857142857,0.0
train-normal-17,train,none,traffic_plus_20_capacity_plus_20,20.0,20.0,0.0,435.5857142857143,181.28571428571428,1.2315714285714283,63.47142857142857,522.7028571428572,63.47142857142857,181.28571428571428,1.2315714285714283,0.0,0.0
train-normal-18,train,none,no_change,0.0,0.0,0.0,298.87142857142857,213.5142857142857,0.9444285714285714,70.88571428571429,298.87142857142857,70.88571428571429,213.5142857142857,0.9444285714285714,0.0,0.0
train-normal-18,train,none,traffic_plus_20,20.0,0.0,0.0,298.87142857142857,213.5142857142857,0.9444285714285714,70.88571428571429,358.6457142857143,75.84771428571429,253.03701428571426,2.544428571428571,39.52272857142856,1.5999999999999996
train-normal-18,train,none,capacity_plus_20,0.0,20.0,0.0,298.87142857142857,213.5142857142857,0.9444285714285714,70.88571428571429,298.87142857142857,70.88571428571429,213.5142857142857,0.9444285714285714,0.0,0.0
train-normal-18,train,none,db_latency_plus_20,0.0,0.0,20.0,298.87142857142857,213.5142857142857,0.9444285714285714,70.88571428571429,298.87142857142857,85.06285714285714,222.72942857142857,1.5444285714285713,9.215142857142865,0.5999999999999999
train-normal-18,train,none,db_latency_minus_20,0.0,0.0,-20.0,298.87142857142857,213.5142857142857,0.9444285714285714,70.88571428571429,298.87142857142857,56.70857142857143,204.29914285714284,0.9444285714285714,-9.215142857142865,0.0
train-normal-18,train,none,traffic_plus_20_capacity_plus_20,20.0,20.0,0.0,298.87142857142857,213.5142857142857,0.9444285714285714,70.88571428571429,358.6457142857143,70.88571428571429,213.5142857142857,0.9444285714285714,0.0,0.0
train-normal-19,train,none,no_change,0.0,0.0,0.0,373.1,256.07142857142856,1.0332857142857141,86.27142857142857,373.1,86.27142857142857,256.07142857142856,1.0332857142857141,0.0,0.0
train-normal-19,train,none,traffic_plus_20,20.0,0.0,0.0,373.1,256.07142857142856,1.0332857142857141,86.27142857142857,447.72,92.31042857142857,303.5289214285714,2.633285714285714,47.457492857142825,1.5999999999999999
train-normal-19,train,none,capacity_plus_20,0.0,20.0,0.0,373.1,256.07142857142856,1.0332857142857141,86.27142857142857,373.1,86.27142857142857,256.07142857142856,1.0332857142857141,0.0,0.0
train-normal-19,train,none,db_latency_plus_20,0.0,0.0,20.0,373.1,256.07142857142856,1.0332857142857141,86.27142857142857,373.1,103.52571428571429,267.28671428571425,1.633285714285714,11.215285714285699,0.5999999999999999
train-normal-19,train,none,db_latency_minus_20,0.0,0.0,-20.0,373.1,256.07142857142856,1.0332857142857141,86.27142857142857,373.1,69.01714285714286,244.85614285714283,1.0332857142857141,-11.215285714285727,0.0
train-normal-19,train,none,traffic_plus_20_capacity_plus_20,20.0,20.0,0.0,373.1,256.07142857142856,1.0332857142857141,86.27142857142857,447.72,86.27142857142857,256.07142857142856,1.0332857142857141,0.0,0.0
validation-normal-30,validation,none,no_change,0.0,0.0,0.0,346.0,257.35714285714283,1.0062857142857142,92.85714285714286,346.0,92.85714285714286,257.35714285714283,1.0062857142857142,0.0,0.0
validation-normal-30,validation,none,traffic_plus_20,20.0,0.0,0.0,346.0,257.35714285714283,1.0062857142857142,92.85714285714286,415.2,99.35714285714286,305.3328571428571,2.606285714285714,47.975714285714275,1.5999999999999996
validation-normal-30,validation,none,capacity_plus_20,0.0,20.0,0.0,346.0,257.35714285714283,1.0062857142857142,92.85714285714286,346.0,92.85714285714286,257.35714285714283,1.0062857142857142,0.0,0.0
validation-normal-30,validation,none,db_latency_plus_20,0.0,0.0,20.0,346.0,257.35714285714283,1.0062857142857142,92.85714285714286,346.0,111.42857142857143,269.4285714285714,1.606285714285714,12.071428571428555,0.5999999999999999
validation-normal-30,validation,none,db_latency_minus_20,0.0,0.0,-20.0,346.0,257.35714285714283,1.0062857142857142,92.85714285714286,346.0,74.28571428571429,245.28571428571425,1.0062857142857142,-12.071428571428584,0.0
validation-normal-30,validation,none,traffic_plus_20_capacity_plus_20,20.0,20.0,0.0,346.0,257.35714285714283,1.0062857142857142,92.85714285714286,415.2,92.85714285714286,257.35714285714283,1.0062857142857142,0.0,0.0
validation-normal-31,validation,none,no_change,0.0,0.0,0.0,464.19999999999993,185.58571428571426,1.009857142857143,63.028571428571425,464.19999999999993,63.028571428571425,185.58571428571426,1.009857142857143,0.0,0.0
validation-normal-31,validation,none,traffic_plus_20,20.0,0.0,0.0,464.19999999999993,185.58571428571426,1.009857142857143,63.028571428571425,557.0399999999998,67.44057142857143,220.00308571428567,2.609857142857143,34.417371428571414,1.5999999999999999
validation-normal-31,validation,none,capacity_plus_20,0.0,20.0,0.0,464.19999999999993,185.58571428571426,1.009857142857143,63.028571428571425,464.19999999999993,63.028571428571425,185.58571428571426,1.009857142857143,0.0,0.0
validation-normal-31,validation,none,db_latency_plus_20,0.0,0.0,20.0,464.19999999999993,185.58571428571426,1.009857142857143,63.028571428571425,464.19999999999993,75.63428571428571,193.77942857142855,1.6098571428571429,8.193714285714293,0.5999999999999999
validation-normal-31,validation,none,db_latency_minus_20,0.0,0.0,-20.0,464.19999999999993,185.58571428571426,1.009857142857143,63.028571428571425,464.19999999999993,50.42285714285714,177.39199999999997,1.009857142857143,-8.193714285714293,0.0
validation-normal-31,validation,none,traffic_plus_20_capacity_plus_20,20.0,20.0,0.0,464.19999999999993,185.58571428571426,1.009857142857143,63.028571428571425,557.0399999999998,63.028571428571425,185.58571428571426,1.009857142857143,0.0,0.0
validation-normal-32,validation,none,no_change,0.0,0.0,0.0,302.41428571428565,216.72857142857143,1.0408571428571427,74.32857142857142,302.41428571428565,74.32857142857142,216.72857142857143,1.0408571428571427,0.0,0.0
validation-normal-32,validation,none,traffic_plus_20,20.0,0.0,0.0,302.41428571428565,216.72857142857143,1.0408571428571427,74.32857142857142,362.8971428571428,79.53157142857143,256.95437857142855,2.6408571428571426,40.22580714285712,1.5999999999999999
validation-normal-32,validation,none,capacity_plus_20,0.0,20.0,0.0,302.41428571428565,216.72857142857143,1.0408571428571427,74.32857142857142,302.41428571428565,74.32857142857142,216.72857142857143,1.0408571428571427,0.0,0.0
validation-normal-32,validation,none,db_latency_plus_20,0.0,0.0,20.0,302.41428571428565,216.72857142857143,1.0408571428571427,74.32857142857142,302.41428571428565,89.1942857142857,226.39128571428571,1.6408571428571426,9.662714285714287,0.5999999999999999
validation-normal-32,validation,none,db_latency_minus_20,0.0,0.0,-20.0,302.41428571428565,216.72857142857143,1.0408571428571427,74.32857142857142,302.41428571428565,59.46285714285714,207.06585714285714,1.0408571428571427,-9.662714285714287,0.0
validation-normal-32,validation,none,traffic_plus_20_capacity_plus_20,20.0,20.0,0.0,302.41428571428565,216.72857142857143,1.0408571428571427,74.32857142857142,362.8971428571428,74.32857142857142,216.72857142857143,1.0408571428571427,0.0,0.0
validation-normal-33,validation,none,no_change,0.0,0.0,0.0,340.7142857142857,258.5571428571429,1.1522857142857144,92.92857142857143,340.7142857142857,92.92857142857143,258.5571428571429,1.1522857142857144,0.0,0.0
validation-normal-33,validation,none,traffic_plus_20,20.0,0.0,0.0,340.7142857142857,258.5571428571429,1.1522857142857144,92.92857142857143,408.85714285714283,99.43357142857144,306.74010714285714,2.752285714285714,48.18296428571426,1.5999999999999994
validation-normal-33,validation,none,capacity_plus_20,0.0,20.0,0.0,340.7142857142857,258.5571428571429,1.1522857142857144,92.92857142857143,340.7142857142857,92.92857142857143,258.5571428571429,1.1522857142857144,0.0,0.0
validation-normal-33,validation,none,db_latency_plus_20,0.0,0.0,20.0,340.7142857142857,258.5571428571429,1.1522857142857144,92.92857142857143,340.7142857142857,111.51428571428572,270.6378571428572,1.7522857142857142,12.080714285714294,0.5999999999999999
validation-normal-33,validation,none,db_latency_minus_20,0.0,0.0,-20.0,340.7142857142857,258.5571428571429,1.1522857142857144,92.92857142857143,340.7142857142857,74.34285714285714,246.47642857142858,1.1522857142857144,-12.080714285714294,0.0
validation-normal-33,validation,none,traffic_plus_20_capacity_plus_20,20.0,20.0,0.0,340.7142857142857,258.5571428571429,1.1522857142857144,92.92857142857143,408.85714285714283,92.92857142857143,258.5571428571429,1.1522857142857144,0.0,0.0
validation-normal-34,validation,none,no_change,0.0,0.0,0.0,455.57142857142856,187.28571428571428,0.9785714285714285,68.11428571428571,455.57142857142856,68.11428571428571,187.28571428571428,0.9785714285714285,0.0,0.0
validation-normal-34,validation,none,traffic_plus_20,20.0,0.0,0.0,455.57142857142856,187.28571428571428,0.9785714285714285,68.11428571428571,546.6857142857142,72.88228571428571,222.2234857142857,2.5785714285714283,34.93777142857141,1.5999999999999996
validation-normal-34,validation,none,capacity_plus_20,0.0,20.0,0.0,455.57142857142856,187.28571428571428,0.9785714285714285,68.11428571428571,455.57142857142856,68.11428571428571,187.28571428571428,0.9785714285714285,0.0,0.0
validation-normal-34,validation,none,db_latency_plus_20,0.0,0.0,20.0,455.57142857142856,187.28571428571428,0.9785714285714285,68.11428571428571,455.57142857142856,81.73714285714286,196.14057142857143,1.5785714285714283,8.854857142857156,0.5999999999999998
validation-normal-34,validation,none,db_latency_minus_20,0.0,0.0,-20.0,455.57142857142856,187.28571428571428,0.9785714285714285,68.11428571428571,455.57142857142856,54.49142857142857,178.43085714285712,0.9785714285714285,-8.854857142857156,0.0
validation-normal-34,validation,none,traffic_plus_20_capacity_plus_20,20.0,20.0,0.0,455.57142857142856,187.28571428571428,0.9785714285714285,68.11428571428571,546.6857142857142,68.11428571428571,187.28571428571428,0.9785714285714285,0.0,0.0
test-normal-50,test,none,no_change,0.0,0.0,0.0,366.57142857142856,254.05714285714288,1.0762857142857143,95.92857142857143,366.57142857142856,95.92857142857143,254.05714285714288,1.0762857142857143,0.0,0.0
test-normal-50,test,none,traffic_plus_20,20.0,0.0,0.0,366.57142857142856,254.05714285714288,1.0762857142857143,95.92857142857143,439.88571428571424,102.64357142857143,301.61160714285717,2.676285714285714,47.55446428571429,1.5999999999999999
test-normal-50,test,none,capacity_plus_20,0.0,20.0,0.0,366.57142857142856,254.05714285714288,1.0762857142857143,95.92857142857143,366.57142857142856,95.92857142857143,254.05714285714288,1.0762857142857143,0.0,0.0
test-normal-50,test,none,db_latency_plus_20,0.0,0.0,20.0,366.57142857142856,254.05714285714288,1.0762857142857143,95.92857142857143,366.57142857142856,115.11428571428571,266.52785714285716,1.6762857142857142,12.47071428571428,0.5999999999999999
test-normal-50,test,none,db_latency_minus_20,0.0,0.0,-20.0,366.57142857142856,254.05714285714288,1.0762857142857143,95.92857142857143,366.57142857142856,76.74285714285715,241.5864285714286,1.0762857142857143,-12.47071428571428,0.0
test-normal-50,test,none,traffic_plus_20_capacity_plus_20,20.0,20.0,0.0,366.57142857142856,254.05714285714288,1.0762857142857143,95.92857142857143,439.88571428571424,95.92857142857143,254.05714285714288,1.0762857142857143,0.0,0.0
test-normal-51,test,none,no_change,0.0,0.0,0.0,436.87142857142857,187.57142857142858,1.291857142857143,66.65714285714286,436.87142857142857,66.65714285714286,187.57142857142858,1.291857142857143,0.0,0.0
test-normal-51,test,none,traffic_plus_20,20.0,0.0,0.0,436.87142857142857,187.57142857142858,1.291857142857143,66.65714285714286,524.2457142857143,71.32314285714287,222.49147142857143,2.891857142857143,34.920042857142846,1.5999999999999999
test-normal-51,test,none,capacity_plus_20,0.0,20.0,0.0,436.87142857142857,187.57142857142858,1.291857142857143,66.65714285714286,436.87142857142857,66.65714285714286,187.57142857142858,1.291857142857143,0.0,0.0
test-normal-51,test,none,db_latency_plus_20,0.0,0.0,20.0,436.87142857142857,187.57142857142858,1.291857142857143,66.65714285714286,436.87142857142857,79.98857142857143,196.23685714285716,1.891857142857143,8.665428571428578,0.5999999999999999
test-normal-51,test,none,db_latency_minus_20,0.0,0.0,-20.0,436.87142857142857,187.57142857142858,1.291857142857143,66.65714285714286,436.87142857142857,53.32571428571429,178.906,1.291857142857143,-8.665428571428578,0.0
test-normal-51,test,none,traffic_plus_20_capacity_plus_20,20.0,20.0,0.0,436.87142857142857,187.57142857142858,1.291857142857143,66.65714285714286,524.2457142857143,66.65714285714286,187.57142857142858,1.291857142857143,0.0,0.0
test-normal-52,test,none,no_change,0.0,0.0,0.0,302.2857142857143,212.91428571428574,0.9270000000000002,73.32857142857142,302.2857142857143,73.32857142857142,212.91428571428574,0.9270000000000002,0.0,0.0
test-normal-52,test,none,traffic_plus_20,20.0,0.0,0.0,302.2857142857143,212.91428571428574,0.9270000000000002,73.32857142857142,362.74285714285713,78.46157142857143,252.4461642857143,2.5269999999999997,39.531878571428564,1.5999999999999996
test-normal-52,test,none,capacity_plus_20,0.0,20.0,0.0,302.2857142857143,212.91428571428574,0.9270000000000002,73.32857142857142,302.2857142857143,73.32857142857142,212.91428571428574,0.9270000000000002,0.0,0.0
test-normal-52,test,none,db_latency_plus_20,0.0,0.0,20.0,302.2857142857143,212.91428571428574,0.9270000000000002,73.32857142857142,302.2857142857143,87.99428571428571,222.44700000000003,1.5270000000000001,9.532714285714292,0.6
test-normal-52,test,none,db_latency_minus_20,0.0,0.0,-20.0,302.2857142857143,212.91428571428574,0.9270000000000002,73.32857142857142,302.2857142857143,58.66285714285714,203.38157142857145,0.9270000000000002,-9.532714285714292,0.0
test-normal-52,test,none,traffic_plus_20_capacity_plus_20,20.0,20.0,0.0,302.2857142857143,212.91428571428574,0.9270000000000002,73.32857142857142,362.74285714285713,73.32857142857142,212.91428571428574,0.9270000000000002,0.0,0.0
test-normal-53,test,none,no_change,0.0,0.0,0.0,362.50000000000006,254.44285714285715,1.0618571428571428,93.48571428571428,362.50000000000006,93.48571428571428,254.44285714285715,1.0618571428571428,0.0,0.0
test-normal-53,test,none,traffic_plus_20,20.0,0.0,0.0,362.50000000000006,254.44285714285715,1.0618571428571428,93.48571428571428,435.00000000000006,100.02971428571429,301.95174285714285,2.6618571428571425,47.5088857142857,1.5999999999999996
test-normal-53,test,none,capacity_plus_20,0.0,20.0,0.0,362.50000000000006,254.44285714285715,1.0618571428571428,93.48571428571428,362.50000000000006,93.48571428571428,254.44285714285715,1.0618571428571428,0.0,0.0
test-normal-53,test,none,db_latency_plus_20,0.0,0.0,20.0,362.50000000000006,254.44285714285715,1.0618571428571428,93.48571428571428,362.50000000000006,112.18285714285713,266.596,1.6618571428571427,12.153142857142853,0.5999999999999999
test-normal-53,test,none,db_latency_minus_20,0.0,0.0,-20.0,362.50000000000006,254.44285714285715,1.0618571428571428,93.48571428571428,362.50000000000006,74.78857142857143,242.2897142857143,1.0618571428571428,-12.153142857142853,0.0
test-normal-53,test,none,traffic_plus_20_capacity_plus_20,20.0,20.0,0.0,362.50000000000006,254.44285714285715,1.0618571428571428,93.48571428571428,435.00000000000006,93.48571428571428,254.44285714285715,1.0618571428571428,0.0,0.0
test-normal-54,test,none,no_change,0.0,0.0,0.0,479.61428571428576,180.58571428571426,1.3697142857142859,64.78571428571429,479.61428571428576,64.78571428571429,180.58571428571426,1.3697142857142859,0.0,0.0
test-normal-54,test,none,traffic_plus_20,20.0,0.0,0.0,479.61428571428576,180.58571428571426,1.3697142857142859,64.78571428571429,575.5371428571428,69.3207142857143,214.23303571428568,2.9697142857142858,33.647321428571416,1.5999999999999999
test-normal-54,test,none,capacity_plus_20,0.0,20.0,0.0,479.61428571428576,180.58571428571426,1.3697142857142859,64.78571428571429,479.61428571428576,64.78571428571429,180.58571428571426,1.3697142857142859,0.0,0.0
test-normal-54,test,none,db_latency_plus_20,0.0,0.0,20.0,479.61428571428576,180.58571428571426,1.3697142857142859,64.78571428571429,479.61428571428576,77.74285714285715,189.00785714285712,1.9697142857142858,8.422142857142859,0.5999999999999999
test-normal-54,test,none,db_latency_minus_20,0.0,0.0,-20.0,479.61428571428576,180.58571428571426,1.3697142857142859,64.78571428571429,479.61428571428576,51.828571428571436,172.1635714285714,1.3697142857142859,-8.422142857142859,0.0
test-normal-54,test,none,traffic_plus_20_capacity_plus_20,20.0,20.0,0.0,479.61428571428576,180.58571428571426,1.3697142857142859,64.78571428571429,575.5371428571428,64.78571428571429,180.58571428571426,1.3697142857142859,0.0,0.0
validation-traffic_spike-100,validation,traffic_surge,no_change,0.0,0.0,0.0,485.69714285714286,246.29999999999998,1.0659999999999998,91.82857142857142,485.69714285714286,91.82857142857142,246.29999999999998,1.0659999999999998,0.0,0.0
validation-traffic_spike-100,validation,traffic_surge,traffic_plus_20,20.0,0.0,0.0,485.69714285714286,246.29999999999998,1.0659999999999998,91.82857142857142,582.8365714285715,98.25657142857143,292.34919999999994,2.6659999999999995,46.049199999999956,1.5999999999999996
validation-traffic_spike-100,validation,traffic_surge,capacity_plus_20,0.0,20.0,0.0,485.69714285714286,246.29999999999998,1.0659999999999998,91.82857142857142,485.69714285714286,91.82857142857142,246.29999999999998,1.0659999999999998,0.0,0.0
validation-traffic_spike-100,validation,traffic_surge,db_latency_plus_20,0.0,0.0,20.0,485.69714285714286,246.29999999999998,1.0659999999999998,91.82857142857142,485.69714285714286,110.1942857142857,258.2377142857143,1.6659999999999997,11.937714285714293,0.5999999999999999
validation-traffic_spike-100,validation,traffic_surge,db_latency_minus_20,0.0,0.0,-20.0,485.69714285714286,246.29999999999998,1.0659999999999998,91.82857142857142,485.69714285714286,73.46285714285715,234.3622857142857,1.0659999999999998,-11.937714285714293,0.0
validation-traffic_spike-100,validation,traffic_surge,traffic_plus_20_capacity_plus_20,20.0,20.0,0.0,485.69714285714286,246.29999999999998,1.0659999999999998,91.82857142857142,582.8365714285715,91.82857142857142,246.29999999999998,1.0659999999999998,0.0,0.0
validation-traffic_spike-101,validation,traffic_surge,no_change,0.0,0.0,0.0,768.2761428571429,187.90000000000003,0.9431428571428572,61.8,768.2761428571429,61.8,187.90000000000003,0.9431428571428572,0.0,0.0
validation-traffic_spike-101,validation,traffic_surge,traffic_plus_20,20.0,0.0,0.0,768.2761428571429,187.90000000000003,0.9431428571428572,61.8,921.9313714285714,66.126,222.65490000000003,2.5431428571428567,34.75489999999999,1.5999999999999996
validation-traffic_spike-101,validation,traffic_surge,capacity_plus_20,0.0,20.0,0.0,768.2761428571429,187.90000000000003,0.9431428571428572,61.8,768.2761428571429,61.8,187.90000000000003,0.9431428571428572,0.0,0.0
validation-traffic_spike-101,validation,traffic_surge,db_latency_plus_20,0.0,0.0,20.0,768.2761428571429,187.90000000000003,0.9431428571428572,61.8,768.2761428571429,74.16,195.93400000000003,1.5431428571428571,8.033999999999992,0.6
validation-traffic_spike-101,validation,traffic_surge,db_latency_minus_20,0.0,0.0,-20.0,768.2761428571429,187.90000000000003,0.9431428571428572,61.8,768.2761428571429,49.44,179.86600000000004,0.9431428571428572,-8.033999999999992,0.0
validation-traffic_spike-101,validation,traffic_surge,traffic_plus_20_capacity_plus_20,20.0,20.0,0.0,768.2761428571429,187.90000000000003,0.9431428571428572,61.8,921.9313714285714,61.8,187.90000000000003,0.9431428571428572,0.0,0.0
validation-traffic_spike-102,validation,traffic_surge,no_change,0.0,0.0,0.0,413.4118571428571,213.27142857142857,1.1554285714285715,73.32857142857142,413.4118571428571,73.32857142857142,213.27142857142857,1.1554285714285715,0.0,0.0
validation-traffic_spike-102,validation,traffic_surge,traffic_plus_20,20.0,0.0,0.0,413.4118571428571,213.27142857142857,1.1554285714285715,73.32857142857142,496.0942285714285,78.46157142857143,252.86402142857142,2.7554285714285713,39.59259285714285,1.5999999999999999
validation-traffic_spike-102,validation,traffic_surge,capacity_plus_20,0.0,20.0,0.0,413.4118571428571,213.27142857142857,1.1554285714285715,73.32857142857142,413.4118571428571,73.32857142857142,213.27142857142857,1.1554285714285715,0.0,0.0
validation-traffic_spike-102,validation,traffic_surge,db_latency_plus_20,0.0,0.0,20.0,413.4118571428571,213.27142857142857,1.1554285714285715,73.32857142857142,413.4118571428571,87.99428571428571,222.80414285714286,1.7554285714285713,9.532714285714292,0.5999999999999999
validation-traffic_spike-102,validation,traffic_surge,db_latency_minus_20,0.0,0.0,-20.0,413.4118571428571,213.27142857142857,1.1554285714285715,73.32857142857142,413.4118571428571,58.66285714285714,203.73871428571428,1.1554285714285715,-9.532714285714292,0.0
validation-traffic_spike-102,validation,traffic_surge,traffic_plus_20_capacity_plus_20,20.0,20.0,0.0,413.4118571428571,213.27142857142857,1.1554285714285715,73.32857142857142,496.0942285714285,73.32857142857142,213.27142857142857,1.1554285714285715,0.0,0.0
validation-traffic_spike-103,validation,traffic_surge,no_change,0.0,0.0,0.0,640.0248571428572,241.3857142857143,1.1185714285714285,96.44285714285715,640.0248571428572,96.44285714285715,241.3857142857143,1.1185714285714285,0.0,0.0
validation-traffic_spike-103,validation,traffic_surge,traffic_plus_20,20.0,0.0,0.0,640.0248571428572,241.3857142857143,1.1185714285714285,96.44285714285715,768.0298285714285,103.19385714285715,286.8094357142857,2.718571428571428,45.42372142857141,1.5999999999999994
validation-traffic_spike-103,validation,traffic_surge,capacity_plus_20,0.0,20.0,0.0,640.0248571428572,241.3857142857143,1.1185714285714285,96.44285714285715,640.0248571428572,96.44285714285715,241.3857142857143,1.1185714285714285,0.0,0.0
validation-traffic_spike-103,validation,traffic_surge,db_latency_plus_20,0.0,0.0,20.0,640.0248571428572,241.3857142857143,1.1185714285714285,96.44285714285715,640.0248571428572,115.73142857142858,253.92328571428573,1.7185714285714284,12.537571428571425,0.5999999999999999
validation-traffic_spike-103,validation,traffic_surge,db_latency_minus_20,0.0,0.0,-20.0,640.0248571428572,241.3857142857143,1.1185714285714285,96.44285714285715,640.0248571428572,77.15428571428572,228.84814285714288,1.1185714285714285,-12.537571428571425,0.0
validation-traffic_spike-103,validation,traffic_surge,traffic_plus_20_capacity_plus_20,20.0,20.0,0.0,640.0248571428572,241.3857142857143,1.1185714285714285,96.44285714285715,768.0298285714285,96.44285714285715,241.3857142857143,1.1185714285714285,0.0,0.0
validation-traffic_spike-104,validation,traffic_surge,no_change,0.0,0.0,0.0,601.7841428571428,181.34285714285713,1.1305714285714286,66.54285714285713,601.7841428571428,66.54285714285713,181.34285714285713,1.1305714285714286,0.0,0.0
validation-traffic_spike-104,validation,traffic_surge,traffic_plus_20,20.0,0.0,0.0,601.7841428571428,181.34285714285713,1.1305714285714286,66.54285714285713,722.1409714285713,71.20085714285713,215.19884285714284,2.7305714285714284,33.85598571428571,1.5999999999999999
validation-traffic_spike-104,validation,traffic_surge,capacity_plus_20,0.0,20.0,0.0,601.7841428571428,181.34285714285713,1.1305714285714286,66.54285714285713,601.7841428571428,66.54285714285713,181.34285714285713,1.1305714285714286,0.0,0.0
validation-traffic_spike-104,validation,traffic_surge,db_latency_plus_20,0.0,0.0,20.0,601.7841428571428,181.34285714285713,1.1305714285714286,66.54285714285713,601.7841428571428,79.85142857142856,189.99342857142855,1.7305714285714284,8.650571428571425,0.5999999999999999
validation-traffic_spike-104,validation,traffic_surge,db_latency_minus_20,0.0,0.0,-20.0,601.7841428571428,181.34285714285713,1.1305714285714286,66.54285714285713,601.7841428571428,53.234285714285704,172.6922857142857,1.1305714285714286,-8.650571428571425,0.0
validation-traffic_spike-104,validation,traffic_surge,traffic_plus_20_capacity_plus_20,20.0,20.0,0.0,601.7841428571428,181.34285714285713,1.1305714285714286,66.54285714285713,722.1409714285713,66.54285714285713,181.34285714285713,1.1305714285714286,0.0,0.0
validation-traffic_spike-105,validation,traffic_surge,no_change,0.0,0.0,0.0,527.2134285714286,215.6142857142857,1.1905714285714286,71.91428571428571,527.2134285714286,71.91428571428571,215.6142857142857,1.1905714285714286,0.0,0.0
validation-traffic_spike-105,validation,traffic_surge,traffic_plus_20,20.0,0.0,0.0,527.2134285714286,215.6142857142857,1.1905714285714286,71.91428571428571,632.6561142857144,76.94828571428572,255.54081428571425,2.790571428571428,39.92652857142855,1.5999999999999994
validation-traffic_spike-105,validation,traffic_surge,capacity_plus_20,0.0,20.0,0.0,527.2134285714286,215.6142857142857,1.1905714285714286,71.91428571428571,527.2134285714286,71.91428571428571,215.6142857142857,1.1905714285714286,0.0,0.0
validation-traffic_spike-105,validation,traffic_surge,db_latency_plus_20,0.0,0.0,20.0,527.2134285714286,215.6142857142857,1.1905714285714286,71.91428571428571,527.2134285714286,86.29714285714284,224.96314285714283,1.7905714285714285,9.348857142857128,0.5999999999999999
validation-traffic_spike-105,validation,traffic_surge,db_latency_minus_20,0.0,0.0,-20.0,527.2134285714286,215.6142857142857,1.1905714285714286,71.91428571428571,527.2134285714286,57.53142857142857,206.26542857142857,1.1905714285714286,-9.348857142857128,0.0
validation-traffic_spike-105,validation,traffic_surge,traffic_plus_20_capacity_plus_20,20.0,20.0,0.0,527.2134285714286,215.6142857142857,1.1905714285714286,71.91428571428571,632.6561142857144,71.91428571428571,215.6142857142857,1.1905714285714286,0.0,0.0
validation-traffic_spike-106,validation,traffic_surge,no_change,0.0,0.0,0.0,490.1137142857143,252.85714285714286,1.1147142857142855,91.94285714285715,490.1137142857143,91.94285714285715,252.85714285714286,1.1147142857142855,0.0,0.0
validation-traffic_spike-106,validation,traffic_surge,traffic_plus_20,20.0,0.0,0.0,490.1137142857143,252.85714285714286,1.1147142857142855,91.94285714285715,588.1364571428571,98.37885714285716,300.02625714285716,2.714714285714285,47.1691142857143,1.5999999999999994
validation-traffic_spike-106,validation,traffic_surge,capacity_plus_20,0.0,20.0,0.0,490.1137142857143,252.85714285714286,1.1147142857142855,91.94285714285715,490.1137142857143,91.94285714285715,252.85714285714286,1.1147142857142855,0.0,0.0
validation-traffic_spike-106,validation,traffic_surge,db_latency_plus_20,0.0,0.0,20.0,490.1137142857143,252.85714285714286,1.1147142857142855,91.94285714285715,490.1137142857143,110.33142857142857,264.8097142857143,1.7147142857142854,11.952571428571417,0.5999999999999999
validation-traffic_spike-106,validation,traffic_surge,db_latency_minus_20,0.0,0.0,-20.0,490.1137142857143,252.85714285714286,1.1147142857142855,91.94285714285715,490.1137142857143,73.55428571428573,240.90457142857144,1.1147142857142855,-11.952571428571417,0.0
validation-traffic_spike-106,validation,traffic_surge,traffic_plus_20_capacity_plus_20,20.0,20.0,0.0,490.1137142857143,252.85714285714286,1.1147142857142855,91.94285714285715,588.1364571428571,91.94285714285715,252.85714285714286,1.1147142857142855,0.0,0.0
validation-traffic_spike-107,validation,traffic_surge,no_change,0.0,0.0,0.0,734.8845714285715,181.01428571428573,1.087142857142857,68.84285714285714,734.8845714285715,68.84285714285714,181.01428571428573,1.087142857142857,0.0,0.0
validation-traffic_spike-107,validation,traffic_surge,traffic_plus_20,20.0,0.0,0.0,734.8845714285715,181.01428571428573,1.087142857142857,68.84285714285714,881.8614857142858,73.66185714285714,214.91906428571428,2.687142857142857,33.90477857142855,1.5999999999999999
validation-traffic_spike-107,validation,traffic_surge,capacity_plus_20,0.0,20.0,0.0,734.8845714285715,181.01428571428573,1.087142857142857,68.84285714285714,734.8845714285715,68.84285714285714,181.01428571428573,1.087142857142857,0.0,0.0
validation-traffic_spike-107,validation,traffic_surge,db_latency_plus_20,0.0,0.0,20.0,734.8845714285715,181.01428571428573,1.087142857142857,68.84285714285714,734.8845714285715,82.61142857142856,189.96385714285717,1.6871428571428568,8.949571428571431,0.5999999999999999
validation-traffic_spike-107,validation,traffic_surge,db_latency_minus_20,0.0,0.0,-20.0,734.8845714285715,181.01428571428573,1.087142857142857,68.84285714285714,734.8845714285715,55.074285714285715,172.0647142857143,1.087142857142857,-8.949571428571431,0.0
validation-traffic_spike-107,validation,traffic_surge,traffic_plus_20_capacity_plus_20,20.0,20.0,0.0,734.8845714285715,181.01428571428573,1.087142857142857,68.84285714285714,881.8614857142858,68.84285714285714,181.01428571428573,1.087142857142857,0.0,0.0
validation-traffic_spike-108,validation,traffic_surge,no_change,0.0,0.0,0.0,412.2664285714286,229.42857142857142,1.1905714285714286,75.75714285714287,412.2664285714286,75.75714285714287,229.42857142857142,1.1905714285714286,0.0,0.0
validation-traffic_spike-108,validation,traffic_surge,traffic_plus_20,20.0,0.0,0.0,412.2664285714286,229.42857142857142,1.1905714285714286,75.75714285714287,494.7197142857143,81.06014285714288,271.8783785714286,2.790571428571428,42.44980714285717,1.5999999999999994
validation-traffic_spike-108,validation,traffic_surge,capacity_plus_20,0.0,20.0,0.0,412.2664285714286,229.42857142857142,1.1905714285714286,75.75714285714287,412.2664285714286,75.75714285714287,229.42857142857142,1.1905714285714286,0.0,0.0
validation-traffic_spike-108,validation,traffic_surge,db_latency_plus_20,0.0,0.0,20.0,412.2664285714286,229.42857142857142,1.1905714285714286,75.75714285714287,412.2664285714286,90.90857142857143,239.277,1.7905714285714285,9.84842857142857,0.5999999999999999
validation-traffic_spike-108,validation,traffic_surge,db_latency_minus_20,0.0,0.0,-20.0,412.2664285714286,229.42857142857142,1.1905714285714286,75.75714285714287,412.2664285714286,60.6057142857143,219.58014285714285,1.1905714285714286,-9.84842857142857,0.0
validation-traffic_spike-108,validation,traffic_surge,traffic_plus_20_capacity_plus_20,20.0,20.0,0.0,412.2664285714286,229.42857142857142,1.1905714285714286,75.75714285714287,494.7197142857143,75.75714285714287,229.42857142857142,1.1905714285714286,0.0,0.0
validation-traffic_spike-109,validation,traffic_surge,no_change,0.0,0.0,0.0,619.8850000000001,255.1285714285714,1.3101428571428573,91.8,619.8850000000001,91.8,255.1285714285714,1.3101428571428573,0.0,0.0
validation-traffic_spike-109,validation,traffic_surge,traffic_plus_20,20.0,0.0,0.0,619.8850000000001,255.1285714285714,1.3101428571428573,91.8,743.8620000000001,98.226,302.6773285714285,2.9101428571428567,47.54875714285711,1.5999999999999994
validation-traffic_spike-109,validation,traffic_surge,capacity_plus_20,0.0,20.0,0.0,619.8850000000001,255.1285714285714,1.3101428571428573,91.8,619.8850000000001,91.8,255.1285714285714,1.3101428571428573,0.0,0.0
validation-traffic_spike-109,validation,traffic_surge,db_latency_plus_20,0.0,0.0,20.0,619.8850000000001,255.1285714285714,1.3101428571428573,91.8,619.8850000000001,110.16,267.0625714285714,1.9101428571428571,11.933999999999997,0.5999999999999999
validation-traffic_spike-109,validation,traffic_surge,db_latency_minus_20,0.0,0.0,-20.0,619.8850000000001,255.1285714285714,1.3101428571428573,91.8,619.8850000000001,73.44,243.1945714285714,1.3101428571428573,-11.933999999999997,0.0
validation-traffic_spike-109,validation,traffic_surge,traffic_plus_20_capacity_plus_20,20.0,20.0,0.0,619.8850000000001,255.1285714285714,1.3101428571428573,91.8,743.8620000000001,91.8,255.1285714285714,1.3101428571428573,0.0,0.0
validation-latency_increase-100,validation,service_delay,no_change,0.0,0.0,0.0,424.4857142857142,263.8588571428571,1.0659999999999998,65.82857142857144,424.4857142857142,65.82857142857144,263.8588571428571,1.0659999999999998,0.0,0.0
validation-latency_increase-100,validation,service_delay,traffic_plus_20,20.0,0.0,0.0,424.4857142857142,263.8588571428571,1.0659999999999998,65.82857142857144,509.382857142857,70.43657142857144,311.7100628571428,2.6659999999999995,47.8512057142857,1.5999999999999996
validation-latency_increase-100,validation,service_delay,capacity_plus_20,0.0,20.0,0.0,424.4857142857142,263.8588571428571,1.0659999999999998,65.82857142857144,424.4857142857142,65.82857142857144,263.8588571428571,1.0659999999999998,0.0,0.0
validation-latency_increase-100,validation,service_delay,db_latency_plus_20,0.0,0.0,20.0,424.4857142857142,263.8588571428571,1.0659999999999998,65.82857142857144,424.4857142857142,78.99428571428572,272.4165714285714,1.6659999999999997,8.557714285714269,0.5999999999999999
validation-latency_increase-100,validation,service_delay,db_latency_minus_20,0.0,0.0,-20.0,424.4857142857142,263.8588571428571,1.0659999999999998,65.82857142857144,424.4857142857142,52.66285714285715,255.30114285714282,1.0659999999999998,-8.557714285714297,0.0
validation-latency_increase-100,validation,service_delay,traffic_plus_20_capacity_plus_20,20.0,20.0,0.0,424.4857142857142,263.8588571428571,1.0659999999999998,65.82857142857144,509.382857142857,65.82857142857144,263.8588571428571,1.0659999999999998,0.0,0.0
validation-latency_increase-101,validation,service_delay,no_change,0.0,0.0,0.0,301.1714285714285,436.6277142857143,0.9431428571428572,69.79999999999998,301.1714285714285,69.79999999999998,436.6277142857143,0.9431428571428572,0.0,0.0
validation-latency_increase-101,validation,service_delay,traffic_plus_20,20.0,0.0,0.0,301.1714285714285,436.6277142857143,0.9431428571428572,69.79999999999998,361.4057142857142,74.68599999999999,514.0303257142857,2.5431428571428567,77.40261142857139,1.5999999999999996
validation-latency_increase-101,validation,service_delay,capacity_plus_20,0.0,20.0,0.0,301.1714285714285,436.6277142857143,0.9431428571428572,69.79999999999998,301.1714285714285,69.79999999999998,436.6277142857143,0.9431428571428572,0.0,0.0
validation-latency_increase-101,validation,service_delay,db_latency_plus_20,0.0,0.0,20.0,301.1714285714285,436.6277142857143,0.9431428571428572,69.79999999999998,301.1714285714285,83.75999999999998,445.70171428571433,1.5431428571428571,9.074000000000012,0.6
validation-latency_increase-101,validation,service_delay,db_latency_minus_20,0.0,0.0,-20.0,301.1714285714285,436.6277142857143,0.9431428571428572,69.79999999999998,301.1714285714285,55.83999999999999,427.5537142857143,0.9431428571428572,-9.074000000000012,0.0
validation-latency_increase-101,validation,service_delay,traffic_plus_20_capacity_plus_20,20.0,20.0,0.0,301.1714285714285,436.6277142857143,0.9431428571428572,69.79999999999998,361.4057142857142,69.79999999999998,436.6277142857143,0.9431428571428572,0.0,0.0
validation-latency_increase-102,validation,service_delay,no_change,0.0,0.0,0.0,357.0428571428571,365.151,1.1554285714285715,91.32857142857142,357.0428571428571,91.32857142857142,365.151,1.1554285714285715,0.0,0.0
validation-latency_increase-102,validation,service_delay,traffic_plus_20,20.0,0.0,0.0,357.0428571428571,365.151,1.1554285714285715,91.32857142857142,428.4514285714285,97.72157142857142,431.38212,2.7554285714285713,66.23111999999998,1.5999999999999999
validation-latency_increase-102,validation,service_delay,capacity_plus_20,0.0,20.0,0.0,357.0428571428571,365.151,1.1554285714285715,91.32857142857142,357.0428571428571,91.32857142857142,365.151,1.1554285714285715,0.0,0.0
validation-latency_increase-102,validation,service_delay,db_latency_plus_20,0.0,0.0,20.0,357.0428571428571,365.151,1.1554285714285715,91.32857142857142,357.0428571428571,109.5942857142857,377.0237142857143,1.7554285714285713,11.872714285714267,0.5999999999999999
validation-latency_increase-102,validation,service_delay,db_latency_minus_20,0.0,0.0,-20.0,357.0428571428571,365.151,1.1554285714285715,91.32857142857142,357.0428571428571,73.06285714285714,353.27828571428574,1.1554285714285715,-11.872714285714267,0.0
validation-latency_increase-102,validation,service_delay,traffic_plus_20_capacity_plus_20,20.0,20.0,0.0,357.0428571428571,365.151,1.1554285714285715,91.32857142857142,428.4514285714285,91.32857142857142,365.151,1.1554285714285715,0.0,0.0
validation-latency_increase-103,validation,service_delay,no_change,0.0,0.0,0.0,438.04285714285714,341.8667142857143,1.1185714285714285,70.44285714285715,438.04285714285714,70.44285714285715,341.8667142857143,1.1185714285714285,0.0,0.0
validation-latency_increase-103,validation,service_delay,traffic_plus_20,20.0,0.0,0.0,438.04285714285714,341.8667142857143,1.1185714285714285,70.44285714285715,525.6514285714286,75.37385714285716,403.1892057142857,2.718571428571428,61.322491428571425,1.5999999999999994
validation-latency_increase-103,validation,service_delay,capacity_plus_20,0.0,20.0,0.0,438.04285714285714,341.8667142857143,1.1185714285714285,70.44285714285715,438.04285714285714,70.44285714285715,341.8667142857143,1.1185714285714285,0.0,0.0
validation-latency_increase-103,validation,service_delay,db_latency_plus_20,0.0,0.0,20.0,438.04285714285714,341.8667142857143,1.1185714285714285,70.44285714285715,438.04285714285714,84.53142857142858,351.0242857142857,1.7185714285714284,9.15757142857143,0.5999999999999999
validation-latency_increase-103,validation,service_delay,db_latency_minus_20,0.0,0.0,-20.0,438.04285714285714,341.8667142857143,1.1185714285714285,70.44285714285715,438.04285714285714,56.35428571428572,332.70914285714287,1.1185714285714285,-9.15757142857143,0.0
validation-latency_increase-103,validation,service_delay,traffic_plus_20_capacity_plus_20,20.0,20.0,0.0,438.04285714285714,341.8667142857143,1.1185714285714285,70.44285714285715,525.6514285714286,70.44285714285715,341.8667142857143,1.1185714285714285,0.0,0.0
validation-latency_increase-104,validation,service_delay,no_change,0.0,0.0,0.0,301.1,318.5185714285714,1.1305714285714286,74.54285714285713,301.1,74.54285714285713,318.5185714285714,1.1305714285714286,0.0,0.0
validation-latency_increase-104,validation,service_delay,traffic_plus_20,20.0,0.0,0.0,301.1,318.5185714285714,1.1305714285714286,74.54285714285713,361.32,79.76085714285713,376.0584285714286,2.7305714285714284,57.53985714285716,1.5999999999999999
validation-latency_increase-104,validation,service_delay,capacity_plus_20,0.0,20.0,0.0,301.1,318.5185714285714,1.1305714285714286,74.54285714285713,301.1,74.54285714285713,318.5185714285714,1.1305714285714286,0.0,0.0
validation-latency_increase-104,validation,service_delay,db_latency_plus_20,0.0,0.0,20.0,301.1,318.5185714285714,1.1305714285714286,74.54285714285713,301.1,89.45142857142855,328.20914285714287,1.7305714285714284,9.690571428571445,0.5999999999999999
validation-latency_increase-104,validation,service_delay,db_latency_minus_20,0.0,0.0,-20.0,301.1,318.5185714285714,1.1305714285714286,74.54285714285713,301.1,59.63428571428571,308.828,1.1305714285714286,-9.690571428571445,0.0
validation-latency_increase-104,validation,service_delay,traffic_plus_20_capacity_plus_20,20.0,20.0,0.0,301.1,318.5185714285714,1.1305714285714286,74.54285714285713,361.32,74.54285714285713,318.5185714285714,1.1305714285714286,0.0,0.0
validation-latency_increase-105,validation,service_delay,no_change,0.0,0.0,0.0,356.6142857142857,488.533,1.1905714285714286,89.91428571428571,356.6142857142857,89.91428571428571,488.533,1.1905714285714286,0.0,0.0
validation-latency_increase-105,validation,service_delay,traffic_plus_20,20.0,0.0,0.0,356.6142857142857,488.533,1.1905714285714286,89.91428571428571,427.9371428571428,96.20828571428572,575.67471,2.790571428571428,87.14170999999999,1.5999999999999994
validation-latency_increase-105,validation,service_delay,capacity_plus_20,0.0,20.0,0.0,356.6142857142857,488.533,1.1905714285714286,89.91428571428571,356.6142857142857,89.91428571428571,488.533,1.1905714285714286,0.0,0.0
validation-latency_increase-105,validation,service_delay,db_latency_plus_20,0.0,0.0,20.0,356.6142857142857,488.533,1.1905714285714286,89.91428571428571,356.6142857142857,107.89714285714285,500.2218571428572,1.7905714285714285,11.68885714285716,0.5999999999999999
validation-latency_increase-105,validation,service_delay,db_latency_minus_20,0.0,0.0,-20.0,356.6142857142857,488.533,1.1905714285714286,89.91428571428571,356.6142857142857,71.93142857142857,476.84414285714286,1.1905714285714286,-11.68885714285716,0.0
validation-latency_increase-105,validation,service_delay,traffic_plus_20_capacity_plus_20,20.0,20.0,0.0,356.6142857142857,488.533,1.1905714285714286,89.91428571428571,427.9371428571428,89.91428571428571,488.533,1.1905714285714286,0.0,0.0
validation-latency_increase-106,validation,service_delay,no_change,0.0,0.0,0.0,428.57142857142856,271.02085714285715,1.1147142857142855,65.94285714285715,428.57142857142856,65.94285714285715,271.02085714285715,1.1147142857142855,0.0,0.0
validation-latency_increase-106,validation,service_delay,traffic_plus_20,20.0,0.0,0.0,428.57142857142856,271.02085714285715,1.1147142857142855,65.94285714285715,514.2857142857142,70.55885714285715,320.09480285714284,2.714714285714285,49.073945714285685,1.5999999999999994
validation-latency_increase-106,validation,service_delay,capacity_plus_20,0.0,20.0,0.0,428.57142857142856,271.02085714285715,1.1147142857142855,65.94285714285715,428.57142857142856,65.94285714285715,271.02085714285715,1.1147142857142855,0.0,0.0
validation-latency_increase-106,validation,service_delay,db_latency_plus_20,0.0,0.0,20.0,428.57142857142856,271.02085714285715,1.1147142857142855,65.94285714285715,428.57142857142856,79.13142857142857,279.5934285714286,1.7147142857142854,8.57257142857145,0.5999999999999999
validation-latency_increase-106,validation,service_delay,db_latency_minus_20,0.0,0.0,-20.0,428.57142857142856,271.02085714285715,1.1147142857142855,65.94285714285715,428.57142857142856,52.75428571428572,262.4482857142857,1.1147142857142855,-8.57257142857145,0.0
validation-latency_increase-106,validation,service_delay,traffic_plus_20_capacity_plus_20,20.0,20.0,0.0,428.57142857142856,271.02085714285715,1.1147142857142855,65.94285714285715,514.2857142857142,65.94285714285715,271.02085714285715,1.1147142857142855,0.0,0.0
validation-latency_increase-107,validation,service_delay,no_change,0.0,0.0,0.0,287.9,420.46171428571427,1.087142857142857,76.84285714285714,287.9,76.84285714285714,420.46171428571427,1.087142857142857,0.0,0.0
validation-latency_increase-107,validation,service_delay,traffic_plus_20,20.0,0.0,0.0,287.9,420.46171428571427,1.087142857142857,76.84285714285714,345.47999999999996,82.22185714285715,495.43655571428565,2.687142857142857,74.97484142857138,1.5999999999999999
validation-latency_increase-107,validation,service_delay,capacity_plus_20,0.0,20.0,0.0,287.9,420.46171428571427,1.087142857142857,76.84285714285714,287.9,76.84285714285714,420.46171428571427,1.087142857142857,0.0,0.0
validation-latency_increase-107,validation,service_delay,db_latency_plus_20,0.0,0.0,20.0,287.9,420.46171428571427,1.087142857142857,76.84285714285714,287.9,92.21142857142857,430.4512857142857,1.6871428571428568,9.989571428571423,0.5999999999999999
validation-latency_increase-107,validation,service_delay,db_latency_minus_20,0.0,0.0,-20.0,287.9,420.46171428571427,1.087142857142857,76.84285714285714,287.9,61.47428571428571,410.47214285714284,1.087142857142857,-9.989571428571423,0.0
validation-latency_increase-107,validation,service_delay,traffic_plus_20_capacity_plus_20,20.0,20.0,0.0,287.9,420.46171428571427,1.087142857142857,76.84285714285714,345.47999999999996,76.84285714285714,420.46171428571427,1.087142857142857,0.0,0.0
validation-latency_increase-108,validation,service_delay,no_change,0.0,0.0,0.0,356.04285714285714,392.8222857142858,1.1905714285714286,93.75714285714287,356.04285714285714,93.75714285714287,392.8222857142858,1.1905714285714286,0.0,0.0
validation-latency_increase-108,validation,service_delay,traffic_plus_20,20.0,0.0,0.0,356.04285714285714,392.8222857142858,1.1905714285714286,93.75714285714287,427.25142857142856,100.32014285714287,463.86802428571434,2.790571428571428,71.04573857142856,1.5999999999999994
validation-latency_increase-108,validation,service_delay,capacity_plus_20,0.0,20.0,0.0,356.04285714285714,392.8222857142858,1.1905714285714286,93.75714285714287,356.04285714285714,93.75714285714287,392.8222857142858,1.1905714285714286,0.0,0.0
validation-latency_increase-108,validation,service_delay,db_latency_plus_20,0.0,0.0,20.0,356.04285714285714,392.8222857142858,1.1905714285714286,93.75714285714287,356.04285714285714,112.50857142857144,405.01071428571436,1.7905714285714285,12.188428571428574,0.5999999999999999
validation-latency_increase-108,validation,service_delay,db_latency_minus_20,0.0,0.0,-20.0,356.04285714285714,392.8222857142858,1.1905714285714286,93.75714285714287,356.04285714285714,75.00571428571429,380.6338571428572,1.1905714285714286,-12.188428571428574,0.0
validation-latency_increase-108,validation,service_delay,traffic_plus_20_capacity_plus_20,20.0,20.0,0.0,356.04285714285714,392.8222857142858,1.1905714285714286,93.75714285714287,427.25142857142856,93.75714285714287,392.8222857142858,1.1905714285714286,0.0,0.0
validation-latency_increase-109,validation,service_delay,no_change,0.0,0.0,0.0,424.37142857142857,361.74485714285714,1.3101428571428573,65.8,424.37142857142857,65.8,361.74485714285714,1.3101428571428573,0.0,0.0
validation-latency_increase-109,validation,service_delay,traffic_plus_20,20.0,0.0,0.0,424.37142857142857,361.74485714285714,1.3101428571428573,65.8,509.24571428571426,70.406,426.23538285714284,2.9101428571428567,64.4905257142857,1.5999999999999994
validation-latency_increase-109,validation,service_delay,capacity_plus_20,0.0,20.0,0.0,424.37142857142857,361.74485714285714,1.3101428571428573,65.8,424.37142857142857,65.8,361.74485714285714,1.3101428571428573,0.0,0.0
validation-latency_increase-109,validation,service_delay,db_latency_plus_20,0.0,0.0,20.0,424.37142857142857,361.74485714285714,1.3101428571428573,65.8,424.37142857142857,78.96,370.2988571428571,1.9101428571428571,8.553999999999974,0.5999999999999999
validation-latency_increase-109,validation,service_delay,db_latency_minus_20,0.0,0.0,-20.0,424.37142857142857,361.74485714285714,1.3101428571428573,65.8,424.37142857142857,52.64,353.19085714285717,1.3101428571428573,-8.553999999999974,0.0
validation-latency_increase-109,validation,service_delay,traffic_plus_20_capacity_plus_20,20.0,20.0,0.0,424.37142857142857,361.74485714285714,1.3101428571428573,65.8,509.24571428571426,65.8,361.74485714285714,1.3101428571428573,0.0,0.0
validation-database_slowdown-100,validation,database_slowdown,no_change,0.0,0.0,0.0,293.85714285714283,289.48157142857144,2.5165714285714285,114.75957142857143,293.85714285714283,114.75957142857143,289.48157142857144,2.5165714285714285,0.0,0.0
validation-database_slowdown-100,validation,database_slowdown,traffic_plus_20,20.0,0.0,0.0,293.85714285714283,289.48157142857144,2.5165714285714285,114.75957142857143,352.6285714285714,122.79274142857145,343.91499907142855,4.116571428571428,54.43342764285711,1.5999999999999992
validation-database_slowdown-100,validation,database_slowdown,capacity_plus_20,0.0,20.0,0.0,293.85714285714283,289.48157142857144,2.5165714285714285,114.75957142857143,293.85714285714283,114.75957142857143,289.48157142857144,2.5165714285714285,0.0,0.0
validation-database_slowdown-100,validation,database_slowdown,db_latency_plus_20,0.0,0.0,20.0,293.85714285714283,289.48157142857144,2.5165714285714285,114.75957142857143,293.85714285714283,137.71148571428571,304.40031571428574,3.1165714285714285,14.918744285714297,0.6000000000000001
validation-database_slowdown-100,validation,database_slowdown,db_latency_minus_20,0.0,0.0,-20.0,293.85714285714283,289.48157142857144,2.5165714285714285,114.75957142857143,293.85714285714283,91.80765714285715,274.56282714285715,2.5165714285714285,-14.918744285714297,0.0
validation-database_slowdown-100,validation,database_slowdown,traffic_plus_20_capacity_plus_20,20.0,20.0,0.0,293.85714285714283,289.48157142857144,2.5165714285714285,114.75957142857143,352.6285714285714,114.75957142857143,289.48157142857144,2.5165714285714285,0.0,0.0
validation-database_slowdown-101,validation,database_slowdown,no_change,0.0,0.0,0.0,359.74285714285713,446.85242857142856,3.844285714285714,185.18557142857142,359.74285714285713,185.18557142857142,446.85242857142856,3.844285714285714,0.0,0.0
validation-database_slowdown-101,validation,database_slowdown,traffic_plus_20,20.0,0.0,0.0,359.74285714285713,446.85242857142856,3.844285714285714,185.18557142857142,431.69142857142856,198.14856142857144,531.2432849285714,5.444285714285714,84.39085635714281,1.6
validation-database_slowdown-101,validation,database_slowdown,capacity_plus_20,0.0,20.0,0.0,359.74285714285713,446.85242857142856,3.844285714285714,185.18557142857142,359.74285714285713,185.18557142857142,446.85242857142856,3.844285714285714,0.0,0.0
validation-database_slowdown-101,validation,database_slowdown,db_latency_plus_20,0.0,0.0,20.0,359.74285714285713,446.85242857142856,3.844285714285714,185.18557142857142,359.74285714285713,222.2226857142857,470.92655285714284,4.444285714285714,24.074124285714277,0.6000000000000001
validation-database_slowdown-101,validation,database_slowdown,db_latency_minus_20,0.0,0.0,-20.0,359.74285714285713,446.85242857142856,3.844285714285714,185.18557142857142,359.74285714285713,148.14845714285715,422.7783042857143,3.844285714285714,-24.074124285714277,0.0
validation-database_slowdown-101,validation,database_slowdown,traffic_plus_20_capacity_plus_20,20.0,20.0,0.0,359.74285714285713,446.85242857142856,3.844285714285714,185.18557142857142,431.69142857142856,185.18557142857142,446.85242857142856,3.844285714285714,0.0,0.0
validation-database_slowdown-102,validation,database_slowdown,no_change,0.0,0.0,0.0,431.7714285714286,244.3552857142857,2.6060000000000003,101.37357142857142,431.7714285714286,101.37357142857142,244.3552857142857,2.6060000000000003,0.0,0.0
validation-database_slowdown-102,validation,database_slowdown,traffic_plus_20,20.0,0.0,0.0,431.7714285714286,244.3552857142857,2.6060000000000003,101.37357142857142,518.1257142857143,108.46972142857143,290.50818178571427,4.2059999999999995,46.15289607142856,1.5999999999999992
validation-database_slowdown-102,validation,database_slowdown,capacity_plus_20,0.0,20.0,0.0,431.7714285714286,244.3552857142857,2.6060000000000003,101.37357142857142,431.7714285714286,101.37357142857142,244.3552857142857,2.6060000000000003,0.0,0.0
validation-database_slowdown-102,validation,database_slowdown,db_latency_plus_20,0.0,0.0,20.0,431.7714285714286,244.3552857142857,2.6060000000000003,101.37357142857142,431.7714285714286,121.6482857142857,257.53385,3.2060000000000004,13.178564285714259,0.6000000000000001
validation-database_slowdown-102,validation,database_slowdown,db_latency_minus_20,0.0,0.0,-20.0,431.7714285714286,244.3552857142857,2.6060000000000003,101.37357142857142,431.7714285714286,81.09885714285714,231.17672142857143,2.6060000000000003,-13.178564285714288,0.0
validation-database_slowdown-102,validation,database_slowdown,traffic_plus_20_capacity_plus_20,20.0,20.0,0.0,431.7714285714286,244.3552857142857,2.6060000000000003,101.37357142857142,518.1257142857143,101.37357142857142,244.3552857142857,2.6060000000000003,0.0,0.0
validation-database_slowdown-103,validation,database_slowdown,no_change,0.0,0.0,0.0,303.25714285714287,358.94971428571426,4.019714285714286,165.32614285714286,303.25714285714287,165.32614285714286,358.94971428571426,4.019714285714286,0.0,0.0
validation-database_slowdown-103,validation,database_slowdown,traffic_plus_20,20.0,0.0,0.0,303.25714285714287,358.94971428571426,4.019714285714286,165.32614285714286,363.9085714285714,176.89897285714287,427.4935052142857,5.619714285714285,68.54379092857141,1.5999999999999996
validation-database_slowdown-103,validation,database_slowdown,capacity_plus_20,0.0,20.0,0.0,303.25714285714287,358.94971428571426,4.019714285714286,165.32614285714286,303.25714285714287,165.32614285714286,358.94971428571426,4.019714285714286,0.0,0.0
validation-database_slowdown-103,validation,database_slowdown,db_latency_plus_20,0.0,0.0,20.0,303.25714285714287,358.94971428571426,4.019714285714286,165.32614285714286,303.25714285714287,198.39137142857143,380.44211285714283,4.619714285714285,21.492398571428566,0.5999999999999996
validation-database_slowdown-103,validation,database_slowdown,db_latency_minus_20,0.0,0.0,-20.0,303.25714285714287,358.94971428571426,4.019714285714286,165.32614285714286,303.25714285714287,132.26091428571428,337.4573157142857,4.019714285714286,-21.492398571428566,0.0
validation-database_slowdown-103,validation,database_slowdown,traffic_plus_20_capacity_plus_20,20.0,20.0,0.0,303.25714285714287,358.94971428571426,4.019714285714286,165.32614285714286,363.9085714285714,165.32614285714286,358.94971428571426,4.019714285714286,0.0,0.0
validation-database_slowdown-104,validation,database_slowdown,no_change,0.0,0.0,0.0,359.65714285714284,340.5657142857143,2.5811428571428574,143.85014285714286,359.65714285714284,143.85014285714286,340.5657142857143,2.5811428571428574,0.0,0.0
validation-database_slowdown-104,validation,database_slowdown,traffic_plus_20,20.0,0.0,0.0,359.65714285714284,340.5657142857143,2.5811428571428574,143.85014285714286,431.5885714285714,153.91965285714286,405.0070672142857,4.1811428571428575,64.4413529285714,1.6
validation-database_slowdown-104,validation,database_slowdown,capacity_plus_20,0.0,20.0,0.0,359.65714285714284,340.5657142857143,2.5811428571428574,143.85014285714286,359.65714285714284,143.85014285714286,340.5657142857143,2.5811428571428574,0.0,0.0
validation-database_slowdown-104,validation,database_slowdown,db_latency_plus_20,0.0,0.0,20.0,359.65714285714284,340.5657142857143,2.5811428571428574,143.85014285714286,359.65714285714284,172.6201714285714,359.2662328571429,3.1811428571428575,18.700518571428574,0.6000000000000001
validation-database_slowdown-104,validation,database_slowdown,db_latency_minus_20,0.0,0.0,-20.0,359.65714285714284,340.5657142857143,2.5811428571428574,143.85014285714286,359.65714285714284,115.08011428571429,321.86519571428573,2.5811428571428574,-18.700518571428574,0.0
validation-database_slowdown-104,validation,database_slowdown,traffic_plus_20_capacity_plus_20,20.0,20.0,0.0,359.65714285714284,340.5657142857143,2.5811428571428574,143.85014285714286,431.5885714285714,143.85014285714286,340.5657142857143,2.5811428571428574,0.0,0.0
validation-database_slowdown-105,validation,database_slowdown,no_change,0.0,0.0,0.0,431.2714285714286,312.8607142857143,4.091714285714285,134.76657142857144,431.2714285714286,134.76657142857144,312.8607142857143,4.091714285714285,0.0,0.0
validation-database_slowdown-105,validation,database_slowdown,traffic_plus_20,20.0,0.0,0.0,431.2714285714286,312.8607142857143,4.091714285714285,134.76657142857144,517.5257142857143,144.20023142857144,372.1789147142858,5.691714285714284,59.31820042857146,1.5999999999999996
validation-database_slowdown-105,validation,database_slowdown,capacity_plus_20,0.0,20.0,0.0,431.2714285714286,312.8607142857143,4.091714285714285,134.76657142857144,431.2714285714286,134.76657142857144,312.8607142857143,4.091714285714285,0.0,0.0
validation-database_slowdown-105,validation,database_slowdown,db_latency_plus_20,0.0,0.0,20.0,431.2714285714286,312.8607142857143,4.091714285714285,134.76657142857144,431.2714285714286,161.7198857142857,330.3803685714286,4.691714285714284,17.519654285714296,0.5999999999999996
validation-database_slowdown-105,validation,database_slowdown,db_latency_minus_20,0.0,0.0,-20.0,431.2714285714286,312.8607142857143,4.091714285714285,134.76657142857144,431.2714285714286,107.81325714285715,295.34106,4.091714285714285,-17.519654285714296,0.0
validation-database_slowdown-105,validation,database_slowdown,traffic_plus_20_capacity_plus_20,20.0,20.0,0.0,431.2714285714286,312.8607142857143,4.091714285714285,134.76657142857144,517.5257142857143,134.76657142857144,312.8607142857143,4.091714285714285,0.0,0.0
validation-database_slowdown-106,validation,database_slowdown,no_change,0.0,0.0,0.0,296.7,297.27257142857144,2.5652857142857144,114.86257142857143,296.7,114.86257142857143,297.27257142857144,2.5652857142857144,0.0,0.0
validation-database_slowdown-106,validation,database_slowdown,traffic_plus_20,20.0,0.0,0.0,296.7,297.27257142857144,2.5652857142857144,114.86257142857143,356.03999999999996,122.90295142857144,353.03515557142856,4.165285714285714,55.76258414285712,1.5999999999999996
validation-database_slowdown-106,validation,database_slowdown,capacity_plus_20,0.0,20.0,0.0,296.7,297.27257142857144,2.5652857142857144,114.86257142857143,296.7,114.86257142857143,297.27257142857144,2.5652857142857144,0.0,0.0
validation-database_slowdown-106,validation,database_slowdown,db_latency_plus_20,0.0,0.0,20.0,296.7,297.27257142857144,2.5652857142857144,114.86257142857143,296.7,137.8350857142857,312.2047057142857,3.165285714285714,14.932134285714255,0.5999999999999996
validation-database_slowdown-106,validation,database_slowdown,db_latency_minus_20,0.0,0.0,-20.0,296.7,297.27257142857144,2.5652857142857144,114.86257142857143,296.7,91.89005714285715,282.3404371428571,2.5652857142857144,-14.932134285714312,0.0
validation-database_slowdown-106,validation,database_slowdown,traffic_plus_20_capacity_plus_20,20.0,20.0,0.0,296.7,297.27257142857144,2.5652857142857144,114.86257142857143,356.03999999999996,114.86257142857143,297.27257142857144,2.5652857142857144,0.0,0.0
validation-database_slowdown-107,validation,database_slowdown,no_change,0.0,0.0,0.0,343.87142857142857,430.314,3.988285714285714,199.8097142857143,343.87142857142857,199.8097142857143,430.314,3.988285714285714,0.0,0.0
validation-database_slowdown-107,validation,database_slowdown,traffic_plus_20,20.0,0.0,0.0,343.87142857142857,430.314,3.988285714285714,199.8097142857143,412.6457142857143,213.7963942857143,512.558722,5.588285714285714,82.24472199999997,1.6
validation-database_slowdown-107,validation,database_slowdown,capacity_plus_20,0.0,20.0,0.0,343.87142857142857,430.314,3.988285714285714,199.8097142857143,343.87142857142857,199.8097142857143,430.314,3.988285714285714,0.0,0.0
validation-database_slowdown-107,validation,database_slowdown,db_latency_plus_20,0.0,0.0,20.0,343.87142857142857,430.314,3.988285714285714,199.8097142857143,343.87142857142857,239.77165714285715,456.2892628571429,4.588285714285714,25.975262857142866,0.6000000000000001
validation-database_slowdown-107,validation,database_slowdown,db_latency_minus_20,0.0,0.0,-20.0,343.87142857142857,430.314,3.988285714285714,199.8097142857143,343.87142857142857,159.84777142857146,404.33873714285716,3.988285714285714,-25.975262857142866,0.0
validation-database_slowdown-107,validation,database_slowdown,traffic_plus_20_capacity_plus_20,20.0,20.0,0.0,343.87142857142857,430.314,3.988285714285714,199.8097142857143,412.6457142857143,199.8097142857143,430.314,3.988285714285714,0.0,0.0
validation-database_slowdown-108,validation,database_slowdown,no_change,0.0,0.0,0.0,430.5571428571428,262.8862857142857,2.641142857142857,105.27457142857143,430.5571428571428,105.27457142857143,262.8862857142857,2.641142857142857,0.0,0.0
validation-database_slowdown-108,validation,database_slowdown,traffic_plus_20,20.0,0.0,0.0,430.5571428571428,262.8862857142857,2.641142857142857,105.27457142857143,516.6685714285713,112.64379142857145,312.3669472857142,4.241142857142856,49.48066157142853,1.5999999999999992
validation-database_slowdown-108,validation,database_slowdown,capacity_plus_20,0.0,20.0,0.0,430.5571428571428,262.8862857142857,2.641142857142857,105.27457142857143,430.5571428571428,105.27457142857143,262.8862857142857,2.641142857142857,0.0,0.0
validation-database_slowdown-108,validation,database_slowdown,db_latency_plus_20,0.0,0.0,20.0,430.5571428571428,262.8862857142857,2.641142857142857,105.27457142857143,430.5571428571428,126.32948571428571,276.57198,3.241142857142857,13.685694285714305,0.6000000000000001
validation-database_slowdown-108,validation,database_slowdown,db_latency_minus_20,0.0,0.0,-20.0,430.5571428571428,262.8862857142857,2.641142857142857,105.27457142857143,430.5571428571428,84.21965714285716,249.2005914285714,2.641142857142857,-13.685694285714277,0.0
validation-database_slowdown-108,validation,database_slowdown,traffic_plus_20_capacity_plus_20,20.0,20.0,0.0,430.5571428571428,262.8862857142857,2.641142857142857,105.27457142857143,516.6685714285713,105.27457142857143,262.8862857142857,2.641142857142857,0.0,0.0
validation-database_slowdown-109,validation,database_slowdown,no_change,0.0,0.0,0.0,293.8,379.7595714285714,4.211285714285714,155.5587142857143,293.8,155.5587142857143,379.7595714285714,4.211285714285714,0.0,0.0
validation-database_slowdown-109,validation,database_slowdown,traffic_plus_20,20.0,0.0,0.0,293.8,379.7595714285714,4.211285714285714,155.5587142857143,352.56,166.44782428571432,451.3966200714285,5.811285714285714,71.63704864285711,1.5999999999999996
validation-database_slowdown-109,validation,database_slowdown,capacity_plus_20,0.0,20.0,0.0,293.8,379.7595714285714,4.211285714285714,155.5587142857143,293.8,155.5587142857143,379.7595714285714,4.211285714285714,0.0,0.0
validation-database_slowdown-109,validation,database_slowdown,db_latency_plus_20,0.0,0.0,20.0,293.8,379.7595714285714,4.211285714285714,155.5587142857143,293.8,186.67045714285715,399.98220428571426,4.811285714285714,20.222632857142855,0.5999999999999996
validation-database_slowdown-109,validation,database_slowdown,db_latency_minus_20,0.0,0.0,-20.0,293.8,379.7595714285714,4.211285714285714,155.5587142857143,293.8,124.44697142857144,359.53693857142855,4.211285714285714,-20.222632857142855,0.0
validation-database_slowdown-109,validation,database_slowdown,traffic_plus_20_capacity_plus_20,20.0,20.0,0.0,293.8,379.7595714285714,4.211285714285714,155.5587142857143,352.56,155.5587142857143,379.7595714285714,4.211285714285714,0.0,0.0
validation-error_burst_5xx-100,validation,application_error_burst,no_change,0.0,0.0,0.0,351.0,269.7805714285715,5.647,91.82857142857142,351.0,91.82857142857142,269.7805714285715,5.647,0.0,0.0
validation-error_burst_5xx-100,validation,application_error_burst,traffic_plus_20,20.0,0.0,0.0,351.0,269.7805714285715,5.647,91.82857142857142,421.2,98.25657142857143,319.8214685714286,7.247,50.04089714285715,1.5999999999999996
validation-error_burst_5xx-100,validation,application_error_burst,capacity_plus_20,0.0,20.0,0.0,351.0,269.7805714285715,5.647,91.82857142857142,351.0,91.82857142857142,269.7805714285715,5.647,0.0,0.0
validation-error_burst_5xx-100,validation,application_error_burst,db_latency_plus_20,0.0,0.0,20.0,351.0,269.7805714285715,5.647,91.82857142857142,351.0,110.1942857142857,281.71828571428574,6.247,11.937714285714264,0.5999999999999996
validation-error_burst_5xx-100,validation,application_error_burst,db_latency_minus_20,0.0,0.0,-20.0,351.0,269.7805714285715,5.647,91.82857142857142,351.0,73.46285714285715,257.8428571428572,5.647,-11.937714285714264,0.0
validation-error_burst_5xx-100,validation,application_error_burst,traffic_plus_20_capacity_plus_20,20.0,20.0,0.0,351.0,269.7805714285715,5.647,91.82857142857142,421.2,91.82857142857142,269.7805714285715,5.647,0.0,0.0
validation-error_burst_5xx-101,validation,application_error_burst,no_change,0.0,0.0,0.0,435.0142857142857,223.75957142857143,10.105000000000002,61.8,435.0142857142857,61.8,223.75957142857143,10.105000000000002,0.0,0.0
validation-error_burst_5xx-101,validation,application_error_burst,traffic_plus_20,20.0,0.0,0.0,435.0142857142857,223.75957142857143,10.105000000000002,61.8,522.0171428571427,66.126,264.61059857142857,11.705000000000002,40.851027142857134,1.5999999999999996
validation-error_burst_5xx-101,validation,application_error_burst,capacity_plus_20,0.0,20.0,0.0,435.0142857142857,223.75957142857143,10.105000000000002,61.8,435.0142857142857,61.8,223.75957142857143,10.105000000000002,0.0,0.0
validation-error_burst_5xx-101,validation,application_error_burst,db_latency_plus_20,0.0,0.0,20.0,435.0142857142857,223.75957142857143,10.105000000000002,61.8,435.0142857142857,74.16,231.79357142857143,10.705000000000002,8.033999999999992,0.5999999999999996
validation-error_burst_5xx-101,validation,application_error_burst,db_latency_minus_20,0.0,0.0,-20.0,435.0142857142857,223.75957142857143,10.105000000000002,61.8,435.0142857142857,49.44,215.72557142857144,10.105000000000002,-8.033999999999992,0.0
validation-error_burst_5xx-101,validation,application_error_burst,traffic_plus_20_capacity_plus_20,20.0,20.0,0.0,435.0142857142857,223.75957142857143,10.105000000000002,61.8,522.0171428571427,61.8,223.75957142857143,10.105000000000002,0.0,0.0
validation-error_burst_5xx-102,validation,application_error_burst,no_change,0.0,0.0,0.0,298.92857142857144,233.6167142857143,5.736428571428571,73.32857142857142,298.92857142857144,73.32857142857142,233.6167142857143,5.736428571428571,0.0,0.0
validation-error_burst_5xx-102,validation,application_error_burst,traffic_plus_20,20.0,0.0,0.0,298.92857142857144,233.6167142857143,5.736428571428571,73.32857142857142,358.7142857142857,78.46157142857143,276.6680057142857,7.336428571428571,43.0512914285714,1.5999999999999996
validation-error_burst_5xx-102,validation,application_error_burst,capacity_plus_20,0.0,20.0,0.0,298.92857142857144,233.6167142857143,5.736428571428571,73.32857142857142,298.92857142857144,73.32857142857142,233.6167142857143,5.736428571428571,0.0,0.0
validation-error_burst_5xx-102,validation,application_error_burst,db_latency_plus_20,0.0,0.0,20.0,298.92857142857144,233.6167142857143,5.736428571428571,73.32857142857142,298.92857142857144,87.99428571428571,243.1494285714286,6.336428571428571,9.532714285714292,0.5999999999999996
validation-error_burst_5xx-102,validation,application_error_burst,db_latency_minus_20,0.0,0.0,-20.0,298.92857142857144,233.6167142857143,5.736428571428571,73.32857142857142,298.92857142857144,58.66285714285714,224.084,5.736428571428571,-9.532714285714292,0.0
validation-error_burst_5xx-102,validation,application_error_burst,traffic_plus_20_capacity_plus_20,20.0,20.0,0.0,298.92857142857144,233.6167142857143,5.736428571428571,73.32857142857142,358.7142857142857,73.32857142857142,233.6167142857143,5.736428571428571,0.0,0.0
validation-error_burst_5xx-103,validation,application_error_burst,no_change,0.0,0.0,0.0,362.2142857142857,287.35728571428575,10.28042857142857,96.44285714285715,362.2142857142857,96.44285714285715,287.35728571428575,10.28042857142857,0.0,0.0
validation-error_burst_5xx-103,validation,application_error_burst,traffic_plus_20,20.0,0.0,0.0,362.2142857142857,287.35728571428575,10.28042857142857,96.44285714285715,434.65714285714284,103.19385714285715,340.5961742857143,11.88042857142857,53.23888857142856,1.5999999999999996
validation-error_burst_5xx-103,validation,application_error_burst,capacity_plus_20,0.0,20.0,0.0,362.2142857142857,287.35728571428575,10.28042857142857,96.44285714285715,362.2142857142857,96.44285714285715,287.35728571428575,10.28042857142857,0.0,0.0
validation-error_burst_5xx-103,validation,application_error_burst,db_latency_plus_20,0.0,0.0,20.0,362.2142857142857,287.35728571428575,10.28042857142857,96.44285714285715,362.2142857142857,115.73142857142858,299.8948571428572,10.88042857142857,12.537571428571425,0.5999999999999996
validation-error_burst_5xx-103,validation,application_error_burst,db_latency_minus_20,0.0,0.0,-20.0,362.2142857142857,287.35728571428575,10.28042857142857,96.44285714285715,362.2142857142857,77.15428571428572,274.8197142857143,10.28042857142857,-12.537571428571425,0.0
validation-error_burst_5xx-103,validation,application_error_burst,traffic_plus_20_capacity_plus_20,20.0,20.0,0.0,362.2142857142857,287.35728571428575,10.28042857142857,96.44285714285715,434.65714285714284,96.44285714285715,287.35728571428575,10.28042857142857,0.0,0.0
validation-error_burst_5xx-104,validation,application_error_burst,no_change,0.0,0.0,0.0,434.9428571428571,198.64171428571424,5.711571428571429,66.54285714285713,434.9428571428571,66.54285714285713,198.64171428571424,5.711571428571429,0.0,0.0
validation-error_burst_5xx-104,validation,application_error_burst,traffic_plus_20,20.0,0.0,0.0,434.9428571428571,198.64171428571424,5.711571428571429,66.54285714285713,521.9314285714286,71.20085714285713,235.43850571428567,7.311571428571429,36.796791428571424,1.5999999999999996
validation-error_burst_5xx-104,validation,application_error_burst,capacity_plus_20,0.0,20.0,0.0,434.9428571428571,198.64171428571424,5.711571428571429,66.54285714285713,434.9428571428571,66.54285714285713,198.64171428571424,5.711571428571429,0.0,0.0
validation-error_burst_5xx-104,validation,application_error_burst,db_latency_plus_20,0.0,0.0,20.0,434.9428571428571,198.64171428571424,5.711571428571429,66.54285714285713,434.9428571428571,79.85142857142856,207.29228571428567,6.311571428571429,8.650571428571425,0.5999999999999996
validation-error_burst_5xx-104,validation,application_error_burst,db_latency_minus_20,0.0,0.0,-20.0,434.9428571428571,198.64171428571424,5.711571428571429,66.54285714285713,434.9428571428571,53.234285714285704,189.99114285714282,5.711571428571429,-8.650571428571425,0.0
validation-error_burst_5xx-104,validation,application_error_burst,traffic_plus_20_capacity_plus_20,20.0,20.0,0.0,434.9428571428571,198.64171428571424,5.711571428571429,66.54285714285713,521.9314285714286,66.54285714285713,198.64171428571424,5.711571428571429,0.0,0.0
validation-error_burst_5xx-105,validation,application_error_burst,no_change,0.0,0.0,0.0,298.5571428571429,256.78828571428573,10.352428571428572,71.91428571428571,298.5571428571429,71.91428571428571,256.78828571428573,10.352428571428572,0.0,0.0
validation-error_burst_5xx-105,validation,application_error_burst,traffic_plus_20,20.0,0.0,0.0,298.5571428571429,256.78828571428573,10.352428571428572,71.91428571428571,358.2685714285714,76.94828571428572,303.7143942857143,11.952428571428571,46.926108571428585,1.5999999999999996
validation-error_burst_5xx-105,validation,application_error_burst,capacity_plus_20,0.0,20.0,0.0,298.5571428571429,256.78828571428573,10.352428571428572,71.91428571428571,298.5571428571429,71.91428571428571,256.78828571428573,10.352428571428572,0.0,0.0
validation-error_burst_5xx-105,validation,application_error_burst,db_latency_plus_20,0.0,0.0,20.0,298.5571428571429,256.78828571428573,10.352428571428572,71.91428571428571,298.5571428571429,86.29714285714284,266.13714285714286,10.952428571428571,9.348857142857128,0.5999999999999996
validation-error_burst_5xx-105,validation,application_error_burst,db_latency_minus_20,0.0,0.0,-20.0,298.5571428571429,256.78828571428573,10.352428571428572,71.91428571428571,298.5571428571429,57.53142857142857,247.4394285714286,10.352428571428572,-9.348857142857128,0.0
validation-error_burst_5xx-105,validation,application_error_burst,traffic_plus_20_capacity_plus_20,20.0,20.0,0.0,298.5571428571429,256.78828571428573,10.352428571428572,71.91428571428571,358.2685714285714,71.91428571428571,256.78828571428573,10.352428571428572,0.0,0.0
validation-error_burst_5xx-106,validation,application_error_burst,no_change,0.0,0.0,0.0,354.40000000000003,277.00642857142856,5.695714285714286,91.94285714285715,354.40000000000003,91.94285714285715,277.00642857142856,5.695714285714286,0.0,0.0
validation-error_burst_5xx-106,validation,application_error_burst,traffic_plus_20,20.0,0.0,0.0,354.40000000000003,277.00642857142856,5.695714285714286,91.94285714285715,425.28000000000003,98.37885714285716,328.2809214285714,7.295714285714285,51.27449285714283,1.5999999999999996
validation-error_burst_5xx-106,validation,application_error_burst,capacity_plus_20,0.0,20.0,0.0,354.40000000000003,277.00642857142856,5.695714285714286,91.94285714285715,354.40000000000003,91.94285714285715,277.00642857142856,5.695714285714286,0.0,0.0
validation-error_burst_5xx-106,validation,application_error_burst,db_latency_plus_20,0.0,0.0,20.0,354.40000000000003,277.00642857142856,5.695714285714286,91.94285714285715,354.40000000000003,110.33142857142857,288.959,6.295714285714285,11.952571428571446,0.5999999999999996
validation-error_burst_5xx-106,validation,application_error_burst,db_latency_minus_20,0.0,0.0,-20.0,354.40000000000003,277.00642857142856,5.695714285714286,91.94285714285715,354.40000000000003,73.55428571428573,265.0538571428571,5.695714285714286,-11.952571428571446,0.0
validation-error_burst_5xx-106,validation,application_error_burst,traffic_plus_20_capacity_plus_20,20.0,20.0,0.0,354.40000000000003,277.00642857142856,5.695714285714286,91.94285714285715,425.28000000000003,91.94285714285715,277.00642857142856,5.695714285714286,0.0,0.0
validation-error_burst_5xx-107,validation,application_error_burst,no_change,0.0,0.0,0.0,415.84285714285716,215.5264285714286,10.249,68.84285714285714,415.84285714285716,68.84285714285714,215.5264285714286,10.249,0.0,0.0
validation-error_burst_5xx-107,validation,application_error_burst,traffic_plus_20,20.0,0.0,0.0,415.84285714285716,215.5264285714286,10.249,68.84285714285714,499.01142857142855,73.66185714285714,255.29827142857144,11.849,39.77184285714284,1.5999999999999996
validation-error_burst_5xx-107,validation,application_error_burst,capacity_plus_20,0.0,20.0,0.0,415.84285714285716,215.5264285714286,10.249,68.84285714285714,415.84285714285716,68.84285714285714,215.5264285714286,10.249,0.0,0.0
validation-error_burst_5xx-107,validation,application_error_burst,db_latency_plus_20,0.0,0.0,20.0,415.84285714285716,215.5264285714286,10.249,68.84285714285714,415.84285714285716,82.61142857142856,224.47600000000003,10.849,8.949571428571431,0.5999999999999996
validation-error_burst_5xx-107,validation,application_error_burst,db_latency_minus_20,0.0,0.0,-20.0,415.84285714285716,215.5264285714286,10.249,68.84285714285714,415.84285714285716,55.074285714285715,206.57685714285716,10.249,-8.949571428571431,0.0
validation-error_burst_5xx-107,validation,application_error_burst,traffic_plus_20_capacity_plus_20,20.0,20.0,0.0,415.84285714285716,215.5264285714286,10.249,68.84285714285714,499.01142857142855,68.84285714285714,215.5264285714286,10.249,0.0,0.0
validation-error_burst_5xx-108,validation,application_error_burst,no_change,0.0,0.0,0.0,298.07142857142856,251.32742857142856,5.771571428571428,75.75714285714287,298.07142857142856,75.75714285714287,251.32742857142856,5.771571428571428,0.0,0.0
validation-error_burst_5xx-108,validation,application_error_burst,traffic_plus_20,20.0,0.0,0.0,298.07142857142856,251.32742857142856,5.771571428571428,75.75714285714287,357.68571428571425,81.06014285714288,297.5000414285714,7.3715714285714276,46.172612857142866,1.5999999999999996
validation-error_burst_5xx-108,validation,application_error_burst,capacity_plus_20,0.0,20.0,0.0,298.07142857142856,251.32742857142856,5.771571428571428,75.75714285714287,298.07142857142856,75.75714285714287,251.32742857142856,5.771571428571428,0.0,0.0
validation-error_burst_5xx-108,validation,application_error_burst,db_latency_plus_20,0.0,0.0,20.0,298.07142857142856,251.32742857142856,5.771571428571428,75.75714285714287,298.07142857142856,90.90857142857143,261.1758571428571,6.3715714285714276,9.84842857142857,0.5999999999999996
validation-error_burst_5xx-108,validation,application_error_burst,db_latency_minus_20,0.0,0.0,-20.0,298.07142857142856,251.32742857142856,5.771571428571428,75.75714285714287,298.07142857142856,60.6057142857143,241.47899999999998,5.771571428571428,-9.84842857142857,0.0
validation-error_burst_5xx-108,validation,application_error_burst,traffic_plus_20_capacity_plus_20,20.0,20.0,0.0,298.07142857142856,251.32742857142856,5.771571428571428,75.75714285714287,357.68571428571425,75.75714285714287,251.32742857142856,5.771571428571428,0.0,0.0
validation-error_burst_5xx-109,validation,application_error_burst,no_change,0.0,0.0,0.0,350.90000000000003,303.831,10.472,91.8,350.90000000000003,91.8,303.831,10.472,0.0,0.0
validation-error_burst_5xx-109,validation,application_error_burst,traffic_plus_20,20.0,0.0,0.0,350.90000000000003,303.831,10.472,91.8,421.08000000000004,98.226,359.65916999999996,12.072,55.82816999999994,1.5999999999999996
validation-error_burst_5xx-109,validation,application_error_burst,capacity_plus_20,0.0,20.0,0.0,350.90000000000003,303.831,10.472,91.8,350.90000000000003,91.8,303.831,10.472,0.0,0.0
validation-error_burst_5xx-109,validation,application_error_burst,db_latency_plus_20,0.0,0.0,20.0,350.90000000000003,303.831,10.472,91.8,350.90000000000003,110.16,315.76500000000004,11.072,11.934000000000026,0.5999999999999996
validation-error_burst_5xx-109,validation,application_error_burst,db_latency_minus_20,0.0,0.0,-20.0,350.90000000000003,303.831,10.472,91.8,350.90000000000003,73.44,291.897,10.472,-11.934000000000026,0.0
validation-error_burst_5xx-109,validation,application_error_burst,traffic_plus_20_capacity_plus_20,20.0,20.0,0.0,350.90000000000003,303.831,10.472,91.8,421.08000000000004,91.8,303.831,10.472,0.0,0.0
test-traffic_spike-200,test,traffic_surge,no_change,0.0,0.0,0.0,736.5932857142858,249.01428571428573,1.0545714285714285,93.01428571428572,736.5932857142858,93.01428571428572,249.01428571428573,1.0545714285714285,0.0,0.0
test-traffic_spike-200,test,traffic_surge,traffic_plus_20,20.0,0.0,0.0,736.5932857142858,249.01428571428573,1.0545714285714285,93.01428571428572,883.9119428571429,99.52528571428573,295.5788642857143,2.654571428571428,46.56457857142857,1.5999999999999994
test-traffic_spike-200,test,traffic_surge,capacity_plus_20,0.0,20.0,0.0,736.5932857142858,249.01428571428573,1.0545714285714285,93.01428571428572,736.5932857142858,93.01428571428572,249.01428571428573,1.0545714285714285,0.0,0.0
test-traffic_spike-200,test,traffic_surge,db_latency_plus_20,0.0,0.0,20.0,736.5932857142858,249.01428571428573,1.0545714285714285,93.01428571428572,736.5932857142858,111.61714285714287,261.10614285714286,1.6545714285714284,12.091857142857123,0.5999999999999999
test-traffic_spike-200,test,traffic_surge,db_latency_minus_20,0.0,0.0,-20.0,736.5932857142858,249.01428571428573,1.0545714285714285,93.01428571428572,736.5932857142858,74.41142857142857,236.92242857142858,1.0545714285714285,-12.091857142857151,0.0
test-traffic_spike-200,test,traffic_surge,traffic_plus_20_capacity_plus_20,20.0,20.0,0.0,736.5932857142858,249.01428571428573,1.0545714285714285,93.01428571428572,883.9119428571429,93.01428571428572,249.01428571428573,1.0545714285714285,0.0,0.0
test-traffic_spike-201,test,traffic_surge,no_change,0.0,0.0,0.0,1149.227,188.21428571428575,1.0818571428571429,60.05714285714286,1149.227,60.05714285714286,188.21428571428575,1.0818571428571429,0.0,0.0
test-traffic_spike-201,test,traffic_surge,traffic_plus_20,20.0,0.0,0.0,1149.227,188.21428571428575,1.0818571428571429,60.05714285714286,1379.0724,64.26114285714286,222.9433142857143,2.6818571428571425,34.72902857142856,1.5999999999999996
test-traffic_spike-201,test,traffic_surge,capacity_plus_20,0.0,20.0,0.0,1149.227,188.21428571428575,1.0818571428571429,60.05714285714286,1149.227,60.05714285714286,188.21428571428575,1.0818571428571429,0.0,0.0
test-traffic_spike-201,test,traffic_surge,db_latency_plus_20,0.0,0.0,20.0,1149.227,188.21428571428575,1.0818571428571429,60.05714285714286,1149.227,72.06857142857143,196.02171428571432,1.6818571428571427,7.807428571428574,0.5999999999999999
test-traffic_spike-201,test,traffic_surge,db_latency_minus_20,0.0,0.0,-20.0,1149.227,188.21428571428575,1.0818571428571429,60.05714285714286,1149.227,48.04571428571429,180.40685714285718,1.0818571428571429,-7.807428571428574,0.0
test-traffic_spike-201,test,traffic_surge,traffic_plus_20_capacity_plus_20,20.0,20.0,0.0,1149.227,188.21428571428575,1.0818571428571429,60.05714285714286,1379.0724,60.05714285714286,188.21428571428575,1.0818571428571429,0.0,0.0
test-traffic_spike-202,test,traffic_surge,no_change,0.0,0.0,0.0,651.8598571428572,218.38571428571427,1.1297142857142857,68.35714285714286,651.8598571428572,68.35714285714286,218.38571428571427,1.1297142857142857,0.0,0.0
test-traffic_spike-202,test,traffic_surge,traffic_plus_20,20.0,0.0,0.0,651.8598571428572,218.38571428571427,1.1297142857142857,68.35714285714286,782.2318285714287,73.14214285714287,258.6215357142857,2.7297142857142855,40.23582142857143,1.5999999999999999
test-traffic_spike-202,test,traffic_surge,capacity_plus_20,0.0,20.0,0.0,651.8598571428572,218.38571428571427,1.1297142857142857,68.35714285714286,651.8598571428572,68.35714285714286,218.38571428571427,1.1297142857142857,0.0,0.0
test-traffic_spike-202,test,traffic_surge,db_latency_plus_20,0.0,0.0,20.0,651.8598571428572,218.38571428571427,1.1297142857142857,68.35714285714286,651.8598571428572,82.02857142857142,227.27214285714285,1.7297142857142855,8.886428571428581,0.5999999999999999
test-traffic_spike-202,test,traffic_surge,db_latency_minus_20,0.0,0.0,-20.0,651.8598571428572,218.38571428571427,1.1297142857142857,68.35714285714286,651.8598571428572,54.68571428571429,209.4992857142857,1.1297142857142857,-8.886428571428581,0.0
test-traffic_spike-202,test,traffic_surge,traffic_plus_20_capacity_plus_20,20.0,20.0,0.0,651.8598571428572,218.38571428571427,1.1297142857142857,68.35714285714286,782.2318285714287,68.35714285714286,218.38571428571427,1.1297142857142857,0.0,0.0
test-traffic_spike-203,test,traffic_surge,no_change,0.0,0.0,0.0,903.4477142857143,264.18571428571425,1.1195714285714284,92.28571428571429,903.4477142857143,92.28571428571429,264.18571428571425,1.1195714285714284,0.0,0.0
test-traffic_spike-203,test,traffic_surge,traffic_plus_20,20.0,0.0,0.0,903.4477142857143,264.18571428571425,1.1195714285714284,92.28571428571429,1084.1372571428572,98.7457142857143,313.29628571428566,2.7195714285714283,49.110571428571404,1.5999999999999999
test-traffic_spike-203,test,traffic_surge,capacity_plus_20,0.0,20.0,0.0,903.4477142857143,264.18571428571425,1.1195714285714284,92.28571428571429,903.4477142857143,92.28571428571429,264.18571428571425,1.1195714285714284,0.0,0.0
test-traffic_spike-203,test,traffic_surge,db_latency_plus_20,0.0,0.0,20.0,903.4477142857143,264.18571428571425,1.1195714285714284,92.28571428571429,903.4477142857143,110.74285714285715,276.18285714285713,1.7195714285714283,11.997142857142876,0.5999999999999999
test-traffic_spike-203,test,traffic_surge,db_latency_minus_20,0.0,0.0,-20.0,903.4477142857143,264.18571428571425,1.1195714285714284,92.28571428571429,903.4477142857143,73.82857142857144,252.1885714285714,1.1195714285714284,-11.997142857142848,0.0
test-traffic_spike-203,test,traffic_surge,traffic_plus_20_capacity_plus_20,20.0,20.0,0.0,903.4477142857143,264.18571428571425,1.1195714285714284,92.28571428571429,1084.1372571428572,92.28571428571429,264.18571428571425,1.1195714285714284,0.0,0.0
test-traffic_spike-204,test,traffic_surge,no_change,0.0,0.0,0.0,927.9551428571428,181.41428571428568,1.0427142857142857,64.62857142857143,927.9551428571428,64.62857142857143,181.41428571428568,1.0427142857142857,0.0,0.0
test-traffic_spike-204,test,traffic_surge,traffic_plus_20,20.0,0.0,0.0,927.9551428571428,181.41428571428568,1.0427142857142857,64.62857142857143,1113.5461714285714,69.15257142857143,215.19531428571423,2.6427142857142853,33.78102857142855,1.5999999999999996
test-traffic_spike-204,test,traffic_surge,capacity_plus_20,0.0,20.0,0.0,927.9551428571428,181.41428571428568,1.0427142857142857,64.62857142857143,927.9551428571428,64.62857142857143,181.41428571428568,1.0427142857142857,0.0,0.0
test-traffic_spike-204,test,traffic_surge,db_latency_plus_20,0.0,0.0,20.0,927.9551428571428,181.41428571428568,1.0427142857142857,64.62857142857143,927.9551428571428,77.55428571428571,189.81599999999997,1.6427142857142856,8.401714285714291,0.5999999999999999
test-traffic_spike-204,test,traffic_surge,db_latency_minus_20,0.0,0.0,-20.0,927.9551428571428,181.41428571428568,1.0427142857142857,64.62857142857143,927.9551428571428,51.70285714285715,173.0125714285714,1.0427142857142857,-8.401714285714291,0.0
test-traffic_spike-204,test,traffic_surge,traffic_plus_20_capacity_plus_20,20.0,20.0,0.0,927.9551428571428,181.41428571428568,1.0427142857142857,64.62857142857143,1113.5461714285714,64.62857142857143,181.41428571428568,1.0427142857142857,0.0,0.0
test-traffic_spike-205,test,traffic_surge,no_change,0.0,0.0,0.0,728.5445714285714,216.28571428571428,1.1199999999999999,73.44285714285715,728.5445714285714,73.44285714285715,216.28571428571428,1.1199999999999999,0.0,0.0
test-traffic_spike-205,test,traffic_surge,traffic_plus_20,20.0,0.0,0.0,728.5445714285714,216.28571428571428,1.1199999999999999,73.44285714285715,874.2534857142857,78.58385714285716,256.3959357142857,2.7199999999999998,40.110221428571435,1.5999999999999999
test-traffic_spike-205,test,traffic_surge,capacity_plus_20,0.0,20.0,0.0,728.5445714285714,216.28571428571428,1.1199999999999999,73.44285714285715,728.5445714285714,73.44285714285715,216.28571428571428,1.1199999999999999,0.0,0.0
test-traffic_spike-205,test,traffic_surge,db_latency_plus_20,0.0,0.0,20.0,728.5445714285714,216.28571428571428,1.1199999999999999,73.44285714285715,728.5445714285714,88.13142857142857,225.8332857142857,1.7199999999999998,9.547571428571416,0.5999999999999999
test-traffic_spike-205,test,traffic_surge,db_latency_minus_20,0.0,0.0,-20.0,728.5445714285714,216.28571428571428,1.1199999999999999,73.44285714285715,728.5445714285714,58.75428571428572,206.73814285714286,1.1199999999999999,-9.547571428571416,0.0
test-traffic_spike-205,test,traffic_surge,traffic_plus_20_capacity_plus_20,20.0,20.0,0.0,728.5445714285714,216.28571428571428,1.1199999999999999,73.44285714285715,874.2534857142857,73.44285714285715,216.28571428571428,1.1199999999999999,0.0,0.0
test-traffic_spike-206,test,traffic_surge,no_change,0.0,0.0,0.0,776.9887142857143,264.09999999999997,1.032857142857143,91.07142857142857,776.9887142857143,91.07142857142857,264.09999999999997,1.032857142857143,0.0,0.0
test-traffic_spike-206,test,traffic_surge,traffic_plus_20,20.0,0.0,0.0,776.9887142857143,264.09999999999997,1.032857142857143,91.07142857142857,932.3864571428571,97.44642857142857,313.14074999999997,2.6328571428571426,49.04075,1.5999999999999996
test-traffic_spike-206,test,traffic_surge,capacity_plus_20,0.0,20.0,0.0,776.9887142857143,264.09999999999997,1.032857142857143,91.07142857142857,776.9887142857143,91.07142857142857,264.09999999999997,1.032857142857143,0.0,0.0
test-traffic_spike-206,test,traffic_surge,db_latency_plus_20,0.0,0.0,20.0,776.9887142857143,264.09999999999997,1.032857142857143,91.07142857142857,776.9887142857143,109.28571428571428,275.9392857142857,1.6328571428571428,11.839285714285722,0.5999999999999999
test-traffic_spike-206,test,traffic_surge,db_latency_minus_20,0.0,0.0,-20.0,776.9887142857143,264.09999999999997,1.032857142857143,91.07142857142857,776.9887142857143,72.85714285714286,252.26071428571424,1.032857142857143,-11.839285714285722,0.0
test-traffic_spike-206,test,traffic_surge,traffic_plus_20_capacity_plus_20,20.0,20.0,0.0,776.9887142857143,264.09999999999997,1.032857142857143,91.07142857142857,932.3864571428571,91.07142857142857,264.09999999999997,1.032857142857143,0.0,0.0
test-traffic_spike-207,test,traffic_surge,no_change,0.0,0.0,0.0,1018.3014285714286,182.2571428571429,1.0082857142857142,67.2,1018.3014285714286,67.2,182.2571428571429,1.0082857142857142,0.0,0.0
test-traffic_spike-207,test,traffic_surge,traffic_plus_20,20.0,0.0,0.0,1018.3014285714286,182.2571428571429,1.0082857142857142,67.2,1221.9617142857142,71.90400000000001,216.2984571428572,2.6082857142857137,34.04131428571429,1.5999999999999994
test-traffic_spike-207,test,traffic_surge,capacity_plus_20,0.0,20.0,0.0,1018.3014285714286,182.2571428571429,1.0082857142857142,67.2,1018.3014285714286,67.2,182.2571428571429,1.0082857142857142,0.0,0.0
test-traffic_spike-207,test,traffic_surge,db_latency_plus_20,0.0,0.0,20.0,1018.3014285714286,182.2571428571429,1.0082857142857142,67.2,1018.3014285714286,80.64,190.99314285714289,1.608285714285714,8.73599999999999,0.5999999999999999
test-traffic_spike-207,test,traffic_surge,db_latency_minus_20,0.0,0.0,-20.0,1018.3014285714286,182.2571428571429,1.0082857142857142,67.2,1018.3014285714286,53.760000000000005,173.5211428571429,1.0082857142857142,-8.73599999999999,0.0
test-traffic_spike-207,test,traffic_surge,traffic_plus_20_capacity_plus_20,20.0,20.0,0.0,1018.3014285714286,182.2571428571429,1.0082857142857142,67.2,1221.9617142857142,67.2,182.2571428571429,1.0082857142857142,0.0,0.0
test-traffic_spike-208,test,traffic_surge,no_change,0.0,0.0,0.0,629.8945714285713,221.78571428571428,1.109,75.61428571428571,629.8945714285713,75.61428571428571,221.78571428571428,1.109,0.0,0.0
test-traffic_spike-208,test,traffic_surge,traffic_plus_20,20.0,0.0,0.0,629.8945714285713,221.78571428571428,1.109,75.61428571428571,755.8734857142856,80.90728571428572,262.9297357142857,2.7089999999999996,41.14402142857142,1.5999999999999996
test-traffic_spike-208,test,traffic_surge,capacity_plus_20,0.0,20.0,0.0,629.8945714285713,221.78571428571428,1.109,75.61428571428571,629.8945714285713,75.61428571428571,221.78571428571428,1.109,0.0,0.0
test-traffic_spike-208,test,traffic_surge,db_latency_plus_20,0.0,0.0,20.0,629.8945714285713,221.78571428571428,1.109,75.61428571428571,629.8945714285713,90.73714285714286,231.61557142857143,1.7089999999999999,9.82985714285715,0.5999999999999999
test-traffic_spike-208,test,traffic_surge,db_latency_minus_20,0.0,0.0,-20.0,629.8945714285713,221.78571428571428,1.109,75.61428571428571,629.8945714285713,60.49142857142857,211.95585714285713,1.109,-9.82985714285715,0.0
test-traffic_spike-208,test,traffic_surge,traffic_plus_20_capacity_plus_20,20.0,20.0,0.0,629.8945714285713,221.78571428571428,1.109,75.61428571428571,755.8734857142856,75.61428571428571,221.78571428571428,1.109,0.0,0.0
test-traffic_spike-209,test,traffic_surge,no_change,0.0,0.0,0.0,950.4804285714287,257.57142857142856,1.2977142857142856,95.44285714285714,950.4804285714287,95.44285714285714,257.57142857142856,1.2977142857142856,0.0,0.0
test-traffic_spike-209,test,traffic_surge,traffic_plus_20,20.0,0.0,0.0,950.4804285714287,257.57142857142856,1.2977142857142856,95.44285714285714,1140.5765142857144,102.12385714285715,305.7012214285714,2.8977142857142852,48.12979285714283,1.5999999999999996
test-traffic_spike-209,test,traffic_surge,capacity_plus_20,0.0,20.0,0.0,950.4804285714287,257.57142857142856,1.2977142857142856,95.44285714285714,950.4804285714287,95.44285714285714,257.57142857142856,1.2977142857142856,0.0,0.0
test-traffic_spike-209,test,traffic_surge,db_latency_plus_20,0.0,0.0,20.0,950.4804285714287,257.57142857142856,1.2977142857142856,95.44285714285714,950.4804285714287,114.53142857142856,269.979,1.8977142857142855,12.40757142857143,0.5999999999999999
test-traffic_spike-209,test,traffic_surge,db_latency_minus_20,0.0,0.0,-20.0,950.4804285714287,257.57142857142856,1.2977142857142856,95.44285714285714,950.4804285714287,76.35428571428571,245.16385714285713,1.2977142857142856,-12.40757142857143,0.0
test-traffic_spike-209,test,traffic_surge,traffic_plus_20_capacity_plus_20,20.0,20.0,0.0,950.4804285714287,257.57142857142856,1.2977142857142856,95.44285714285714,1140.5765142857144,95.44285714285714,257.57142857142856,1.2977142857142856,0.0,0.0
test-latency_increase-200,test,service_delay,no_change,0.0,0.0,0.0,414.4142857142857,439.2087142857143,1.0545714285714285,67.0142857142857,414.4142857142857,67.0142857142857,439.2087142857143,1.0545714285714285,0.0,0.0
test-latency_increase-200,test,service_delay,traffic_plus_20,20.0,0.0,0.0,414.4142857142857,439.2087142857143,1.0545714285714285,67.0142857142857,497.29714285714283,71.70528571428571,516.9233457142857,2.654571428571428,77.71463142857141,1.5999999999999994
test-latency_increase-200,test,service_delay,capacity_plus_20,0.0,20.0,0.0,414.4142857142857,439.2087142857143,1.0545714285714285,67.0142857142857,414.4142857142857,67.0142857142857,439.2087142857143,1.0545714285714285,0.0,0.0
test-latency_increase-200,test,service_delay,db_latency_plus_20,0.0,0.0,20.0,414.4142857142857,439.2087142857143,1.0545714285714285,67.0142857142857,414.4142857142857,80.41714285714285,447.9205714285714,1.6545714285714284,8.711857142857127,0.5999999999999999
test-latency_increase-200,test,service_delay,db_latency_minus_20,0.0,0.0,-20.0,414.4142857142857,439.2087142857143,1.0545714285714285,67.0142857142857,414.4142857142857,53.61142857142857,430.49685714285715,1.0545714285714285,-8.711857142857127,0.0
test-latency_increase-200,test,service_delay,traffic_plus_20_capacity_plus_20,20.0,20.0,0.0,414.4142857142857,439.2087142857143,1.0545714285714285,67.0142857142857,497.29714285714283,67.0142857142857,439.2087142857143,1.0545714285714285,0.0,0.0
test-latency_increase-201,test,service_delay,no_change,0.0,0.0,0.0,314.0142857142857,650.653,1.0818571428571429,68.05714285714285,314.0142857142857,68.05714285714285,650.653,1.0818571428571429,0.0,0.0
test-latency_increase-201,test,service_delay,traffic_plus_20,20.0,0.0,0.0,314.0142857142857,650.653,1.0818571428571429,68.05714285714285,376.8171428571428,72.82114285714286,764.36061,2.6818571428571425,113.70760999999993,1.5999999999999996
test-latency_increase-201,test,service_delay,capacity_plus_20,0.0,20.0,0.0,314.0142857142857,650.653,1.0818571428571429,68.05714285714285,314.0142857142857,68.05714285714285,650.653,1.0818571428571429,0.0,0.0
test-latency_increase-201,test,service_delay,db_latency_plus_20,0.0,0.0,20.0,314.0142857142857,650.653,1.0818571428571429,68.05714285714285,314.0142857142857,81.66857142857141,659.5004285714285,1.6818571428571427,8.847428571428509,0.5999999999999999
test-latency_increase-201,test,service_delay,db_latency_minus_20,0.0,0.0,-20.0,314.0142857142857,650.653,1.0818571428571429,68.05714285714285,314.0142857142857,54.44571428571428,641.8055714285714,1.0818571428571429,-8.847428571428622,0.0
test-latency_increase-201,test,service_delay,traffic_plus_20_capacity_plus_20,20.0,20.0,0.0,314.0142857142857,650.653,1.0818571428571429,68.05714285714285,376.8171428571428,68.05714285714285,650.653,1.0818571428571429,0.0,0.0
test-latency_increase-202,test,service_delay,no_change,0.0,0.0,0.0,362.07142857142856,616.0808571428571,1.1297142857142857,86.35714285714285,362.07142857142856,86.35714285714285,616.0808571428571,1.1297142857142857,0.0,0.0
test-latency_increase-202,test,service_delay,traffic_plus_20,20.0,0.0,0.0,362.07142857142856,616.0808571428571,1.1297142857142857,86.35714285714285,434.48571428571427,92.40214285714285,724.7438528571428,2.7297142857142855,108.66299571428567,1.5999999999999999
test-latency_increase-202,test,service_delay,capacity_plus_20,0.0,20.0,0.0,362.07142857142856,616.0808571428571,1.1297142857142857,86.35714285714285,362.07142857142856,86.35714285714285,616.0808571428571,1.1297142857142857,0.0,0.0
test-latency_increase-202,test,service_delay,db_latency_plus_20,0.0,0.0,20.0,362.07142857142856,616.0808571428571,1.1297142857142857,86.35714285714285,362.07142857142856,103.62857142857142,627.3072857142856,1.7297142857142855,11.226428571428528,0.5999999999999999
test-latency_increase-202,test,service_delay,db_latency_minus_20,0.0,0.0,-20.0,362.07142857142856,616.0808571428571,1.1297142857142857,86.35714285714285,362.07142857142856,69.08571428571427,604.8544285714286,1.1297142857142857,-11.226428571428528,0.0
test-latency_increase-202,test,service_delay,traffic_plus_20_capacity_plus_20,20.0,20.0,0.0,362.07142857142856,616.0808571428571,1.1297142857142857,86.35714285714285,434.48571428571427,86.35714285714285,616.0808571428571,1.1297142857142857,0.0,0.0
test-latency_increase-203,test,service_delay,no_change,0.0,0.0,0.0,431.4857142857143,557.057,1.1195714285714284,66.28571428571429,431.4857142857143,66.28571428571429,557.057,1.1195714285714284,0.0,0.0
test-latency_increase-203,test,service_delay,traffic_plus_20,20.0,0.0,0.0,431.4857142857143,557.057,1.1195714285714284,66.28571428571429,517.7828571428572,70.92571428571429,654.7726899999999,2.7195714285714283,97.71568999999988,1.5999999999999999
test-latency_increase-203,test,service_delay,capacity_plus_20,0.0,20.0,0.0,431.4857142857143,557.057,1.1195714285714284,66.28571428571429,431.4857142857143,66.28571428571429,557.057,1.1195714285714284,0.0,0.0
test-latency_increase-203,test,service_delay,db_latency_plus_20,0.0,0.0,20.0,431.4857142857143,557.057,1.1195714285714284,66.28571428571429,431.4857142857143,79.54285714285714,565.6741428571429,1.7195714285714283,8.61714285714288,0.5999999999999999
test-latency_increase-203,test,service_delay,db_latency_minus_20,0.0,0.0,-20.0,431.4857142857143,557.057,1.1195714285714284,66.28571428571429,431.4857142857143,53.02857142857144,548.4398571428571,1.1195714285714284,-8.61714285714288,0.0
test-latency_increase-203,test,service_delay,traffic_plus_20_capacity_plus_20,20.0,20.0,0.0,431.4857142857143,557.057,1.1195714285714284,66.28571428571429,517.7828571428572,66.28571428571429,557.057,1.1195714285714284,0.0,0.0
test-latency_increase-204,test,service_delay,no_change,0.0,0.0,0.0,298.5,524.4502857142857,1.0427142857142857,72.62857142857143,298.5,72.62857142857143,524.4502857142857,1.0427142857142857,0.0,0.0
test-latency_increase-204,test,service_delay,traffic_plus_20,20.0,0.0,0.0,298.5,524.4502857142857,1.0427142857142857,72.62857142857143,358.2,77.71257142857144,616.9114342857142,2.6427142857142853,92.46114857142857,1.5999999999999996
test-latency_increase-204,test,service_delay,capacity_plus_20,0.0,20.0,0.0,298.5,524.4502857142857,1.0427142857142857,72.62857142857143,298.5,72.62857142857143,524.4502857142857,1.0427142857142857,0.0,0.0
test-latency_increase-204,test,service_delay,db_latency_plus_20,0.0,0.0,20.0,298.5,524.4502857142857,1.0427142857142857,72.62857142857143,298.5,87.15428571428572,533.8919999999999,1.6427142857142856,9.441714285714284,0.5999999999999999
test-latency_increase-204,test,service_delay,db_latency_minus_20,0.0,0.0,-20.0,298.5,524.4502857142857,1.0427142857142857,72.62857142857143,298.5,58.10285714285715,515.0085714285714,1.0427142857142857,-9.441714285714284,0.0
test-latency_increase-204,test,service_delay,traffic_plus_20_capacity_plus_20,20.0,20.0,0.0,298.5,524.4502857142857,1.0427142857142857,72.62857142857143,358.2,72.62857142857143,524.4502857142857,1.0427142857142857,0.0,0.0
test-latency_increase-205,test,service_delay,no_change,0.0,0.0,0.0,343.34285714285716,729.4844285714286,1.1199999999999999,91.44285714285715,343.34285714285716,91.44285714285715,729.4844285714286,1.1199999999999999,0.0,0.0
test-latency_increase-205,test,service_delay,traffic_plus_20,20.0,0.0,0.0,343.34285714285716,729.4844285714286,1.1199999999999999,91.44285714285715,412.01142857142855,97.84385714285716,857.6574314285714,2.7199999999999998,128.17300285714282,1.5999999999999999
test-latency_increase-205,test,service_delay,capacity_plus_20,0.0,20.0,0.0,343.34285714285716,729.4844285714286,1.1199999999999999,91.44285714285715,343.34285714285716,91.44285714285715,729.4844285714286,1.1199999999999999,0.0,0.0
test-latency_increase-205,test,service_delay,db_latency_plus_20,0.0,0.0,20.0,343.34285714285716,729.4844285714286,1.1199999999999999,91.44285714285715,343.34285714285716,109.73142857142858,741.372,1.7199999999999998,11.887571428571391,0.5999999999999999
test-latency_increase-205,test,service_delay,db_latency_minus_20,0.0,0.0,-20.0,343.34285714285716,729.4844285714286,1.1199999999999999,91.44285714285715,343.34285714285716,73.15428571428572,717.5968571428572,1.1199999999999999,-11.887571428571391,0.0
test-latency_increase-205,test,service_delay,traffic_plus_20_capacity_plus_20,20.0,20.0,0.0,343.34285714285716,729.4844285714286,1.1199999999999999,91.44285714285715,412.01142857142855,91.44285714285715,729.4844285714286,1.1199999999999999,0.0,0.0
test-latency_increase-206,test,service_delay,no_change,0.0,0.0,0.0,437.24285714285713,465.54771428571433,1.032857142857143,65.07142857142857,437.24285714285713,65.07142857142857,465.54771428571433,1.032857142857143,0.0,0.0
test-latency_increase-206,test,service_delay,traffic_plus_20,20.0,0.0,0.0,437.24285714285713,465.54771428571433,1.032857142857143,65.07142857142857,524.6914285714286,69.62642857142858,547.6515757142857,2.6328571428571426,82.1038614285714,1.5999999999999996
test-latency_increase-206,test,service_delay,capacity_plus_20,0.0,20.0,0.0,437.24285714285713,465.54771428571433,1.032857142857143,65.07142857142857,437.24285714285713,65.07142857142857,465.54771428571433,1.032857142857143,0.0,0.0
test-latency_increase-206,test,service_delay,db_latency_plus_20,0.0,0.0,20.0,437.24285714285713,465.54771428571433,1.032857142857143,65.07142857142857,437.24285714285713,78.08571428571427,474.00700000000006,1.6328571428571428,8.459285714285727,0.5999999999999999
test-latency_increase-206,test,service_delay,db_latency_minus_20,0.0,0.0,-20.0,437.24285714285713,465.54771428571433,1.032857142857143,65.07142857142857,437.24285714285713,52.05714285714286,457.0884285714286,1.032857142857143,-8.459285714285727,0.0
test-latency_increase-206,test,service_delay,traffic_plus_20_capacity_plus_20,20.0,20.0,0.0,437.24285714285713,465.54771428571433,1.032857142857143,65.07142857142857,524.6914285714286,65.07142857142857,465.54771428571433,1.032857142857143,0.0,0.0
test-latency_increase-207,test,service_delay,no_change,0.0,0.0,0.0,278.35714285714283,630.333,1.0082857142857142,75.20000000000002,278.35714285714283,75.20000000000002,630.333,1.0082857142857142,0.0,0.0
test-latency_increase-207,test,service_delay,traffic_plus_20,20.0,0.0,0.0,278.35714285714283,630.333,1.0082857142857142,75.20000000000002,334.0285714285714,80.46400000000003,740.91121,2.6082857142857137,110.57821000000001,1.5999999999999994
test-latency_increase-207,test,service_delay,capacity_plus_20,0.0,20.0,0.0,278.35714285714283,630.333,1.0082857142857142,75.20000000000002,278.35714285714283,75.20000000000002,630.333,1.0082857142857142,0.0,0.0
test-latency_increase-207,test,service_delay,db_latency_plus_20,0.0,0.0,20.0,278.35714285714283,630.333,1.0082857142857142,75.20000000000002,278.35714285714283,90.24000000000002,640.1089999999999,1.608285714285714,9.775999999999954,0.5999999999999999
test-latency_increase-207,test,service_delay,db_latency_minus_20,0.0,0.0,-20.0,278.35714285714283,630.333,1.0082857142857142,75.20000000000002,278.35714285714283,60.16000000000002,620.557,1.0082857142857142,-9.775999999999954,0.0
test-latency_increase-207,test,service_delay,traffic_plus_20_capacity_plus_20,20.0,20.0,0.0,278.35714285714283,630.333,1.0082857142857142,75.20000000000002,334.0285714285714,75.20000000000002,630.333,1.0082857142857142,0.0,0.0
test-latency_increase-208,test,service_delay,no_change,0.0,0.0,0.0,350.19999999999993,624.7267142857144,1.109,93.61428571428571,350.19999999999993,93.61428571428571,624.7267142857144,1.109,0.0,0.0
test-latency_increase-208,test,service_delay,traffic_plus_20,20.0,0.0,0.0,350.19999999999993,624.7267142857144,1.109,93.61428571428571,420.2399999999999,100.16728571428573,735.1897057142858,2.7089999999999996,110.4629914285714,1.5999999999999996
test-latency_increase-208,test,service_delay,capacity_plus_20,0.0,20.0,0.0,350.19999999999993,624.7267142857144,1.109,93.61428571428571,350.19999999999993,93.61428571428571,624.7267142857144,1.109,0.0,0.0
test-latency_increase-208,test,service_delay,db_latency_plus_20,0.0,0.0,20.0,350.19999999999993,624.7267142857144,1.109,93.61428571428571,350.19999999999993,112.33714285714285,636.8965714285715,1.7089999999999999,12.169857142857154,0.5999999999999999
test-latency_increase-208,test,service_delay,db_latency_minus_20,0.0,0.0,-20.0,350.19999999999993,624.7267142857144,1.109,93.61428571428571,350.19999999999993,74.89142857142858,612.5568571428572,1.109,-12.169857142857154,0.0
test-latency_increase-208,test,service_delay,traffic_plus_20_capacity_plus_20,20.0,20.0,0.0,350.19999999999993,624.7267142857144,1.109,93.61428571428571,420.2399999999999,93.61428571428571,624.7267142857144,1.109,0.0,0.0
test-latency_increase-209,test,service_delay,no_change,0.0,0.0,0.0,453.64285714285717,543.2584285714286,1.2977142857142856,69.44285714285715,453.64285714285717,69.44285714285715,543.2584285714286,1.2977142857142856,0.0,0.0
test-latency_increase-209,test,service_delay,traffic_plus_20,20.0,0.0,0.0,453.64285714285717,543.2584285714286,1.2977142857142856,69.44285714285715,544.3714285714286,74.30385714285715,638.7720114285714,2.8977142857142852,95.51358285714286,1.5999999999999996
test-latency_increase-209,test,service_delay,capacity_plus_20,0.0,20.0,0.0,453.64285714285717,543.2584285714286,1.2977142857142856,69.44285714285715,453.64285714285717,69.44285714285715,543.2584285714286,1.2977142857142856,0.0,0.0
test-latency_increase-209,test,service_delay,db_latency_plus_20,0.0,0.0,20.0,453.64285714285717,543.2584285714286,1.2977142857142856,69.44285714285715,453.64285714285717,83.33142857142857,552.286,1.8977142857142855,9.027571428571378,0.5999999999999999
test-latency_increase-209,test,service_delay,db_latency_minus_20,0.0,0.0,-20.0,453.64285714285717,543.2584285714286,1.2977142857142856,69.44285714285715,453.64285714285717,55.554285714285726,534.2308571428572,1.2977142857142856,-9.027571428571378,0.0
test-latency_increase-209,test,service_delay,traffic_plus_20_capacity_plus_20,20.0,20.0,0.0,453.64285714285717,543.2584285714286,1.2977142857142856,69.44285714285715,544.3714285714286,69.44285714285715,543.2584285714286,1.2977142857142856,0.0,0.0
test-database_slowdown-200,test,database_slowdown,no_change,0.0,0.0,0.0,286.91428571428565,448.5261428571429,5.406428571428571,199.67014285714285,286.91428571428565,199.67014285714285,448.5261428571429,5.406428571428571,0.0,0.0
test-database_slowdown-200,test,database_slowdown,traffic_plus_20,20.0,0.0,0.0,286.91428571428565,448.5261428571429,5.406428571428571,199.67014285714285,344.2971428571428,213.64705285714285,533.8605786428571,7.006428571428571,85.33443578571428,1.5999999999999996
test-database_slowdown-200,test,database_slowdown,capacity_plus_20,0.0,20.0,0.0,286.91428571428565,448.5261428571429,5.406428571428571,199.67014285714285,286.91428571428565,199.67014285714285,448.5261428571429,5.406428571428571,0.0,0.0
test-database_slowdown-200,test,database_slowdown,db_latency_plus_20,0.0,0.0,20.0,286.91428571428565,448.5261428571429,5.406428571428571,199.67014285714285,286.91428571428565,239.60417142857142,474.48326142857144,6.006428571428571,25.957118571428566,0.5999999999999996
test-database_slowdown-200,test,database_slowdown,db_latency_minus_20,0.0,0.0,-20.0,286.91428571428565,448.5261428571429,5.406428571428571,199.67014285714285,286.91428571428565,159.73611428571428,422.5690242857143,5.406428571428571,-25.957118571428566,0.0
test-database_slowdown-200,test,database_slowdown,traffic_plus_20_capacity_plus_20,20.0,20.0,0.0,286.91428571428565,448.5261428571429,5.406428571428571,199.67014285714285,344.2971428571428,199.67014285714285,448.5261428571429,5.406428571428571,0.0,0.0
test-database_slowdown-201,test,database_slowdown,no_change,0.0,0.0,0.0,375.07142857142856,635.4830000000001,6.884142857142857,276.4434285714286,375.07142857142856,276.4434285714286,635.4830000000001,6.884142857142857,0.0,0.0
test-database_slowdown-201,test,database_slowdown,traffic_plus_20,20.0,0.0,0.0,375.07142857142856,635.4830000000001,6.884142857142857,276.4434285714286,450.08571428571423,295.79446857142864,756.093286,8.484142857142857,120.61028599999997,1.5999999999999996
test-database_slowdown-201,test,database_slowdown,capacity_plus_20,0.0,20.0,0.0,375.07142857142856,635.4830000000001,6.884142857142857,276.4434285714286,375.07142857142856,276.4434285714286,635.4830000000001,6.884142857142857,0.0,0.0
test-database_slowdown-201,test,database_slowdown,db_latency_plus_20,0.0,0.0,20.0,375.07142857142856,635.4830000000001,6.884142857142857,276.4434285714286,375.07142857142856,331.7321142857143,671.4206457142858,7.4841428571428565,35.937645714285736,0.5999999999999996
test-database_slowdown-201,test,database_slowdown,db_latency_minus_20,0.0,0.0,-20.0,375.07142857142856,635.4830000000001,6.884142857142857,276.4434285714286,375.07142857142856,221.1547428571429,599.5453542857143,6.884142857142857,-35.937645714285736,0.0
test-database_slowdown-201,test,database_slowdown,traffic_plus_20_capacity_plus_20,20.0,20.0,0.0,375.07142857142856,635.4830000000001,6.884142857142857,276.4434285714286,450.08571428571423,276.4434285714286,635.4830000000001,6.884142857142857,0.0,0.0
test-database_slowdown-202,test,database_slowdown,no_change,0.0,0.0,0.0,437.8428571428572,383.75628571428575,5.481571428571429,160.55814285714285,437.8428571428572,160.55814285714285,383.75628571428575,5.481571428571429,0.0,0.0
test-database_slowdown-202,test,database_slowdown,traffic_plus_20,20.0,0.0,0.0,437.8428571428572,383.75628571428575,5.481571428571429,160.55814285714285,525.4114285714286,171.79721285714285,456.3002497857143,7.081571428571428,72.54396407142855,1.5999999999999996
test-database_slowdown-202,test,database_slowdown,capacity_plus_20,0.0,20.0,0.0,437.8428571428572,383.75628571428575,5.481571428571429,160.55814285714285,437.8428571428572,160.55814285714285,383.75628571428575,5.481571428571429,0.0,0.0
test-database_slowdown-202,test,database_slowdown,db_latency_plus_20,0.0,0.0,20.0,437.8428571428572,383.75628571428575,5.481571428571429,160.55814285714285,437.8428571428572,192.6697714285714,404.6288442857143,6.081571428571428,20.872558571428556,0.5999999999999996
test-database_slowdown-202,test,database_slowdown,db_latency_minus_20,0.0,0.0,-20.0,437.8428571428572,383.75628571428575,5.481571428571429,160.55814285714285,437.8428571428572,128.4465142857143,362.8837271428572,5.481571428571429,-20.872558571428556,0.0
test-database_slowdown-202,test,database_slowdown,traffic_plus_20_capacity_plus_20,20.0,20.0,0.0,437.8428571428572,383.75628571428575,5.481571428571429,160.55814285714285,525.4114285714286,160.55814285714285,383.75628571428575,5.481571428571429,0.0,0.0
test-database_slowdown-203,test,database_slowdown,no_change,0.0,0.0,0.0,298.7,558.2251428571428,6.921857142857143,239.0355714285714,298.7,239.0355714285714,558.2251428571428,6.921857142857143,0.0,0.0
test-database_slowdown-203,test,database_slowdown,traffic_plus_20,20.0,0.0,0.0,298.7,558.2251428571428,6.921857142857143,239.0355714285714,358.44,255.7680614285714,663.999535642857,8.521857142857144,105.77439278571421,1.6000000000000005
test-database_slowdown-203,test,database_slowdown,capacity_plus_20,0.0,20.0,0.0,298.7,558.2251428571428,6.921857142857143,239.0355714285714,298.7,239.0355714285714,558.2251428571428,6.921857142857143,0.0,0.0
test-database_slowdown-203,test,database_slowdown,db_latency_plus_20,0.0,0.0,20.0,298.7,558.2251428571428,6.921857142857143,239.0355714285714,298.7,286.84268571428566,589.2997671428571,7.521857142857143,31.07462428571432,0.5999999999999996
test-database_slowdown-203,test,database_slowdown,db_latency_minus_20,0.0,0.0,-20.0,298.7,558.2251428571428,6.921857142857143,239.0355714285714,298.7,191.2284571428571,527.1505185714285,6.921857142857143,-31.07462428571432,0.0
test-database_slowdown-203,test,database_slowdown,traffic_plus_20_capacity_plus_20,20.0,20.0,0.0,298.7,558.2251428571428,6.921857142857143,239.0355714285714,358.44,239.0355714285714,558.2251428571428,6.921857142857143,0.0,0.0
test-database_slowdown-204,test,database_slowdown,no_change,0.0,0.0,0.0,356.54285714285714,522.0214285714286,5.394571428571429,241.1131428571429,356.54285714285714,241.1131428571429,522.0214285714286,5.394571428571429,0.0,0.0
test-database_slowdown-204,test,database_slowdown,traffic_plus_20,20.0,0.0,0.0,356.54285714285714,522.0214285714286,5.394571428571429,241.1131428571429,427.8514285714286,257.9910628571429,621.7357194285714,6.994571428571429,99.71429085714283,1.5999999999999996
test-database_slowdown-204,test,database_slowdown,capacity_plus_20,0.0,20.0,0.0,356.54285714285714,522.0214285714286,5.394571428571429,241.1131428571429,356.54285714285714,241.1131428571429,522.0214285714286,5.394571428571429,0.0,0.0
test-database_slowdown-204,test,database_slowdown,db_latency_plus_20,0.0,0.0,20.0,356.54285714285714,522.0214285714286,5.394571428571429,241.1131428571429,356.54285714285714,289.33577142857143,553.3661371428572,5.994571428571429,31.344708571428555,0.5999999999999996
test-database_slowdown-204,test,database_slowdown,db_latency_minus_20,0.0,0.0,-20.0,356.54285714285714,522.0214285714286,5.394571428571429,241.1131428571429,356.54285714285714,192.89051428571432,490.67672000000005,5.394571428571429,-31.344708571428555,0.0
test-database_slowdown-204,test,database_slowdown,traffic_plus_20_capacity_plus_20,20.0,20.0,0.0,356.54285714285714,522.0214285714286,5.394571428571429,241.1131428571429,427.8514285714286,241.1131428571429,522.0214285714286,5.394571428571429,0.0,0.0
test-database_slowdown-205,test,database_slowdown,no_change,0.0,0.0,0.0,415.2142857142857,445.9284285714285,6.922285714285715,210.1827142857143,415.2142857142857,210.1827142857143,445.9284285714285,6.922285714285715,0.0,0.0
test-database_slowdown-205,test,database_slowdown,traffic_plus_20,20.0,0.0,0.0,415.2142857142857,445.9284285714285,6.922285714285715,210.1827142857143,498.25714285714287,224.8955042857143,531.2995749285714,8.522285714285715,85.37114635714283,1.6000000000000005
test-database_slowdown-205,test,database_slowdown,capacity_plus_20,0.0,20.0,0.0,415.2142857142857,445.9284285714285,6.922285714285715,210.1827142857143,415.2142857142857,210.1827142857143,445.9284285714285,6.922285714285715,0.0,0.0
test-database_slowdown-205,test,database_slowdown,db_latency_plus_20,0.0,0.0,20.0,415.2142857142857,445.9284285714285,6.922285714285715,210.1827142857143,415.2142857142857,252.21925714285715,473.25218142857136,7.522285714285714,27.323752857142836,0.5999999999999996
test-database_slowdown-205,test,database_slowdown,db_latency_minus_20,0.0,0.0,-20.0,415.2142857142857,445.9284285714285,6.922285714285715,210.1827142857143,415.2142857142857,168.14617142857145,418.6046757142857,6.922285714285715,-27.323752857142836,0.0
test-database_slowdown-205,test,database_slowdown,traffic_plus_20_capacity_plus_20,20.0,20.0,0.0,415.2142857142857,445.9284285714285,6.922285714285715,210.1827142857143,498.25714285714287,210.1827142857143,445.9284285714285,6.922285714285715,0.0,0.0
test-database_slowdown-206,test,database_slowdown,no_change,0.0,0.0,0.0,302.6857142857143,475.3937142857143,5.384714285714287,194.39914285714286,302.6857142857143,194.39914285714286,475.3937142857143,5.384714285714287,0.0,0.0
test-database_slowdown-206,test,database_slowdown,traffic_plus_20,20.0,0.0,0.0,302.6857142857143,475.3937142857143,5.384714285714287,194.39914285714286,363.22285714285715,208.00708285714288,565.0558067142856,6.984714285714286,89.66209242857133,1.5999999999999996
test-database_slowdown-206,test,database_slowdown,capacity_plus_20,0.0,20.0,0.0,302.6857142857143,475.3937142857143,5.384714285714287,194.39914285714286,302.6857142857143,194.39914285714286,475.3937142857143,5.384714285714287,0.0,0.0
test-database_slowdown-206,test,database_slowdown,db_latency_plus_20,0.0,0.0,20.0,302.6857142857143,475.3937142857143,5.384714285714287,194.39914285714286,302.6857142857143,233.27897142857142,500.66560285714286,5.984714285714286,25.271888571428576,0.5999999999999996
test-database_slowdown-206,test,database_slowdown,db_latency_minus_20,0.0,0.0,-20.0,302.6857142857143,475.3937142857143,5.384714285714287,194.39914285714286,302.6857142857143,155.5193142857143,450.1218257142857,5.384714285714287,-25.271888571428576,0.0
test-database_slowdown-206,test,database_slowdown,traffic_plus_20_capacity_plus_20,20.0,20.0,0.0,302.6857142857143,475.3937142857143,5.384714285714287,194.39914285714286,363.22285714285715,194.39914285714286,475.3937142857143,5.384714285714287,0.0,0.0
test-database_slowdown-207,test,database_slowdown,no_change,0.0,0.0,0.0,332.5,615.6058571428572,6.810571428571428,299.6557142857142,332.5,299.6557142857142,615.6058571428572,6.810571428571428,0.0,0.0
test-database_slowdown-207,test,database_slowdown,traffic_plus_20,20.0,0.0,0.0,332.5,615.6058571428572,6.810571428571428,299.6557142857142,399.0,320.63161428571425,733.8931878571428,8.410571428571426,118.28733071428564,1.5999999999999988
test-database_slowdown-207,test,database_slowdown,capacity_plus_20,0.0,20.0,0.0,332.5,615.6058571428572,6.810571428571428,299.6557142857142,332.5,299.6557142857142,615.6058571428572,6.810571428571428,0.0,0.0
test-database_slowdown-207,test,database_slowdown,db_latency_plus_20,0.0,0.0,20.0,332.5,615.6058571428572,6.810571428571428,299.6557142857142,332.5,359.58685714285707,654.5611,7.410571428571427,38.95524285714282,0.5999999999999996
test-database_slowdown-207,test,database_slowdown,db_latency_minus_20,0.0,0.0,-20.0,332.5,615.6058571428572,6.810571428571428,299.6557142857142,332.5,239.72457142857138,576.6506142857144,6.810571428571428,-38.95524285714282,0.0
test-database_slowdown-207,test,database_slowdown,traffic_plus_20_capacity_plus_20,20.0,20.0,0.0,332.5,615.6058571428572,6.810571428571428,299.6557142857142,399.0,299.6557142857142,615.6058571428572,6.810571428571428,0.0,0.0
test-database_slowdown-208,test,database_slowdown,no_change,0.0,0.0,0.0,423.5142857142857,389.25014285714286,5.460857142857142,179.7425714285714,423.5142857142857,179.7425714285714,389.25014285714286,5.460857142857142,0.0,0.0
test-database_slowdown-208,test,database_slowdown,traffic_plus_20,20.0,0.0,0.0,423.5142857142857,389.25014285714286,5.460857142857142,179.7425714285714,508.2171428571428,192.32455142857143,463.6009541428571,7.060857142857142,74.35081128571426,1.5999999999999996
test-database_slowdown-208,test,database_slowdown,capacity_plus_20,0.0,20.0,0.0,423.5142857142857,389.25014285714286,5.460857142857142,179.7425714285714,423.5142857142857,179.7425714285714,389.25014285714286,5.460857142857142,0.0,0.0
test-database_slowdown-208,test,database_slowdown,db_latency_plus_20,0.0,0.0,20.0,423.5142857142857,389.25014285714286,5.460857142857142,179.7425714285714,423.5142857142857,215.6910857142857,412.61667714285716,6.060857142857142,23.366534285714295,0.5999999999999996
test-database_slowdown-208,test,database_slowdown,db_latency_minus_20,0.0,0.0,-20.0,423.5142857142857,389.25014285714286,5.460857142857142,179.7425714285714,423.5142857142857,143.79405714285713,365.88360857142857,5.460857142857142,-23.366534285714295,0.0
test-database_slowdown-208,test,database_slowdown,traffic_plus_20_capacity_plus_20,20.0,20.0,0.0,423.5142857142857,389.25014285714286,5.460857142857142,179.7425714285714,508.2171428571428,179.7425714285714,389.25014285714286,5.460857142857142,0.0,0.0
test-database_slowdown-209,test,database_slowdown,no_change,0.0,0.0,0.0,314.07142857142856,544.3668571428572,7.1,248.8198571428571,314.07142857142856,248.8198571428571,544.3668571428572,7.1,0.0,0.0
test-database_slowdown-209,test,database_slowdown,traffic_plus_20,20.0,0.0,0.0,314.07142857142856,544.3668571428572,7.1,248.8198571428571,376.88571428571424,266.23724714285714,648.2305263571428,8.7,103.86366921428566,1.5999999999999996
test-database_slowdown-209,test,database_slowdown,capacity_plus_20,0.0,20.0,0.0,314.07142857142856,544.3668571428572,7.1,248.8198571428571,314.07142857142856,248.8198571428571,544.3668571428572,7.1,0.0,0.0
test-database_slowdown-209,test,database_slowdown,db_latency_plus_20,0.0,0.0,20.0,314.07142857142856,544.3668571428572,7.1,248.8198571428571,314.07142857142856,298.5838285714285,576.7134385714286,7.699999999999999,32.346581428571426,0.5999999999999996
test-database_slowdown-209,test,database_slowdown,db_latency_minus_20,0.0,0.0,-20.0,314.07142857142856,544.3668571428572,7.1,248.8198571428571,314.07142857142856,199.0558857142857,512.0202757142857,7.1,-32.346581428571426,0.0
test-database_slowdown-209,test,database_slowdown,traffic_plus_20_capacity_plus_20,20.0,20.0,0.0,314.07142857142856,544.3668571428572,7.1,248.8198571428571,376.88571428571424,248.8198571428571,544.3668571428572,7.1,0.0,0.0
test-error_burst_5xx-200,test,application_error_burst,no_change,0.0,0.0,0.0,342.7285714285714,320.3,14.797142857142855,93.01428571428572,342.7285714285714,93.01428571428572,320.3,14.797142857142855,0.0,0.0
test-error_burst_5xx-200,test,application_error_burst,traffic_plus_20,20.0,0.0,0.0,342.7285714285714,320.3,14.797142857142855,93.01428571428572,411.27428571428567,99.52528571428573,378.98314999999997,16.397142857142853,58.683149999999955,1.5999999999999979
test-error_burst_5xx-200,test,application_error_burst,capacity_plus_20,0.0,20.0,0.0,342.7285714285714,320.3,14.797142857142855,93.01428571428572,342.7285714285714,93.01428571428572,320.3,14.797142857142855,0.0,0.0
test-error_burst_5xx-200,test,application_error_burst,db_latency_plus_20,0.0,0.0,20.0,342.7285714285714,320.3,14.797142857142855,93.01428571428572,342.7285714285714,111.61714285714287,332.39185714285713,15.397142857142855,12.091857142857123,0.5999999999999996
test-error_burst_5xx-200,test,application_error_burst,db_latency_minus_20,0.0,0.0,-20.0,342.7285714285714,320.3,14.797142857142855,93.01428571428572,342.7285714285714,74.41142857142857,308.2081428571429,14.797142857142855,-12.091857142857123,0.0
test-error_burst_5xx-200,test,application_error_burst,traffic_plus_20_capacity_plus_20,20.0,20.0,0.0,342.7285714285714,320.3,14.797142857142855,93.01428571428572,411.27428571428567,93.01428571428572,320.3,14.797142857142855,0.0,0.0
test-error_burst_5xx-201,test,application_error_burst,no_change,0.0,0.0,0.0,453.5571428571429,260.0104285714286,19.405285714285714,60.05714285714286,453.5571428571429,60.05714285714286,260.0104285714286,19.405285714285714,0.0,0.0
test-error_burst_5xx-201,test,application_error_burst,traffic_plus_20,20.0,0.0,0.0,453.5571428571429,260.0104285714286,19.405285714285714,60.05714285714286,544.2685714285715,64.26114285714286,306.9448014285714,21.005285714285712,46.93437285714282,1.5999999999999979
test-error_burst_5xx-201,test,application_error_burst,capacity_plus_20,0.0,20.0,0.0,453.5571428571429,260.0104285714286,19.405285714285714,60.05714285714286,453.5571428571429,60.05714285714286,260.0104285714286,19.405285714285714,0.0,0.0
test-error_burst_5xx-201,test,application_error_burst,db_latency_plus_20,0.0,0.0,20.0,453.5571428571429,260.0104285714286,19.405285714285714,60.05714285714286,453.5571428571429,72.06857142857143,267.8178571428572,20.005285714285716,7.807428571428602,0.6000000000000014
test-error_burst_5xx-201,test,application_error_burst,db_latency_minus_20,0.0,0.0,-20.0,453.5571428571429,260.0104285714286,19.405285714285714,60.05714285714286,453.5571428571429,48.04571428571429,252.203,19.405285714285714,-7.807428571428574,0.0
test-error_burst_5xx-201,test,application_error_burst,traffic_plus_20_capacity_plus_20,20.0,20.0,0.0,453.5571428571429,260.0104285714286,19.405285714285714,60.05714285714286,544.2685714285715,60.05714285714286,260.0104285714286,19.405285714285714,0.0,0.0
test-error_burst_5xx-202,test,application_error_burst,no_change,0.0,0.0,0.0,303.14285714285717,281.00085714285717,14.872285714285715,68.35714285714286,303.14285714285717,68.35714285714286,281.00085714285717,14.872285714285715,0.0,0.0
test-error_burst_5xx-202,test,application_error_burst,traffic_plus_20,20.0,0.0,0.0,303.14285714285717,281.00085714285717,14.872285714285715,68.35714285714286,363.7714285714286,73.14214285714287,331.8812528571429,16.472285714285714,50.880395714285726,1.5999999999999996
test-error_burst_5xx-202,test,application_error_burst,capacity_plus_20,0.0,20.0,0.0,303.14285714285717,281.00085714285717,14.872285714285715,68.35714285714286,303.14285714285717,68.35714285714286,281.00085714285717,14.872285714285715,0.0,0.0
test-error_burst_5xx-202,test,application_error_burst,db_latency_plus_20,0.0,0.0,20.0,303.14285714285717,281.00085714285717,14.872285714285715,68.35714285714286,303.14285714285717,82.02857142857142,289.8872857142857,15.472285714285714,8.886428571428553,0.5999999999999996
test-error_burst_5xx-202,test,application_error_burst,db_latency_minus_20,0.0,0.0,-20.0,303.14285714285717,281.00085714285717,14.872285714285715,68.35714285714286,303.14285714285717,54.68571428571429,272.1144285714286,14.872285714285715,-8.886428571428553,0.0
test-error_burst_5xx-202,test,application_error_burst,traffic_plus_20_capacity_plus_20,20.0,20.0,0.0,303.14285714285717,281.00085714285717,14.872285714285715,68.35714285714286,363.7714285714286,68.35714285714286,281.00085714285717,14.872285714285715,0.0,0.0
test-error_burst_5xx-203,test,application_error_burst,no_change,0.0,0.0,0.0,356.8,364.9321428571428,19.443,92.28571428571429,356.8,92.28571428571429,364.9321428571428,19.443,0.0,0.0
test-error_burst_5xx-203,test,application_error_burst,traffic_plus_20,20.0,0.0,0.0,356.8,364.9321428571428,19.443,92.28571428571429,428.16,98.7457142857143,431.1696071428571,21.043,66.23746428571428,1.5999999999999979
test-error_burst_5xx-203,test,application_error_burst,capacity_plus_20,0.0,20.0,0.0,356.8,364.9321428571428,19.443,92.28571428571429,356.8,92.28571428571429,364.9321428571428,19.443,0.0,0.0
test-error_burst_5xx-203,test,application_error_burst,db_latency_plus_20,0.0,0.0,20.0,356.8,364.9321428571428,19.443,92.28571428571429,356.8,110.74285714285715,376.9292857142857,20.043000000000003,11.997142857142876,0.6000000000000014
test-error_burst_5xx-203,test,application_error_burst,db_latency_minus_20,0.0,0.0,-20.0,356.8,364.9321428571428,19.443,92.28571428571429,356.8,73.82857142857144,352.93499999999995,19.443,-11.997142857142876,0.0
test-error_burst_5xx-203,test,application_error_burst,traffic_plus_20_capacity_plus_20,20.0,20.0,0.0,356.8,364.9321428571428,19.443,92.28571428571429,428.16,92.28571428571429,364.9321428571428,19.443,0.0,0.0
test-error_burst_5xx-204,test,application_error_burst,no_change,0.0,0.0,0.0,431.2,233.33742857142855,14.785285714285717,64.62857142857143,431.2,64.62857142857143,233.33742857142855,14.785285714285717,0.0,0.0
test-error_burst_5xx-204,test,application_error_burst,traffic_plus_20,20.0,0.0,0.0,431.2,233.33742857142855,14.785285714285717,64.62857142857143,517.4399999999999,69.15257142857143,275.9453914285714,16.385285714285715,42.60796285714284,1.5999999999999979
test-error_burst_5xx-204,test,application_error_burst,capacity_plus_20,0.0,20.0,0.0,431.2,233.33742857142855,14.785285714285717,64.62857142857143,431.2,64.62857142857143,233.33742857142855,14.785285714285717,0.0,0.0
test-error_burst_5xx-204,test,application_error_burst,db_latency_plus_20,0.0,0.0,20.0,431.2,233.33742857142855,14.785285714285717,64.62857142857143,431.2,77.55428571428571,241.73914285714284,15.385285714285716,8.401714285714291,0.5999999999999996
test-error_burst_5xx-204,test,application_error_burst,db_latency_minus_20,0.0,0.0,-20.0,431.2,233.33742857142855,14.785285714285717,64.62857142857143,431.2,51.70285714285715,224.93571428571425,14.785285714285717,-8.401714285714291,0.0
test-error_burst_5xx-204,test,application_error_burst,traffic_plus_20_capacity_plus_20,20.0,20.0,0.0,431.2,233.33742857142855,14.785285714285717,64.62857142857143,517.4399999999999,64.62857142857143,233.33742857142855,14.785285714285717,0.0,0.0
test-error_burst_5xx-205,test,application_error_burst,no_change,0.0,0.0,0.0,287.4428571428571,298.91214285714284,19.44342857142857,73.44285714285715,287.4428571428571,73.44285714285715,298.91214285714284,19.44342857142857,0.0,0.0
test-error_burst_5xx-205,test,application_error_burst,traffic_plus_20,20.0,0.0,0.0,287.4428571428571,298.91214285714284,19.44342857142857,73.44285714285715,344.9314285714285,78.58385714285716,353.0688571428571,21.04342857142857,54.15671428571426,1.6000000000000014
test-error_burst_5xx-205,test,application_error_burst,capacity_plus_20,0.0,20.0,0.0,287.4428571428571,298.91214285714284,19.44342857142857,73.44285714285715,287.4428571428571,73.44285714285715,298.91214285714284,19.44342857142857,0.0,0.0
test-error_burst_5xx-205,test,application_error_burst,db_latency_plus_20,0.0,0.0,20.0,287.4428571428571,298.91214285714284,19.44342857142857,73.44285714285715,287.4428571428571,88.13142857142857,308.45971428571426,20.04342857142857,9.547571428571416,0.6000000000000014
test-error_burst_5xx-205,test,application_error_burst,db_latency_minus_20,0.0,0.0,-20.0,287.4428571428571,298.91214285714284,19.44342857142857,73.44285714285715,287.4428571428571,58.75428571428572,289.3645714285714,19.44342857142857,-9.547571428571416,0.0
test-error_burst_5xx-205,test,application_error_burst,traffic_plus_20_capacity_plus_20,20.0,20.0,0.0,287.4428571428571,298.91214285714284,19.44342857142857,73.44285714285715,344.9314285714285,73.44285714285715,298.91214285714284,19.44342857142857,0.0,0.0
test-error_burst_5xx-206,test,application_error_burst,no_change,0.0,0.0,0.0,361.5714285714285,339.61171428571424,14.775428571428568,91.07142857142857,361.5714285714285,91.07142857142857,339.61171428571424,14.775428571428568,0.0,0.0
test-error_burst_5xx-206,test,application_error_burst,traffic_plus_20,20.0,0.0,0.0,361.5714285714285,339.61171428571424,14.775428571428568,91.07142857142857,433.8857142857142,97.44642857142857,401.48945571428567,16.375428571428568,61.877741428571426,1.5999999999999996
test-error_burst_5xx-206,test,application_error_burst,capacity_plus_20,0.0,20.0,0.0,361.5714285714285,339.61171428571424,14.775428571428568,91.07142857142857,361.5714285714285,91.07142857142857,339.61171428571424,14.775428571428568,0.0,0.0
test-error_burst_5xx-206,test,application_error_burst,db_latency_plus_20,0.0,0.0,20.0,361.5714285714285,339.61171428571424,14.775428571428568,91.07142857142857,361.5714285714285,109.28571428571428,351.45099999999996,15.375428571428568,11.839285714285722,0.5999999999999996
test-error_burst_5xx-206,test,application_error_burst,db_latency_minus_20,0.0,0.0,-20.0,361.5714285714285,339.61171428571424,14.775428571428568,91.07142857142857,361.5714285714285,72.85714285714286,327.7724285714285,14.775428571428568,-11.839285714285722,0.0
test-error_burst_5xx-206,test,application_error_burst,traffic_plus_20_capacity_plus_20,20.0,20.0,0.0,361.5714285714285,339.61171428571424,14.775428571428568,91.07142857142857,433.8857142857142,91.07142857142857,339.61171428571424,14.775428571428568,0.0,0.0
test-error_burst_5xx-207,test,application_error_burst,no_change,0.0,0.0,0.0,402.0857142857143,251.821,19.331714285714288,67.2,402.0857142857143,67.2,251.821,19.331714285714288,0.0,0.0
test-error_burst_5xx-207,test,application_error_burst,traffic_plus_20,20.0,0.0,0.0,402.0857142857143,251.821,19.331714285714288,67.2,482.5028571428571,71.90400000000001,297.68816999999996,20.931714285714285,45.86716999999996,1.5999999999999979
test-error_burst_5xx-207,test,application_error_burst,capacity_plus_20,0.0,20.0,0.0,402.0857142857143,251.821,19.331714285714288,67.2,402.0857142857143,67.2,251.821,19.331714285714288,0.0,0.0
test-error_burst_5xx-207,test,application_error_burst,db_latency_plus_20,0.0,0.0,20.0,402.0857142857143,251.821,19.331714285714288,67.2,402.0857142857143,80.64,260.557,19.93171428571429,8.736000000000018,0.6000000000000014
test-error_burst_5xx-207,test,application_error_burst,db_latency_minus_20,0.0,0.0,-20.0,402.0857142857143,251.821,19.331714285714288,67.2,402.0857142857143,53.760000000000005,243.085,19.331714285714288,-8.73599999999999,0.0
test-error_burst_5xx-207,test,application_error_burst,traffic_plus_20_capacity_plus_20,20.0,20.0,0.0,402.0857142857143,251.821,19.331714285714288,67.2,482.5028571428571,67.2,251.821,19.331714285714288,0.0,0.0
test-error_burst_5xx-208,test,application_error_burst,no_change,0.0,0.0,0.0,293.18571428571425,285.23571428571427,14.85157142857143,75.61428571428571,293.18571428571425,75.61428571428571,285.23571428571427,14.85157142857143,0.0,0.0
test-error_burst_5xx-208,test,application_error_burst,traffic_plus_20,20.0,0.0,0.0,293.18571428571425,285.23571428571427,14.85157142857143,75.61428571428571,351.8228571428571,80.90728571428572,337.1662357142857,16.45157142857143,51.93052142857141,1.5999999999999996
test-error_burst_5xx-208,test,application_error_burst,capacity_plus_20,0.0,20.0,0.0,293.18571428571425,285.23571428571427,14.85157142857143,75.61428571428571,293.18571428571425,75.61428571428571,285.23571428571427,14.85157142857143,0.0,0.0
test-error_burst_5xx-208,test,application_error_burst,db_latency_plus_20,0.0,0.0,20.0,293.18571428571425,285.23571428571427,14.85157142857143,75.61428571428571,293.18571428571425,90.73714285714286,295.0655714285714,15.45157142857143,9.829857142857122,0.5999999999999996
test-error_burst_5xx-208,test,application_error_burst,db_latency_minus_20,0.0,0.0,-20.0,293.18571428571425,285.23571428571427,14.85157142857143,75.61428571428571,293.18571428571425,60.49142857142857,275.40585714285714,14.85157142857143,-9.829857142857122,0.0
test-error_burst_5xx-208,test,application_error_burst,traffic_plus_20_capacity_plus_20,20.0,20.0,0.0,293.18571428571425,285.23571428571427,14.85157142857143,75.61428571428571,351.8228571428571,75.61428571428571,285.23571428571427,14.85157142857143,0.0,0.0
test-error_burst_5xx-209,test,application_error_burst,no_change,0.0,0.0,0.0,375.1428571428572,355.8268571428571,19.621142857142853,95.44285714285714,375.1428571428572,95.44285714285714,355.8268571428571,19.621142857142853,0.0,0.0
test-error_burst_5xx-209,test,application_error_burst,traffic_plus_20,20.0,0.0,0.0,375.1428571428572,355.8268571428571,19.621142857142853,95.44285714285714,450.17142857142863,102.12385714285715,420.6600728571427,21.22114285714285,64.83321571428564,1.5999999999999979
test-error_burst_5xx-209,test,application_error_burst,capacity_plus_20,0.0,20.0,0.0,375.1428571428572,355.8268571428571,19.621142857142853,95.44285714285714,375.1428571428572,95.44285714285714,355.8268571428571,19.621142857142853,0.0,0.0
test-error_burst_5xx-209,test,application_error_burst,db_latency_plus_20,0.0,0.0,20.0,375.1428571428572,355.8268571428571,19.621142857142853,95.44285714285714,375.1428571428572,114.53142857142856,368.2344285714285,20.221142857142855,12.40757142857143,0.6000000000000014
test-error_burst_5xx-209,test,application_error_burst,db_latency_minus_20,0.0,0.0,-20.0,375.1428571428572,355.8268571428571,19.621142857142853,95.44285714285714,375.1428571428572,76.35428571428571,343.41928571428565,19.621142857142853,-12.40757142857143,0.0
test-error_burst_5xx-209,test,application_error_burst,traffic_plus_20_capacity_plus_20,20.0,20.0,0.0,375.1428571428572,355.8268571428571,19.621142857142853,95.44285714285714,450.17142857142863,95.44285714285714,355.8268571428571,19.621142857142853,0.0,0.0
