timestamp,api_id,endpoint,method,status_code,response_time_ms,request_count,cpu_usage,db_latency_ms
2026-07-21T06:00:00+00:00,payments,/payments,POST,200,251.5,408,57.4,97.6
2026-07-21T07:00:00+00:00,payments,/payments,POST,200,249.5,459,56.9,92.9
2026-07-21T08:00:00+00:00,payments,/payments,POST,200,257.3,507,54.3,83.9
2026-07-21T09:00:00+00:00,payments,/payments,POST,200,252.8,518,60.7,80.4
2026-07-21T10:00:00+00:00,payments,/payments,POST,200,250.1,582,59.9,94.0
2026-07-21T11:00:00+00:00,payments,/payments,POST,200,224.1,598,44.9,87.1
2026-07-21T12:00:00+00:00,payments,/payments,POST,200,230.1,624,62.2,84.0
2026-07-21T13:00:00+00:00,payments,/payments,POST,200,271.7,616,61.2,94.8
2026-07-21T14:00:00+00:00,payments,/payments,POST,200,240.4,592,55.7,96.0
2026-07-21T15:00:00+00:00,payments,/payments,POST,200,232.6,580,61.8,103.4
2026-07-21T16:00:00+00:00,payments,/payments,POST,200,253.1,653,50.9,87.7
2026-07-21T17:00:00+00:00,payments,/payments,POST,200,260.2,578,56.4,97.8
2026-07-21T18:00:00+00:00,payments,/payments,POST,200,242.6,573,55.2,85.3
2026-07-21T19:00:00+00:00,payments,/payments,POST,200,270.3,513,54.4,89.7
2026-07-21T20:00:00+00:00,payments,/payments,POST,200,263.5,459,64.0,91.9
2026-07-21T21:00:00+00:00,payments,/payments,POST,200,273.2,488,59.4,83.9
2026-07-21T22:00:00+00:00,payments,/payments,POST,500,396.9,461,67.8,89.1
2026-07-21T23:00:00+00:00,payments,/payments,POST,200,232.0,366,57.2,103.4
2026-07-22T00:00:00+00:00,payments,/payments,POST,200,269.5,272,60.8,87.6
2026-07-22T01:00:00+00:00,payments,/payments,POST,200,233.5,418,55.9,102.9
2026-07-22T02:00:00+00:00,payments,/payments,POST,500,312.8,350,59.1,82.3
2026-07-22T03:00:00+00:00,payments,/payments,POST,200,260.7,439,64.8,81.6
2026-07-22T04:00:00+00:00,payments,/payments,POST,200,220.7,432,63.0,96.7
2026-07-22T05:00:00+00:00,payments,/payments,POST,200,244.4,388,51.8,93.6
2026-07-22T06:00:00+00:00,payments,/payments,POST,200,261.5,390,50.2,88.8
2026-07-22T07:00:00+00:00,payments,/payments,POST,200,254.1,502,52.4,95.7
2026-07-22T08:00:00+00:00,payments,/payments,POST,200,278.1,454,58.4,97.6
2026-07-22T09:00:00+00:00,payments,/payments,POST,200,298.9,527,59.2,89.6
2026-07-22T10:00:00+00:00,payments,/payments,POST,200,265.6,553,64.0,87.9
2026-07-22T11:00:00+00:00,payments,/payments,POST,200,242.6,585,62.4,96.9
2026-07-22T12:00:00+00:00,payments,/payments,POST,200,224.7,590,60.3,91.6
2026-07-22T13:00:00+00:00,payments,/payments,POST,200,243.2,630,60.0,100.1
2026-07-22T14:00:00+00:00,payments,/payments,POST,200,301.2,616,48.7,97.6
2026-07-22T15:00:00+00:00,payments,/payments,POST,200,254.8,685,69.2,88.5
2026-07-22T16:00:00+00:00,payments,/payments,POST,200,256.3,571,56.6,93.6
2026-07-22T17:00:00+00:00,payments,/payments,POST,200,290.6,570,53.0,94.3
2026-07-22T18:00:00+00:00,payments,/payments,POST,200,243.9,491,60.4,97.5
2026-07-22T19:00:00+00:00,payments,/payments,POST,200,246.1,454,64.2,95.7
2026-07-22T20:00:00+00:00,payments,/payments,POST,200,298.4,535,60.8,94.5
2026-07-22T21:00:00+00:00,payments,/payments,POST,200,265.3,448,60.9,88.2
2026-07-22T22:00:00+00:00,payments,/payments,POST,200,268.1,369,46.4,89.3
2026-07-22T23:00:00+00:00,payments,/payments,POST,200,275.4,389,56.0,86.0
2026-07-23T00:00:00+00:00,payments,/payments,POST,200,264.9,403,74.7,91.7
2026-07-23T01:00:00+00:00,payments,/payments,POST,200,302.2,342,65.5,80.8
2026-07-23T02:00:00+00:00,payments,/payments,POST,404,227.5,377,46.7,76.7
2026-07-23T03:00:00+00:00,payments,/payments,POST,200,239.3,364,51.9,75.8
2026-07-23T04:00:00+00:00,payments,/payments,POST,200,271.1,403,57.0,102.8
2026-07-23T05:00:00+00:00,payments,/payments,POST,200,243.1,366,47.2,93.3
2026-07-23T06:00:00+00:00,payments,/payments,POST,200,262.6,386,66.6,92.3
2026-07-23T07:00:00+00:00,payments,/payments,POST,200,229.2,443,57.4,92.5
2026-07-23T08:00:00+00:00,payments,/payments,POST,200,240.5,521,61.3,82.9
2026-07-23T09:00:00+00:00,payments,/payments,POST,200,295.8,486,60.8,76.8
2026-07-23T10:00:00+00:00,payments,/payments,POST,200,264.5,549,60.0,75.7
2026-07-23T11:00:00+00:00,payments,/payments,POST,200,293.8,627,67.0,75.6
2026-07-23T12:00:00+00:00,payments,/payments,POST,200,260.2,660,52.3,108.1
2026-07-23T13:00:00+00:00,payments,/payments,POST,200,240.1,623,58.6,88.3
2026-07-23T14:00:00+00:00,payments,/payments,POST,200,292.0,628,53.9,93.7
2026-07-23T15:00:00+00:00,payments,/payments,POST,200,257.0,636,53.3,106.1
2026-07-23T16:00:00+00:00,payments,/payments,POST,200,239.0,573,64.2,90.8
2026-07-23T17:00:00+00:00,payments,/payments,POST,200,252.6,600,61.8,90.5
2026-07-23T18:00:00+00:00,payments,/payments,POST,200,237.5,544,53.3,86.1
2026-07-23T19:00:00+00:00,payments,/payments,POST,200,287.0,514,69.4,92.2
2026-07-23T20:00:00+00:00,payments,/payments,POST,200,224.6,478,56.7,94.3
2026-07-23T21:00:00+00:00,payments,/payments,POST,200,291.4,417,57.2,85.4
2026-07-23T22:00:00+00:00,payments,/payments,POST,200,264.8,387,61.6,98.0
2026-07-23T23:00:00+00:00,payments,/payments,POST,500,320.9,430,56.0,101.6
2026-07-24T00:00:00+00:00,payments,/payments,POST,200,266.5,318,54.8,84.6
2026-07-24T01:00:00+00:00,payments,/payments,POST,200,262.4,269,58.9,87.3
2026-07-24T02:00:00+00:00,payments,/payments,POST,200,241.3,323,61.5,79.9
2026-07-24T03:00:00+00:00,payments,/payments,POST,200,259.3,354,58.2,101.1
2026-07-24T04:00:00+00:00,payments,/payments,POST,200,269.7,317,60.6,103.6
2026-07-24T05:00:00+00:00,payments,/payments,POST,200,253.2,383,58.1,78.3
2026-07-24T06:00:00+00:00,payments,/payments,POST,200,300.9,457,56.4,91.7
2026-07-24T07:00:00+00:00,payments,/payments,POST,200,264.9,379,50.6,71.3
2026-07-24T08:00:00+00:00,payments,/payments,POST,200,237.3,522,56.9,82.7
2026-07-24T09:00:00+00:00,payments,/payments,POST,200,234.7,567,54.2,93.0
2026-07-24T10:00:00+00:00,payments,/payments,POST,200,230.4,553,55.2,87.4
2026-07-24T11:00:00+00:00,payments,/payments,POST,200,272.7,572,55.4,90.9
2026-07-24T12:00:00+00:00,payments,/payments,POST,200,247.8,594,52.8,97.5
2026-07-24T13:00:00+00:00,payments,/payments,POST,200,276.3,538,51.3,85.8
2026-07-24T14:00:00+00:00,payments,/payments,POST,200,256.5,613,53.0,102.7
2026-07-24T15:00:00+00:00,payments,/payments,POST,200,271.5,555,51.5,88.9
2026-07-24T16:00:00+00:00,payments,/payments,POST,200,256.9,589,54.1,102.3
2026-07-24T17:00:00+00:00,payments,/payments,POST,200,257.2,557,57.2,90.7
2026-07-24T18:00:00+00:00,payments,/payments,POST,200,260.0,603,61.7,98.7
2026-07-24T19:00:00+00:00,payments,/payments,POST,200,272.6,524,58.3,84.2
2026-07-24T20:00:00+00:00,payments,/payments,POST,200,263.4,481,64.2,93.2
2026-07-24T21:00:00+00:00,payments,/payments,POST,200,226.2,407,53.2,81.1
2026-07-24T22:00:00+00:00,payments,/payments,POST,200,256.5,436,63.2,100.5
2026-07-24T23:00:00+00:00,payments,/payments,POST,200,221.9,365,61.4,101.5
2026-07-25T00:00:00+00:00,payments,/payments,POST,200,207.2,309,58.9,93.1
2026-07-25T01:00:00+00:00,payments,/payments,POST,200,249.7,294,57.6,88.9
2026-07-25T02:00:00+00:00,payments,/payments,POST,200,276.0,307,62.0,83.2
2026-07-25T03:00:00+00:00,payments,/payments,POST,200,236.6,264,53.7,95.3
2026-07-25T04:00:00+00:00,payments,/payments,POST,200,224.3,309,68.0,104.5
2026-07-25T05:00:00+00:00,payments,/payments,POST,200,234.0,271,56.7,71.4
2026-07-25T06:00:00+00:00,payments,/payments,POST,200,249.4,260,50.6,97.1
2026-07-25T07:00:00+00:00,payments,/payments,POST,200,247.4,335,60.8,88.0
2026-07-25T08:00:00+00:00,payments,/payments,POST,200,258.4,345,59.9,87.9
2026-07-25T09:00:00+00:00,payments,/payments,POST,500,486.2,335,56.8,85.9
2026-07-25T10:00:00+00:00,payments,/payments,POST,200,271.7,454,49.6,93.0
2026-07-25T11:00:00+00:00,payments,/payments,POST,200,257.1,353,61.0,95.1
2026-07-25T12:00:00+00:00,payments,/payments,POST,200,243.7,399,52.8,90.4
2026-07-25T13:00:00+00:00,payments,/payments,POST,200,239.5,438,58.0,96.1
2026-07-25T14:00:00+00:00,payments,/payments,POST,200,247.3,387,59.4,97.1
2026-07-25T15:00:00+00:00,payments,/payments,POST,200,251.4,494,57.5,95.6
2026-07-25T16:00:00+00:00,payments,/payments,POST,200,258.1,440,54.1,90.6
2026-07-25T17:00:00+00:00,payments,/payments,POST,200,245.0,415,61.9,85.2
2026-07-25T18:00:00+00:00,payments,/payments,POST,200,259.2,361,58.7,94.4
2026-07-25T19:00:00+00:00,payments,/payments,POST,200,236.4,395,64.3,97.1
2026-07-25T20:00:00+00:00,payments,/payments,POST,200,248.3,322,60.5,91.8
2026-07-25T21:00:00+00:00,payments,/payments,POST,200,240.9,334,52.6,90.8
2026-07-25T22:00:00+00:00,payments,/payments,POST,200,253.9,336,53.0,84.4
2026-07-25T23:00:00+00:00,payments,/payments,POST,200,268.6,289,56.4,88.0
2026-07-26T00:00:00+00:00,payments,/payments,POST,200,255.4,309,54.6,88.3
2026-07-26T01:00:00+00:00,payments,/payments,POST,200,233.5,244,53.6,75.2
2026-07-26T02:00:00+00:00,payments,/payments,POST,200,214.7,206,52.4,96.5
2026-07-26T03:00:00+00:00,payments,/payments,POST,200,248.0,264,60.2,97.9
2026-07-26T04:00:00+00:00,payments,/payments,POST,200,265.2,262,55.1,80.5
2026-07-26T05:00:00+00:00,payments,/payments,POST,200,255.3,266,63.2,94.1
2026-07-26T06:00:00+00:00,payments,/payments,POST,200,283.3,386,61.4,83.0
2026-07-26T07:00:00+00:00,payments,/payments,POST,200,240.7,312,66.1,95.4
2026-07-26T08:00:00+00:00,payments,/payments,POST,200,248.5,373,51.9,86.2
2026-07-26T09:00:00+00:00,payments,/payments,POST,200,270.0,358,53.3,78.1
2026-07-26T10:00:00+00:00,payments,/payments,POST,200,302.8,379,60.5,82.7
2026-07-26T11:00:00+00:00,payments,/payments,POST,200,303.4,376,53.0,97.4
2026-07-26T12:00:00+00:00,payments,/payments,POST,200,249.4,399,59.8,99.0
2026-07-26T13:00:00+00:00,payments,/payments,POST,200,241.3,449,47.1,86.4
2026-07-26T14:00:00+00:00,payments,/payments,POST,200,292.9,526,55.1,88.3
2026-07-26T15:00:00+00:00,payments,/payments,POST,200,252.1,431,69.0,91.1
2026-07-26T16:00:00+00:00,payments,/payments,POST,200,234.2,460,56.8,82.7
2026-07-26T17:00:00+00:00,payments,/payments,POST,200,253.1,451,53.3,89.5
2026-07-26T18:00:00+00:00,payments,/payments,POST,200,227.0,458,56.5,105.9
2026-07-26T19:00:00+00:00,payments,/payments,POST,200,253.2,306,57.1,98.6
2026-07-26T20:00:00+00:00,payments,/payments,POST,200,255.8,330,53.5,90.2
2026-07-26T21:00:00+00:00,payments,/payments,POST,200,260.0,294,60.9,103.5
2026-07-26T22:00:00+00:00,payments,/payments,POST,200,249.0,305,57.7,79.5
2026-07-26T23:00:00+00:00,payments,/payments,POST,200,222.6,245,63.8,90.9
2026-07-27T00:00:00+00:00,payments,/payments,POST,200,232.9,298,61.8,85.9
2026-07-27T01:00:00+00:00,payments,/payments,POST,200,234.4,344,56.4,88.2
2026-07-27T02:00:00+00:00,payments,/payments,POST,200,281.6,315,52.2,79.4
2026-07-27T03:00:00+00:00,payments,/payments,POST,200,267.2,326,56.4,78.8
2026-07-27T04:00:00+00:00,payments,/payments,POST,200,267.0,414,73.2,78.8
2026-07-27T05:00:00+00:00,payments,/payments,POST,200,271.8,430,61.8,85.8
2026-07-27T06:00:00+00:00,payments,/payments,POST,200,265.4,480,56.7,99.5
2026-07-27T07:00:00+00:00,payments,/payments,POST,200,240.4,383,59.0,94.8
2026-07-27T08:00:00+00:00,payments,/payments,POST,200,300.0,486,61.5,99.0
2026-07-27T09:00:00+00:00,payments,/payments,POST,200,257.2,586,64.1,85.0
2026-07-27T10:00:00+00:00,payments,/payments,POST,200,277.4,519,54.6,85.6
2026-07-27T11:00:00+00:00,payments,/payments,POST,200,274.1,588,54.3,92.6
2026-07-27T12:00:00+00:00,payments,/payments,POST,200,254.2,630,65.3,90.4
2026-07-27T13:00:00+00:00,payments,/payments,POST,200,224.0,586,64.5,95.3
2026-07-27T14:00:00+00:00,payments,/payments,POST,200,290.6,600,54.4,87.4
2026-07-27T15:00:00+00:00,payments,/payments,POST,200,225.7,584,52.8,79.1
2026-07-27T16:00:00+00:00,payments,/payments,POST,200,241.1,578,51.9,95.8
2026-07-27T17:00:00+00:00,payments,/payments,POST,200,287.5,558,59.2,95.8
2026-07-27T18:00:00+00:00,payments,/payments,POST,200,246.3,465,59.9,86.6
2026-07-27T19:00:00+00:00,payments,/payments,POST,200,223.3,538,56.7,95.4
2026-07-27T20:00:00+00:00,payments,/payments,POST,200,246.5,556,55.7,69.9
2026-07-27T21:00:00+00:00,payments,/payments,POST,200,281.9,401,64.2,92.9
2026-07-27T22:00:00+00:00,payments,/payments,POST,200,231.1,390,63.2,74.9
2026-07-27T23:00:00+00:00,payments,/payments,POST,200,261.6,465,47.7,85.3
2026-07-28T00:00:00+00:00,payments,/payments,POST,200,215.0,402,56.4,99.8
2026-07-28T01:00:00+00:00,payments,/payments,POST,200,277.4,336,66.6,101.6
2026-07-28T02:00:00+00:00,payments,/payments,POST,200,225.5,316,62.9,89.2
2026-07-28T03:00:00+00:00,payments,/payments,POST,200,259.7,336,52.9,92.5
2026-07-28T04:00:00+00:00,payments,/payments,POST,200,271.0,336,67.4,87.2
2026-07-28T05:00:00+00:00,payments,/payments,POST,200,239.5,283,54.8,98.3
2026-07-28T06:00:00+00:00,payments,/payments,POST,404,236.7,438,54.3,82.2
2026-07-28T07:00:00+00:00,payments,/payments,POST,200,240.2,453,62.5,99.3
2026-07-28T08:00:00+00:00,payments,/payments,POST,200,268.7,488,61.0,86.8
2026-07-28T09:00:00+00:00,payments,/payments,POST,200,255.7,593,59.6,95.3
2026-07-28T10:00:00+00:00,payments,/payments,POST,200,251.0,544,66.8,93.3
2026-07-28T11:00:00+00:00,payments,/payments,POST,200,260.9,582,57.7,82.2
2026-07-28T12:00:00+00:00,payments,/payments,POST,200,230.9,606,62.6,98.0
2026-07-28T13:00:00+00:00,payments,/payments,POST,200,214.9,627,52.5,90.8
2026-07-28T14:00:00+00:00,payments,/payments,POST,200,257.7,577,55.7,83.5
2026-07-28T15:00:00+00:00,payments,/payments,POST,200,268.6,658,61.7,94.6
2026-07-28T16:00:00+00:00,payments,/payments,POST,200,313.7,541,52.6,90.3
2026-07-28T17:00:00+00:00,payments,/payments,POST,200,216.9,554,53.0,80.9
2026-07-28T18:00:00+00:00,payments,/payments,POST,200,259.4,522,55.1,99.5
2026-07-28T19:00:00+00:00,payments,/payments,POST,200,268.4,465,56.0,95.3
2026-07-28T20:00:00+00:00,payments,/payments,POST,200,247.1,490,64.7,99.5
2026-07-28T21:00:00+00:00,payments,/payments,POST,200,241.5,404,56.8,95.6
2026-07-28T22:00:00+00:00,payments,/payments,POST,200,213.9,414,55.6,71.3
2026-07-28T23:00:00+00:00,payments,/payments,POST,200,248.4,362,56.0,87.3
2026-07-29T00:00:00+00:00,payments,/payments,POST,200,280.6,320,49.9,85.5
2026-07-29T01:00:00+00:00,payments,/payments,POST,200,229.4,373,57.3,90.6
2026-07-29T02:00:00+00:00,payments,/payments,POST,404,267.8,344,56.7,85.4
2026-07-29T03:00:00+00:00,payments,/payments,POST,200,235.8,385,55.8,94.6
2026-07-29T04:00:00+00:00,payments,/payments,POST,200,240.8,364,54.0,95.5
2026-07-29T05:00:00+00:00,payments,/payments,POST,200,229.0,394,59.4,93.3
2026-07-29T06:00:00+00:00,payments,/payments,POST,200,240.6,399,55.0,84.2
2026-07-29T07:00:00+00:00,payments,/payments,POST,200,245.0,447,54.3,94.8
2026-07-29T08:00:00+00:00,payments,/payments,POST,500,337.1,475,52.6,98.6
2026-07-29T09:00:00+00:00,payments,/payments,POST,500,418.2,521,57.8,99.1
2026-07-29T10:00:00+00:00,payments,/payments,POST,200,272.8,566,56.3,83.0
2026-07-29T11:00:00+00:00,payments,/payments,POST,200,272.8,646,58.9,92.4
2026-07-29T12:00:00+00:00,payments,/payments,POST,404,242.8,553,56.7,83.9
2026-07-29T13:00:00+00:00,payments,/payments,POST,200,287.7,580,51.0,81.8
2026-07-29T14:00:00+00:00,payments,/payments,POST,200,242.4,632,52.8,86.8
2026-07-29T15:00:00+00:00,payments,/payments,POST,200,270.5,593,60.9,100.3
2026-07-29T16:00:00+00:00,payments,/payments,POST,200,244.5,628,56.7,77.4
2026-07-29T17:00:00+00:00,payments,/payments,POST,200,265.8,592,51.2,83.9
2026-07-29T18:00:00+00:00,payments,/payments,POST,200,231.4,555,58.2,78.5
2026-07-29T19:00:00+00:00,payments,/payments,POST,200,243.6,465,50.9,80.7
2026-07-29T20:00:00+00:00,payments,/payments,POST,200,264.2,519,56.7,98.1
2026-07-29T21:00:00+00:00,payments,/payments,POST,200,275.8,430,66.8,97.3
2026-07-29T22:00:00+00:00,payments,/payments,POST,200,232.8,447,52.4,91.6
2026-07-29T23:00:00+00:00,payments,/payments,POST,200,241.4,419,60.7,81.2
2026-07-30T00:00:00+00:00,payments,/payments,POST,200,260.9,372,66.5,102.4
2026-07-30T01:00:00+00:00,payments,/payments,POST,200,254.6,327,58.1,100.6
2026-07-30T02:00:00+00:00,payments,/payments,POST,200,271.6,367,56.9,100.0
2026-07-30T03:00:00+00:00,payments,/payments,POST,200,226.4,364,60.0,93.4
2026-07-30T04:00:00+00:00,payments,/payments,POST,200,225.6,355,66.5,83.0
2026-07-30T05:00:00+00:00,payments,/payments,POST,200,269.7,408,65.6,89.5
2026-07-30T06:00:00+00:00,payments,/payments,POST,200,248.3,444,51.7,101.9
2026-07-30T07:00:00+00:00,payments,/payments,POST,200,225.6,476,55.6,83.0
2026-07-30T08:00:00+00:00,payments,/payments,POST,200,269.8,457,59.5,97.0
2026-07-30T09:00:00+00:00,payments,/payments,POST,200,266.0,519,66.5,99.2
2026-07-30T10:00:00+00:00,payments,/payments,POST,200,218.6,589,62.4,93.7
2026-07-30T11:00:00+00:00,payments,/payments,POST,200,263.5,560,62.2,80.0
2026-07-30T12:00:00+00:00,payments,/payments,POST,200,263.0,561,56.4,86.7
2026-07-30T13:00:00+00:00,payments,/payments,POST,200,232.7,611,53.8,90.5
2026-07-30T14:00:00+00:00,payments,/payments,POST,200,238.2,635,71.6,84.5
2026-07-30T15:00:00+00:00,payments,/payments,POST,200,271.9,576,67.0,88.9
2026-07-30T16:00:00+00:00,payments,/payments,POST,200,284.2,598,62.5,84.8
2026-07-30T17:00:00+00:00,payments,/payments,POST,200,241.6,595,58.3,85.6
2026-07-30T18:00:00+00:00,payments,/payments,POST,200,273.9,462,59.0,100.6
2026-07-30T19:00:00+00:00,payments,/payments,POST,200,262.9,559,59.4,117.7
2026-07-30T20:00:00+00:00,payments,/payments,POST,200,238.6,548,52.8,80.5
2026-07-30T21:00:00+00:00,payments,/payments,POST,404,227.4,475,63.0,101.6
2026-07-30T22:00:00+00:00,payments,/payments,POST,200,262.5,440,61.2,83.3
2026-07-30T23:00:00+00:00,payments,/payments,POST,200,265.8,410,57.5,94.4
2026-07-31T00:00:00+00:00,payments,/payments,POST,200,257.6,346,63.6,85.9
2026-07-31T01:00:00+00:00,payments,/payments,POST,200,266.3,352,51.8,96.8
2026-07-31T02:00:00+00:00,payments,/payments,POST,200,247.6,338,59.8,91.5
2026-07-31T03:00:00+00:00,payments,/payments,POST,200,253.1,400,53.6,97.7
2026-07-31T04:00:00+00:00,payments,/payments,POST,200,258.7,364,59.1,84.9
2026-07-31T05:00:00+00:00,payments,/payments,POST,200,222.0,394,57.3,94.1
2026-07-31T06:00:00+00:00,payments,/payments,POST,200,286.6,444,50.5,94.7
2026-07-31T07:00:00+00:00,payments,/payments,POST,200,268.6,508,54.0,93.8
2026-07-31T08:00:00+00:00,payments,/payments,POST,200,267.4,568,43.0,89.7
2026-07-31T09:00:00+00:00,payments,/payments,POST,200,241.7,517,52.6,102.9
2026-07-31T10:00:00+00:00,payments,/payments,POST,200,268.8,575,64.3,83.6
2026-07-31T11:00:00+00:00,payments,/payments,POST,200,251.1,621,46.6,92.3
2026-07-31T12:00:00+00:00,payments,/payments,POST,200,246.8,596,50.6,83.1
2026-07-31T13:00:00+00:00,payments,/payments,POST,200,269.5,661,55.6,102.2
2026-07-31T14:00:00+00:00,payments,/payments,POST,200,259.8,609,61.2,86.6
2026-07-31T15:00:00+00:00,payments,/payments,POST,200,248.8,705,64.3,97.2
2026-07-31T16:00:00+00:00,payments,/payments,POST,200,209.5,557,62.3,100.6
2026-07-31T17:00:00+00:00,payments,/payments,POST,200,269.5,638,54.7,97.9
2026-07-31T18:00:00+00:00,payments,/payments,POST,200,210.1,508,52.1,101.8
2026-07-31T19:00:00+00:00,payments,/payments,POST,200,272.7,471,58.0,95.9
2026-07-31T20:00:00+00:00,payments,/payments,POST,200,272.1,443,57.7,98.2
2026-07-31T21:00:00+00:00,payments,/payments,POST,200,299.3,427,55.4,92.2
2026-07-31T22:00:00+00:00,payments,/payments,POST,200,241.8,447,64.4,98.3
2026-07-31T23:00:00+00:00,payments,/payments,POST,200,261.1,378,47.8,87.6
2026-08-01T00:00:00+00:00,payments,/payments,POST,200,242.2,316,59.6,82.8
2026-08-01T01:00:00+00:00,payments,/payments,POST,200,282.6,301,64.3,93.7
2026-08-01T02:00:00+00:00,payments,/payments,POST,200,246.1,203,61.7,95.5
2026-08-01T03:00:00+00:00,payments,/payments,POST,200,249.4,191,58.9,89.2
2026-08-01T04:00:00+00:00,payments,/payments,POST,200,264.5,211,52.3,105.6
2026-08-01T05:00:00+00:00,payments,/payments,POST,200,303.3,324,48.0,99.2
2026-08-01T06:00:00+00:00,payments,/payments,POST,200,265.0,316,54.5,103.3
2026-08-01T07:00:00+00:00,payments,/payments,POST,200,230.8,386,58.0,103.4
2026-08-01T08:00:00+00:00,payments,/payments,POST,200,278.8,337,55.0,91.9
2026-08-01T09:00:00+00:00,payments,/payments,POST,200,227.6,344,50.4,82.6
2026-08-01T10:00:00+00:00,payments,/payments,POST,200,256.1,413,53.9,83.9
2026-08-01T11:00:00+00:00,payments,/payments,POST,200,269.6,374,51.0,92.1
2026-08-01T12:00:00+00:00,payments,/payments,POST,200,258.9,368,56.3,85.8
2026-08-01T13:00:00+00:00,payments,/payments,POST,200,263.7,406,59.9,102.5
2026-08-01T14:00:00+00:00,payments,/payments,POST,200,214.7,443,60.6,91.3
2026-08-01T15:00:00+00:00,payments,/payments,POST,200,275.7,429,57.6,98.0
2026-08-01T16:00:00+00:00,payments,/payments,POST,200,273.8,398,58.1,108.0
2026-08-01T17:00:00+00:00,payments,/payments,POST,200,246.7,392,58.5,82.6
2026-08-01T18:00:00+00:00,payments,/payments,POST,200,259.1,398,63.6,88.8
2026-08-01T19:00:00+00:00,payments,/payments,POST,200,260.2,370,47.7,92.5
2026-08-01T20:00:00+00:00,payments,/payments,POST,200,246.0,279,48.6,99.0
2026-08-01T21:00:00+00:00,payments,/payments,POST,200,270.4,300,55.0,89.8
2026-08-01T22:00:00+00:00,payments,/payments,POST,200,254.1,237,55.2,115.6
2026-08-01T23:00:00+00:00,payments,/payments,POST,200,251.8,321,59.3,85.0
2026-08-02T00:00:00+00:00,payments,/payments,POST,200,278.1,281,56.5,92.0
2026-08-02T01:00:00+00:00,payments,/payments,POST,200,258.7,215,53.3,86.0
2026-08-02T02:00:00+00:00,payments,/payments,POST,200,308.2,315,57.7,85.3
2026-08-02T03:00:00+00:00,payments,/payments,POST,200,248.5,197,55.2,106.0
2026-08-02T04:00:00+00:00,payments,/payments,POST,200,251.6,317,60.3,79.7
2026-08-02T05:00:00+00:00,payments,/payments,POST,200,263.5,182,59.8,78.5
2026-08-02T06:00:00+00:00,payments,/payments,POST,200,248.8,282,53.2,83.9
2026-08-02T07:00:00+00:00,payments,/payments,POST,200,250.3,322,60.3,90.8
2026-08-02T08:00:00+00:00,payments,/payments,POST,200,280.4,387,50.7,99.4
2026-08-02T09:00:00+00:00,payments,/payments,POST,200,247.7,376,60.2,96.2
2026-08-02T10:00:00+00:00,payments,/payments,POST,200,252.2,368,63.1,107.6
2026-08-02T11:00:00+00:00,payments,/payments,POST,200,222.7,430,53.2,82.4
2026-08-02T12:00:00+00:00,payments,/payments,POST,200,281.1,439,60.1,113.2
2026-08-02T13:00:00+00:00,payments,/payments,POST,200,285.7,464,56.1,98.8
2026-08-02T14:00:00+00:00,payments,/payments,POST,200,265.3,448,55.8,85.0
2026-08-02T15:00:00+00:00,payments,/payments,POST,200,244.6,515,57.0,98.4
2026-08-02T16:00:00+00:00,payments,/payments,POST,200,260.6,410,54.7,92.7
2026-08-02T17:00:00+00:00,payments,/payments,POST,200,244.5,415,53.0,84.9
2026-08-02T18:00:00+00:00,payments,/payments,POST,200,249.4,347,62.9,94.7
2026-08-02T19:00:00+00:00,payments,/payments,POST,200,252.9,378,47.1,86.3
2026-08-02T20:00:00+00:00,payments,/payments,POST,200,238.9,384,62.0,111.6
2026-08-02T21:00:00+00:00,payments,/payments,POST,200,250.2,341,52.5,87.6
2026-08-02T22:00:00+00:00,payments,/payments,POST,200,248.4,323,60.3,88.6
2026-08-02T23:00:00+00:00,payments,/payments,POST,200,269.4,246,69.8,84.1
2026-08-03T00:00:00+00:00,payments,/payments,POST,200,256.5,414,69.1,106.3
2026-08-03T01:00:00+00:00,payments,/payments,POST,200,347.5,315,79.8,111.6
2026-08-03T02:00:00+00:00,payments,/payments,POST,200,372.3,381,65.2,122.7
2026-08-03T03:00:00+00:00,payments,/payments,POST,200,329.0,390,70.5,115.5
2026-08-03T04:00:00+00:00,payments,/payments,POST,200,338.7,423,78.7,131.8
2026-08-03T05:00:00+00:00,payments,/payments,POST,200,395.1,417,71.3,132.9
2026-08-03T06:00:00+00:00,payments,/payments,POST,200,425.5,451,81.2,127.5
2026-08-03T07:00:00+00:00,payments,/payments,POST,200,401.8,550,66.7,135.2
2026-08-03T08:00:00+00:00,payments,/payments,POST,200,403.0,565,78.0,124.5
2026-08-03T09:00:00+00:00,payments,/payments,POST,200,406.7,646,74.0,115.2
2026-08-03T10:00:00+00:00,payments,/payments,POST,200,405.0,622,72.4,125.2
2026-08-03T11:00:00+00:00,payments,/payments,POST,500,582.3,743,65.8,139.5
2026-08-03T12:00:00+00:00,payments,/payments,POST,200,422.5,828,67.4,134.5
2026-08-03T13:00:00+00:00,payments,/payments,POST,500,595.9,777,79.0,151.5
2026-08-03T14:00:00+00:00,payments,/payments,POST,500,546.8,844,69.9,136.8
2026-08-03T15:00:00+00:00,payments,/payments,POST,200,370.2,861,68.0,152.9
2026-08-03T16:00:00+00:00,payments,/payments,POST,200,434.1,875,98.4,156.0
2026-08-03T17:00:00+00:00,payments,/payments,POST,200,426.4,825,69.3,153.6
2026-08-03T18:00:00+00:00,payments,/payments,POST,200,405.7,750,86.5,143.0
2026-08-03T19:00:00+00:00,payments,/payments,POST,200,476.6,691,75.8,131.7
2026-08-03T20:00:00+00:00,payments,/payments,POST,404,483.4,743,69.9,142.8
2026-08-03T21:00:00+00:00,payments,/payments,POST,200,452.6,720,77.5,133.6
2026-08-03T22:00:00+00:00,payments,/payments,POST,200,486.3,633,79.5,179.5
2026-08-03T23:00:00+00:00,payments,/payments,POST,500,549.8,622,84.3,123.7
2026-08-04T00:00:00+00:00,payments,/payments,POST,500,734.5,587,74.3,140.3
2026-08-04T01:00:00+00:00,payments,/payments,POST,500,700.4,525,87.1,179.8
2026-08-04T02:00:00+00:00,payments,/payments,POST,200,538.5,534,84.0,143.3
2026-08-04T03:00:00+00:00,payments,/payments,POST,200,505.0,555,92.1,172.2
2026-08-04T04:00:00+00:00,payments,/payments,POST,200,515.4,756,97.9,137.2
2026-08-04T05:00:00+00:00,payments,/payments,POST,200,487.9,479,97.0,152.0
2026-07-21T06:00:00+00:00,orders,/orders,GET,200,189.2,477,36.0,75.4
2026-07-21T07:00:00+00:00,orders,/orders,GET,200,207.0,517,45.8,49.3
2026-07-21T08:00:00+00:00,orders,/orders,GET,200,182.2,558,42.2,71.4
2026-07-21T09:00:00+00:00,orders,/orders,GET,200,179.7,636,41.5,60.9
2026-07-21T10:00:00+00:00,orders,/orders,GET,200,166.9,587,45.2,78.5
2026-07-21T11:00:00+00:00,orders,/orders,GET,200,188.9,604,35.8,83.4
2026-07-21T12:00:00+00:00,orders,/orders,GET,200,183.3,746,47.7,66.0
2026-07-21T13:00:00+00:00,orders,/orders,GET,200,216.5,769,33.8,61.6
2026-07-21T14:00:00+00:00,orders,/orders,GET,200,193.9,722,36.2,65.2
2026-07-21T15:00:00+00:00,orders,/orders,GET,200,190.4,652,46.1,62.1
2026-07-21T16:00:00+00:00,orders,/orders,GET,200,193.2,728,41.2,84.6
2026-07-21T17:00:00+00:00,orders,/orders,GET,200,195.8,721,35.1,76.4
2026-07-21T18:00:00+00:00,orders,/orders,GET,200,174.5,649,47.7,47.2
2026-07-21T19:00:00+00:00,orders,/orders,GET,200,207.9,665,45.9,77.2
2026-07-21T20:00:00+00:00,orders,/orders,GET,200,179.5,517,43.2,66.8
2026-07-21T21:00:00+00:00,orders,/orders,GET,200,163.1,501,33.8,74.0
2026-07-21T22:00:00+00:00,orders,/orders,GET,200,186.0,556,37.2,73.9
2026-07-21T23:00:00+00:00,orders,/orders,GET,500,273.6,413,48.3,66.4
2026-07-22T00:00:00+00:00,orders,/orders,GET,200,225.3,421,51.1,67.6
2026-07-22T01:00:00+00:00,orders,/orders,GET,200,181.2,443,44.3,68.6
2026-07-22T02:00:00+00:00,orders,/orders,GET,200,174.3,434,38.1,70.7
2026-07-22T03:00:00+00:00,orders,/orders,GET,200,184.4,458,38.1,51.8
2026-07-22T04:00:00+00:00,orders,/orders,GET,404,178.5,442,37.4,73.0
2026-07-22T05:00:00+00:00,orders,/orders,GET,200,200.3,493,34.0,71.7
2026-07-22T06:00:00+00:00,orders,/orders,GET,200,195.2,548,45.3,67.5
2026-07-22T07:00:00+00:00,orders,/orders,GET,200,185.7,525,52.2,74.2
2026-07-22T08:00:00+00:00,orders,/orders,GET,200,192.0,687,37.0,84.8
2026-07-22T09:00:00+00:00,orders,/orders,GET,200,170.5,613,44.6,68.2
2026-07-22T10:00:00+00:00,orders,/orders,GET,200,205.2,587,37.9,77.7
2026-07-22T11:00:00+00:00,orders,/orders,GET,200,167.8,688,43.6,65.6
2026-07-22T12:00:00+00:00,orders,/orders,GET,200,206.3,680,46.8,63.7
2026-07-22T13:00:00+00:00,orders,/orders,GET,200,230.9,718,37.3,66.4
2026-07-22T14:00:00+00:00,orders,/orders,GET,200,165.3,716,48.0,71.7
2026-07-22T15:00:00+00:00,orders,/orders,GET,200,189.2,763,40.3,55.0
2026-07-22T16:00:00+00:00,orders,/orders,GET,200,185.9,727,40.3,73.1
2026-07-22T17:00:00+00:00,orders,/orders,GET,200,199.9,717,37.2,63.2
2026-07-22T18:00:00+00:00,orders,/orders,GET,200,196.0,716,39.8,73.0
2026-07-22T19:00:00+00:00,orders,/orders,GET,200,201.2,711,53.4,53.6
2026-07-22T20:00:00+00:00,orders,/orders,GET,200,190.5,563,40.2,74.8
2026-07-22T21:00:00+00:00,orders,/orders,GET,200,193.1,492,45.4,68.8
2026-07-22T22:00:00+00:00,orders,/orders,GET,200,179.6,475,45.3,70.2
2026-07-22T23:00:00+00:00,orders,/orders,GET,200,166.7,405,39.8,72.3
2026-07-23T00:00:00+00:00,orders,/orders,GET,200,183.7,466,36.8,83.5
2026-07-23T01:00:00+00:00,orders,/orders,GET,200,176.4,545,40.0,77.9
2026-07-23T02:00:00+00:00,orders,/orders,GET,200,199.4,421,44.0,58.7
2026-07-23T03:00:00+00:00,orders,/orders,GET,200,174.8,375,39.4,56.8
2026-07-23T04:00:00+00:00,orders,/orders,GET,200,169.6,428,40.0,77.9
2026-07-23T05:00:00+00:00,orders,/orders,GET,200,194.4,420,39.5,61.6
2026-07-23T06:00:00+00:00,orders,/orders,GET,200,179.4,505,47.7,65.5
2026-07-23T07:00:00+00:00,orders,/orders,GET,200,174.1,603,33.5,62.2
2026-07-23T08:00:00+00:00,orders,/orders,GET,200,180.2,517,49.4,73.0
2026-07-23T09:00:00+00:00,orders,/orders,GET,200,181.4,616,49.5,64.8
2026-07-23T10:00:00+00:00,orders,/orders,GET,200,181.6,712,45.9,66.4
2026-07-23T11:00:00+00:00,orders,/orders,GET,200,175.6,644,37.3,68.7
2026-07-23T12:00:00+00:00,orders,/orders,GET,200,185.0,680,44.3,66.6
2026-07-23T13:00:00+00:00,orders,/orders,GET,200,208.4,822,44.7,71.4
2026-07-23T14:00:00+00:00,orders,/orders,GET,200,186.8,692,34.9,70.7
2026-07-23T15:00:00+00:00,orders,/orders,GET,200,178.2,748,46.2,56.6
2026-07-23T16:00:00+00:00,orders,/orders,GET,200,183.9,758,43.4,70.2
2026-07-23T17:00:00+00:00,orders,/orders,GET,200,200.0,703,44.9,76.5
2026-07-23T18:00:00+00:00,orders,/orders,GET,200,178.6,640,37.8,61.7
2026-07-23T19:00:00+00:00,orders,/orders,GET,200,158.1,625,44.1,67.4
2026-07-23T20:00:00+00:00,orders,/orders,GET,200,199.5,558,41.2,81.9
2026-07-23T21:00:00+00:00,orders,/orders,GET,200,173.4,487,38.1,62.2
2026-07-23T22:00:00+00:00,orders,/orders,GET,200,163.7,529,40.0,76.6
2026-07-23T23:00:00+00:00,orders,/orders,GET,200,193.5,496,45.1,77.2
2026-07-24T00:00:00+00:00,orders,/orders,GET,200,196.1,470,44.8,76.5
2026-07-24T01:00:00+00:00,orders,/orders,GET,200,185.0,484,39.3,66.3
2026-07-24T02:00:00+00:00,orders,/orders,GET,200,189.6,460,44.7,66.3
2026-07-24T03:00:00+00:00,orders,/orders,GET,200,184.4,370,39.9,58.4
2026-07-24T04:00:00+00:00,orders,/orders,GET,200,186.8,451,42.3,59.4
2026-07-24T05:00:00+00:00,orders,/orders,GET,200,199.3,492,41.6,52.4
2026-07-24T06:00:00+00:00,orders,/orders,GET,200,201.8,561,44.1,59.1
2026-07-24T07:00:00+00:00,orders,/orders,GET,200,166.7,528,44.3,65.8
2026-07-24T08:00:00+00:00,orders,/orders,GET,200,239.0,529,37.6,68.3
2026-07-24T09:00:00+00:00,orders,/orders,GET,200,184.0,705,42.7,80.5
2026-07-24T10:00:00+00:00,orders,/orders,GET,200,164.7,647,43.4,69.8
2026-07-24T11:00:00+00:00,orders,/orders,GET,200,190.0,738,40.8,75.8
2026-07-24T12:00:00+00:00,orders,/orders,GET,200,196.3,714,51.1,47.9
2026-07-24T13:00:00+00:00,orders,/orders,GET,200,179.0,819,55.6,53.8
2026-07-24T14:00:00+00:00,orders,/orders,GET,200,176.6,769,39.7,51.4
2026-07-24T15:00:00+00:00,orders,/orders,GET,200,186.3,678,41.4,74.2
2026-07-24T16:00:00+00:00,orders,/orders,GET,200,180.5,738,38.0,65.4
2026-07-24T17:00:00+00:00,orders,/orders,GET,200,180.9,737,50.6,66.2
2026-07-24T18:00:00+00:00,orders,/orders,GET,200,190.6,597,40.9,68.3
2026-07-24T19:00:00+00:00,orders,/orders,GET,200,189.4,595,40.9,80.9
2026-07-24T20:00:00+00:00,orders,/orders,GET,200,178.1,533,37.8,76.1
2026-07-24T21:00:00+00:00,orders,/orders,GET,404,169.0,551,49.0,77.1
2026-07-24T22:00:00+00:00,orders,/orders,GET,200,182.4,531,41.0,62.1
2026-07-24T23:00:00+00:00,orders,/orders,GET,200,180.1,501,39.9,61.0
2026-07-25T00:00:00+00:00,orders,/orders,GET,200,197.8,346,39.4,77.7
2026-07-25T01:00:00+00:00,orders,/orders,GET,200,184.3,310,39.4,66.6
2026-07-25T02:00:00+00:00,orders,/orders,GET,200,186.3,379,48.1,44.3
2026-07-25T03:00:00+00:00,orders,/orders,GET,200,191.3,352,41.7,62.3
2026-07-25T04:00:00+00:00,orders,/orders,GET,200,204.4,375,42.1,61.7
2026-07-25T05:00:00+00:00,orders,/orders,GET,200,184.6,335,38.8,59.0
2026-07-25T06:00:00+00:00,orders,/orders,GET,200,197.4,394,38.2,51.4
2026-07-25T07:00:00+00:00,orders,/orders,GET,200,165.3,396,32.4,79.7
2026-07-25T08:00:00+00:00,orders,/orders,GET,200,191.1,423,35.6,62.4
2026-07-25T09:00:00+00:00,orders,/orders,GET,200,158.3,424,39.7,60.3
2026-07-25T10:00:00+00:00,orders,/orders,GET,200,172.6,485,52.1,71.7
2026-07-25T11:00:00+00:00,orders,/orders,GET,200,196.3,552,36.9,60.5
2026-07-25T12:00:00+00:00,orders,/orders,GET,200,181.8,552,46.2,58.0
2026-07-25T13:00:00+00:00,orders,/orders,GET,200,148.3,551,42.1,64.5
2026-07-25T14:00:00+00:00,orders,/orders,GET,200,186.3,561,43.5,56.8
2026-07-25T15:00:00+00:00,orders,/orders,GET,200,196.7,478,47.4,70.9
2026-07-25T16:00:00+00:00,orders,/orders,GET,200,201.5,509,44.6,79.9
2026-07-25T17:00:00+00:00,orders,/orders,GET,200,164.0,451,41.2,63.3
2026-07-25T18:00:00+00:00,orders,/orders,GET,200,180.8,495,46.6,70.4
2026-07-25T19:00:00+00:00,orders,/orders,GET,200,207.7,429,41.9,62.0
2026-07-25T20:00:00+00:00,orders,/orders,GET,200,216.4,486,33.4,64.0
2026-07-25T21:00:00+00:00,orders,/orders,GET,200,203.5,452,40.8,82.6
2026-07-25T22:00:00+00:00,orders,/orders,GET,200,174.0,379,49.3,70.9
2026-07-25T23:00:00+00:00,orders,/orders,GET,200,188.9,299,35.5,66.0
2026-07-26T00:00:00+00:00,orders,/orders,GET,200,196.6,371,41.4,60.3
2026-07-26T01:00:00+00:00,orders,/orders,GET,200,176.6,333,37.2,67.4
2026-07-26T02:00:00+00:00,orders,/orders,GET,200,170.3,344,49.0,59.2
2026-07-26T03:00:00+00:00,orders,/orders,GET,200,196.9,246,41.7,69.2
2026-07-26T04:00:00+00:00,orders,/orders,GET,200,179.6,347,46.7,44.7
2026-07-26T05:00:00+00:00,orders,/orders,GET,404,187.6,304,44.5,60.1
2026-07-26T06:00:00+00:00,orders,/orders,GET,200,203.2,385,39.7,76.5
2026-07-26T07:00:00+00:00,orders,/orders,GET,200,186.1,315,45.6,82.2
2026-07-26T08:00:00+00:00,orders,/orders,GET,200,185.6,474,42.5,73.3
2026-07-26T09:00:00+00:00,orders,/orders,GET,200,184.8,459,36.7,53.0
2026-07-26T10:00:00+00:00,orders,/orders,GET,200,183.0,452,40.2,66.1
2026-07-26T11:00:00+00:00,orders,/orders,GET,200,203.4,598,46.8,60.2
2026-07-26T12:00:00+00:00,orders,/orders,GET,200,184.0,549,44.2,68.4
2026-07-26T13:00:00+00:00,orders,/orders,GET,200,178.5,496,45.6,64.7
2026-07-26T14:00:00+00:00,orders,/orders,GET,200,163.2,568,41.6,59.0
2026-07-26T15:00:00+00:00,orders,/orders,GET,200,209.6,565,39.5,63.6
2026-07-26T16:00:00+00:00,orders,/orders,GET,200,195.2,481,45.3,64.8
2026-07-26T17:00:00+00:00,orders,/orders,GET,200,190.9,530,38.3,52.2
2026-07-26T18:00:00+00:00,orders,/orders,GET,200,173.7,507,45.2,69.3
2026-07-26T19:00:00+00:00,orders,/orders,GET,200,174.7,441,43.3,65.9
2026-07-26T20:00:00+00:00,orders,/orders,GET,404,173.8,425,33.2,69.4
2026-07-26T21:00:00+00:00,orders,/orders,GET,200,148.1,459,48.3,76.9
2026-07-26T22:00:00+00:00,orders,/orders,GET,200,169.6,328,41.5,80.6
2026-07-26T23:00:00+00:00,orders,/orders,GET,200,175.8,383,49.5,78.6
2026-07-27T00:00:00+00:00,orders,/orders,GET,200,189.4,491,45.2,75.1
2026-07-27T01:00:00+00:00,orders,/orders,GET,200,189.1,494,43.6,70.9
2026-07-27T02:00:00+00:00,orders,/orders,GET,200,182.4,428,39.2,61.9
2026-07-27T03:00:00+00:00,orders,/orders,GET,200,183.4,409,41.5,70.3
2026-07-27T04:00:00+00:00,orders,/orders,GET,200,181.6,375,44.9,52.5
2026-07-27T05:00:00+00:00,orders,/orders,GET,200,199.4,429,31.0,67.7
2026-07-27T06:00:00+00:00,orders,/orders,GET,200,196.7,518,44.1,82.7
2026-07-27T07:00:00+00:00,orders,/orders,GET,200,184.0,597,44.1,34.5
2026-07-27T08:00:00+00:00,orders,/orders,GET,200,175.3,562,46.5,49.7
2026-07-27T09:00:00+00:00,orders,/orders,GET,200,213.1,641,43.4,58.8
2026-07-27T10:00:00+00:00,orders,/orders,GET,200,202.7,692,44.7,54.4
2026-07-27T11:00:00+00:00,orders,/orders,GET,200,150.8,662,36.1,62.0
2026-07-27T12:00:00+00:00,orders,/orders,GET,200,173.3,763,39.9,74.7
2026-07-27T13:00:00+00:00,orders,/orders,GET,200,202.7,751,53.2,66.1
2026-07-27T14:00:00+00:00,orders,/orders,GET,200,152.5,723,44.5,60.1
2026-07-27T15:00:00+00:00,orders,/orders,GET,200,172.3,809,47.7,52.9
2026-07-27T16:00:00+00:00,orders,/orders,GET,200,179.7,767,45.4,70.0
2026-07-27T17:00:00+00:00,orders,/orders,GET,200,176.7,776,49.0,63.2
2026-07-27T18:00:00+00:00,orders,/orders,GET,200,153.1,626,42.8,60.5
2026-07-27T19:00:00+00:00,orders,/orders,GET,200,206.2,599,47.6,75.3
2026-07-27T20:00:00+00:00,orders,/orders,GET,200,214.9,465,43.3,65.6
2026-07-27T21:00:00+00:00,orders,/orders,GET,200,182.9,572,31.2,58.5
2026-07-27T22:00:00+00:00,orders,/orders,GET,200,226.9,510,47.1,80.5
2026-07-27T23:00:00+00:00,orders,/orders,GET,200,161.3,404,38.3,68.1
2026-07-28T00:00:00+00:00,orders,/orders,GET,200,192.1,440,46.9,66.1
2026-07-28T01:00:00+00:00,orders,/orders,GET,200,173.6,465,37.5,72.9
2026-07-28T02:00:00+00:00,orders,/orders,GET,200,168.8,463,40.9,61.6
2026-07-28T03:00:00+00:00,orders,/orders,GET,200,197.5,413,43.9,65.1
2026-07-28T04:00:00+00:00,orders,/orders,GET,200,166.5,434,43.8,63.9
2026-07-28T05:00:00+00:00,orders,/orders,GET,200,185.4,455,44.8,64.3
2026-07-28T06:00:00+00:00,orders,/orders,GET,200,191.0,526,44.8,77.5
2026-07-28T07:00:00+00:00,orders,/orders,GET,200,197.0,536,42.1,68.5
2026-07-28T08:00:00+00:00,orders,/orders,GET,200,196.5,607,38.2,68.9
2026-07-28T09:00:00+00:00,orders,/orders,GET,200,188.2,627,44.0,71.8
2026-07-28T10:00:00+00:00,orders,/orders,GET,200,198.9,647,34.7,66.8
2026-07-28T11:00:00+00:00,orders,/orders,GET,200,213.3,736,38.3,72.4
2026-07-28T12:00:00+00:00,orders,/orders,GET,200,196.6,729,49.7,71.0
2026-07-28T13:00:00+00:00,orders,/orders,GET,200,200.4,707,48.6,64.0
2026-07-28T14:00:00+00:00,orders,/orders,GET,200,171.0,765,32.2,62.4
2026-07-28T15:00:00+00:00,orders,/orders,GET,200,185.9,721,48.5,58.7
2026-07-28T16:00:00+00:00,orders,/orders,GET,200,163.8,745,40.2,63.2
2026-07-28T17:00:00+00:00,orders,/orders,GET,200,181.1,822,42.9,62.1
2026-07-28T18:00:00+00:00,orders,/orders,GET,200,205.1,516,35.4,55.1
2026-07-28T19:00:00+00:00,orders,/orders,GET,200,182.2,639,38.2,71.2
2026-07-28T20:00:00+00:00,orders,/orders,GET,200,192.8,490,43.6,55.1
2026-07-28T21:00:00+00:00,orders,/orders,GET,200,189.3,517,34.8,58.9
2026-07-28T22:00:00+00:00,orders,/orders,GET,200,182.4,480,40.6,75.7
2026-07-28T23:00:00+00:00,orders,/orders,GET,200,196.4,427,40.9,64.6
2026-07-29T00:00:00+00:00,orders,/orders,GET,200,170.6,385,52.2,70.1
2026-07-29T01:00:00+00:00,orders,/orders,GET,200,151.7,422,42.8,65.0
2026-07-29T02:00:00+00:00,orders,/orders,GET,200,201.9,409,41.2,62.6
2026-07-29T03:00:00+00:00,orders,/orders,GET,200,182.4,474,43.8,60.4
2026-07-29T04:00:00+00:00,orders,/orders,GET,200,194.4,453,45.7,54.2
2026-07-29T05:00:00+00:00,orders,/orders,GET,200,168.9,491,44.3,71.8
2026-07-29T06:00:00+00:00,orders,/orders,GET,200,160.5,558,45.2,66.9
2026-07-29T07:00:00+00:00,orders,/orders,GET,200,201.3,540,48.8,59.8
2026-07-29T08:00:00+00:00,orders,/orders,GET,200,184.3,515,42.9,67.4
2026-07-29T09:00:00+00:00,orders,/orders,GET,200,211.9,666,38.0,62.1
2026-07-29T10:00:00+00:00,orders,/orders,GET,200,162.4,663,40.9,73.7
2026-07-29T11:00:00+00:00,orders,/orders,GET,200,178.6,787,37.5,56.4
2026-07-29T12:00:00+00:00,orders,/orders,GET,200,188.2,804,42.1,64.9
2026-07-29T13:00:00+00:00,orders,/orders,GET,200,183.9,735,41.9,80.5
2026-07-29T14:00:00+00:00,orders,/orders,GET,200,172.9,714,38.7,71.2
2026-07-29T15:00:00+00:00,orders,/orders,GET,200,160.2,701,40.1,68.2
2026-07-29T16:00:00+00:00,orders,/orders,GET,200,173.1,748,37.9,57.2
2026-07-29T17:00:00+00:00,orders,/orders,GET,200,202.2,826,35.7,53.7
2026-07-29T18:00:00+00:00,orders,/orders,GET,200,177.2,694,47.0,77.0
2026-07-29T19:00:00+00:00,orders,/orders,GET,200,166.0,645,38.0,55.8
2026-07-29T20:00:00+00:00,orders,/orders,GET,200,184.8,618,37.7,69.9
2026-07-29T21:00:00+00:00,orders,/orders,GET,200,180.8,512,41.5,60.4
2026-07-29T22:00:00+00:00,orders,/orders,GET,200,172.8,559,32.3,65.3
2026-07-29T23:00:00+00:00,orders,/orders,GET,200,191.1,475,44.7,70.5
2026-07-30T00:00:00+00:00,orders,/orders,GET,200,205.4,470,40.9,69.0
2026-07-30T01:00:00+00:00,orders,/orders,GET,200,209.4,395,40.1,71.4
2026-07-30T02:00:00+00:00,orders,/orders,GET,200,190.5,327,31.6,56.4
2026-07-30T03:00:00+00:00,orders,/orders,GET,200,184.9,330,38.9,70.6
2026-07-30T04:00:00+00:00,orders,/orders,GET,200,192.5,461,36.5,71.6
2026-07-30T05:00:00+00:00,orders,/orders,GET,200,206.5,437,43.0,56.9
2026-07-30T06:00:00+00:00,orders,/orders,GET,200,183.9,497,40.8,79.4
2026-07-30T07:00:00+00:00,orders,/orders,GET,200,186.6,460,47.9,71.8
2026-07-30T08:00:00+00:00,orders,/orders,GET,404,181.9,627,45.2,67.3
2026-07-30T09:00:00+00:00,orders,/orders,GET,200,210.2,585,44.7,77.2
2026-07-30T10:00:00+00:00,orders,/orders,GET,200,172.2,648,45.4,71.7
2026-07-30T11:00:00+00:00,orders,/orders,GET,200,173.9,715,40.0,78.5
2026-07-30T12:00:00+00:00,orders,/orders,GET,200,153.5,840,36.1,80.4
2026-07-30T13:00:00+00:00,orders,/orders,GET,200,174.4,839,39.0,69.3
2026-07-30T14:00:00+00:00,orders,/orders,GET,200,165.3,739,44.3,72.7
2026-07-30T15:00:00+00:00,orders,/orders,GET,200,177.0,765,40.5,65.5
2026-07-30T16:00:00+00:00,orders,/orders,GET,200,182.6,718,40.1,58.3
2026-07-30T17:00:00+00:00,orders,/orders,GET,200,186.4,671,39.6,55.4
2026-07-30T18:00:00+00:00,orders,/orders,GET,200,175.0,644,39.9,63.3
2026-07-30T19:00:00+00:00,orders,/orders,GET,200,177.7,620,43.8,68.5
2026-07-30T20:00:00+00:00,orders,/orders,GET,200,203.0,577,44.3,77.9
2026-07-30T21:00:00+00:00,orders,/orders,GET,500,284.5,508,46.1,63.1
2026-07-30T22:00:00+00:00,orders,/orders,GET,200,169.5,574,40.6,62.0
2026-07-30T23:00:00+00:00,orders,/orders,GET,200,178.3,463,41.9,71.8
2026-07-31T00:00:00+00:00,orders,/orders,GET,200,186.5,420,42.6,68.0
2026-07-31T01:00:00+00:00,orders,/orders,GET,200,207.4,395,49.0,73.6
2026-07-31T02:00:00+00:00,orders,/orders,GET,200,177.3,404,38.6,72.7
2026-07-31T03:00:00+00:00,orders,/orders,GET,200,200.0,496,44.1,73.4
2026-07-31T04:00:00+00:00,orders,/orders,GET,200,204.0,372,44.2,55.0
2026-07-31T05:00:00+00:00,orders,/orders,GET,200,180.1,461,44.8,64.3
2026-07-31T06:00:00+00:00,orders,/orders,GET,200,163.9,523,44.0,73.1
2026-07-31T07:00:00+00:00,orders,/orders,GET,200,159.1,504,44.6,65.3
2026-07-31T08:00:00+00:00,orders,/orders,GET,200,187.4,570,41.7,72.9
2026-07-31T09:00:00+00:00,orders,/orders,GET,200,165.7,631,29.3,57.2
2026-07-31T10:00:00+00:00,orders,/orders,GET,200,181.7,592,48.1,72.6
2026-07-31T11:00:00+00:00,orders,/orders,GET,200,171.9,677,45.4,57.3
2026-07-31T12:00:00+00:00,orders,/orders,GET,200,178.2,706,47.7,53.3
2026-07-31T13:00:00+00:00,orders,/orders,GET,200,185.6,705,43.6,65.5
2026-07-31T14:00:00+00:00,orders,/orders,GET,200,191.2,717,33.3,69.7
2026-07-31T15:00:00+00:00,orders,/orders,GET,200,187.4,717,34.7,66.2
2026-07-31T16:00:00+00:00,orders,/orders,GET,200,184.9,722,47.7,71.9
2026-07-31T17:00:00+00:00,orders,/orders,GET,200,184.5,665,36.2,48.7
2026-07-31T18:00:00+00:00,orders,/orders,GET,200,201.1,672,35.5,61.9
2026-07-31T19:00:00+00:00,orders,/orders,GET,200,177.9,619,42.2,60.3
2026-07-31T20:00:00+00:00,orders,/orders,GET,200,182.3,620,34.3,64.3
2026-07-31T21:00:00+00:00,orders,/orders,GET,200,203.2,587,41.6,62.3
2026-07-31T22:00:00+00:00,orders,/orders,GET,200,178.7,543,33.6,69.7
2026-07-31T23:00:00+00:00,orders,/orders,GET,200,202.3,375,45.5,56.9
2026-08-01T00:00:00+00:00,orders,/orders,GET,200,153.9,259,45.9,73.0
2026-08-01T01:00:00+00:00,orders,/orders,GET,200,173.8,393,36.1,67.0
2026-08-01T02:00:00+00:00,orders,/orders,GET,200,173.6,240,45.4,71.7
2026-08-01T03:00:00+00:00,orders,/orders,GET,200,184.6,264,53.0,63.7
2026-08-01T04:00:00+00:00,orders,/orders,GET,200,176.1,443,39.4,67.2
2026-08-01T05:00:00+00:00,orders,/orders,GET,200,172.5,341,39.0,50.8
2026-08-01T06:00:00+00:00,orders,/orders,GET,200,177.7,345,39.1,61.3
2026-08-01T07:00:00+00:00,orders,/orders,GET,200,182.5,462,47.7,63.5
2026-08-01T08:00:00+00:00,orders,/orders,GET,200,194.1,459,35.5,67.3
2026-08-01T09:00:00+00:00,orders,/orders,GET,200,156.6,456,39.8,81.1
2026-08-01T10:00:00+00:00,orders,/orders,GET,200,186.3,511,40.4,61.3
2026-08-01T11:00:00+00:00,orders,/orders,GET,200,195.9,502,46.1,55.6
2026-08-01T12:00:00+00:00,orders,/orders,GET,200,190.5,613,50.0,75.7
2026-08-01T13:00:00+00:00,orders,/orders,GET,200,166.0,538,42.7,80.0
2026-08-01T14:00:00+00:00,orders,/orders,GET,200,155.9,491,32.5,79.0
2026-08-01T15:00:00+00:00,orders,/orders,GET,200,184.2,534,41.9,77.1
2026-08-01T16:00:00+00:00,orders,/orders,GET,200,156.4,579,40.0,54.9
2026-08-01T17:00:00+00:00,orders,/orders,GET,200,169.5,446,46.1,64.5
2026-08-01T18:00:00+00:00,orders,/orders,GET,200,193.4,497,37.2,65.3
2026-08-01T19:00:00+00:00,orders,/orders,GET,200,199.3,499,41.9,73.2
2026-08-01T20:00:00+00:00,orders,/orders,GET,200,195.7,449,53.0,71.8
2026-08-01T21:00:00+00:00,orders,/orders,GET,200,186.1,334,36.5,76.9
2026-08-01T22:00:00+00:00,orders,/orders,GET,200,190.1,373,36.8,65.7
2026-08-01T23:00:00+00:00,orders,/orders,GET,200,195.1,347,39.7,72.6
2026-08-02T00:00:00+00:00,orders,/orders,GET,500,269.3,167,48.3,45.8
2026-08-02T01:00:00+00:00,orders,/orders,GET,200,195.7,215,36.7,58.7
2026-08-02T02:00:00+00:00,orders,/orders,GET,200,214.7,262,46.6,63.3
2026-08-02T03:00:00+00:00,orders,/orders,GET,200,170.5,384,35.6,76.2
2026-08-02T04:00:00+00:00,orders,/orders,GET,200,179.2,347,29.9,64.3
2026-08-02T05:00:00+00:00,orders,/orders,GET,200,184.6,336,48.8,70.8
2026-08-02T06:00:00+00:00,orders,/orders,GET,200,188.2,347,34.4,63.1
2026-08-02T07:00:00+00:00,orders,/orders,GET,200,157.1,328,41.9,61.4
2026-08-02T08:00:00+00:00,orders,/orders,GET,200,187.6,439,43.8,56.2
2026-08-02T09:00:00+00:00,orders,/orders,GET,200,199.6,454,38.4,59.8
2026-08-02T10:00:00+00:00,orders,/orders,GET,200,180.4,420,35.8,56.9
2026-08-02T11:00:00+00:00,orders,/orders,GET,200,200.0,607,48.9,74.7
2026-08-02T12:00:00+00:00,orders,/orders,GET,200,169.2,534,36.2,73.2
2026-08-02T13:00:00+00:00,orders,/orders,GET,200,196.1,572,43.8,56.4
2026-08-02T14:00:00+00:00,orders,/orders,GET,200,155.6,500,44.3,53.6
2026-08-02T15:00:00+00:00,orders,/orders,GET,200,178.8,485,42.4,66.6
2026-08-02T16:00:00+00:00,orders,/orders,GET,200,180.9,567,41.9,48.7
2026-08-02T17:00:00+00:00,orders,/orders,GET,200,170.9,476,43.9,70.8
2026-08-02T18:00:00+00:00,orders,/orders,GET,200,209.1,521,47.8,53.5
2026-08-02T19:00:00+00:00,orders,/orders,GET,200,189.5,399,41.5,68.9
2026-08-02T20:00:00+00:00,orders,/orders,GET,200,186.1,384,47.1,74.4
2026-08-02T21:00:00+00:00,orders,/orders,GET,200,177.4,428,35.4,69.4
2026-08-02T22:00:00+00:00,orders,/orders,GET,500,237.3,325,39.9,73.7
2026-08-02T23:00:00+00:00,orders,/orders,GET,200,208.9,355,33.2,72.0
2026-08-03T00:00:00+00:00,orders,/orders,GET,200,173.5,478,39.3,71.3
2026-08-03T01:00:00+00:00,orders,/orders,GET,200,167.4,354,43.7,62.6
2026-08-03T02:00:00+00:00,orders,/orders,GET,200,181.1,433,42.9,66.7
2026-08-03T03:00:00+00:00,orders,/orders,GET,200,177.6,383,32.8,56.7
2026-08-03T04:00:00+00:00,orders,/orders,GET,200,184.9,494,42.8,58.5
2026-08-03T05:00:00+00:00,orders,/orders,GET,200,172.8,463,36.2,68.1
2026-08-03T06:00:00+00:00,orders,/orders,GET,200,160.5,453,44.4,55.7
2026-08-03T07:00:00+00:00,orders,/orders,GET,200,188.1,512,49.0,62.3
2026-08-03T08:00:00+00:00,orders,/orders,GET,200,186.4,538,43.1,75.1
2026-08-03T09:00:00+00:00,orders,/orders,GET,200,187.7,655,46.0,61.9
2026-08-03T10:00:00+00:00,orders,/orders,GET,200,197.0,789,38.5,77.2
2026-08-03T11:00:00+00:00,orders,/orders,GET,200,175.0,716,39.0,64.6
2026-08-03T12:00:00+00:00,orders,/orders,GET,200,161.9,672,37.2,65.2
2026-08-03T13:00:00+00:00,orders,/orders,GET,200,208.8,683,36.3,66.8
2026-08-03T14:00:00+00:00,orders,/orders,GET,200,191.8,763,48.4,71.4
2026-08-03T15:00:00+00:00,orders,/orders,GET,200,202.9,691,44.7,69.9
2026-08-03T16:00:00+00:00,orders,/orders,GET,404,187.0,670,42.7,70.6
2026-08-03T17:00:00+00:00,orders,/orders,GET,200,190.2,756,45.7,75.6
2026-08-03T18:00:00+00:00,orders,/orders,GET,200,188.9,697,47.4,84.2
2026-08-03T19:00:00+00:00,orders,/orders,GET,200,187.8,698,39.9,60.4
2026-08-03T20:00:00+00:00,orders,/orders,GET,200,183.7,676,46.5,79.2
2026-08-03T21:00:00+00:00,orders,/orders,GET,200,176.5,552,39.9,60.7
2026-08-03T22:00:00+00:00,orders,/orders,GET,200,190.7,440,42.6,73.8
2026-08-03T23:00:00+00:00,orders,/orders,GET,200,171.5,502,39.5,68.2
2026-08-04T00:00:00+00:00,orders,/orders,GET,200,182.2,431,43.2,56.7
2026-08-04T01:00:00+00:00,orders,/orders,GET,200,199.7,468,47.0,50.9
2026-08-04T02:00:00+00:00,orders,/orders,GET,200,183.0,374,47.9,68.6
2026-08-04T03:00:00+00:00,orders,/orders,GET,200,170.9,436,35.0,59.0
2026-08-04T04:00:00+00:00,orders,/orders,GET,200,189.6,461,38.4,66.8
2026-08-04T05:00:00+00:00,orders,/orders,GET,200,174.4,501,44.9,77.7
2026-07-21T06:00:00+00:00,inventory,/inventory,GET,200,221.4,349,41.7,63.9
2026-07-21T07:00:00+00:00,inventory,/inventory,GET,200,241.1,400,45.8,89.7
2026-07-21T08:00:00+00:00,inventory,/inventory,GET,200,246.2,395,46.2,65.7
2026-07-21T09:00:00+00:00,inventory,/inventory,GET,200,236.3,404,45.9,80.8
2026-07-21T10:00:00+00:00,inventory,/inventory,GET,200,185.6,453,41.5,62.8
2026-07-21T11:00:00+00:00,inventory,/inventory,GET,200,230.4,494,42.3,78.3
2026-07-21T12:00:00+00:00,inventory,/inventory,GET,200,210.0,495,46.5,73.8
2026-07-21T13:00:00+00:00,inventory,/inventory,GET,200,211.5,543,49.3,76.2
2026-07-21T14:00:00+00:00,inventory,/inventory,GET,200,253.7,446,41.4,67.6
2026-07-21T15:00:00+00:00,inventory,/inventory,GET,200,209.1,568,42.6,67.4
2026-07-21T16:00:00+00:00,inventory,/inventory,GET,200,206.4,509,52.6,76.3
2026-07-21T17:00:00+00:00,inventory,/inventory,GET,200,224.2,487,46.0,74.2
2026-07-21T18:00:00+00:00,inventory,/inventory,GET,200,203.9,465,40.7,80.5
2026-07-21T19:00:00+00:00,inventory,/inventory,GET,200,223.2,445,44.0,88.7
2026-07-21T20:00:00+00:00,inventory,/inventory,GET,200,216.8,428,43.4,70.7
2026-07-21T21:00:00+00:00,inventory,/inventory,GET,200,238.0,371,47.5,75.9
2026-07-21T22:00:00+00:00,inventory,/inventory,GET,200,178.3,373,52.5,63.7
2026-07-21T23:00:00+00:00,inventory,/inventory,GET,200,215.2,364,47.1,60.6
2026-07-22T00:00:00+00:00,inventory,/inventory,GET,200,225.7,263,48.4,74.7
2026-07-22T01:00:00+00:00,inventory,/inventory,GET,200,219.0,342,46.5,80.9
2026-07-22T02:00:00+00:00,inventory,/inventory,GET,200,222.0,351,46.0,77.5
2026-07-22T03:00:00+00:00,inventory,/inventory,GET,200,238.7,360,41.4,75.1
2026-07-22T04:00:00+00:00,inventory,/inventory,GET,200,211.3,351,51.0,69.0
2026-07-22T05:00:00+00:00,inventory,/inventory,GET,200,211.4,338,47.1,79.8
2026-07-22T06:00:00+00:00,inventory,/inventory,GET,200,244.6,403,42.7,63.5
2026-07-22T07:00:00+00:00,inventory,/inventory,GET,200,218.7,364,39.1,75.2
2026-07-22T08:00:00+00:00,inventory,/inventory,GET,200,198.6,455,31.6,75.3
2026-07-22T09:00:00+00:00,inventory,/inventory,GET,200,242.7,439,54.4,78.8
2026-07-22T10:00:00+00:00,inventory,/inventory,GET,200,219.7,427,44.8,69.4
2026-07-22T11:00:00+00:00,inventory,/inventory,GET,200,226.7,435,49.4,74.4
2026-07-22T12:00:00+00:00,inventory,/inventory,GET,200,211.1,481,42.5,72.2
2026-07-22T13:00:00+00:00,inventory,/inventory,GET,200,235.4,486,47.9,86.0
2026-07-22T14:00:00+00:00,inventory,/inventory,GET,200,230.9,512,50.4,81.7
2026-07-22T15:00:00+00:00,inventory,/inventory,GET,200,232.8,509,41.5,77.2
2026-07-22T16:00:00+00:00,inventory,/inventory,GET,200,245.7,535,48.6,82.4
2026-07-22T17:00:00+00:00,inventory,/inventory,GET,200,217.0,431,46.9,67.4
2026-07-22T18:00:00+00:00,inventory,/inventory,GET,200,236.1,419,54.5,79.4
2026-07-22T19:00:00+00:00,inventory,/inventory,GET,200,224.9,404,41.9,81.9
2026-07-22T20:00:00+00:00,inventory,/inventory,GET,200,221.1,419,54.6,58.8
2026-07-22T21:00:00+00:00,inventory,/inventory,GET,200,211.2,362,46.9,66.6
2026-07-22T22:00:00+00:00,inventory,/inventory,GET,200,183.2,341,43.0,78.5
2026-07-22T23:00:00+00:00,inventory,/inventory,GET,200,247.8,352,42.3,83.6
2026-07-23T00:00:00+00:00,inventory,/inventory,GET,200,224.5,322,46.6,80.9
2026-07-23T01:00:00+00:00,inventory,/inventory,GET,200,209.0,278,36.6,79.4
2026-07-23T02:00:00+00:00,inventory,/inventory,GET,200,216.1,323,46.4,75.6
2026-07-23T03:00:00+00:00,inventory,/inventory,GET,200,210.0,340,48.6,76.3
2026-07-23T04:00:00+00:00,inventory,/inventory,GET,200,204.7,334,51.0,75.3
2026-07-23T05:00:00+00:00,inventory,/inventory,GET,200,230.2,321,40.1,60.2
2026-07-23T06:00:00+00:00,inventory,/inventory,GET,200,244.1,337,52.5,85.2
2026-07-23T07:00:00+00:00,inventory,/inventory,GET,200,208.0,392,32.6,77.2
2026-07-23T08:00:00+00:00,inventory,/inventory,GET,200,235.8,322,45.0,69.3
2026-07-23T09:00:00+00:00,inventory,/inventory,GET,200,202.9,404,38.9,72.3
2026-07-23T10:00:00+00:00,inventory,/inventory,GET,200,212.2,402,41.5,76.7
2026-07-23T11:00:00+00:00,inventory,/inventory,GET,404,220.0,542,48.6,68.0
2026-07-23T12:00:00+00:00,inventory,/inventory,GET,200,199.9,570,45.3,74.2
2026-07-23T13:00:00+00:00,inventory,/inventory,GET,200,222.1,512,42.4,79.9
2026-07-23T14:00:00+00:00,inventory,/inventory,GET,200,244.6,543,42.2,79.0
2026-07-23T15:00:00+00:00,inventory,/inventory,GET,200,249.9,515,53.7,66.2
2026-07-23T16:00:00+00:00,inventory,/inventory,GET,200,188.0,498,37.6,82.2
2026-07-23T17:00:00+00:00,inventory,/inventory,GET,404,201.5,453,45.0,85.1
2026-07-23T18:00:00+00:00,inventory,/inventory,GET,200,226.7,497,46.9,77.4
2026-07-23T19:00:00+00:00,inventory,/inventory,GET,200,207.3,429,49.4,81.6
2026-07-23T20:00:00+00:00,inventory,/inventory,GET,200,161.0,438,37.4,77.2
2026-07-23T21:00:00+00:00,inventory,/inventory,GET,200,218.2,384,46.3,71.0
2026-07-23T22:00:00+00:00,inventory,/inventory,GET,200,192.8,379,47.2,70.4
2026-07-23T23:00:00+00:00,inventory,/inventory,GET,200,201.1,328,45.9,71.9
2026-07-24T00:00:00+00:00,inventory,/inventory,GET,200,213.4,214,38.5,76.1
2026-07-24T01:00:00+00:00,inventory,/inventory,GET,200,216.3,287,51.6,70.3
2026-07-24T02:00:00+00:00,inventory,/inventory,GET,200,254.9,311,48.3,69.8
2026-07-24T03:00:00+00:00,inventory,/inventory,GET,404,229.5,285,45.6,78.0
2026-07-24T04:00:00+00:00,inventory,/inventory,GET,200,228.0,360,39.3,75.7
2026-07-24T05:00:00+00:00,inventory,/inventory,GET,200,226.4,331,37.5,61.5
2026-07-24T06:00:00+00:00,inventory,/inventory,GET,200,229.3,390,43.3,60.5
2026-07-24T07:00:00+00:00,inventory,/inventory,GET,200,216.4,430,46.4,59.5
2026-07-24T08:00:00+00:00,inventory,/inventory,GET,200,204.6,391,53.1,86.8
2026-07-24T09:00:00+00:00,inventory,/inventory,GET,200,246.1,418,47.2,78.8
2026-07-24T10:00:00+00:00,inventory,/inventory,GET,200,252.8,449,51.5,68.8
2026-07-24T11:00:00+00:00,inventory,/inventory,GET,200,233.2,475,45.9,74.2
2026-07-24T12:00:00+00:00,inventory,/inventory,GET,200,223.1,503,51.4,63.2
2026-07-24T13:00:00+00:00,inventory,/inventory,GET,200,201.6,490,41.4,80.3
2026-07-24T14:00:00+00:00,inventory,/inventory,GET,200,209.9,494,44.5,71.0
2026-07-24T15:00:00+00:00,inventory,/inventory,GET,200,212.0,520,48.4,70.2
2026-07-24T16:00:00+00:00,inventory,/inventory,GET,200,205.6,445,42.7,65.8
2026-07-24T17:00:00+00:00,inventory,/inventory,GET,200,237.9,453,56.4,82.0
2026-07-24T18:00:00+00:00,inventory,/inventory,GET,200,215.4,469,46.6,71.3
2026-07-24T19:00:00+00:00,inventory,/inventory,GET,200,228.5,405,43.6,59.6
2026-07-24T20:00:00+00:00,inventory,/inventory,GET,200,226.4,428,58.0,67.1
2026-07-24T21:00:00+00:00,inventory,/inventory,GET,200,217.7,353,42.3,73.0
2026-07-24T22:00:00+00:00,inventory,/inventory,GET,200,201.8,346,51.6,81.0
2026-07-24T23:00:00+00:00,inventory,/inventory,GET,200,188.6,289,47.6,78.4
2026-07-25T00:00:00+00:00,inventory,/inventory,GET,200,273.0,287,41.6,76.6
2026-07-25T01:00:00+00:00,inventory,/inventory,GET,200,235.1,201,46.5,65.5
2026-07-25T02:00:00+00:00,inventory,/inventory,GET,200,215.3,191,47.1,55.8
2026-07-25T03:00:00+00:00,inventory,/inventory,GET,200,225.7,184,43.9,51.4
2026-07-25T04:00:00+00:00,inventory,/inventory,GET,404,219.4,251,44.9,79.4
2026-07-25T05:00:00+00:00,inventory,/inventory,GET,200,195.8,258,45.0,84.0
2026-07-25T06:00:00+00:00,inventory,/inventory,GET,200,224.0,258,44.3,77.4
2026-07-25T07:00:00+00:00,inventory,/inventory,GET,200,251.9,280,50.2,78.4
2026-07-25T08:00:00+00:00,inventory,/inventory,GET,200,189.2,285,50.4,87.2
2026-07-25T09:00:00+00:00,inventory,/inventory,GET,200,207.0,353,43.5,86.3
2026-07-25T10:00:00+00:00,inventory,/inventory,GET,200,230.4,388,40.7,86.0
2026-07-25T11:00:00+00:00,inventory,/inventory,GET,500,334.9,369,42.1,65.1
2026-07-25T12:00:00+00:00,inventory,/inventory,GET,200,230.1,346,52.0,76.6
2026-07-25T13:00:00+00:00,inventory,/inventory,GET,200,225.6,376,45.4,66.1
2026-07-25T14:00:00+00:00,inventory,/inventory,GET,200,219.6,354,44.8,81.8
2026-07-25T15:00:00+00:00,inventory,/inventory,GET,200,217.6,365,44.3,76.0
2026-07-25T16:00:00+00:00,inventory,/inventory,GET,200,226.9,378,40.6,70.6
2026-07-25T17:00:00+00:00,inventory,/inventory,GET,200,200.9,314,46.0,77.1
2026-07-25T18:00:00+00:00,inventory,/inventory,GET,200,216.5,349,43.5,66.6
2026-07-25T19:00:00+00:00,inventory,/inventory,GET,200,217.8,310,41.0,96.3
2026-07-25T20:00:00+00:00,inventory,/inventory,GET,200,223.5,278,54.9,78.1
2026-07-25T21:00:00+00:00,inventory,/inventory,GET,200,185.6,276,47.3,75.7
2026-07-25T22:00:00+00:00,inventory,/inventory,GET,200,196.1,294,53.7,75.1
2026-07-25T23:00:00+00:00,inventory,/inventory,GET,200,221.7,258,42.7,72.7
2026-07-26T00:00:00+00:00,inventory,/inventory,GET,200,223.0,171,50.9,83.6
2026-07-26T01:00:00+00:00,inventory,/inventory,GET,200,215.5,210,48.0,79.7
2026-07-26T02:00:00+00:00,inventory,/inventory,GET,200,228.4,257,51.0,74.4
2026-07-26T03:00:00+00:00,inventory,/inventory,GET,200,190.3,180,56.0,75.9
2026-07-26T04:00:00+00:00,inventory,/inventory,GET,200,252.9,158,49.5,78.1
2026-07-26T05:00:00+00:00,inventory,/inventory,GET,200,239.1,251,35.0,78.8
2026-07-26T06:00:00+00:00,inventory,/inventory,GET,200,217.1,225,43.7,76.9
2026-07-26T07:00:00+00:00,inventory,/inventory,GET,200,210.9,257,51.8,72.7
2026-07-26T08:00:00+00:00,inventory,/inventory,GET,200,194.4,344,46.5,72.2
2026-07-26T09:00:00+00:00,inventory,/inventory,GET,200,250.6,356,44.8,71.1
2026-07-26T10:00:00+00:00,inventory,/inventory,GET,200,204.0,301,46.5,79.9
2026-07-26T11:00:00+00:00,inventory,/inventory,GET,200,211.5,378,42.7,72.6
2026-07-26T12:00:00+00:00,inventory,/inventory,GET,200,186.7,386,43.2,85.7
2026-07-26T13:00:00+00:00,inventory,/inventory,GET,200,218.7,463,53.1,88.7
2026-07-26T14:00:00+00:00,inventory,/inventory,GET,200,204.9,303,49.2,78.7
2026-07-26T15:00:00+00:00,inventory,/inventory,GET,200,183.9,381,41.6,78.2
2026-07-26T16:00:00+00:00,inventory,/inventory,GET,200,194.7,426,44.7,87.7
2026-07-26T17:00:00+00:00,inventory,/inventory,GET,200,195.9,357,45.3,84.3
2026-07-26T18:00:00+00:00,inventory,/inventory,GET,200,204.7,324,43.8,65.6
2026-07-26T19:00:00+00:00,inventory,/inventory,GET,200,203.4,309,49.5,66.5
2026-07-26T20:00:00+00:00,inventory,/inventory,GET,200,226.0,349,49.9,74.6
2026-07-26T21:00:00+00:00,inventory,/inventory,GET,200,217.8,328,56.5,81.4
2026-07-26T22:00:00+00:00,inventory,/inventory,GET,200,221.0,225,42.4,75.6
2026-07-26T23:00:00+00:00,inventory,/inventory,GET,200,202.9,233,43.4,84.2
2026-07-27T00:00:00+00:00,inventory,/inventory,GET,200,214.3,240,47.4,64.6
2026-07-27T01:00:00+00:00,inventory,/inventory,GET,200,235.3,397,41.0,73.1
2026-07-27T02:00:00+00:00,inventory,/inventory,GET,200,217.5,244,50.0,76.0
2026-07-27T03:00:00+00:00,inventory,/inventory,GET,200,202.7,311,39.9,79.2
2026-07-27T04:00:00+00:00,inventory,/inventory,GET,200,245.8,343,38.4,77.8
2026-07-27T05:00:00+00:00,inventory,/inventory,GET,200,209.7,369,49.4,80.2
2026-07-27T06:00:00+00:00,inventory,/inventory,GET,200,205.1,303,47.6,82.4
2026-07-27T07:00:00+00:00,inventory,/inventory,GET,200,202.7,422,45.5,70.0
2026-07-27T08:00:00+00:00,inventory,/inventory,GET,200,236.3,377,39.4,83.4
2026-07-27T09:00:00+00:00,inventory,/inventory,GET,200,231.9,409,47.3,56.5
2026-07-27T10:00:00+00:00,inventory,/inventory,GET,200,248.7,498,49.4,85.4
2026-07-27T11:00:00+00:00,inventory,/inventory,GET,200,201.0,487,44.2,71.1
2026-07-27T12:00:00+00:00,inventory,/inventory,GET,404,210.6,483,36.5,78.0
2026-07-27T13:00:00+00:00,inventory,/inventory,GET,200,211.3,529,41.2,69.2
2026-07-27T14:00:00+00:00,inventory,/inventory,GET,200,212.2,496,39.4,70.7
2026-07-27T15:00:00+00:00,inventory,/inventory,GET,200,223.0,529,45.2,72.2
2026-07-27T16:00:00+00:00,inventory,/inventory,GET,200,207.4,515,47.4,72.8
2026-07-27T17:00:00+00:00,inventory,/inventory,GET,200,198.7,462,43.6,64.0
2026-07-27T18:00:00+00:00,inventory,/inventory,GET,200,226.4,418,48.0,72.5
2026-07-27T19:00:00+00:00,inventory,/inventory,GET,200,224.5,423,40.3,78.5
2026-07-27T20:00:00+00:00,inventory,/inventory,GET,200,206.7,394,40.0,72.3
2026-07-27T21:00:00+00:00,inventory,/inventory,GET,200,238.1,414,35.8,56.9
2026-07-27T22:00:00+00:00,inventory,/inventory,GET,200,199.2,433,44.4,84.7
2026-07-27T23:00:00+00:00,inventory,/inventory,GET,200,219.5,353,50.4,81.5
2026-07-28T00:00:00+00:00,inventory,/inventory,GET,404,220.5,285,39.9,66.0
2026-07-28T01:00:00+00:00,inventory,/inventory,GET,200,223.7,339,53.2,84.5
2026-07-28T02:00:00+00:00,inventory,/inventory,GET,500,296.7,265,39.4,69.8
2026-07-28T03:00:00+00:00,inventory,/inventory,GET,404,250.5,282,43.9,82.9
2026-07-28T04:00:00+00:00,inventory,/inventory,GET,200,205.2,293,44.9,63.1
2026-07-28T05:00:00+00:00,inventory,/inventory,GET,200,234.0,309,40.8,58.3
2026-07-28T06:00:00+00:00,inventory,/inventory,GET,200,222.9,301,50.8,67.8
2026-07-28T07:00:00+00:00,inventory,/inventory,GET,200,234.9,328,48.1,68.2
2026-07-28T08:00:00+00:00,inventory,/inventory,GET,200,217.3,381,42.5,60.8
2026-07-28T09:00:00+00:00,inventory,/inventory,GET,200,217.3,458,60.1,78.5
2026-07-28T10:00:00+00:00,inventory,/inventory,GET,200,212.5,430,37.7,65.0
2026-07-28T11:00:00+00:00,inventory,/inventory,GET,200,224.1,479,41.0,78.8
2026-07-28T12:00:00+00:00,inventory,/inventory,GET,200,216.3,522,45.2,77.7
2026-07-28T13:00:00+00:00,inventory,/inventory,GET,200,210.1,542,51.7,75.4
2026-07-28T14:00:00+00:00,inventory,/inventory,GET,200,206.8,562,37.5,72.0
2026-07-28T15:00:00+00:00,inventory,/inventory,GET,200,182.7,545,44.8,70.2
2026-07-28T16:00:00+00:00,inventory,/inventory,GET,200,199.2,492,57.6,74.5
2026-07-28T17:00:00+00:00,inventory,/inventory,GET,200,230.3,514,51.8,76.8
2026-07-28T18:00:00+00:00,inventory,/inventory,GET,200,212.9,434,49.4,69.6
2026-07-28T19:00:00+00:00,inventory,/inventory,GET,404,237.2,417,48.1,77.1
2026-07-28T20:00:00+00:00,inventory,/inventory,GET,200,205.2,375,47.3,81.2
2026-07-28T21:00:00+00:00,inventory,/inventory,GET,200,206.2,366,46.1,77.1
2026-07-28T22:00:00+00:00,inventory,/inventory,GET,200,223.2,330,38.6,76.2
2026-07-28T23:00:00+00:00,inventory,/inventory,GET,200,224.9,305,40.5,67.9
2026-07-29T00:00:00+00:00,inventory,/inventory,GET,200,209.8,284,49.2,62.5
2026-07-29T01:00:00+00:00,inventory,/inventory,GET,200,215.1,347,43.4,74.9
2026-07-29T02:00:00+00:00,inventory,/inventory,GET,200,223.8,255,42.9,62.5
2026-07-29T03:00:00+00:00,inventory,/inventory,GET,200,254.5,304,37.8,62.2
2026-07-29T04:00:00+00:00,inventory,/inventory,GET,200,193.3,276,50.1,68.1
2026-07-29T05:00:00+00:00,inventory,/inventory,GET,200,235.7,301,50.1,86.0
2026-07-29T06:00:00+00:00,inventory,/inventory,GET,200,239.6,394,47.3,67.2
2026-07-29T07:00:00+00:00,inventory,/inventory,GET,200,216.4,341,40.0,79.8
2026-07-29T08:00:00+00:00,inventory,/inventory,GET,200,230.7,381,48.6,64.2
2026-07-29T09:00:00+00:00,inventory,/inventory,GET,200,198.5,441,46.6,85.7
2026-07-29T10:00:00+00:00,inventory,/inventory,GET,200,210.9,426,41.3,69.1
2026-07-29T11:00:00+00:00,inventory,/inventory,GET,200,259.3,519,48.2,75.6
2026-07-29T12:00:00+00:00,inventory,/inventory,GET,200,234.2,473,44.8,71.1
2026-07-29T13:00:00+00:00,inventory,/inventory,GET,200,205.7,550,48.8,74.0
2026-07-29T14:00:00+00:00,inventory,/inventory,GET,200,234.7,483,48.5,85.4
2026-07-29T15:00:00+00:00,inventory,/inventory,GET,200,212.2,535,51.0,71.0
2026-07-29T16:00:00+00:00,inventory,/inventory,GET,200,221.2,504,51.1,73.3
2026-07-29T17:00:00+00:00,inventory,/inventory,GET,200,236.3,455,53.4,78.1
2026-07-29T18:00:00+00:00,inventory,/inventory,GET,200,193.0,501,46.7,86.4
2026-07-29T19:00:00+00:00,inventory,/inventory,GET,200,231.6,408,38.9,70.7
2026-07-29T20:00:00+00:00,inventory,/inventory,GET,200,246.5,348,47.6,70.1
2026-07-29T21:00:00+00:00,inventory,/inventory,GET,200,225.1,382,54.0,75.3
2026-07-29T22:00:00+00:00,inventory,/inventory,GET,200,219.5,360,42.8,67.5
2026-07-29T23:00:00+00:00,inventory,/inventory,GET,200,208.7,296,48.5,82.6
2026-07-30T00:00:00+00:00,inventory,/inventory,GET,200,228.9,292,40.8,67.6
2026-07-30T01:00:00+00:00,inventory,/inventory,GET,200,219.8,260,41.4,71.8
2026-07-30T02:00:00+00:00,inventory,/inventory,GET,200,211.7,285,38.4,75.4
2026-07-30T03:00:00+00:00,inventory,/inventory,GET,200,214.8,386,47.0,65.2
2026-07-30T04:00:00+00:00,inventory,/inventory,GET,200,230.5,336,45.3,53.7
2026-07-30T05:00:00+00:00,inventory,/inventory,GET,200,205.5,331,50.3,76.4
2026-07-30T06:00:00+00:00,inventory,/inventory,GET,200,218.4,310,45.5,65.7
2026-07-30T07:00:00+00:00,inventory,/inventory,GET,200,224.6,371,53.4,67.8
2026-07-30T08:00:00+00:00,inventory,/inventory,GET,200,227.5,437,46.8,76.3
2026-07-30T09:00:00+00:00,inventory,/inventory,GET,200,209.8,413,51.2,78.7
2026-07-30T10:00:00+00:00,inventory,/inventory,GET,200,230.6,477,46.5,72.9
2026-07-30T11:00:00+00:00,inventory,/inventory,GET,200,214.5,467,37.4,78.8
2026-07-30T12:00:00+00:00,inventory,/inventory,GET,200,223.0,443,49.0,68.4
2026-07-30T13:00:00+00:00,inventory,/inventory,GET,200,215.9,529,30.1,74.6
2026-07-30T14:00:00+00:00,inventory,/inventory,GET,200,229.2,473,48.0,86.6
2026-07-30T15:00:00+00:00,inventory,/inventory,GET,200,211.3,512,48.5,81.0
2026-07-30T16:00:00+00:00,inventory,/inventory,GET,200,198.3,501,40.3,82.6
2026-07-30T17:00:00+00:00,inventory,/inventory,GET,200,218.0,486,50.9,70.1
2026-07-30T18:00:00+00:00,inventory,/inventory,GET,200,215.4,455,52.2,68.4
2026-07-30T19:00:00+00:00,inventory,/inventory,GET,200,202.9,488,44.0,79.4
2026-07-30T20:00:00+00:00,inventory,/inventory,GET,200,239.2,359,46.0,61.0
2026-07-30T21:00:00+00:00,inventory,/inventory,GET,200,243.0,348,48.7,83.1
2026-07-30T22:00:00+00:00,inventory,/inventory,GET,200,220.6,361,50.3,79.3
2026-07-30T23:00:00+00:00,inventory,/inventory,GET,200,223.6,325,55.9,84.3
2026-07-31T00:00:00+00:00,inventory,/inventory,GET,200,212.3,349,45.3,70.1
2026-07-31T01:00:00+00:00,inventory,/inventory,GET,200,188.6,255,34.0,65.6
2026-07-31T02:00:00+00:00,inventory,/inventory,GET,200,239.7,289,52.6,69.5
2026-07-31T03:00:00+00:00,inventory,/inventory,GET,200,319.7,231,46.6,103.8
2026-07-31T04:00:00+00:00,inventory,/inventory,GET,200,274.0,310,45.1,118.5
2026-07-31T05:00:00+00:00,inventory,/inventory,GET,200,307.1,288,52.2,107.3
2026-07-31T06:00:00+00:00,inventory,/inventory,GET,200,328.9,381,47.4,132.2
2026-07-31T07:00:00+00:00,inventory,/inventory,GET,200,302.6,384,42.6,110.6
2026-07-31T08:00:00+00:00,inventory,/inventory,GET,200,324.3,430,52.7,107.2
2026-07-31T09:00:00+00:00,inventory,/inventory,GET,200,279.5,467,34.2,111.9
2026-07-31T10:00:00+00:00,inventory,/inventory,GET,500,440.4,491,47.4,99.6
2026-07-31T11:00:00+00:00,inventory,/inventory,GET,200,272.2,498,35.3,102.8
2026-07-31T12:00:00+00:00,inventory,/inventory,GET,200,316.6,463,48.1,113.3
2026-07-31T13:00:00+00:00,inventory,/inventory,GET,200,309.8,543,46.7,96.9
2026-07-31T14:00:00+00:00,inventory,/inventory,GET,200,307.3,500,42.4,89.8
2026-07-31T15:00:00+00:00,inventory,/inventory,GET,200,314.1,551,45.7,107.9
2026-07-31T16:00:00+00:00,inventory,/inventory,GET,200,281.8,469,51.8,120.7
2026-07-31T17:00:00+00:00,inventory,/inventory,GET,200,274.6,500,47.4,114.6
2026-07-31T18:00:00+00:00,inventory,/inventory,GET,200,300.2,475,48.6,97.5
2026-07-31T19:00:00+00:00,inventory,/inventory,GET,500,365.2,445,36.0,101.2
2026-07-31T20:00:00+00:00,inventory,/inventory,GET,200,203.6,382,47.3,72.8
2026-07-31T21:00:00+00:00,inventory,/inventory,GET,200,225.0,378,42.9,87.3
2026-07-31T22:00:00+00:00,inventory,/inventory,GET,200,202.4,296,50.6,79.8
2026-07-31T23:00:00+00:00,inventory,/inventory,GET,200,202.5,334,51.4,53.0
2026-08-01T00:00:00+00:00,inventory,/inventory,GET,200,216.5,265,52.2,85.6
2026-08-01T01:00:00+00:00,inventory,/inventory,GET,200,211.2,190,48.0,77.0
2026-08-01T02:00:00+00:00,inventory,/inventory,GET,200,213.8,179,47.3,73.0
2026-08-01T03:00:00+00:00,inventory,/inventory,GET,500,258.2,172,51.7,74.9
2026-08-01T04:00:00+00:00,inventory,/inventory,GET,200,233.6,263,49.9,68.6
2026-08-01T05:00:00+00:00,inventory,/inventory,GET,200,208.8,228,42.1,66.5
2026-08-01T06:00:00+00:00,inventory,/inventory,GET,200,216.9,246,48.5,82.5
2026-08-01T07:00:00+00:00,inventory,/inventory,GET,200,204.1,279,49.7,74.2
2026-08-01T08:00:00+00:00,inventory,/inventory,GET,200,229.4,320,46.4,64.1
2026-08-01T09:00:00+00:00,inventory,/inventory,GET,200,208.1,302,49.1,87.4
2026-08-01T10:00:00+00:00,inventory,/inventory,GET,200,221.8,316,45.3,71.9
2026-08-01T11:00:00+00:00,inventory,/inventory,GET,200,226.3,326,48.9,61.3
2026-08-01T12:00:00+00:00,inventory,/inventory,GET,200,215.0,384,47.3,65.0
2026-08-01T13:00:00+00:00,inventory,/inventory,GET,200,196.8,367,44.5,78.7
2026-08-01T14:00:00+00:00,inventory,/inventory,GET,200,204.6,383,52.7,81.6
2026-08-01T15:00:00+00:00,inventory,/inventory,GET,200,239.5,381,35.5,75.6
2026-08-01T16:00:00+00:00,inventory,/inventory,GET,200,224.9,335,51.2,83.6
2026-08-01T17:00:00+00:00,inventory,/inventory,GET,200,228.8,358,45.4,71.4
2026-08-01T18:00:00+00:00,inventory,/inventory,GET,200,222.8,317,40.2,87.9
2026-08-01T19:00:00+00:00,inventory,/inventory,GET,200,201.5,287,52.4,92.6
2026-08-01T20:00:00+00:00,inventory,/inventory,GET,200,204.0,318,52.7,73.7
2026-08-01T21:00:00+00:00,inventory,/inventory,GET,200,191.5,267,46.1,81.1
2026-08-01T22:00:00+00:00,inventory,/inventory,GET,200,214.5,238,45.5,73.6
2026-08-01T23:00:00+00:00,inventory,/inventory,GET,200,225.5,182,52.0,76.1
2026-08-02T00:00:00+00:00,inventory,/inventory,GET,200,202.6,239,46.4,84.2
2026-08-02T01:00:00+00:00,inventory,/inventory,GET,200,217.1,231,44.0,85.1
2026-08-02T02:00:00+00:00,inventory,/inventory,GET,200,245.8,195,51.2,63.7
2026-08-02T03:00:00+00:00,inventory,/inventory,GET,200,184.5,224,38.7,81.9
2026-08-02T04:00:00+00:00,inventory,/inventory,GET,200,194.0,180,55.6,81.3
2026-08-02T05:00:00+00:00,inventory,/inventory,GET,200,226.3,213,51.9,70.7
2026-08-02T06:00:00+00:00,inventory,/inventory,GET,200,237.7,312,45.8,71.3
2026-08-02T07:00:00+00:00,inventory,/inventory,GET,200,214.5,285,41.4,82.3
2026-08-02T08:00:00+00:00,inventory,/inventory,GET,200,217.6,283,45.1,68.8
2026-08-02T09:00:00+00:00,inventory,/inventory,GET,200,233.1,344,52.1,70.1
2026-08-02T10:00:00+00:00,inventory,/inventory,GET,200,207.4,335,43.6,79.0
2026-08-02T11:00:00+00:00,inventory,/inventory,GET,200,226.3,381,39.9,74.8
2026-08-02T12:00:00+00:00,inventory,/inventory,GET,200,200.5,349,44.2,84.8
2026-08-02T13:00:00+00:00,inventory,/inventory,GET,200,181.0,402,55.7,80.8
2026-08-02T14:00:00+00:00,inventory,/inventory,GET,200,211.3,399,48.3,73.0
2026-08-02T15:00:00+00:00,inventory,/inventory,GET,200,220.8,308,39.0,72.5
2026-08-02T16:00:00+00:00,inventory,/inventory,GET,200,217.6,350,42.9,81.1
2026-08-02T17:00:00+00:00,inventory,/inventory,GET,200,233.7,414,47.3,93.3
2026-08-02T18:00:00+00:00,inventory,/inventory,GET,200,241.2,310,42.9,83.5
2026-08-02T19:00:00+00:00,inventory,/inventory,GET,200,225.1,290,52.0,84.4
2026-08-02T20:00:00+00:00,inventory,/inventory,GET,200,224.6,209,46.2,71.5
2026-08-02T21:00:00+00:00,inventory,/inventory,GET,200,254.6,310,45.0,67.6
2026-08-02T22:00:00+00:00,inventory,/inventory,GET,200,195.6,237,48.1,78.8
2026-08-02T23:00:00+00:00,inventory,/inventory,GET,200,229.8,254,48.6,83.4
2026-08-03T00:00:00+00:00,inventory,/inventory,GET,200,234.1,288,43.1,72.8
2026-08-03T01:00:00+00:00,inventory,/inventory,GET,404,231.7,262,49.4,81.0
2026-08-03T02:00:00+00:00,inventory,/inventory,GET,200,172.2,283,42.2,84.9
2026-08-03T03:00:00+00:00,inventory,/inventory,GET,200,203.0,379,43.5,72.0
2026-08-03T04:00:00+00:00,inventory,/inventory,GET,200,229.6,259,44.8,56.9
2026-08-03T05:00:00+00:00,inventory,/inventory,GET,200,236.7,311,48.9,66.7
2026-08-03T06:00:00+00:00,inventory,/inventory,GET,404,201.9,319,48.0,92.5
2026-08-03T07:00:00+00:00,inventory,/inventory,GET,200,215.4,339,45.0,71.0
2026-08-03T08:00:00+00:00,inventory,/inventory,GET,200,241.8,384,56.2,67.9
2026-08-03T09:00:00+00:00,inventory,/inventory,GET,200,206.6,451,43.1,78.7
2026-08-03T10:00:00+00:00,inventory,/inventory,GET,200,214.6,469,45.2,65.4
2026-08-03T11:00:00+00:00,inventory,/inventory,GET,200,250.9,468,51.2,72.4
2026-08-03T12:00:00+00:00,inventory,/inventory,GET,200,216.1,489,47.5,82.8
2026-08-03T13:00:00+00:00,inventory,/inventory,GET,200,238.0,587,46.1,70.6
2026-08-03T14:00:00+00:00,inventory,/inventory,GET,200,231.5,480,43.9,61.0
2026-08-03T15:00:00+00:00,inventory,/inventory,GET,200,235.1,481,55.0,77.9
2026-08-03T16:00:00+00:00,inventory,/inventory,GET,200,212.9,467,46.3,74.1
2026-08-03T17:00:00+00:00,inventory,/inventory,GET,200,202.8,501,40.0,60.1
2026-08-03T18:00:00+00:00,inventory,/inventory,GET,200,207.8,450,48.9,78.4
2026-08-03T19:00:00+00:00,inventory,/inventory,GET,200,196.8,431,36.8,67.5
2026-08-03T20:00:00+00:00,inventory,/inventory,GET,200,211.7,397,39.5,73.2
2026-08-03T21:00:00+00:00,inventory,/inventory,GET,200,225.6,400,47.9,71.0
2026-08-03T22:00:00+00:00,inventory,/inventory,GET,200,238.8,284,43.4,79.2
2026-08-03T23:00:00+00:00,inventory,/inventory,GET,200,217.4,268,46.9,77.3
2026-08-04T00:00:00+00:00,inventory,/inventory,GET,200,196.3,347,44.3,67.8
2026-08-04T01:00:00+00:00,inventory,/inventory,GET,200,233.1,329,46.4,72.8
2026-08-04T02:00:00+00:00,inventory,/inventory,GET,200,221.5,260,48.0,72.0
2026-08-04T03:00:00+00:00,inventory,/inventory,GET,200,254.8,320,38.9,64.1
2026-08-04T04:00:00+00:00,inventory,/inventory,GET,200,210.7,253,50.2,79.8
2026-08-04T05:00:00+00:00,inventory,/inventory,GET,200,210.7,356,44.2,81.0
2026-07-21T06:00:00+00:00,identity,/identity,POST,200,133.7,234,34.7,64.5
2026-07-21T07:00:00+00:00,identity,/identity,POST,200,167.5,299,41.2,58.5
2026-07-21T08:00:00+00:00,identity,/identity,POST,200,153.4,347,39.4,50.9
2026-07-21T09:00:00+00:00,identity,/identity,POST,200,146.5,347,40.6,44.7
2026-07-21T10:00:00+00:00,identity,/identity,POST,200,149.3,357,34.9,42.3
2026-07-21T11:00:00+00:00,identity,/identity,POST,200,169.0,390,40.9,60.8
2026-07-21T12:00:00+00:00,identity,/identity,POST,200,134.9,447,37.3,57.9
2026-07-21T13:00:00+00:00,identity,/identity,POST,200,160.1,400,44.3,60.1
2026-07-21T14:00:00+00:00,identity,/identity,POST,200,153.8,408,44.1,48.2
2026-07-21T15:00:00+00:00,identity,/identity,POST,200,158.4,405,37.7,46.6
2026-07-21T16:00:00+00:00,identity,/identity,POST,200,143.1,405,36.0,60.2
2026-07-21T17:00:00+00:00,identity,/identity,POST,200,166.8,430,40.7,56.7
2026-07-21T18:00:00+00:00,identity,/identity,POST,200,130.8,348,43.3,55.8
2026-07-21T19:00:00+00:00,identity,/identity,POST,200,139.1,318,44.4,52.7
2026-07-21T20:00:00+00:00,identity,/identity,POST,200,139.1,323,47.7,60.5
2026-07-21T21:00:00+00:00,identity,/identity,POST,200,183.2,330,36.6,54.2
2026-07-21T22:00:00+00:00,identity,/identity,POST,200,148.3,281,33.6,60.3
2026-07-21T23:00:00+00:00,identity,/identity,POST,200,144.4,260,43.5,52.9
2026-07-22T00:00:00+00:00,identity,/identity,POST,200,160.4,272,38.4,47.6
2026-07-22T01:00:00+00:00,identity,/identity,POST,200,165.3,222,35.9,47.6
2026-07-22T02:00:00+00:00,identity,/identity,POST,200,152.5,201,37.5,67.5
2026-07-22T03:00:00+00:00,identity,/identity,POST,200,145.3,193,40.5,56.7
2026-07-22T04:00:00+00:00,identity,/identity,POST,200,117.1,208,33.4,62.1
2026-07-22T05:00:00+00:00,identity,/identity,POST,200,147.6,259,39.1,40.3
2026-07-22T06:00:00+00:00,identity,/identity,POST,200,133.5,254,38.7,61.3
2026-07-22T07:00:00+00:00,identity,/identity,POST,200,144.1,296,28.9,61.5
2026-07-22T08:00:00+00:00,identity,/identity,POST,200,154.0,293,45.2,56.1
2026-07-22T09:00:00+00:00,identity,/identity,POST,200,132.0,328,44.3,63.5
2026-07-22T10:00:00+00:00,identity,/identity,POST,200,129.8,340,36.4,44.4
2026-07-22T11:00:00+00:00,identity,/identity,POST,200,144.5,350,25.7,54.7
2026-07-22T12:00:00+00:00,identity,/identity,POST,200,143.6,411,40.5,54.4
2026-07-22T13:00:00+00:00,identity,/identity,POST,200,142.3,398,42.5,49.4
2026-07-22T14:00:00+00:00,identity,/identity,POST,200,153.4,386,37.0,48.9
2026-07-22T15:00:00+00:00,identity,/identity,POST,200,142.7,406,37.5,60.8
2026-07-22T16:00:00+00:00,identity,/identity,POST,200,150.6,340,29.2,46.9
2026-07-22T17:00:00+00:00,identity,/identity,POST,200,127.2,313,35.4,59.5
2026-07-22T18:00:00+00:00,identity,/identity,POST,200,155.2,388,36.0,62.1
2026-07-22T19:00:00+00:00,identity,/identity,POST,200,137.7,318,33.6,57.7
2026-07-22T20:00:00+00:00,identity,/identity,POST,200,132.9,330,38.6,56.4
2026-07-22T21:00:00+00:00,identity,/identity,POST,200,163.9,297,47.1,62.4
2026-07-22T22:00:00+00:00,identity,/identity,POST,200,153.6,311,35.6,54.8
2026-07-22T23:00:00+00:00,identity,/identity,POST,200,164.8,236,33.3,58.1
2026-07-23T00:00:00+00:00,identity,/identity,POST,200,136.0,217,39.3,49.0
2026-07-23T01:00:00+00:00,identity,/identity,POST,200,133.4,250,42.0,73.9
2026-07-23T02:00:00+00:00,identity,/identity,POST,200,139.5,254,32.6,45.0
2026-07-23T03:00:00+00:00,identity,/identity,POST,200,134.9,207,37.1,57.4
2026-07-23T04:00:00+00:00,identity,/identity,POST,200,156.8,229,35.1,67.7
2026-07-23T05:00:00+00:00,identity,/identity,POST,200,156.3,211,36.7,49.1
2026-07-23T06:00:00+00:00,identity,/identity,POST,200,150.0,282,39.3,69.0
2026-07-23T07:00:00+00:00,identity,/identity,POST,200,151.5,257,41.9,55.1
2026-07-23T08:00:00+00:00,identity,/identity,POST,200,128.9,325,43.4,68.0
2026-07-23T09:00:00+00:00,identity,/identity,POST,200,147.9,385,44.9,59.5
2026-07-23T10:00:00+00:00,identity,/identity,POST,200,151.1,337,37.8,51.1
2026-07-23T11:00:00+00:00,identity,/identity,POST,200,149.4,383,37.9,35.5
2026-07-23T12:00:00+00:00,identity,/identity,POST,200,136.6,445,38.9,70.6
2026-07-23T13:00:00+00:00,identity,/identity,POST,200,135.3,406,34.7,50.0
2026-07-23T14:00:00+00:00,identity,/identity,POST,200,148.0,388,45.0,72.9
2026-07-23T15:00:00+00:00,identity,/identity,POST,200,137.8,373,30.4,67.8
2026-07-23T16:00:00+00:00,identity,/identity,POST,200,117.8,363,47.5,41.1
2026-07-23T17:00:00+00:00,identity,/identity,POST,200,142.8,377,45.7,51.7
2026-07-23T18:00:00+00:00,identity,/identity,POST,200,138.5,393,39.9,48.3
2026-07-23T19:00:00+00:00,identity,/identity,POST,200,142.2,359,40.0,50.2
2026-07-23T20:00:00+00:00,identity,/identity,POST,200,161.4,271,28.2,67.8
2026-07-23T21:00:00+00:00,identity,/identity,POST,200,137.4,299,41.6,70.3
2026-07-23T22:00:00+00:00,identity,/identity,POST,200,131.4,300,37.9,55.2
2026-07-23T23:00:00+00:00,identity,/identity,POST,200,140.2,277,30.8,62.0
2026-07-24T00:00:00+00:00,identity,/identity,POST,200,125.4,257,37.1,45.0
2026-07-24T01:00:00+00:00,identity,/identity,POST,200,127.5,244,37.9,54.5
2026-07-24T02:00:00+00:00,identity,/identity,POST,200,130.0,195,42.3,60.1
2026-07-24T03:00:00+00:00,identity,/identity,POST,200,148.4,241,25.8,51.8
2026-07-24T04:00:00+00:00,identity,/identity,POST,200,130.5,259,40.2,47.2
2026-07-24T05:00:00+00:00,identity,/identity,POST,200,162.7,248,43.2,41.3
2026-07-24T06:00:00+00:00,identity,/identity,POST,200,166.6,291,48.8,48.3
2026-07-24T07:00:00+00:00,identity,/identity,POST,200,137.2,323,31.4,41.5
2026-07-24T08:00:00+00:00,identity,/identity,POST,200,138.3,308,34.7,58.9
2026-07-24T09:00:00+00:00,identity,/identity,POST,200,165.8,295,44.9,62.6
2026-07-24T10:00:00+00:00,identity,/identity,POST,200,150.0,321,44.8,62.6
2026-07-24T11:00:00+00:00,identity,/identity,POST,200,135.6,379,36.4,54.2
2026-07-24T12:00:00+00:00,identity,/identity,POST,200,144.7,410,36.7,46.5
2026-07-24T13:00:00+00:00,identity,/identity,POST,200,153.8,393,30.9,42.2
2026-07-24T14:00:00+00:00,identity,/identity,POST,200,145.4,397,42.0,59.2
2026-07-24T15:00:00+00:00,identity,/identity,POST,200,127.3,389,38.7,47.9
2026-07-24T16:00:00+00:00,identity,/identity,POST,200,152.4,380,53.2,39.2
2026-07-24T17:00:00+00:00,identity,/identity,POST,200,133.8,341,42.7,55.7
2026-07-24T18:00:00+00:00,identity,/identity,POST,200,151.9,338,45.3,52.0
2026-07-24T19:00:00+00:00,identity,/identity,POST,200,144.4,278,40.9,51.0
2026-07-24T20:00:00+00:00,identity,/identity,POST,200,149.5,321,41.5,55.1
2026-07-24T21:00:00+00:00,identity,/identity,POST,200,118.5,290,36.9,70.0
2026-07-24T22:00:00+00:00,identity,/identity,POST,200,155.0,267,42.4,49.7
2026-07-24T23:00:00+00:00,identity,/identity,POST,200,163.5,280,34.1,42.0
2026-07-25T00:00:00+00:00,identity,/identity,POST,200,148.1,174,38.5,66.5
2026-07-25T01:00:00+00:00,identity,/identity,POST,200,143.5,174,34.1,63.9
2026-07-25T02:00:00+00:00,identity,/identity,POST,200,125.8,193,40.6,56.5
2026-07-25T03:00:00+00:00,identity,/identity,POST,200,157.0,182,37.5,70.7
2026-07-25T04:00:00+00:00,identity,/identity,POST,200,142.5,204,34.3,50.4
2026-07-25T05:00:00+00:00,identity,/identity,POST,200,123.3,160,46.5,56.0
2026-07-25T06:00:00+00:00,identity,/identity,POST,200,129.7,145,40.5,50.1
2026-07-25T07:00:00+00:00,identity,/identity,POST,500,226.2,198,45.5,51.0
2026-07-25T08:00:00+00:00,identity,/identity,POST,200,121.3,195,35.3,65.6
2026-07-25T09:00:00+00:00,identity,/identity,POST,200,141.6,230,45.8,57.5
2026-07-25T10:00:00+00:00,identity,/identity,POST,200,157.3,317,35.3,59.5
2026-07-25T11:00:00+00:00,identity,/identity,POST,200,141.2,282,40.8,50.2
2026-07-25T12:00:00+00:00,identity,/identity,POST,200,128.1,285,43.2,60.4
2026-07-25T13:00:00+00:00,identity,/identity,POST,200,161.4,277,44.0,62.7
2026-07-25T14:00:00+00:00,identity,/identity,POST,200,146.6,241,32.6,55.5
2026-07-25T15:00:00+00:00,identity,/identity,POST,200,130.2,304,34.2,57.4
2026-07-25T16:00:00+00:00,identity,/identity,POST,200,146.9,267,37.9,49.7
2026-07-25T17:00:00+00:00,identity,/identity,POST,200,143.5,254,28.9,60.7
2026-07-25T18:00:00+00:00,identity,/identity,POST,200,163.0,299,42.3,45.8
2026-07-25T19:00:00+00:00,identity,/identity,POST,200,146.6,253,43.1,59.3
2026-07-25T20:00:00+00:00,identity,/identity,POST,200,141.3,212,38.9,57.3
2026-07-25T21:00:00+00:00,identity,/identity,POST,200,138.8,204,41.1,61.3
2026-07-25T22:00:00+00:00,identity,/identity,POST,200,159.7,187,31.8,57.3
2026-07-25T23:00:00+00:00,identity,/identity,POST,200,140.1,234,40.2,58.7
2026-07-26T00:00:00+00:00,identity,/identity,POST,200,141.0,182,38.5,53.8
2026-07-26T01:00:00+00:00,identity,/identity,POST,200,147.5,129,47.8,38.7
2026-07-26T02:00:00+00:00,identity,/identity,POST,200,123.8,115,34.2,63.2
2026-07-26T03:00:00+00:00,identity,/identity,POST,200,150.7,163,41.4,54.3
2026-07-26T04:00:00+00:00,identity,/identity,POST,200,138.8,184,34.7,44.7
2026-07-26T05:00:00+00:00,identity,/identity,POST,404,137.7,188,37.2,62.5
2026-07-26T06:00:00+00:00,identity,/identity,POST,200,150.8,204,35.2,34.3
2026-07-26T07:00:00+00:00,identity,/identity,POST,404,141.0,198,30.4,47.6
2026-07-26T08:00:00+00:00,identity,/identity,POST,200,131.6,202,48.6,52.0
2026-07-26T09:00:00+00:00,identity,/identity,POST,200,141.8,226,33.2,54.7
2026-07-26T10:00:00+00:00,identity,/identity,POST,200,125.7,241,31.1,55.0
2026-07-26T11:00:00+00:00,identity,/identity,POST,200,148.8,271,43.1,48.8
2026-07-26T12:00:00+00:00,identity,/identity,POST,200,141.0,306,38.7,52.4
2026-07-26T13:00:00+00:00,identity,/identity,POST,200,152.0,281,41.1,71.2
2026-07-26T14:00:00+00:00,identity,/identity,POST,200,130.8,314,41.8,58.9
2026-07-26T15:00:00+00:00,identity,/identity,POST,200,130.0,310,38.1,39.8
2026-07-26T16:00:00+00:00,identity,/identity,POST,200,138.5,270,39.0,42.1
2026-07-26T17:00:00+00:00,identity,/identity,POST,200,141.7,265,25.2,66.8
2026-07-26T18:00:00+00:00,identity,/identity,POST,200,145.6,266,42.4,48.9
2026-07-26T19:00:00+00:00,identity,/identity,POST,200,143.2,251,43.9,57.3
2026-07-26T20:00:00+00:00,identity,/identity,POST,200,153.8,232,36.5,60.3
2026-07-26T21:00:00+00:00,identity,/identity,POST,200,151.6,211,36.8,45.0
2026-07-26T22:00:00+00:00,identity,/identity,POST,200,139.5,221,29.7,58.1
2026-07-26T23:00:00+00:00,identity,/identity,POST,200,132.0,150,47.8,49.2
2026-07-27T00:00:00+00:00,identity,/identity,POST,200,127.9,202,41.5,51.5
2026-07-27T01:00:00+00:00,identity,/identity,POST,200,144.3,187,44.9,60.7
2026-07-27T02:00:00+00:00,identity,/identity,POST,200,134.8,241,31.6,60.9
2026-07-27T03:00:00+00:00,identity,/identity,POST,200,156.6,212,43.2,57.9
2026-07-27T04:00:00+00:00,identity,/identity,POST,200,139.3,230,39.1,45.6
2026-07-27T05:00:00+00:00,identity,/identity,POST,200,151.2,229,29.5,58.0
2026-07-27T06:00:00+00:00,identity,/identity,POST,200,146.2,283,48.0,54.9
2026-07-27T07:00:00+00:00,identity,/identity,POST,200,175.2,262,39.9,56.4
2026-07-27T08:00:00+00:00,identity,/identity,POST,200,125.6,279,45.6,58.0
2026-07-27T09:00:00+00:00,identity,/identity,POST,200,143.8,315,32.8,61.0
2026-07-27T10:00:00+00:00,identity,/identity,POST,200,119.6,354,43.0,54.3
2026-07-27T11:00:00+00:00,identity,/identity,POST,200,133.0,367,40.7,63.6
2026-07-27T12:00:00+00:00,identity,/identity,POST,200,122.1,372,40.0,46.0
2026-07-27T13:00:00+00:00,identity,/identity,POST,200,147.4,420,37.7,41.0
2026-07-27T14:00:00+00:00,identity,/identity,POST,200,150.0,399,33.2,50.9
2026-07-27T15:00:00+00:00,identity,/identity,POST,200,148.6,442,35.9,50.7
2026-07-27T16:00:00+00:00,identity,/identity,POST,200,144.5,401,43.5,56.8
2026-07-27T17:00:00+00:00,identity,/identity,POST,200,150.0,410,42.0,58.8
2026-07-27T18:00:00+00:00,identity,/identity,POST,200,142.8,402,45.4,53.3
2026-07-27T19:00:00+00:00,identity,/identity,POST,200,141.8,303,36.6,59.3
2026-07-27T20:00:00+00:00,identity,/identity,POST,200,128.8,294,35.3,53.3
2026-07-27T21:00:00+00:00,identity,/identity,POST,200,135.1,301,45.4,61.3
2026-07-27T22:00:00+00:00,identity,/identity,POST,200,154.3,318,33.6,55.3
2026-07-27T23:00:00+00:00,identity,/identity,POST,200,137.6,225,35.9,57.8
2026-07-28T00:00:00+00:00,identity,/identity,POST,200,154.9,183,25.6,55.4
2026-07-28T01:00:00+00:00,identity,/identity,POST,200,158.1,256,44.4,63.1
2026-07-28T02:00:00+00:00,identity,/identity,POST,200,157.8,232,38.7,34.8
2026-07-28T03:00:00+00:00,identity,/identity,POST,200,137.9,208,43.7,61.2
2026-07-28T04:00:00+00:00,identity,/identity,POST,200,170.7,184,37.1,62.7
2026-07-28T05:00:00+00:00,identity,/identity,POST,200,143.0,244,47.3,43.7
2026-07-28T06:00:00+00:00,identity,/identity,POST,200,145.4,256,33.1,67.2
2026-07-28T07:00:00+00:00,identity,/identity,POST,200,135.0,241,40.1,45.1
2026-07-28T08:00:00+00:00,identity,/identity,POST,200,131.3,315,33.7,56.1
2026-07-28T09:00:00+00:00,identity,/identity,POST,200,163.5,315,36.4,46.9
2026-07-28T10:00:00+00:00,identity,/identity,POST,200,137.6,296,45.3,45.7
2026-07-28T11:00:00+00:00,identity,/identity,POST,200,130.4,366,41.2,42.0
2026-07-28T12:00:00+00:00,identity,/identity,POST,200,142.2,374,34.2,46.9
2026-07-28T13:00:00+00:00,identity,/identity,POST,200,157.2,409,41.0,51.6
2026-07-28T14:00:00+00:00,identity,/identity,POST,200,147.4,445,39.2,66.5
2026-07-28T15:00:00+00:00,identity,/identity,POST,404,130.2,410,37.8,55.4
2026-07-28T16:00:00+00:00,identity,/identity,POST,200,149.6,365,41.8,48.6
2026-07-28T17:00:00+00:00,identity,/identity,POST,200,149.1,388,41.4,58.8
2026-07-28T18:00:00+00:00,identity,/identity,POST,200,148.9,344,35.7,49.3
2026-07-28T19:00:00+00:00,identity,/identity,POST,200,151.5,319,35.2,57.7
2026-07-28T20:00:00+00:00,identity,/identity,POST,200,150.4,325,39.1,43.4
2026-07-28T21:00:00+00:00,identity,/identity,POST,200,148.8,281,44.2,57.3
2026-07-28T22:00:00+00:00,identity,/identity,POST,200,149.6,254,42.0,49.8
2026-07-28T23:00:00+00:00,identity,/identity,POST,200,159.8,252,39.9,47.3
2026-07-29T00:00:00+00:00,identity,/identity,POST,200,139.1,226,43.7,52.5
2026-07-29T01:00:00+00:00,identity,/identity,POST,500,203.6,203,43.7,49.4
2026-07-29T02:00:00+00:00,identity,/identity,POST,200,136.6,235,39.2,54.0
2026-07-29T03:00:00+00:00,identity,/identity,POST,200,132.2,189,35.6,59.1
2026-07-29T04:00:00+00:00,identity,/identity,POST,200,144.8,229,38.6,43.7
2026-07-29T05:00:00+00:00,identity,/identity,POST,200,149.4,261,35.2,51.7
2026-07-29T06:00:00+00:00,identity,/identity,POST,200,142.3,290,37.1,47.3
2026-07-29T07:00:00+00:00,identity,/identity,POST,200,147.6,272,43.5,53.2
2026-07-29T08:00:00+00:00,identity,/identity,POST,200,146.8,352,38.8,53.6
2026-07-29T09:00:00+00:00,identity,/identity,POST,200,134.4,324,45.2,46.4
2026-07-29T10:00:00+00:00,identity,/identity,POST,200,128.7,365,40.1,54.9
2026-07-29T11:00:00+00:00,identity,/identity,POST,200,135.4,364,42.6,40.2
2026-07-29T12:00:00+00:00,identity,/identity,POST,200,127.2,394,44.6,54.5
2026-07-29T13:00:00+00:00,identity,/identity,POST,200,147.3,399,36.8,71.7
2026-07-29T14:00:00+00:00,identity,/identity,POST,200,138.6,385,38.3,48.3
2026-07-29T15:00:00+00:00,identity,/identity,POST,200,169.7,387,38.1,48.7
2026-07-29T16:00:00+00:00,identity,/identity,POST,200,159.2,349,33.7,50.1
2026-07-29T17:00:00+00:00,identity,/identity,POST,200,138.0,340,37.3,52.8
2026-07-29T18:00:00+00:00,identity,/identity,POST,200,160.0,355,39.8,63.6
2026-07-29T19:00:00+00:00,identity,/identity,POST,200,112.6,302,36.8,44.8
2026-07-29T20:00:00+00:00,identity,/identity,POST,200,152.8,256,31.4,39.2
2026-07-29T21:00:00+00:00,identity,/identity,POST,200,160.6,215,37.9,65.9
2026-07-29T22:00:00+00:00,identity,/identity,POST,200,121.0,272,39.6,60.4
2026-07-29T23:00:00+00:00,identity,/identity,POST,200,145.2,268,44.7,59.1
2026-07-30T00:00:00+00:00,identity,/identity,POST,200,143.3,263,42.4,56.7
2026-07-30T01:00:00+00:00,identity,/identity,POST,200,141.3,220,30.0,55.8
2026-07-30T02:00:00+00:00,identity,/identity,POST,200,152.6,216,41.9,57.7
2026-07-30T03:00:00+00:00,identity,/identity,POST,200,162.8,206,47.1,49.2
2026-07-30T04:00:00+00:00,identity,/identity,POST,200,134.2,214,40.5,55.4
2026-07-30T05:00:00+00:00,identity,/identity,POST,200,141.5,256,46.8,66.9
2026-07-30T06:00:00+00:00,identity,/identity,POST,200,142.0,263,36.2,44.8
2026-07-30T07:00:00+00:00,identity,/identity,POST,404,156.0,325,39.7,64.8
2026-07-30T08:00:00+00:00,identity,/identity,POST,200,158.8,280,44.1,46.4
2026-07-30T09:00:00+00:00,identity,/identity,POST,200,132.5,342,37.5,58.6
2026-07-30T10:00:00+00:00,identity,/identity,POST,200,153.4,398,41.3,63.8
2026-07-30T11:00:00+00:00,identity,/identity,POST,200,153.9,340,35.5,56.0
2026-07-30T12:00:00+00:00,identity,/identity,POST,200,156.5,379,47.1,50.6
2026-07-30T13:00:00+00:00,identity,/identity,POST,404,138.5,400,37.3,60.8
2026-07-30T14:00:00+00:00,identity,/identity,POST,200,136.0,368,44.6,57.4
2026-07-30T15:00:00+00:00,identity,/identity,POST,200,148.6,383,42.4,70.7
2026-07-30T16:00:00+00:00,identity,/identity,POST,200,129.5,370,45.7,52.8
2026-07-30T17:00:00+00:00,identity,/identity,POST,200,141.3,409,36.4,56.3
2026-07-30T18:00:00+00:00,identity,/identity,POST,200,147.1,374,42.6,54.1
2026-07-30T19:00:00+00:00,identity,/identity,POST,200,163.8,339,43.3,51.9
2026-07-30T20:00:00+00:00,identity,/identity,POST,200,177.2,344,37.7,56.4
2026-07-30T21:00:00+00:00,identity,/identity,POST,200,152.4,286,31.7,47.0
2026-07-30T22:00:00+00:00,identity,/identity,POST,200,151.8,274,45.0,45.6
2026-07-30T23:00:00+00:00,identity,/identity,POST,200,147.2,253,45.1,39.3
2026-07-31T00:00:00+00:00,identity,/identity,POST,200,159.1,205,48.0,66.0
2026-07-31T01:00:00+00:00,identity,/identity,POST,200,129.1,242,51.8,46.1
2026-07-31T02:00:00+00:00,identity,/identity,POST,200,142.0,232,46.0,68.3
2026-07-31T03:00:00+00:00,identity,/identity,POST,200,152.8,211,27.9,41.1
2026-07-31T04:00:00+00:00,identity,/identity,POST,200,140.0,225,30.4,50.9
2026-07-31T05:00:00+00:00,identity,/identity,POST,200,122.4,265,46.8,37.1
2026-07-31T06:00:00+00:00,identity,/identity,POST,200,151.4,294,38.1,51.5
2026-07-31T07:00:00+00:00,identity,/identity,POST,200,134.1,272,33.4,54.1
2026-07-31T08:00:00+00:00,identity,/identity,POST,200,127.7,299,35.0,54.2
2026-07-31T09:00:00+00:00,identity,/identity,POST,200,143.4,330,39.6,59.3
2026-07-31T10:00:00+00:00,identity,/identity,POST,200,167.8,339,28.5,45.9
2026-07-31T11:00:00+00:00,identity,/identity,POST,200,148.6,382,34.6,56.5
2026-07-31T12:00:00+00:00,identity,/identity,POST,200,136.6,370,34.0,55.7
2026-07-31T13:00:00+00:00,identity,/identity,POST,200,149.9,386,39.7,65.5
2026-07-31T14:00:00+00:00,identity,/identity,POST,200,133.4,418,33.6,43.0
2026-07-31T15:00:00+00:00,identity,/identity,POST,200,146.4,404,40.0,59.0
2026-07-31T16:00:00+00:00,identity,/identity,POST,200,128.9,404,37.8,66.4
2026-07-31T17:00:00+00:00,identity,/identity,POST,200,126.0,376,39.6,53.5
2026-07-31T18:00:00+00:00,identity,/identity,POST,200,133.5,362,33.5,59.9
2026-07-31T19:00:00+00:00,identity,/identity,POST,200,143.4,293,42.0,60.5
2026-07-31T20:00:00+00:00,identity,/identity,POST,200,147.2,283,40.9,40.9
2026-07-31T21:00:00+00:00,identity,/identity,POST,200,135.3,296,42.3,66.7
2026-07-31T22:00:00+00:00,identity,/identity,POST,200,149.6,239,34.4,61.4
2026-07-31T23:00:00+00:00,identity,/identity,POST,200,146.3,297,41.3,47.7
2026-08-01T00:00:00+00:00,identity,/identity,POST,200,156.5,137,34.7,52.3
2026-08-01T01:00:00+00:00,identity,/identity,POST,200,141.9,180,43.3,51.9
2026-08-01T02:00:00+00:00,identity,/identity,POST,200,130.4,125,42.4,53.3
2026-08-01T03:00:00+00:00,identity,/identity,POST,200,150.2,172,34.0,50.3
2026-08-01T04:00:00+00:00,identity,/identity,POST,200,154.0,199,46.5,56.4
2026-08-01T05:00:00+00:00,identity,/identity,POST,200,157.6,242,38.2,59.7
2026-08-01T06:00:00+00:00,identity,/identity,POST,200,150.0,225,43.7,68.0
2026-08-01T07:00:00+00:00,identity,/identity,POST,200,154.2,236,37.1,54.4
2026-08-01T08:00:00+00:00,identity,/identity,POST,200,150.7,241,31.8,59.2
2026-08-01T09:00:00+00:00,identity,/identity,POST,404,139.2,277,31.4,53.8
2026-08-01T10:00:00+00:00,identity,/identity,POST,200,148.3,267,31.7,62.6
2026-08-01T11:00:00+00:00,identity,/identity,POST,200,136.1,295,31.7,48.0
2026-08-01T12:00:00+00:00,identity,/identity,POST,200,149.9,247,38.0,47.5
2026-08-01T13:00:00+00:00,identity,/identity,POST,200,152.8,300,45.6,46.4
2026-08-01T14:00:00+00:00,identity,/identity,POST,200,158.7,307,29.5,66.0
2026-08-01T15:00:00+00:00,identity,/identity,POST,200,161.1,286,36.1,71.2
2026-08-01T16:00:00+00:00,identity,/identity,POST,200,158.2,291,45.3,53.5
2026-08-01T17:00:00+00:00,identity,/identity,POST,200,157.1,308,36.5,61.8
2026-08-01T18:00:00+00:00,identity,/identity,POST,200,146.1,252,36.2,41.5
2026-08-01T19:00:00+00:00,identity,/identity,POST,200,135.8,261,41.5,54.3
2026-08-01T20:00:00+00:00,identity,/identity,POST,200,131.6,229,44.7,58.2
2026-08-01T21:00:00+00:00,identity,/identity,POST,200,161.6,242,40.7,49.9
2026-08-01T22:00:00+00:00,identity,/identity,POST,200,158.8,188,37.4,56.0
2026-08-01T23:00:00+00:00,identity,/identity,POST,200,154.0,197,39.3,56.1
2026-08-02T00:00:00+00:00,identity,/identity,POST,200,124.1,158,41.7,43.4
2026-08-02T01:00:00+00:00,identity,/identity,POST,200,151.3,150,39.5,54.3
2026-08-02T02:00:00+00:00,identity,/identity,POST,200,140.1,187,39.2,57.5
2026-08-02T03:00:00+00:00,identity,/identity,POST,200,151.5,158,37.3,49.1
2026-08-02T04:00:00+00:00,identity,/identity,POST,200,138.8,181,41.6,61.2
2026-08-02T05:00:00+00:00,identity,/identity,POST,200,142.1,169,40.7,63.6
2026-08-02T06:00:00+00:00,identity,/identity,POST,200,155.6,202,41.3,61.2
2026-08-02T07:00:00+00:00,identity,/identity,POST,200,146.1,203,41.9,43.4
2026-08-02T08:00:00+00:00,identity,/identity,POST,200,154.6,233,27.4,40.7
2026-08-02T09:00:00+00:00,identity,/identity,POST,200,143.7,295,45.0,71.8
2026-08-02T10:00:00+00:00,identity,/identity,POST,200,128.5,249,46.6,51.9
2026-08-02T11:00:00+00:00,identity,/identity,POST,200,138.2,291,42.4,46.6
2026-08-02T12:00:00+00:00,identity,/identity,POST,200,139.2,263,36.7,49.5
2026-08-02T13:00:00+00:00,identity,/identity,POST,200,161.0,295,42.4,49.8
2026-08-02T14:00:00+00:00,identity,/identity,POST,200,142.2,287,36.0,58.8
2026-08-02T15:00:00+00:00,identity,/identity,POST,200,151.2,347,29.1,42.8
2026-08-02T16:00:00+00:00,identity,/identity,POST,200,161.4,278,39.4,44.3
2026-08-02T17:00:00+00:00,identity,/identity,POST,200,147.5,273,41.6,48.1
2026-08-02T18:00:00+00:00,identity,/identity,POST,200,135.5,292,39.1,66.2
2026-08-02T19:00:00+00:00,identity,/identity,POST,200,151.9,229,38.5,54.3
2026-08-02T20:00:00+00:00,identity,/identity,POST,200,160.4,242,41.1,58.2
2026-08-02T21:00:00+00:00,identity,/identity,POST,200,121.5,241,39.2,57.2
2026-08-02T22:00:00+00:00,identity,/identity,POST,200,136.4,194,40.7,59.4
2026-08-02T23:00:00+00:00,identity,/identity,POST,200,138.0,170,39.4,50.8
2026-08-03T00:00:00+00:00,identity,/identity,POST,200,155.9,250,30.9,53.6
2026-08-03T01:00:00+00:00,identity,/identity,POST,200,142.8,230,31.8,64.6
2026-08-03T02:00:00+00:00,identity,/identity,POST,200,141.2,213,38.4,47.9
2026-08-03T03:00:00+00:00,identity,/identity,POST,200,156.2,204,41.4,55.9
2026-08-03T04:00:00+00:00,identity,/identity,POST,200,146.7,239,31.0,53.9
2026-08-03T05:00:00+00:00,identity,/identity,POST,200,133.7,313,34.9,60.6
2026-08-03T06:00:00+00:00,identity,/identity,POST,200,146.8,263,43.3,50.3
2026-08-03T07:00:00+00:00,identity,/identity,POST,200,148.5,273,45.8,47.3
2026-08-03T08:00:00+00:00,identity,/identity,POST,200,128.4,298,32.3,39.1
2026-08-03T09:00:00+00:00,identity,/identity,POST,200,149.6,381,33.9,45.2
2026-08-03T10:00:00+00:00,identity,/identity,POST,200,157.8,355,37.4,48.4
2026-08-03T11:00:00+00:00,identity,/identity,POST,200,143.5,377,39.9,42.6
2026-08-03T12:00:00+00:00,identity,/identity,POST,200,132.1,343,35.8,53.4
2026-08-03T13:00:00+00:00,identity,/identity,POST,200,154.8,398,46.2,51.6
2026-08-03T14:00:00+00:00,identity,/identity,POST,200,157.5,357,38.7,50.6
2026-08-03T15:00:00+00:00,identity,/identity,POST,200,150.3,390,38.9,35.6
2026-08-03T16:00:00+00:00,identity,/identity,POST,200,143.3,435,40.9,54.0
2026-08-03T17:00:00+00:00,identity,/identity,POST,200,129.4,352,41.3,60.8
2026-08-03T18:00:00+00:00,identity,/identity,POST,200,170.7,382,30.3,58.5
2026-08-03T19:00:00+00:00,identity,/identity,POST,200,162.9,353,38.4,71.2
2026-08-03T20:00:00+00:00,identity,/identity,POST,200,128.5,277,41.1,59.8
2026-08-03T21:00:00+00:00,identity,/identity,POST,200,157.9,272,31.6,55.7
2026-08-03T22:00:00+00:00,identity,/identity,POST,200,143.6,269,26.1,42.3
2026-08-03T23:00:00+00:00,identity,/identity,POST,200,145.7,285,47.4,52.9
2026-08-04T00:00:00+00:00,identity,/identity,POST,200,155.5,223,31.8,66.2
2026-08-04T01:00:00+00:00,identity,/identity,POST,200,138.8,263,37.8,55.9
2026-08-04T02:00:00+00:00,identity,/identity,POST,200,152.5,248,36.4,41.8
2026-08-04T03:00:00+00:00,identity,/identity,POST,200,131.0,188,37.6,66.2
2026-08-04T04:00:00+00:00,identity,/identity,POST,200,133.5,210,33.9,55.3
2026-08-04T05:00:00+00:00,identity,/identity,POST,200,139.4,295,43.7,54.8
2026-07-21T06:00:00+00:00,search,/search,GET,200,183.1,597,40.0,55.0
2026-07-21T07:00:00+00:00,search,/search,GET,200,183.8,553,57.4,50.1
2026-07-21T08:00:00+00:00,search,/search,GET,200,158.7,723,44.9,64.2
2026-07-21T09:00:00+00:00,search,/search,GET,200,157.4,823,50.2,70.3
2026-07-21T10:00:00+00:00,search,/search,GET,200,161.6,716,46.7,67.6
2026-07-21T11:00:00+00:00,search,/search,GET,200,179.4,874,44.2,48.3
2026-07-21T12:00:00+00:00,search,/search,GET,200,162.1,897,53.7,52.5
2026-07-21T13:00:00+00:00,search,/search,GET,200,185.5,921,46.0,57.5
2026-07-21T14:00:00+00:00,search,/search,GET,200,164.1,927,40.4,44.9
2026-07-21T15:00:00+00:00,search,/search,GET,200,158.4,857,38.3,68.9
2026-07-21T16:00:00+00:00,search,/search,GET,200,156.4,857,49.6,48.6
2026-07-21T17:00:00+00:00,search,/search,GET,200,173.1,893,43.3,41.2
2026-07-21T18:00:00+00:00,search,/search,GET,500,233.5,752,50.3,57.0
2026-07-21T19:00:00+00:00,search,/search,GET,200,164.2,670,48.4,59.1
2026-07-21T20:00:00+00:00,search,/search,GET,200,154.2,748,41.2,56.6
2026-07-21T21:00:00+00:00,search,/search,GET,200,171.9,643,52.9,54.6
2026-07-21T22:00:00+00:00,search,/search,GET,200,165.5,599,39.4,47.6
2026-07-21T23:00:00+00:00,search,/search,GET,200,208.6,519,56.1,79.0
2026-07-22T00:00:00+00:00,search,/search,GET,200,156.0,583,42.6,52.5
2026-07-22T01:00:00+00:00,search,/search,GET,200,161.7,550,43.0,45.5
2026-07-22T02:00:00+00:00,search,/search,GET,200,163.6,548,39.0,60.6
2026-07-22T03:00:00+00:00,search,/search,GET,200,136.0,635,39.7,57.8
2026-07-22T04:00:00+00:00,search,/search,GET,200,156.5,554,40.0,58.9
2026-07-22T05:00:00+00:00,search,/search,GET,200,159.3,620,49.7,69.8
2026-07-22T06:00:00+00:00,search,/search,GET,200,152.7,680,41.1,61.3
2026-07-22T07:00:00+00:00,search,/search,GET,404,177.4,666,45.7,73.0
2026-07-22T08:00:00+00:00,search,/search,GET,200,152.4,716,37.5,38.5
2026-07-22T09:00:00+00:00,search,/search,GET,200,181.5,680,46.0,58.4
2026-07-22T10:00:00+00:00,search,/search,GET,200,182.3,985,40.1,51.3
2026-07-22T11:00:00+00:00,search,/search,GET,200,172.0,859,44.3,69.2
2026-07-22T12:00:00+00:00,search,/search,GET,200,159.2,871,40.8,46.7
2026-07-22T13:00:00+00:00,search,/search,GET,200,155.2,980,42.9,71.5
2026-07-22T14:00:00+00:00,search,/search,GET,200,177.8,990,41.1,51.7
2026-07-22T15:00:00+00:00,search,/search,GET,200,165.2,882,43.7,45.8
2026-07-22T16:00:00+00:00,search,/search,GET,200,158.6,866,41.9,58.4
2026-07-22T17:00:00+00:00,search,/search,GET,200,161.7,882,44.4,58.5
2026-07-22T18:00:00+00:00,search,/search,GET,200,155.4,855,37.4,58.7
2026-07-22T19:00:00+00:00,search,/search,GET,200,186.0,850,54.4,56.3
2026-07-22T20:00:00+00:00,search,/search,GET,200,185.7,759,44.8,56.1
2026-07-22T21:00:00+00:00,search,/search,GET,200,184.8,715,44.8,58.3
2026-07-22T22:00:00+00:00,search,/search,GET,500,247.0,578,33.3,69.0
2026-07-22T23:00:00+00:00,search,/search,GET,200,164.5,650,45.5,48.5
2026-07-23T00:00:00+00:00,search,/search,GET,200,154.4,527,48.6,59.3
2026-07-23T01:00:00+00:00,search,/search,GET,200,184.7,619,44.3,65.1
2026-07-23T02:00:00+00:00,search,/search,GET,200,165.1,600,45.0,67.4
2026-07-23T03:00:00+00:00,search,/search,GET,200,174.7,571,36.0,71.7
2026-07-23T04:00:00+00:00,search,/search,GET,200,184.3,549,41.9,50.7
2026-07-23T05:00:00+00:00,search,/search,GET,200,169.4,674,45.7,67.2
2026-07-23T06:00:00+00:00,search,/search,GET,200,161.3,577,52.9,80.5
2026-07-23T07:00:00+00:00,search,/search,GET,200,166.7,656,45.7,62.7
2026-07-23T08:00:00+00:00,search,/search,GET,200,160.0,692,42.0,65.5
2026-07-23T09:00:00+00:00,search,/search,GET,200,170.8,837,48.8,58.5
2026-07-23T10:00:00+00:00,search,/search,GET,200,189.6,872,40.8,73.9
2026-07-23T11:00:00+00:00,search,/search,GET,200,144.1,836,37.5,56.5
2026-07-23T12:00:00+00:00,search,/search,GET,200,165.5,959,39.4,70.9
2026-07-23T13:00:00+00:00,search,/search,GET,500,226.1,830,41.4,60.6
2026-07-23T14:00:00+00:00,search,/search,GET,200,175.9,948,38.1,69.0
2026-07-23T15:00:00+00:00,search,/search,GET,200,166.6,1015,44.0,71.0
2026-07-23T16:00:00+00:00,search,/search,GET,200,167.9,1008,40.0,59.9
2026-07-23T17:00:00+00:00,search,/search,GET,200,153.1,950,40.6,74.9
2026-07-23T18:00:00+00:00,search,/search,GET,200,175.5,820,51.1,66.2
2026-07-23T19:00:00+00:00,search,/search,GET,200,177.9,871,38.5,56.9
2026-07-23T20:00:00+00:00,search,/search,GET,200,177.5,666,43.3,50.9
2026-07-23T21:00:00+00:00,search,/search,GET,200,156.4,744,38.3,66.2
2026-07-23T22:00:00+00:00,search,/search,GET,200,149.4,605,44.0,54.0
2026-07-23T23:00:00+00:00,search,/search,GET,200,144.9,637,37.3,58.1
2026-07-24T00:00:00+00:00,search,/search,GET,200,145.0,496,40.5,59.2
2026-07-24T01:00:00+00:00,search,/search,GET,200,167.1,387,39.7,63.6
2026-07-24T02:00:00+00:00,search,/search,GET,200,164.7,562,35.7,56.7
2026-07-24T03:00:00+00:00,search,/search,GET,200,179.1,520,43.5,49.7
2026-07-24T04:00:00+00:00,search,/search,GET,200,162.0,628,44.6,58.1
2026-07-24T05:00:00+00:00,search,/search,GET,404,170.9,529,40.7,55.3
2026-07-24T06:00:00+00:00,search,/search,GET,200,164.4,655,42.6,62.9
2026-07-24T07:00:00+00:00,search,/search,GET,200,169.3,641,48.1,66.5
2026-07-24T08:00:00+00:00,search,/search,GET,200,183.5,736,42.4,68.1
2026-07-24T09:00:00+00:00,search,/search,GET,200,179.2,829,45.6,56.0
2026-07-24T10:00:00+00:00,search,/search,GET,200,191.3,754,45.0,64.9
2026-07-24T11:00:00+00:00,search,/search,GET,200,140.8,867,45.8,64.5
2026-07-24T12:00:00+00:00,search,/search,GET,200,184.1,898,35.5,55.6
2026-07-24T13:00:00+00:00,search,/search,GET,200,142.0,935,32.7,59.8
2026-07-24T14:00:00+00:00,search,/search,GET,200,174.1,953,46.9,60.6
2026-07-24T15:00:00+00:00,search,/search,GET,200,190.4,932,36.5,78.3
2026-07-24T16:00:00+00:00,search,/search,GET,200,185.2,887,44.3,54.0
2026-07-24T17:00:00+00:00,search,/search,GET,200,193.2,872,54.6,40.6
2026-07-24T18:00:00+00:00,search,/search,GET,200,190.2,859,46.9,48.4
2026-07-24T19:00:00+00:00,search,/search,GET,200,169.1,858,41.6,55.7
2026-07-24T20:00:00+00:00,search,/search,GET,200,168.1,862,37.8,64.9
2026-07-24T21:00:00+00:00,search,/search,GET,200,176.4,633,41.6,55.7
2026-07-24T22:00:00+00:00,search,/search,GET,200,168.8,542,42.7,66.0
2026-07-24T23:00:00+00:00,search,/search,GET,200,175.9,539,45.4,60.7
2026-07-25T00:00:00+00:00,search,/search,GET,200,184.9,419,45.9,58.0
2026-07-25T01:00:00+00:00,search,/search,GET,200,178.8,356,44.7,60.8
2026-07-25T02:00:00+00:00,search,/search,GET,200,189.5,336,38.4,70.6
2026-07-25T03:00:00+00:00,search,/search,GET,200,162.4,365,36.2,71.1
2026-07-25T04:00:00+00:00,search,/search,GET,200,182.4,460,50.2,53.9
2026-07-25T05:00:00+00:00,search,/search,GET,200,167.6,448,39.6,57.9
2026-07-25T06:00:00+00:00,search,/search,GET,200,190.7,486,47.1,61.4
2026-07-25T07:00:00+00:00,search,/search,GET,200,151.4,576,55.3,48.0
2026-07-25T08:00:00+00:00,search,/search,GET,200,140.7,506,48.7,63.4
2026-07-25T09:00:00+00:00,search,/search,GET,200,172.5,649,43.1,56.0
2026-07-25T10:00:00+00:00,search,/search,GET,200,149.9,632,43.7,52.0
2026-07-25T11:00:00+00:00,search,/search,GET,200,168.5,673,44.0,52.1
2026-07-25T12:00:00+00:00,search,/search,GET,200,178.6,657,45.9,64.7
2026-07-25T13:00:00+00:00,search,/search,GET,200,155.5,693,42.4,50.6
2026-07-25T14:00:00+00:00,search,/search,GET,200,153.4,663,44.7,62.2
2026-07-25T15:00:00+00:00,search,/search,GET,200,192.6,749,47.6,57.2
2026-07-25T16:00:00+00:00,search,/search,GET,200,195.3,662,43.7,59.9
2026-07-25T17:00:00+00:00,search,/search,GET,200,174.2,621,42.3,50.3
2026-07-25T18:00:00+00:00,search,/search,GET,200,162.2,567,52.6,65.2
2026-07-25T19:00:00+00:00,search,/search,GET,200,168.2,607,50.1,58.2
2026-07-25T20:00:00+00:00,search,/search,GET,200,163.7,538,43.9,52.2
2026-07-25T21:00:00+00:00,search,/search,GET,200,157.1,445,45.4,54.8
2026-07-25T22:00:00+00:00,search,/search,GET,200,148.7,493,46.0,64.8
2026-07-25T23:00:00+00:00,search,/search,GET,200,166.5,448,45.3,64.7
2026-07-26T00:00:00+00:00,search,/search,GET,200,171.3,309,43.4,58.7
2026-07-26T01:00:00+00:00,search,/search,GET,200,181.5,325,45.8,61.3
2026-07-26T02:00:00+00:00,search,/search,GET,200,168.8,410,36.1,57.8
2026-07-26T03:00:00+00:00,search,/search,GET,200,171.9,380,47.9,48.0
2026-07-26T04:00:00+00:00,search,/search,GET,200,175.7,404,48.4,68.8
2026-07-26T05:00:00+00:00,search,/search,GET,200,168.3,454,43.6,52.8
2026-07-26T06:00:00+00:00,search,/search,GET,200,172.1,383,41.2,61.6
2026-07-26T07:00:00+00:00,search,/search,GET,200,177.2,578,42.2,57.1
2026-07-26T08:00:00+00:00,search,/search,GET,404,185.6,512,45.4,56.2
2026-07-26T09:00:00+00:00,search,/search,GET,200,173.4,541,42.0,55.3
2026-07-26T10:00:00+00:00,search,/search,GET,200,153.2,688,46.3,63.2
2026-07-26T11:00:00+00:00,search,/search,GET,200,166.5,691,42.1,57.3
2026-07-26T12:00:00+00:00,search,/search,GET,200,158.7,725,46.7,68.8
2026-07-26T13:00:00+00:00,search,/search,GET,200,186.3,728,41.1,74.0
2026-07-26T14:00:00+00:00,search,/search,GET,200,159.9,756,52.3,54.0
2026-07-26T15:00:00+00:00,search,/search,GET,200,170.4,813,48.3,69.4
2026-07-26T16:00:00+00:00,search,/search,GET,200,146.5,643,42.2,60.4
2026-07-26T17:00:00+00:00,search,/search,GET,200,175.8,633,47.2,59.8
2026-07-26T18:00:00+00:00,search,/search,GET,200,179.6,527,36.4,67.3
2026-07-26T19:00:00+00:00,search,/search,GET,200,161.6,546,38.9,64.6
2026-07-26T20:00:00+00:00,search,/search,GET,200,157.9,558,39.4,55.9
2026-07-26T21:00:00+00:00,search,/search,GET,404,148.8,493,44.0,60.6
2026-07-26T22:00:00+00:00,search,/search,GET,200,157.7,321,45.5,58.7
2026-07-26T23:00:00+00:00,search,/search,GET,200,151.3,499,43.2,64.3
2026-07-27T00:00:00+00:00,search,/search,GET,200,164.7,588,44.8,57.6
2026-07-27T01:00:00+00:00,search,/search,GET,200,157.3,514,56.8,63.4
2026-07-27T02:00:00+00:00,search,/search,GET,200,165.5,512,49.3,46.2
2026-07-27T03:00:00+00:00,search,/search,GET,200,172.6,551,35.7,53.8
2026-07-27T04:00:00+00:00,search,/search,GET,200,147.4,547,42.7,53.6
2026-07-27T05:00:00+00:00,search,/search,GET,200,149.4,601,43.3,64.5
2026-07-27T06:00:00+00:00,search,/search,GET,200,153.9,626,53.4,61.0
2026-07-27T07:00:00+00:00,search,/search,GET,200,161.5,571,49.2,55.4
2026-07-27T08:00:00+00:00,search,/search,GET,200,200.5,814,30.3,57.0
2026-07-27T09:00:00+00:00,search,/search,GET,200,163.5,750,47.3,72.1
2026-07-27T10:00:00+00:00,search,/search,GET,200,156.0,856,41.2,70.6
2026-07-27T11:00:00+00:00,search,/search,GET,200,151.5,899,44.8,63.6
2026-07-27T12:00:00+00:00,search,/search,GET,200,167.3,912,42.7,69.8
2026-07-27T13:00:00+00:00,search,/search,GET,200,158.3,926,37.2,56.4
2026-07-27T14:00:00+00:00,search,/search,GET,200,167.4,1006,35.9,54.5
2026-07-27T15:00:00+00:00,search,/search,GET,200,169.4,932,41.5,65.1
2026-07-27T16:00:00+00:00,search,/search,GET,200,148.1,905,51.7,58.0
2026-07-27T17:00:00+00:00,search,/search,GET,200,163.7,870,45.0,55.7
2026-07-27T18:00:00+00:00,search,/search,GET,200,156.3,731,43.3,64.4
2026-07-27T19:00:00+00:00,search,/search,GET,200,182.0,858,50.8,50.4
2026-07-27T20:00:00+00:00,search,/search,GET,200,199.7,807,36.0,58.7
2026-07-27T21:00:00+00:00,search,/search,GET,200,190.0,619,41.5,66.4
2026-07-27T22:00:00+00:00,search,/search,GET,200,155.1,704,41.4,63.6
2026-07-27T23:00:00+00:00,search,/search,GET,200,185.6,631,35.0,60.2
2026-07-28T00:00:00+00:00,search,/search,GET,200,159.5,404,44.4,56.6
2026-07-28T01:00:00+00:00,search,/search,GET,200,166.8,562,43.1,67.5
2026-07-28T02:00:00+00:00,search,/search,GET,200,159.6,530,40.2,61.0
2026-07-28T03:00:00+00:00,search,/search,GET,200,175.4,550,42.7,59.0
2026-07-28T04:00:00+00:00,search,/search,GET,200,146.3,632,47.3,65.5
2026-07-28T05:00:00+00:00,search,/search,GET,200,184.7,521,40.1,59.8
2026-07-28T06:00:00+00:00,search,/search,GET,404,156.6,565,43.8,54.0
2026-07-28T07:00:00+00:00,search,/search,GET,200,161.0,704,46.8,66.8
2026-07-28T08:00:00+00:00,search,/search,GET,200,171.4,702,37.0,62.4
2026-07-28T09:00:00+00:00,search,/search,GET,200,181.3,862,53.8,51.0
2026-07-28T10:00:00+00:00,search,/search,GET,200,180.5,805,49.8,59.8
2026-07-28T11:00:00+00:00,search,/search,GET,200,173.7,869,47.1,67.5
2026-07-28T12:00:00+00:00,search,/search,GET,200,173.6,982,35.4,72.8
2026-07-28T13:00:00+00:00,search,/search,GET,200,170.8,905,52.3,45.4
2026-07-28T14:00:00+00:00,search,/search,GET,200,165.7,915,48.6,63.4
2026-07-28T15:00:00+00:00,search,/search,GET,200,158.0,974,42.1,54.6
2026-07-28T16:00:00+00:00,search,/search,GET,200,162.8,948,44.1,55.2
2026-07-28T17:00:00+00:00,search,/search,GET,200,173.2,783,48.1,70.5
2026-07-28T18:00:00+00:00,search,/search,GET,200,171.2,823,45.4,49.4
2026-07-28T19:00:00+00:00,search,/search,GET,200,162.0,742,55.8,58.4
2026-07-28T20:00:00+00:00,search,/search,GET,200,177.1,714,41.3,61.2
2026-07-28T21:00:00+00:00,search,/search,GET,200,167.4,733,43.6,59.9
2026-07-28T22:00:00+00:00,search,/search,GET,200,180.6,671,46.2,59.3
2026-07-28T23:00:00+00:00,search,/search,GET,200,178.2,519,46.4,66.7
2026-07-29T00:00:00+00:00,search,/search,GET,200,166.9,626,53.1,61.3
2026-07-29T01:00:00+00:00,search,/search,GET,200,169.6,413,41.7,49.0
2026-07-29T02:00:00+00:00,search,/search,GET,200,183.6,480,35.6,58.0
2026-07-29T03:00:00+00:00,search,/search,GET,200,173.7,498,38.8,54.4
2026-07-29T04:00:00+00:00,search,/search,GET,200,156.5,527,42.6,70.9
2026-07-29T05:00:00+00:00,search,/search,GET,200,169.3,689,49.8,67.0
2026-07-29T06:00:00+00:00,search,/search,GET,200,170.5,528,46.1,58.4
2026-07-29T07:00:00+00:00,search,/search,GET,200,172.3,722,40.9,62.7
2026-07-29T08:00:00+00:00,search,/search,GET,200,184.4,750,53.3,74.8
2026-07-29T09:00:00+00:00,search,/search,GET,200,150.8,819,44.0,59.0
2026-07-29T10:00:00+00:00,search,/search,GET,200,197.4,804,43.1,75.2
2026-07-29T11:00:00+00:00,search,/search,GET,200,199.2,878,43.2,60.7
2026-07-29T12:00:00+00:00,search,/search,GET,200,147.0,948,40.3,55.8
2026-07-29T13:00:00+00:00,search,/search,GET,200,206.6,932,46.5,70.8
2026-07-29T14:00:00+00:00,search,/search,GET,200,166.6,904,35.0,43.4
2026-07-29T15:00:00+00:00,search,/search,GET,200,168.4,862,51.3,68.4
2026-07-29T16:00:00+00:00,search,/search,GET,200,144.4,928,41.3,55.5
2026-07-29T17:00:00+00:00,search,/search,GET,200,175.8,879,37.5,64.3
2026-07-29T18:00:00+00:00,search,/search,GET,200,140.5,795,48.3,63.7
2026-07-29T19:00:00+00:00,search,/search,GET,200,175.5,701,41.7,64.6
2026-07-29T20:00:00+00:00,search,/search,GET,200,167.7,685,45.6,46.2
2026-07-29T21:00:00+00:00,search,/search,GET,200,201.4,653,39.0,51.8
2026-07-29T22:00:00+00:00,search,/search,GET,200,174.7,549,47.2,64.1
2026-07-29T23:00:00+00:00,search,/search,GET,404,170.5,528,46.6,53.2
2026-07-30T00:00:00+00:00,search,/search,GET,200,185.3,683,50.8,65.6
2026-07-30T01:00:00+00:00,search,/search,GET,200,156.5,620,44.3,61.0
2026-07-30T02:00:00+00:00,search,/search,GET,200,167.9,512,59.7,56.2
2026-07-30T03:00:00+00:00,search,/search,GET,200,167.7,498,43.4,41.7
2026-07-30T04:00:00+00:00,search,/search,GET,200,172.3,620,49.8,73.1
2026-07-30T05:00:00+00:00,search,/search,GET,200,178.5,564,42.3,41.2
2026-07-30T06:00:00+00:00,search,/search,GET,200,166.4,677,40.0,57.9
2026-07-30T07:00:00+00:00,search,/search,GET,200,168.9,616,45.1,64.6
2026-07-30T08:00:00+00:00,search,/search,GET,200,183.3,716,36.6,53.2
2026-07-30T09:00:00+00:00,search,/search,GET,200,165.5,845,47.9,54.4
2026-07-30T10:00:00+00:00,search,/search,GET,200,157.0,772,38.2,64.4
2026-07-30T11:00:00+00:00,search,/search,GET,200,173.2,904,49.8,62.0
2026-07-30T12:00:00+00:00,search,/search,GET,200,152.7,943,48.5,58.4
2026-07-30T13:00:00+00:00,search,/search,GET,200,191.6,879,42.8,62.4
2026-07-30T14:00:00+00:00,search,/search,GET,200,163.2,937,43.7,61.1
2026-07-30T15:00:00+00:00,search,/search,GET,200,142.1,960,39.4,57.0
2026-07-30T16:00:00+00:00,search,/search,GET,200,176.6,942,35.9,49.6
2026-07-30T17:00:00+00:00,search,/search,GET,200,161.1,919,44.2,53.0
2026-07-30T18:00:00+00:00,search,/search,GET,200,154.9,852,49.2,59.5
2026-07-30T19:00:00+00:00,search,/search,GET,200,181.8,754,40.4,57.0
2026-07-30T20:00:00+00:00,search,/search,GET,200,167.7,856,41.9,75.0
2026-07-30T21:00:00+00:00,search,/search,GET,200,168.1,689,42.8,57.6
2026-07-30T22:00:00+00:00,search,/search,GET,200,159.3,618,44.1,51.9
2026-07-30T23:00:00+00:00,search,/search,GET,200,161.2,539,42.2,51.7
2026-07-31T00:00:00+00:00,search,/search,GET,404,179.1,592,43.1,58.7
2026-07-31T01:00:00+00:00,search,/search,GET,200,177.4,571,42.0,52.1
2026-07-31T02:00:00+00:00,search,/search,GET,200,162.5,570,56.4,46.2
2026-07-31T03:00:00+00:00,search,/search,GET,200,193.8,524,53.3,72.4
2026-07-31T04:00:00+00:00,search,/search,GET,200,153.8,470,43.6,64.9
2026-07-31T05:00:00+00:00,search,/search,GET,200,189.3,665,44.2,43.3
2026-07-31T06:00:00+00:00,search,/search,GET,200,172.3,597,37.5,58.2
2026-07-31T07:00:00+00:00,search,/search,GET,200,189.8,633,44.6,66.2
2026-07-31T08:00:00+00:00,search,/search,GET,200,160.1,617,39.6,49.0
2026-07-31T09:00:00+00:00,search,/search,GET,200,169.2,801,47.5,60.5
2026-07-31T10:00:00+00:00,search,/search,GET,200,175.7,861,38.8,54.7
2026-07-31T11:00:00+00:00,search,/search,GET,200,183.8,847,47.4,67.8
2026-07-31T12:00:00+00:00,search,/search,GET,200,197.9,800,48.0,52.9
2026-07-31T13:00:00+00:00,search,/search,GET,200,178.0,918,40.5,75.1
2026-07-31T14:00:00+00:00,search,/search,GET,200,154.2,1000,44.6,76.9
2026-07-31T15:00:00+00:00,search,/search,GET,200,157.3,891,42.9,78.2
2026-07-31T16:00:00+00:00,search,/search,GET,200,183.0,944,42.3,59.9
2026-07-31T17:00:00+00:00,search,/search,GET,200,152.3,815,40.3,63.1
2026-07-31T18:00:00+00:00,search,/search,GET,200,167.1,762,37.1,64.9
2026-07-31T19:00:00+00:00,search,/search,GET,200,174.4,784,47.8,61.4
2026-07-31T20:00:00+00:00,search,/search,GET,200,188.7,739,42.9,52.2
2026-07-31T21:00:00+00:00,search,/search,GET,200,162.6,708,46.4,73.5
2026-07-31T22:00:00+00:00,search,/search,GET,200,157.4,547,48.9,65.3
2026-07-31T23:00:00+00:00,search,/search,GET,200,197.8,540,44.3,66.9
2026-08-01T00:00:00+00:00,search,/search,GET,200,165.6,429,49.7,60.7
2026-08-01T01:00:00+00:00,search,/search,GET,200,175.4,386,39.8,45.9
2026-08-01T02:00:00+00:00,search,/search,GET,200,162.1,325,44.0,63.9
2026-08-01T03:00:00+00:00,search,/search,GET,200,168.4,499,41.0,59.2
2026-08-01T04:00:00+00:00,search,/search,GET,200,190.9,371,36.2,63.8
2026-08-01T05:00:00+00:00,search,/search,GET,200,171.1,371,48.6,60.6
2026-08-01T06:00:00+00:00,search,/search,GET,200,143.5,476,49.5,53.8
2026-08-01T07:00:00+00:00,search,/search,GET,200,167.2,492,53.8,57.9
2026-08-01T08:00:00+00:00,search,/search,GET,200,170.1,489,43.2,38.5
2026-08-01T09:00:00+00:00,search,/search,GET,200,201.8,621,35.7,44.1
2026-08-01T10:00:00+00:00,search,/search,GET,200,161.2,659,49.9,57.5
2026-08-01T11:00:00+00:00,search,/search,GET,200,161.2,682,30.1,72.7
2026-08-01T12:00:00+00:00,search,/search,GET,200,168.4,609,39.9,54.5
2026-08-01T13:00:00+00:00,search,/search,GET,200,159.2,689,49.8,58.2
2026-08-01T14:00:00+00:00,search,/search,GET,200,234.5,1119,38.7,51.7
2026-08-01T15:00:00+00:00,search,/search,GET,200,197.9,986,47.9,61.7
2026-08-01T16:00:00+00:00,search,/search,GET,200,216.6,929,43.9,59.8
2026-08-01T17:00:00+00:00,search,/search,GET,200,231.7,891,39.7,48.2
2026-08-01T18:00:00+00:00,search,/search,GET,200,253.4,844,46.2,70.0
2026-08-01T19:00:00+00:00,search,/search,GET,200,203.1,750,46.7,49.5
2026-08-01T20:00:00+00:00,search,/search,GET,200,207.8,826,42.6,66.5
2026-08-01T21:00:00+00:00,search,/search,GET,200,219.5,667,42.6,55.1
2026-08-01T22:00:00+00:00,search,/search,GET,200,207.0,653,37.6,55.4
2026-08-01T23:00:00+00:00,search,/search,GET,200,188.5,684,47.5,66.6
2026-08-02T00:00:00+00:00,search,/search,GET,200,155.1,388,39.3,63.7
2026-08-02T01:00:00+00:00,search,/search,GET,200,157.6,251,36.6,66.4
2026-08-02T02:00:00+00:00,search,/search,GET,200,186.3,386,48.4,67.2
2026-08-02T03:00:00+00:00,search,/search,GET,200,156.4,390,43.6,60.5
2026-08-02T04:00:00+00:00,search,/search,GET,200,171.1,384,52.9,65.1
2026-08-02T05:00:00+00:00,search,/search,GET,200,176.5,467,39.5,60.8
2026-08-02T06:00:00+00:00,search,/search,GET,200,150.2,414,47.2,61.8
2026-08-02T07:00:00+00:00,search,/search,GET,200,170.3,452,39.6,46.0
2026-08-02T08:00:00+00:00,search,/search,GET,404,169.9,539,36.4,61.2
2026-08-02T09:00:00+00:00,search,/search,GET,200,165.8,548,46.8,63.1
2026-08-02T10:00:00+00:00,search,/search,GET,200,171.6,589,47.7,65.6
2026-08-02T11:00:00+00:00,search,/search,GET,200,155.7,678,47.3,49.1
2026-08-02T12:00:00+00:00,search,/search,GET,200,178.0,586,47.7,73.6
2026-08-02T13:00:00+00:00,search,/search,GET,200,152.9,673,39.9,61.0
2026-08-02T14:00:00+00:00,search,/search,GET,200,170.9,595,38.0,67.8
2026-08-02T15:00:00+00:00,search,/search,GET,500,231.7,664,37.8,62.7
2026-08-02T16:00:00+00:00,search,/search,GET,200,147.3,586,42.9,58.4
2026-08-02T17:00:00+00:00,search,/search,GET,200,174.4,546,41.6,82.3
2026-08-02T18:00:00+00:00,search,/search,GET,200,169.7,553,42.6,52.3
2026-08-02T19:00:00+00:00,search,/search,GET,200,187.4,515,39.8,70.7
2026-08-02T20:00:00+00:00,search,/search,GET,200,158.5,536,35.2,71.0
2026-08-02T21:00:00+00:00,search,/search,GET,200,173.5,409,33.8,51.6
2026-08-02T22:00:00+00:00,search,/search,GET,200,178.7,493,48.4,57.9
2026-08-02T23:00:00+00:00,search,/search,GET,200,177.4,537,45.2,63.0
2026-08-03T00:00:00+00:00,search,/search,GET,200,173.4,453,53.0,58.3
2026-08-03T01:00:00+00:00,search,/search,GET,200,165.0,560,50.6,51.6
2026-08-03T02:00:00+00:00,search,/search,GET,200,165.7,502,45.1,57.4
2026-08-03T03:00:00+00:00,search,/search,GET,200,144.0,602,40.7,71.2
2026-08-03T04:00:00+00:00,search,/search,GET,200,165.9,516,43.9,68.6
2026-08-03T05:00:00+00:00,search,/search,GET,200,191.2,640,45.2,55.1
2026-08-03T06:00:00+00:00,search,/search,GET,200,162.0,606,47.9,44.3
2026-08-03T07:00:00+00:00,search,/search,GET,200,168.5,653,47.2,71.9
2026-08-03T08:00:00+00:00,search,/search,GET,200,170.6,617,38.9,56.1
2026-08-03T09:00:00+00:00,search,/search,GET,200,167.3,751,48.8,63.5
2026-08-03T10:00:00+00:00,search,/search,GET,200,181.2,920,43.3,63.8
2026-08-03T11:00:00+00:00,search,/search,GET,200,178.5,851,54.5,53.4
2026-08-03T12:00:00+00:00,search,/search,GET,200,181.4,1012,45.9,59.4
2026-08-03T13:00:00+00:00,search,/search,GET,200,163.3,987,42.6,61.6
2026-08-03T14:00:00+00:00,search,/search,GET,200,175.5,803,43.9,62.0
2026-08-03T15:00:00+00:00,search,/search,GET,200,189.9,874,48.0,67.7
2026-08-03T16:00:00+00:00,search,/search,GET,200,146.1,842,44.2,63.1
2026-08-03T17:00:00+00:00,search,/search,GET,200,147.8,843,57.7,65.0
2026-08-03T18:00:00+00:00,search,/search,GET,200,166.4,811,32.5,53.9
2026-08-03T19:00:00+00:00,search,/search,GET,200,173.6,848,40.9,53.1
2026-08-03T20:00:00+00:00,search,/search,GET,200,169.5,739,52.1,64.7
2026-08-03T21:00:00+00:00,search,/search,GET,200,154.2,731,43.5,49.9
2026-08-03T22:00:00+00:00,search,/search,GET,200,156.4,605,41.6,61.9
2026-08-03T23:00:00+00:00,search,/search,GET,200,168.6,639,45.9,68.0
2026-08-04T00:00:00+00:00,search,/search,GET,200,164.8,515,43.8,43.3
2026-08-04T01:00:00+00:00,search,/search,GET,200,169.9,541,42.3,45.6
2026-08-04T02:00:00+00:00,search,/search,GET,200,173.7,531,39.7,69.5
2026-08-04T03:00:00+00:00,search,/search,GET,200,160.4,478,45.4,62.2
2026-08-04T04:00:00+00:00,search,/search,GET,200,170.7,456,37.1,73.9
2026-08-04T05:00:00+00:00,search,/search,GET,200,161.5,678,42.1,71.2
