timestamp,endpoint,horizon,actual,prediction,model,run_id,origin
2026-08-01 12:00:00+00:00,/identity,1,247.0,304.1897261904763,RF_FullFeatures,20260910T175101Z,2026-08-01 11:00:00+00:00
2026-08-01 17:00:00+00:00,/identity,6,308.0,267.099857142857,RF_FullFeatures,20260910T175101Z,2026-08-01 11:00:00+00:00
2026-08-01 23:00:00+00:00,/identity,12,197.0,245.00652597402603,RF_FullFeatures,20260910T175101Z,2026-08-01 11:00:00+00:00
2026-08-01 13:00:00+00:00,/identity,1,300.0,279.1608214285715,RF_FullFeatures,20260910T175101Z,2026-08-01 12:00:00+00:00
2026-08-01 18:00:00+00:00,/identity,6,252.0,282.3570892857143,RF_FullFeatures,20260910T175101Z,2026-08-01 12:00:00+00:00
2026-08-02 00:00:00+00:00,/identity,12,158.0,184.30800396825384,RF_FullFeatures,20260910T175101Z,2026-08-01 12:00:00+00:00
2026-08-01 14:00:00+00:00,/identity,1,307.0,290.07594047619057,RF_FullFeatures,20260910T175101Z,2026-08-01 13:00:00+00:00
2026-08-01 19:00:00+00:00,/identity,6,261.0,262.03394859307355,RF_FullFeatures,20260910T175101Z,2026-08-01 13:00:00+00:00
2026-08-02 01:00:00+00:00,/identity,12,150.0,178.4715178571428,RF_FullFeatures,20260910T175101Z,2026-08-01 13:00:00+00:00
2026-08-01 15:00:00+00:00,/identity,1,286.0,269.8024642857144,RF_FullFeatures,20260910T175101Z,2026-08-01 14:00:00+00:00
2026-08-01 20:00:00+00:00,/identity,6,229.0,257.35956547619037,RF_FullFeatures,20260910T175101Z,2026-08-01 14:00:00+00:00
2026-08-02 02:00:00+00:00,/identity,12,187.0,154.89710119047615,RF_FullFeatures,20260910T175101Z,2026-08-01 14:00:00+00:00
2026-08-01 16:00:00+00:00,/identity,1,291.0,271.6777023809524,RF_FullFeatures,20260910T175101Z,2026-08-01 15:00:00+00:00
2026-08-01 21:00:00+00:00,/identity,6,242.0,255.58589898989888,RF_FullFeatures,20260910T175101Z,2026-08-01 15:00:00+00:00
2026-08-02 03:00:00+00:00,/identity,12,158.0,160.82008928571423,RF_FullFeatures,20260910T175101Z,2026-08-01 15:00:00+00:00
2026-08-01 17:00:00+00:00,/identity,1,308.0,276.2223333333333,RF_FullFeatures,20260910T175101Z,2026-08-01 16:00:00+00:00
2026-08-01 22:00:00+00:00,/identity,6,188.0,251.0460694444444,RF_FullFeatures,20260910T175101Z,2026-08-01 16:00:00+00:00
2026-08-02 04:00:00+00:00,/identity,12,181.0,169.12696230158724,RF_FullFeatures,20260910T175101Z,2026-08-01 16:00:00+00:00
2026-08-01 18:00:00+00:00,/identity,1,252.0,286.9604285714285,RF_FullFeatures,20260910T175101Z,2026-08-01 17:00:00+00:00
2026-08-01 23:00:00+00:00,/identity,6,197.0,245.53390692640696,RF_FullFeatures,20260910T175101Z,2026-08-01 17:00:00+00:00
2026-08-02 05:00:00+00:00,/identity,12,169.0,180.08571428571423,RF_FullFeatures,20260910T175101Z,2026-08-01 17:00:00+00:00
2026-08-01 19:00:00+00:00,/identity,1,261.0,253.96669264069251,RF_FullFeatures,20260910T175101Z,2026-08-01 18:00:00+00:00
2026-08-02 00:00:00+00:00,/identity,6,158.0,193.24613095238092,RF_FullFeatures,20260910T175101Z,2026-08-01 18:00:00+00:00
2026-08-02 06:00:00+00:00,/identity,12,202.0,206.5814464285714,RF_FullFeatures,20260910T175101Z,2026-08-01 18:00:00+00:00
2026-08-01 20:00:00+00:00,/identity,1,229.0,261.4103630952379,RF_FullFeatures,20260910T175101Z,2026-08-01 19:00:00+00:00
2026-08-02 01:00:00+00:00,/identity,6,150.0,181.34567261904758,RF_FullFeatures,20260910T175101Z,2026-08-01 19:00:00+00:00
2026-08-02 07:00:00+00:00,/identity,12,203.0,199.17007738095225,RF_FullFeatures,20260910T175101Z,2026-08-01 19:00:00+00:00
2026-08-01 21:00:00+00:00,/identity,1,242.0,231.66297835497843,RF_FullFeatures,20260910T175101Z,2026-08-01 20:00:00+00:00
2026-08-02 02:00:00+00:00,/identity,6,187.0,156.58814087301585,RF_FullFeatures,20260910T175101Z,2026-08-01 20:00:00+00:00
2026-08-02 08:00:00+00:00,/identity,12,233.0,199.82177976190468,RF_FullFeatures,20260910T175101Z,2026-08-01 20:00:00+00:00
2026-08-01 22:00:00+00:00,/identity,1,188.0,240.33399404761906,RF_FullFeatures,20260910T175101Z,2026-08-01 21:00:00+00:00
2026-08-02 03:00:00+00:00,/identity,6,158.0,159.52567261904755,RF_FullFeatures,20260910T175101Z,2026-08-01 21:00:00+00:00
2026-08-02 09:00:00+00:00,/identity,12,295.0,214.84615079365074,RF_FullFeatures,20260910T175101Z,2026-08-01 21:00:00+00:00
2026-08-01 23:00:00+00:00,/identity,1,197.0,216.7237301587301,RF_FullFeatures,20260910T175101Z,2026-08-01 22:00:00+00:00
2026-08-02 04:00:00+00:00,/identity,6,181.0,189.38949404761905,RF_FullFeatures,20260910T175101Z,2026-08-01 22:00:00+00:00
2026-08-02 10:00:00+00:00,/identity,12,249.0,243.8335734126984,RF_FullFeatures,20260910T175101Z,2026-08-01 22:00:00+00:00
2026-08-02 00:00:00+00:00,/identity,1,158.0,186.9991785714285,RF_FullFeatures,20260910T175101Z,2026-08-01 23:00:00+00:00
2026-08-02 05:00:00+00:00,/identity,6,169.0,170.0816944444444,RF_FullFeatures,20260910T175101Z,2026-08-01 23:00:00+00:00
2026-08-02 11:00:00+00:00,/identity,12,291.0,226.68250396825405,RF_FullFeatures,20260910T175101Z,2026-08-01 23:00:00+00:00
2026-08-02 01:00:00+00:00,/identity,1,150.0,159.18563690476185,RF_FullFeatures,20260910T175101Z,2026-08-02 00:00:00+00:00
2026-08-02 06:00:00+00:00,/identity,6,202.0,182.5654107142857,RF_FullFeatures,20260910T175101Z,2026-08-02 00:00:00+00:00
2026-08-02 12:00:00+00:00,/identity,12,263.0,237.5105932539683,RF_FullFeatures,20260910T175101Z,2026-08-02 00:00:00+00:00
2026-08-02 02:00:00+00:00,/identity,1,187.0,160.12347420634916,RF_FullFeatures,20260910T175101Z,2026-08-02 01:00:00+00:00
2026-08-02 07:00:00+00:00,/identity,6,203.0,192.19390674603164,RF_FullFeatures,20260910T175101Z,2026-08-02 01:00:00+00:00
2026-08-02 13:00:00+00:00,/identity,12,295.0,263.20307539682545,RF_FullFeatures,20260910T175101Z,2026-08-02 01:00:00+00:00
2026-08-02 03:00:00+00:00,/identity,1,158.0,195.90449007936505,RF_FullFeatures,20260910T175101Z,2026-08-02 02:00:00+00:00
2026-08-02 08:00:00+00:00,/identity,6,233.0,208.21391666666668,RF_FullFeatures,20260910T175101Z,2026-08-02 02:00:00+00:00
2026-08-02 14:00:00+00:00,/identity,12,287.0,291.26875,RF_FullFeatures,20260910T175101Z,2026-08-02 02:00:00+00:00
2026-08-02 04:00:00+00:00,/identity,1,181.0,177.53542261904752,RF_FullFeatures,20260910T175101Z,2026-08-02 03:00:00+00:00
2026-08-02 09:00:00+00:00,/identity,6,295.0,212.403746031746,RF_FullFeatures,20260910T175101Z,2026-08-02 03:00:00+00:00
2026-08-02 15:00:00+00:00,/identity,12,347.0,290.6365753968254,RF_FullFeatures,20260910T175101Z,2026-08-02 03:00:00+00:00
2026-08-02 05:00:00+00:00,/identity,1,169.0,169.12757539682534,RF_FullFeatures,20260910T175101Z,2026-08-02 04:00:00+00:00
2026-08-02 10:00:00+00:00,/identity,6,249.0,223.97412896825404,RF_FullFeatures,20260910T175101Z,2026-08-02 04:00:00+00:00
2026-08-02 16:00:00+00:00,/identity,12,278.0,293.03137698412706,RF_FullFeatures,20260910T175101Z,2026-08-02 04:00:00+00:00
2026-08-02 06:00:00+00:00,/identity,1,202.0,183.29361309523804,RF_FullFeatures,20260910T175101Z,2026-08-02 05:00:00+00:00
2026-08-02 11:00:00+00:00,/identity,6,291.0,233.9086111111112,RF_FullFeatures,20260910T175101Z,2026-08-02 05:00:00+00:00
2026-08-02 17:00:00+00:00,/identity,12,273.0,293.2496150793651,RF_FullFeatures,20260910T175101Z,2026-08-02 05:00:00+00:00
2026-08-02 07:00:00+00:00,/identity,1,203.0,199.37627976190467,RF_FullFeatures,20260910T175101Z,2026-08-02 06:00:00+00:00
2026-08-02 12:00:00+00:00,/identity,6,263.0,247.60982738095237,RF_FullFeatures,20260910T175101Z,2026-08-02 06:00:00+00:00
2026-08-02 18:00:00+00:00,/identity,12,292.0,284.253869047619,RF_FullFeatures,20260910T175101Z,2026-08-02 06:00:00+00:00
2026-08-02 08:00:00+00:00,/identity,1,233.0,202.37322420634916,RF_FullFeatures,20260910T175101Z,2026-08-02 07:00:00+00:00
2026-08-02 13:00:00+00:00,/identity,6,295.0,277.0707222222222,RF_FullFeatures,20260910T175101Z,2026-08-02 07:00:00+00:00
2026-08-02 19:00:00+00:00,/identity,12,229.0,261.7974642857142,RF_FullFeatures,20260910T175101Z,2026-08-02 07:00:00+00:00
2026-08-02 09:00:00+00:00,/identity,1,295.0,240.97350396825405,RF_FullFeatures,20260910T175101Z,2026-08-02 08:00:00+00:00
2026-08-02 14:00:00+00:00,/identity,6,287.0,292.3404126984127,RF_FullFeatures,20260910T175101Z,2026-08-02 08:00:00+00:00
2026-08-02 20:00:00+00:00,/identity,12,242.0,246.3166666666666,RF_FullFeatures,20260910T175101Z,2026-08-02 08:00:00+00:00
2026-08-02 10:00:00+00:00,/identity,1,249.0,279.19380357142853,RF_FullFeatures,20260910T175101Z,2026-08-02 09:00:00+00:00
2026-08-02 15:00:00+00:00,/identity,6,347.0,270.2044523809524,RF_FullFeatures,20260910T175101Z,2026-08-02 09:00:00+00:00
2026-08-02 21:00:00+00:00,/identity,12,241.0,213.13099007936515,RF_FullFeatures,20260910T175101Z,2026-08-02 09:00:00+00:00
2026-08-02 11:00:00+00:00,/identity,1,291.0,260.3804722222223,RF_FullFeatures,20260910T175101Z,2026-08-02 10:00:00+00:00
2026-08-02 16:00:00+00:00,/identity,6,278.0,280.8146785714286,RF_FullFeatures,20260910T175101Z,2026-08-02 10:00:00+00:00
2026-08-02 22:00:00+00:00,/identity,12,194.0,213.29570039682545,RF_FullFeatures,20260910T175101Z,2026-08-02 10:00:00+00:00
2026-08-02 12:00:00+00:00,/identity,1,263.0,297.25921825396824,RF_FullFeatures,20260910T175101Z,2026-08-02 11:00:00+00:00
2026-08-02 17:00:00+00:00,/identity,6,273.0,266.66873809523804,RF_FullFeatures,20260910T175101Z,2026-08-02 11:00:00+00:00
2026-08-02 23:00:00+00:00,/identity,12,170.0,203.00942261904763,RF_FullFeatures,20260910T175101Z,2026-08-02 11:00:00+00:00
2026-08-02 13:00:00+00:00,/identity,1,295.0,288.5832678571427,RF_FullFeatures,20260910T175101Z,2026-08-02 12:00:00+00:00
2026-08-02 18:00:00+00:00,/identity,6,292.0,262.1481726190476,RF_FullFeatures,20260910T175101Z,2026-08-02 12:00:00+00:00
2026-08-03 00:00:00+00:00,/identity,12,250.0,211.1482083333334,RF_FullFeatures,20260910T175101Z,2026-08-02 12:00:00+00:00
2026-08-02 14:00:00+00:00,/identity,1,287.0,293.92297222222226,RF_FullFeatures,20260910T175101Z,2026-08-02 13:00:00+00:00
2026-08-02 19:00:00+00:00,/identity,6,229.0,258.38851785714274,RF_FullFeatures,20260910T175101Z,2026-08-02 13:00:00+00:00
2026-08-03 01:00:00+00:00,/identity,12,230.0,217.54835119047624,RF_FullFeatures,20260910T175101Z,2026-08-02 13:00:00+00:00
2026-08-02 15:00:00+00:00,/identity,1,347.0,265.9895714285714,RF_FullFeatures,20260910T175101Z,2026-08-02 14:00:00+00:00
2026-08-02 20:00:00+00:00,/identity,6,242.0,245.9186666666666,RF_FullFeatures,20260910T175101Z,2026-08-02 14:00:00+00:00
2026-08-03 02:00:00+00:00,/identity,12,213.0,219.98069047619046,RF_FullFeatures,20260910T175101Z,2026-08-02 14:00:00+00:00
2026-08-02 16:00:00+00:00,/identity,1,278.0,360.35625595238105,RF_FullFeatures,20260910T175101Z,2026-08-02 15:00:00+00:00
2026-08-02 21:00:00+00:00,/identity,6,241.0,299.6406904761905,RF_FullFeatures,20260910T175101Z,2026-08-02 15:00:00+00:00
2026-08-03 03:00:00+00:00,/identity,12,204.0,208.08462301587292,RF_FullFeatures,20260910T175101Z,2026-08-02 15:00:00+00:00
2026-08-02 17:00:00+00:00,/identity,1,273.0,266.5580238095238,RF_FullFeatures,20260910T175101Z,2026-08-02 16:00:00+00:00
2026-08-02 22:00:00+00:00,/identity,6,194.0,231.13528571428571,RF_FullFeatures,20260910T175101Z,2026-08-02 16:00:00+00:00
2026-08-03 04:00:00+00:00,/identity,12,239.0,224.40503571428562,RF_FullFeatures,20260910T175101Z,2026-08-02 16:00:00+00:00
2026-08-02 18:00:00+00:00,/identity,1,292.0,271.1243511904762,RF_FullFeatures,20260910T175101Z,2026-08-02 17:00:00+00:00
2026-08-02 23:00:00+00:00,/identity,6,170.0,217.6081765873016,RF_FullFeatures,20260910T175101Z,2026-08-02 17:00:00+00:00
2026-08-03 05:00:00+00:00,/identity,12,313.0,240.9679920634921,RF_FullFeatures,20260910T175101Z,2026-08-02 17:00:00+00:00
2026-08-02 19:00:00+00:00,/identity,1,229.0,263.40735714285705,RF_FullFeatures,20260910T175101Z,2026-08-02 18:00:00+00:00
2026-08-03 00:00:00+00:00,/identity,6,250.0,207.24368849206348,RF_FullFeatures,20260910T175101Z,2026-08-02 18:00:00+00:00
2026-08-03 06:00:00+00:00,/identity,12,263.0,275.42978174603184,RF_FullFeatures,20260910T175101Z,2026-08-02 18:00:00+00:00
2026-08-02 20:00:00+00:00,/identity,1,242.0,218.75855357142848,RF_FullFeatures,20260910T175101Z,2026-08-02 19:00:00+00:00
2026-08-03 01:00:00+00:00,/identity,6,230.0,221.13433333333333,RF_FullFeatures,20260910T175101Z,2026-08-02 19:00:00+00:00
2026-08-03 07:00:00+00:00,/identity,12,273.0,284.6929642857144,RF_FullFeatures,20260910T175101Z,2026-08-02 19:00:00+00:00
2026-08-02 21:00:00+00:00,/identity,1,241.0,243.6359543650793,RF_FullFeatures,20260910T175101Z,2026-08-02 20:00:00+00:00
2026-08-03 02:00:00+00:00,/identity,6,213.0,216.60828571428567,RF_FullFeatures,20260910T175101Z,2026-08-02 20:00:00+00:00
2026-08-03 08:00:00+00:00,/identity,12,298.0,291.74751587301597,RF_FullFeatures,20260910T175101Z,2026-08-02 20:00:00+00:00
2026-08-02 22:00:00+00:00,/identity,1,194.0,235.28955357142863,RF_FullFeatures,20260910T175101Z,2026-08-02 21:00:00+00:00
2026-08-03 03:00:00+00:00,/identity,6,204.0,220.210869047619,RF_FullFeatures,20260910T175101Z,2026-08-02 21:00:00+00:00
2026-08-03 09:00:00+00:00,/identity,12,381.0,316.4813849206349,RF_FullFeatures,20260910T175101Z,2026-08-02 21:00:00+00:00
2026-08-02 23:00:00+00:00,/identity,1,170.0,201.91199206349208,RF_FullFeatures,20260910T175101Z,2026-08-02 22:00:00+00:00
2026-08-03 04:00:00+00:00,/identity,6,239.0,222.79862301587295,RF_FullFeatures,20260910T175101Z,2026-08-02 22:00:00+00:00
2026-08-03 10:00:00+00:00,/identity,12,355.0,341.74305753968247,RF_FullFeatures,20260910T175101Z,2026-08-02 22:00:00+00:00
2026-08-03 00:00:00+00:00,/identity,1,250.0,194.53572619047617,RF_FullFeatures,20260910T175101Z,2026-08-02 23:00:00+00:00
2026-08-03 05:00:00+00:00,/identity,6,313.0,234.41582142857146,RF_FullFeatures,20260910T175101Z,2026-08-02 23:00:00+00:00
2026-08-03 11:00:00+00:00,/identity,12,377.0,360.40108134920644,RF_FullFeatures,20260910T175101Z,2026-08-02 23:00:00+00:00
2026-08-03 01:00:00+00:00,/identity,1,230.0,221.73797023809533,RF_FullFeatures,20260910T175101Z,2026-08-03 00:00:00+00:00
2026-08-03 06:00:00+00:00,/identity,6,263.0,263.9927976190477,RF_FullFeatures,20260910T175101Z,2026-08-03 00:00:00+00:00
2026-08-03 12:00:00+00:00,/identity,12,343.0,378.3634107142857,RF_FullFeatures,20260910T175101Z,2026-08-03 00:00:00+00:00
2026-08-03 02:00:00+00:00,/identity,1,213.0,218.4616984126984,RF_FullFeatures,20260910T175101Z,2026-08-03 01:00:00+00:00
2026-08-03 07:00:00+00:00,/identity,6,273.0,285.56435714285726,RF_FullFeatures,20260910T175101Z,2026-08-03 01:00:00+00:00
2026-08-03 13:00:00+00:00,/identity,12,398.0,403.5128095238095,RF_FullFeatures,20260910T175101Z,2026-08-03 01:00:00+00:00
2026-08-03 03:00:00+00:00,/identity,1,204.0,218.7701408730159,RF_FullFeatures,20260910T175101Z,2026-08-03 02:00:00+00:00
2026-08-03 08:00:00+00:00,/identity,6,298.0,291.3231706349207,RF_FullFeatures,20260910T175101Z,2026-08-03 02:00:00+00:00
2026-08-03 14:00:00+00:00,/identity,12,357.0,416.5560416666667,RF_FullFeatures,20260910T175101Z,2026-08-03 02:00:00+00:00
2026-08-03 04:00:00+00:00,/identity,1,239.0,222.3638789682539,RF_FullFeatures,20260910T175101Z,2026-08-03 03:00:00+00:00
2026-08-03 09:00:00+00:00,/identity,6,381.0,307.45872222222215,RF_FullFeatures,20260910T175101Z,2026-08-03 03:00:00+00:00
2026-08-03 15:00:00+00:00,/identity,12,390.0,415.52309523809527,RF_FullFeatures,20260910T175101Z,2026-08-03 03:00:00+00:00
2026-08-03 05:00:00+00:00,/identity,1,313.0,242.04894642857158,RF_FullFeatures,20260910T175101Z,2026-08-03 04:00:00+00:00
2026-08-03 10:00:00+00:00,/identity,6,355.0,339.8894027777778,RF_FullFeatures,20260910T175101Z,2026-08-03 04:00:00+00:00
2026-08-03 16:00:00+00:00,/identity,12,435.0,395.7325972222223,RF_FullFeatures,20260910T175101Z,2026-08-03 04:00:00+00:00
2026-08-03 06:00:00+00:00,/identity,1,263.0,291.65375000000006,RF_FullFeatures,20260910T175101Z,2026-08-03 05:00:00+00:00
2026-08-03 11:00:00+00:00,/identity,6,377.0,386.24660912698397,RF_FullFeatures,20260910T175101Z,2026-08-03 05:00:00+00:00
2026-08-03 17:00:00+00:00,/identity,12,352.0,383.21478769841275,RF_FullFeatures,20260910T175101Z,2026-08-03 05:00:00+00:00
2026-08-03 07:00:00+00:00,/identity,1,273.0,285.55117063492077,RF_FullFeatures,20260910T175101Z,2026-08-03 06:00:00+00:00
2026-08-03 12:00:00+00:00,/identity,6,343.0,398.12592261904757,RF_FullFeatures,20260910T175101Z,2026-08-03 06:00:00+00:00
2026-08-03 18:00:00+00:00,/identity,12,382.0,374.841744047619,RF_FullFeatures,20260910T175101Z,2026-08-03 06:00:00+00:00
2026-08-03 08:00:00+00:00,/identity,1,298.0,312.5117996031746,RF_FullFeatures,20260910T175101Z,2026-08-03 07:00:00+00:00
2026-08-03 13:00:00+00:00,/identity,6,398.0,412.7310119047619,RF_FullFeatures,20260910T175101Z,2026-08-03 07:00:00+00:00
2026-08-03 19:00:00+00:00,/identity,12,353.0,322.8091726190477,RF_FullFeatures,20260910T175101Z,2026-08-03 07:00:00+00:00
2026-08-03 09:00:00+00:00,/identity,1,381.0,316.35951984126984,RF_FullFeatures,20260910T175101Z,2026-08-03 08:00:00+00:00
2026-08-03 14:00:00+00:00,/identity,6,357.0,418.55077976190483,RF_FullFeatures,20260910T175101Z,2026-08-03 08:00:00+00:00
2026-08-03 20:00:00+00:00,/identity,12,277.0,314.51642063492073,RF_FullFeatures,20260910T175101Z,2026-08-03 08:00:00+00:00
2026-08-03 10:00:00+00:00,/identity,1,355.0,362.787,RF_FullFeatures,20260910T175101Z,2026-08-03 09:00:00+00:00
2026-08-03 15:00:00+00:00,/identity,6,390.0,383.3927579365081,RF_FullFeatures,20260910T175101Z,2026-08-03 09:00:00+00:00
2026-08-03 21:00:00+00:00,/identity,12,272.0,291.48141666666675,RF_FullFeatures,20260910T175101Z,2026-08-03 09:00:00+00:00
2026-08-03 11:00:00+00:00,/identity,1,377.0,376.5544761904761,RF_FullFeatures,20260910T175101Z,2026-08-03 10:00:00+00:00
2026-08-03 16:00:00+00:00,/identity,6,435.0,390.3915317460319,RF_FullFeatures,20260910T175101Z,2026-08-03 10:00:00+00:00
2026-08-03 22:00:00+00:00,/identity,12,269.0,282.4761845238095,RF_FullFeatures,20260910T175101Z,2026-08-03 10:00:00+00:00
2026-08-03 12:00:00+00:00,/identity,1,343.0,412.37564285714296,RF_FullFeatures,20260910T175101Z,2026-08-03 11:00:00+00:00
2026-08-03 17:00:00+00:00,/identity,6,352.0,382.30903769841274,RF_FullFeatures,20260910T175101Z,2026-08-03 11:00:00+00:00
2026-08-03 23:00:00+00:00,/identity,12,285.0,265.50919642857133,RF_FullFeatures,20260910T175101Z,2026-08-03 11:00:00+00:00
2026-08-03 13:00:00+00:00,/identity,1,398.0,384.59103373015853,RF_FullFeatures,20260910T175101Z,2026-08-03 12:00:00+00:00
2026-08-03 18:00:00+00:00,/identity,6,382.0,388.0559047619047,RF_FullFeatures,20260910T175101Z,2026-08-03 12:00:00+00:00
2026-08-04 00:00:00+00:00,/identity,12,223.0,232.33229761904752,RF_FullFeatures,20260910T175101Z,2026-08-03 12:00:00+00:00
2026-08-03 14:00:00+00:00,/identity,1,357.0,417.61385714285717,RF_FullFeatures,20260910T175101Z,2026-08-03 13:00:00+00:00
2026-08-03 19:00:00+00:00,/identity,6,353.0,323.7492916666667,RF_FullFeatures,20260910T175101Z,2026-08-03 13:00:00+00:00
2026-08-04 01:00:00+00:00,/identity,12,263.0,217.81413690476188,RF_FullFeatures,20260910T175101Z,2026-08-03 13:00:00+00:00
2026-08-03 15:00:00+00:00,/identity,1,390.0,378.4519583333331,RF_FullFeatures,20260910T175101Z,2026-08-03 14:00:00+00:00
2026-08-03 20:00:00+00:00,/identity,6,277.0,315.95408134920643,RF_FullFeatures,20260910T175101Z,2026-08-03 14:00:00+00:00
2026-08-04 02:00:00+00:00,/identity,12,248.0,216.75238095238083,RF_FullFeatures,20260910T175101Z,2026-08-03 14:00:00+00:00
2026-08-03 16:00:00+00:00,/identity,1,435.0,406.4566369047619,RF_FullFeatures,20260910T175101Z,2026-08-03 15:00:00+00:00
2026-08-03 21:00:00+00:00,/identity,6,272.0,301.43794047619053,RF_FullFeatures,20260910T175101Z,2026-08-03 15:00:00+00:00
2026-08-04 03:00:00+00:00,/identity,12,188.0,215.29640476190468,RF_FullFeatures,20260910T175101Z,2026-08-03 15:00:00+00:00
2026-08-03 17:00:00+00:00,/identity,1,352.0,385.67437499999994,RF_FullFeatures,20260910T175101Z,2026-08-03 16:00:00+00:00
2026-08-03 22:00:00+00:00,/identity,6,269.0,287.38024404761904,RF_FullFeatures,20260910T175101Z,2026-08-03 16:00:00+00:00
2026-08-04 04:00:00+00:00,/identity,12,210.0,210.79666666666668,RF_FullFeatures,20260910T175101Z,2026-08-03 16:00:00+00:00
2026-08-03 18:00:00+00:00,/identity,1,382.0,365.014871031746,RF_FullFeatures,20260910T175101Z,2026-08-03 17:00:00+00:00
2026-08-03 23:00:00+00:00,/identity,6,285.0,265.4207797619048,RF_FullFeatures,20260910T175101Z,2026-08-03 17:00:00+00:00
2026-08-04 05:00:00+00:00,/identity,12,295.0,247.93687896825404,RF_FullFeatures,20260910T175101Z,2026-08-03 17:00:00+00:00
2026-08-01 12:00:00+00:00,/inventory,1,384.0,359.67865873015865,RF_FullFeatures,20260910T175101Z,2026-08-01 11:00:00+00:00
2026-08-01 17:00:00+00:00,/inventory,6,358.0,340.78951190476187,RF_FullFeatures,20260910T175101Z,2026-08-01 11:00:00+00:00
2026-08-01 23:00:00+00:00,/inventory,12,182.0,292.60925198412707,RF_FullFeatures,20260910T175101Z,2026-08-01 11:00:00+00:00
2026-08-01 13:00:00+00:00,/inventory,1,367.0,419.5572738095236,RF_FullFeatures,20260910T175101Z,2026-08-01 12:00:00+00:00
2026-08-01 18:00:00+00:00,/inventory,6,317.0,481.8276825396827,RF_FullFeatures,20260910T175101Z,2026-08-01 12:00:00+00:00
2026-08-02 00:00:00+00:00,/inventory,12,239.0,286.4429226190476,RF_FullFeatures,20260910T175101Z,2026-08-01 12:00:00+00:00
2026-08-01 14:00:00+00:00,/inventory,1,383.0,365.7134226190478,RF_FullFeatures,20260910T175101Z,2026-08-01 13:00:00+00:00
2026-08-01 19:00:00+00:00,/inventory,6,287.0,323.96333134920644,RF_FullFeatures,20260910T175101Z,2026-08-01 13:00:00+00:00
2026-08-02 01:00:00+00:00,/inventory,12,231.0,218.15086093073603,RF_FullFeatures,20260910T175101Z,2026-08-01 13:00:00+00:00
2026-08-01 15:00:00+00:00,/inventory,1,381.0,423.7375714285714,RF_FullFeatures,20260910T175101Z,2026-08-01 14:00:00+00:00
2026-08-01 20:00:00+00:00,/inventory,6,318.0,407.47396230158733,RF_FullFeatures,20260910T175101Z,2026-08-01 14:00:00+00:00
2026-08-02 02:00:00+00:00,/inventory,12,195.0,206.88446031746037,RF_FullFeatures,20260910T175101Z,2026-08-01 14:00:00+00:00
2026-08-01 16:00:00+00:00,/inventory,1,335.0,411.12412500000005,RF_FullFeatures,20260910T175101Z,2026-08-01 15:00:00+00:00
2026-08-01 21:00:00+00:00,/inventory,6,267.0,387.97439682539675,RF_FullFeatures,20260910T175101Z,2026-08-01 15:00:00+00:00
2026-08-02 03:00:00+00:00,/inventory,12,224.0,198.31947005772005,RF_FullFeatures,20260910T175101Z,2026-08-01 15:00:00+00:00
2026-08-01 17:00:00+00:00,/inventory,1,358.0,343.65041865079365,RF_FullFeatures,20260910T175101Z,2026-08-01 16:00:00+00:00
2026-08-01 22:00:00+00:00,/inventory,6,238.0,290.39341071428566,RF_FullFeatures,20260910T175101Z,2026-08-01 16:00:00+00:00
2026-08-02 04:00:00+00:00,/inventory,12,180.0,214.1589543650793,RF_FullFeatures,20260910T175101Z,2026-08-01 16:00:00+00:00
2026-08-01 18:00:00+00:00,/inventory,1,317.0,329.87086507936516,RF_FullFeatures,20260910T175101Z,2026-08-01 17:00:00+00:00
2026-08-01 23:00:00+00:00,/inventory,6,182.0,291.0309940476191,RF_FullFeatures,20260910T175101Z,2026-08-01 17:00:00+00:00
2026-08-02 05:00:00+00:00,/inventory,12,213.0,229.3289523809524,RF_FullFeatures,20260910T175101Z,2026-08-01 17:00:00+00:00
2026-08-01 19:00:00+00:00,/inventory,1,287.0,328.15260317460326,RF_FullFeatures,20260910T175101Z,2026-08-01 18:00:00+00:00
2026-08-02 00:00:00+00:00,/inventory,6,239.0,254.77259902597402,RF_FullFeatures,20260910T175101Z,2026-08-01 18:00:00+00:00
2026-08-02 06:00:00+00:00,/inventory,12,312.0,238.63489682539682,RF_FullFeatures,20260910T175101Z,2026-08-01 18:00:00+00:00
2026-08-01 20:00:00+00:00,/inventory,1,318.0,308.8444761904763,RF_FullFeatures,20260910T175101Z,2026-08-01 19:00:00+00:00
2026-08-02 01:00:00+00:00,/inventory,6,231.0,222.59993235930742,RF_FullFeatures,20260910T175101Z,2026-08-01 19:00:00+00:00
2026-08-02 07:00:00+00:00,/inventory,12,285.0,266.0208968253968,RF_FullFeatures,20260910T175101Z,2026-08-01 19:00:00+00:00
2026-08-01 21:00:00+00:00,/inventory,1,267.0,304.7972380952382,RF_FullFeatures,20260910T175101Z,2026-08-01 20:00:00+00:00
2026-08-02 02:00:00+00:00,/inventory,6,195.0,216.00054545454546,RF_FullFeatures,20260910T175101Z,2026-08-01 20:00:00+00:00
2026-08-02 08:00:00+00:00,/inventory,12,283.0,294.69146825396825,RF_FullFeatures,20260910T175101Z,2026-08-01 20:00:00+00:00
2026-08-01 22:00:00+00:00,/inventory,1,238.0,264.5729503968254,RF_FullFeatures,20260910T175101Z,2026-08-01 21:00:00+00:00
2026-08-02 03:00:00+00:00,/inventory,6,224.0,221.09174188311684,RF_FullFeatures,20260910T175101Z,2026-08-01 21:00:00+00:00
2026-08-02 09:00:00+00:00,/inventory,12,344.0,337.19034722222233,RF_FullFeatures,20260910T175101Z,2026-08-01 21:00:00+00:00
2026-08-01 23:00:00+00:00,/inventory,1,182.0,269.0351527777778,RF_FullFeatures,20260910T175101Z,2026-08-01 22:00:00+00:00
2026-08-02 04:00:00+00:00,/inventory,6,180.0,233.0398511904761,RF_FullFeatures,20260910T175101Z,2026-08-01 22:00:00+00:00
2026-08-02 10:00:00+00:00,/inventory,12,335.0,347.72734722222225,RF_FullFeatures,20260910T175101Z,2026-08-01 22:00:00+00:00
2026-08-02 00:00:00+00:00,/inventory,1,239.0,199.4046208513708,RF_FullFeatures,20260910T175101Z,2026-08-01 23:00:00+00:00
2026-08-02 05:00:00+00:00,/inventory,6,213.0,246.7500238095239,RF_FullFeatures,20260910T175101Z,2026-08-01 23:00:00+00:00
2026-08-02 11:00:00+00:00,/inventory,12,381.0,361.80813293650795,RF_FullFeatures,20260910T175101Z,2026-08-01 23:00:00+00:00
2026-08-02 01:00:00+00:00,/inventory,1,231.0,226.49965854978353,RF_FullFeatures,20260910T175101Z,2026-08-02 00:00:00+00:00
2026-08-02 06:00:00+00:00,/inventory,6,312.0,257.70536111111124,RF_FullFeatures,20260910T175101Z,2026-08-02 00:00:00+00:00
2026-08-02 12:00:00+00:00,/inventory,12,349.0,361.5718392857143,RF_FullFeatures,20260910T175101Z,2026-08-02 00:00:00+00:00
2026-08-02 02:00:00+00:00,/inventory,1,195.0,214.89511093073594,RF_FullFeatures,20260910T175101Z,2026-08-02 01:00:00+00:00
2026-08-02 07:00:00+00:00,/inventory,6,285.0,285.650623015873,RF_FullFeatures,20260910T175101Z,2026-08-02 01:00:00+00:00
2026-08-02 13:00:00+00:00,/inventory,12,402.0,366.39194642857154,RF_FullFeatures,20260910T175101Z,2026-08-02 01:00:00+00:00
2026-08-02 03:00:00+00:00,/inventory,1,224.0,208.64765854978356,RF_FullFeatures,20260910T175101Z,2026-08-02 02:00:00+00:00
2026-08-02 08:00:00+00:00,/inventory,6,283.0,331.20658531746034,RF_FullFeatures,20260910T175101Z,2026-08-02 02:00:00+00:00
2026-08-02 14:00:00+00:00,/inventory,12,399.0,369.1094107142857,RF_FullFeatures,20260910T175101Z,2026-08-02 02:00:00+00:00
2026-08-02 04:00:00+00:00,/inventory,1,180.0,237.21151785714284,RF_FullFeatures,20260910T175101Z,2026-08-02 03:00:00+00:00
2026-08-02 09:00:00+00:00,/inventory,6,344.0,342.7771746031747,RF_FullFeatures,20260910T175101Z,2026-08-02 03:00:00+00:00
2026-08-02 15:00:00+00:00,/inventory,12,308.0,368.09156150793655,RF_FullFeatures,20260910T175101Z,2026-08-02 03:00:00+00:00
2026-08-02 05:00:00+00:00,/inventory,1,213.0,231.61539682539689,RF_FullFeatures,20260910T175101Z,2026-08-02 04:00:00+00:00
2026-08-02 10:00:00+00:00,/inventory,6,335.0,338.84224007936507,RF_FullFeatures,20260910T175101Z,2026-08-02 04:00:00+00:00
2026-08-02 16:00:00+00:00,/inventory,12,350.0,381.6142380952382,RF_FullFeatures,20260910T175101Z,2026-08-02 04:00:00+00:00
2026-08-02 06:00:00+00:00,/inventory,1,312.0,250.33681349206364,RF_FullFeatures,20260910T175101Z,2026-08-02 05:00:00+00:00
2026-08-02 11:00:00+00:00,/inventory,6,381.0,361.5719365079365,RF_FullFeatures,20260910T175101Z,2026-08-02 05:00:00+00:00
2026-08-02 17:00:00+00:00,/inventory,12,414.0,363.54214880952384,RF_FullFeatures,20260910T175101Z,2026-08-02 05:00:00+00:00
2026-08-02 07:00:00+00:00,/inventory,1,285.0,332.1752222222224,RF_FullFeatures,20260910T175101Z,2026-08-02 06:00:00+00:00
2026-08-02 12:00:00+00:00,/inventory,6,349.0,356.2412976190477,RF_FullFeatures,20260910T175101Z,2026-08-02 06:00:00+00:00
2026-08-02 18:00:00+00:00,/inventory,12,310.0,321.171388888889,RF_FullFeatures,20260910T175101Z,2026-08-02 06:00:00+00:00
2026-08-02 08:00:00+00:00,/inventory,1,283.0,338.8167460317461,RF_FullFeatures,20260910T175101Z,2026-08-02 07:00:00+00:00
2026-08-02 13:00:00+00:00,/inventory,6,402.0,365.37377976190487,RF_FullFeatures,20260910T175101Z,2026-08-02 07:00:00+00:00
2026-08-02 19:00:00+00:00,/inventory,12,290.0,314.02636904761914,RF_FullFeatures,20260910T175101Z,2026-08-02 07:00:00+00:00
2026-08-02 09:00:00+00:00,/inventory,1,344.0,329.88456150793644,RF_FullFeatures,20260910T175101Z,2026-08-02 08:00:00+00:00
2026-08-02 14:00:00+00:00,/inventory,6,399.0,379.98787500000003,RF_FullFeatures,20260910T175101Z,2026-08-02 08:00:00+00:00
2026-08-02 20:00:00+00:00,/inventory,12,209.0,320.9202103174604,RF_FullFeatures,20260910T175101Z,2026-08-02 08:00:00+00:00
2026-08-02 10:00:00+00:00,/inventory,1,335.0,344.67733531746023,RF_FullFeatures,20260910T175101Z,2026-08-02 09:00:00+00:00
2026-08-02 15:00:00+00:00,/inventory,6,308.0,401.3851051587302,RF_FullFeatures,20260910T175101Z,2026-08-02 09:00:00+00:00
2026-08-02 21:00:00+00:00,/inventory,12,310.0,297.7792142857143,RF_FullFeatures,20260910T175101Z,2026-08-02 09:00:00+00:00
2026-08-02 11:00:00+00:00,/inventory,1,381.0,356.5743055555556,RF_FullFeatures,20260910T175101Z,2026-08-02 10:00:00+00:00
2026-08-02 16:00:00+00:00,/inventory,6,350.0,381.25844642857146,RF_FullFeatures,20260910T175101Z,2026-08-02 10:00:00+00:00
2026-08-02 22:00:00+00:00,/inventory,12,237.0,279.58351190476196,RF_FullFeatures,20260910T175101Z,2026-08-02 10:00:00+00:00
2026-08-02 12:00:00+00:00,/inventory,1,349.0,418.69912301587306,RF_FullFeatures,20260910T175101Z,2026-08-02 11:00:00+00:00
2026-08-02 17:00:00+00:00,/inventory,6,414.0,367.93823214285715,RF_FullFeatures,20260910T175101Z,2026-08-02 11:00:00+00:00
2026-08-02 23:00:00+00:00,/inventory,12,254.0,274.3796726190477,RF_FullFeatures,20260910T175101Z,2026-08-02 11:00:00+00:00
2026-08-02 13:00:00+00:00,/inventory,1,402.0,372.4153739177489,RF_FullFeatures,20260910T175101Z,2026-08-02 12:00:00+00:00
2026-08-02 18:00:00+00:00,/inventory,6,310.0,327.7946428571429,RF_FullFeatures,20260910T175101Z,2026-08-02 12:00:00+00:00
2026-08-03 00:00:00+00:00,/inventory,12,288.0,296.5810793650794,RF_FullFeatures,20260910T175101Z,2026-08-02 12:00:00+00:00
2026-08-02 14:00:00+00:00,/inventory,1,399.0,420.2234682539683,RF_FullFeatures,20260910T175101Z,2026-08-02 13:00:00+00:00
2026-08-02 19:00:00+00:00,/inventory,6,290.0,311.64102380952386,RF_FullFeatures,20260910T175101Z,2026-08-02 13:00:00+00:00
2026-08-03 01:00:00+00:00,/inventory,12,262.0,294.14021626984135,RF_FullFeatures,20260910T175101Z,2026-08-02 13:00:00+00:00
2026-08-02 15:00:00+00:00,/inventory,1,308.0,405.44838492063485,RF_FullFeatures,20260910T175101Z,2026-08-02 14:00:00+00:00
2026-08-02 20:00:00+00:00,/inventory,6,209.0,316.93940079365086,RF_FullFeatures,20260910T175101Z,2026-08-02 14:00:00+00:00
2026-08-03 02:00:00+00:00,/inventory,12,283.0,295.70890079365086,RF_FullFeatures,20260910T175101Z,2026-08-02 14:00:00+00:00
2026-08-02 16:00:00+00:00,/inventory,1,350.0,356.4313075396826,RF_FullFeatures,20260910T175101Z,2026-08-02 15:00:00+00:00
2026-08-02 21:00:00+00:00,/inventory,6,310.0,310.5702976190477,RF_FullFeatures,20260910T175101Z,2026-08-02 15:00:00+00:00
2026-08-03 03:00:00+00:00,/inventory,12,379.0,314.355263888889,RF_FullFeatures,20260910T175101Z,2026-08-02 15:00:00+00:00
2026-08-02 17:00:00+00:00,/inventory,1,414.0,339.62126082251086,RF_FullFeatures,20260910T175101Z,2026-08-02 16:00:00+00:00
2026-08-02 22:00:00+00:00,/inventory,6,237.0,287.08608928571437,RF_FullFeatures,20260910T175101Z,2026-08-02 16:00:00+00:00
2026-08-03 04:00:00+00:00,/inventory,12,259.0,333.8768293650794,RF_FullFeatures,20260910T175101Z,2026-08-02 16:00:00+00:00
2026-08-02 18:00:00+00:00,/inventory,1,310.0,370.7193333333334,RF_FullFeatures,20260910T175101Z,2026-08-02 17:00:00+00:00
2026-08-02 23:00:00+00:00,/inventory,6,254.0,273.4875119047619,RF_FullFeatures,20260910T175101Z,2026-08-02 17:00:00+00:00
2026-08-03 05:00:00+00:00,/inventory,12,311.0,339.3250615079364,RF_FullFeatures,20260910T175101Z,2026-08-02 17:00:00+00:00
2026-08-02 19:00:00+00:00,/inventory,1,290.0,311.8012976190477,RF_FullFeatures,20260910T175101Z,2026-08-02 18:00:00+00:00
2026-08-03 00:00:00+00:00,/inventory,6,288.0,304.0876984126985,RF_FullFeatures,20260910T175101Z,2026-08-02 18:00:00+00:00
2026-08-03 06:00:00+00:00,/inventory,12,319.0,348.28725,RF_FullFeatures,20260910T175101Z,2026-08-02 18:00:00+00:00
2026-08-02 20:00:00+00:00,/inventory,1,209.0,312.48826190476194,RF_FullFeatures,20260910T175101Z,2026-08-02 19:00:00+00:00
2026-08-03 01:00:00+00:00,/inventory,6,262.0,303.09188888888895,RF_FullFeatures,20260910T175101Z,2026-08-02 19:00:00+00:00
2026-08-03 07:00:00+00:00,/inventory,12,339.0,356.66497023809535,RF_FullFeatures,20260910T175101Z,2026-08-02 19:00:00+00:00
2026-08-02 21:00:00+00:00,/inventory,1,310.0,252.47362896825402,RF_FullFeatures,20260910T175101Z,2026-08-02 20:00:00+00:00
2026-08-03 02:00:00+00:00,/inventory,6,283.0,307.4816626984128,RF_FullFeatures,20260910T175101Z,2026-08-02 20:00:00+00:00
2026-08-03 08:00:00+00:00,/inventory,12,384.0,371.63373214285724,RF_FullFeatures,20260910T175101Z,2026-08-02 20:00:00+00:00
2026-08-02 22:00:00+00:00,/inventory,1,237.0,284.26771428571436,RF_FullFeatures,20260910T175101Z,2026-08-02 21:00:00+00:00
2026-08-03 03:00:00+00:00,/inventory,6,379.0,307.6664662698414,RF_FullFeatures,20260910T175101Z,2026-08-02 21:00:00+00:00
2026-08-03 09:00:00+00:00,/inventory,12,451.0,384.5267698412699,RF_FullFeatures,20260910T175101Z,2026-08-02 21:00:00+00:00
2026-08-02 23:00:00+00:00,/inventory,1,254.0,253.3242718253969,RF_FullFeatures,20260910T175101Z,2026-08-02 22:00:00+00:00
2026-08-03 04:00:00+00:00,/inventory,6,259.0,337.4710198412699,RF_FullFeatures,20260910T175101Z,2026-08-02 22:00:00+00:00
2026-08-03 10:00:00+00:00,/inventory,12,469.0,383.71358531746023,RF_FullFeatures,20260910T175101Z,2026-08-02 22:00:00+00:00
2026-08-03 00:00:00+00:00,/inventory,1,288.0,294.61655952380954,RF_FullFeatures,20260910T175101Z,2026-08-02 23:00:00+00:00
2026-08-03 05:00:00+00:00,/inventory,6,311.0,338.8313650793651,RF_FullFeatures,20260910T175101Z,2026-08-02 23:00:00+00:00
2026-08-03 11:00:00+00:00,/inventory,12,468.0,420.6625813492062,RF_FullFeatures,20260910T175101Z,2026-08-02 23:00:00+00:00
2026-08-03 01:00:00+00:00,/inventory,1,262.0,314.16341269841274,RF_FullFeatures,20260910T175101Z,2026-08-03 00:00:00+00:00
2026-08-03 06:00:00+00:00,/inventory,6,319.0,351.251119047619,RF_FullFeatures,20260910T175101Z,2026-08-03 00:00:00+00:00
2026-08-03 12:00:00+00:00,/inventory,12,489.0,408.45059523809533,RF_FullFeatures,20260910T175101Z,2026-08-03 00:00:00+00:00
2026-08-03 02:00:00+00:00,/inventory,1,283.0,320.1434067460317,RF_FullFeatures,20260910T175101Z,2026-08-03 01:00:00+00:00
2026-08-03 07:00:00+00:00,/inventory,6,339.0,358.5547261904763,RF_FullFeatures,20260910T175101Z,2026-08-03 01:00:00+00:00
2026-08-03 13:00:00+00:00,/inventory,12,587.0,446.0583253968254,RF_FullFeatures,20260910T175101Z,2026-08-03 01:00:00+00:00
2026-08-03 03:00:00+00:00,/inventory,1,379.0,328.7941091269842,RF_FullFeatures,20260910T175101Z,2026-08-03 02:00:00+00:00
2026-08-03 08:00:00+00:00,/inventory,6,384.0,371.1019523809525,RF_FullFeatures,20260910T175101Z,2026-08-03 02:00:00+00:00
2026-08-03 14:00:00+00:00,/inventory,12,480.0,437.70196825396823,RF_FullFeatures,20260910T175101Z,2026-08-03 02:00:00+00:00
2026-08-03 04:00:00+00:00,/inventory,1,259.0,340.594275793651,RF_FullFeatures,20260910T175101Z,2026-08-03 03:00:00+00:00
2026-08-03 09:00:00+00:00,/inventory,6,451.0,372.55366071428574,RF_FullFeatures,20260910T175101Z,2026-08-03 03:00:00+00:00
2026-08-03 15:00:00+00:00,/inventory,12,481.0,437.5824523809525,RF_FullFeatures,20260910T175101Z,2026-08-03 03:00:00+00:00
2026-08-03 05:00:00+00:00,/inventory,1,311.0,313.4804583333334,RF_FullFeatures,20260910T175101Z,2026-08-03 04:00:00+00:00
2026-08-03 10:00:00+00:00,/inventory,6,469.0,376.21331547619053,RF_FullFeatures,20260910T175101Z,2026-08-03 04:00:00+00:00
2026-08-03 16:00:00+00:00,/inventory,12,467.0,413.6869999999999,RF_FullFeatures,20260910T175101Z,2026-08-03 04:00:00+00:00
2026-08-03 06:00:00+00:00,/inventory,1,319.0,347.4025833333333,RF_FullFeatures,20260910T175101Z,2026-08-03 05:00:00+00:00
2026-08-03 11:00:00+00:00,/inventory,6,468.0,394.40258928571444,RF_FullFeatures,20260910T175101Z,2026-08-03 05:00:00+00:00
2026-08-03 17:00:00+00:00,/inventory,12,501.0,448.1399444444445,RF_FullFeatures,20260910T175101Z,2026-08-03 05:00:00+00:00
2026-08-03 07:00:00+00:00,/inventory,1,339.0,350.69304166666666,RF_FullFeatures,20260910T175101Z,2026-08-03 06:00:00+00:00
2026-08-03 12:00:00+00:00,/inventory,6,489.0,397.13988095238085,RF_FullFeatures,20260910T175101Z,2026-08-03 06:00:00+00:00
2026-08-03 18:00:00+00:00,/inventory,12,450.0,412.5217380952381,RF_FullFeatures,20260910T175101Z,2026-08-03 06:00:00+00:00
2026-08-03 08:00:00+00:00,/inventory,1,384.0,353.70652976190485,RF_FullFeatures,20260910T175101Z,2026-08-03 07:00:00+00:00
2026-08-03 13:00:00+00:00,/inventory,6,587.0,424.89230158730135,RF_FullFeatures,20260910T175101Z,2026-08-03 07:00:00+00:00
2026-08-03 19:00:00+00:00,/inventory,12,431.0,411.3969940476191,RF_FullFeatures,20260910T175101Z,2026-08-03 07:00:00+00:00
2026-08-03 09:00:00+00:00,/inventory,1,451.0,376.17386904761895,RF_FullFeatures,20260910T175101Z,2026-08-03 08:00:00+00:00
2026-08-03 14:00:00+00:00,/inventory,6,480.0,465.67198015873,RF_FullFeatures,20260910T175101Z,2026-08-03 08:00:00+00:00
2026-08-03 20:00:00+00:00,/inventory,12,397.0,413.67243452380967,RF_FullFeatures,20260910T175101Z,2026-08-03 08:00:00+00:00
2026-08-03 10:00:00+00:00,/inventory,1,469.0,408.18466666666666,RF_FullFeatures,20260910T175101Z,2026-08-03 09:00:00+00:00
2026-08-03 15:00:00+00:00,/inventory,6,481.0,454.04410714285723,RF_FullFeatures,20260910T175101Z,2026-08-03 09:00:00+00:00
2026-08-03 21:00:00+00:00,/inventory,12,400.0,408.4223988095238,RF_FullFeatures,20260910T175101Z,2026-08-03 09:00:00+00:00
2026-08-03 11:00:00+00:00,/inventory,1,468.0,459.02011706349214,RF_FullFeatures,20260910T175101Z,2026-08-03 10:00:00+00:00
2026-08-03 16:00:00+00:00,/inventory,6,467.0,450.4255238095238,RF_FullFeatures,20260910T175101Z,2026-08-03 10:00:00+00:00
2026-08-03 22:00:00+00:00,/inventory,12,284.0,400.2838511904761,RF_FullFeatures,20260910T175101Z,2026-08-03 10:00:00+00:00
2026-08-03 12:00:00+00:00,/inventory,1,489.0,437.5018154761907,RF_FullFeatures,20260910T175101Z,2026-08-03 11:00:00+00:00
2026-08-03 17:00:00+00:00,/inventory,6,501.0,478.8377896825397,RF_FullFeatures,20260910T175101Z,2026-08-03 11:00:00+00:00
2026-08-03 23:00:00+00:00,/inventory,12,268.0,392.5715238095238,RF_FullFeatures,20260910T175101Z,2026-08-03 11:00:00+00:00
2026-08-03 13:00:00+00:00,/inventory,1,587.0,497.6302718253967,RF_FullFeatures,20260910T175101Z,2026-08-03 12:00:00+00:00
2026-08-03 18:00:00+00:00,/inventory,6,450.0,442.5265376984127,RF_FullFeatures,20260910T175101Z,2026-08-03 12:00:00+00:00
2026-08-04 00:00:00+00:00,/inventory,12,347.0,339.4919642857142,RF_FullFeatures,20260910T175101Z,2026-08-03 12:00:00+00:00
2026-08-03 14:00:00+00:00,/inventory,1,480.0,503.49940476190466,RF_FullFeatures,20260910T175101Z,2026-08-03 13:00:00+00:00
2026-08-03 19:00:00+00:00,/inventory,6,431.0,429.2549880952381,RF_FullFeatures,20260910T175101Z,2026-08-03 13:00:00+00:00
2026-08-04 01:00:00+00:00,/inventory,12,329.0,291.3790595238095,RF_FullFeatures,20260910T175101Z,2026-08-03 13:00:00+00:00
2026-08-03 15:00:00+00:00,/inventory,1,481.0,474.7781309523809,RF_FullFeatures,20260910T175101Z,2026-08-03 14:00:00+00:00
2026-08-03 20:00:00+00:00,/inventory,6,397.0,408.5202202380953,RF_FullFeatures,20260910T175101Z,2026-08-03 14:00:00+00:00
2026-08-04 02:00:00+00:00,/inventory,12,260.0,286.1022738095238,RF_FullFeatures,20260910T175101Z,2026-08-03 14:00:00+00:00
2026-08-03 16:00:00+00:00,/inventory,1,467.0,467.6469404761903,RF_FullFeatures,20260910T175101Z,2026-08-03 15:00:00+00:00
2026-08-03 21:00:00+00:00,/inventory,6,400.0,403.09848214285705,RF_FullFeatures,20260910T175101Z,2026-08-03 15:00:00+00:00
2026-08-04 03:00:00+00:00,/inventory,12,320.0,316.9315357142857,RF_FullFeatures,20260910T175101Z,2026-08-03 15:00:00+00:00
2026-08-03 17:00:00+00:00,/inventory,1,501.0,481.1313630952381,RF_FullFeatures,20260910T175101Z,2026-08-03 16:00:00+00:00
2026-08-03 22:00:00+00:00,/inventory,6,284.0,400.2762678571428,RF_FullFeatures,20260910T175101Z,2026-08-03 16:00:00+00:00
2026-08-04 04:00:00+00:00,/inventory,12,253.0,314.54235714285716,RF_FullFeatures,20260910T175101Z,2026-08-03 16:00:00+00:00
2026-08-03 18:00:00+00:00,/inventory,1,450.0,447.69532341269843,RF_FullFeatures,20260910T175101Z,2026-08-03 17:00:00+00:00
2026-08-03 23:00:00+00:00,/inventory,6,268.0,383.858613095238,RF_FullFeatures,20260910T175101Z,2026-08-03 17:00:00+00:00
2026-08-04 05:00:00+00:00,/inventory,12,356.0,312.77021428571425,RF_FullFeatures,20260910T175101Z,2026-08-03 17:00:00+00:00
2026-08-01 12:00:00+00:00,/orders,1,613.0,545.9651646825395,RF_FullFeatures,20260910T175101Z,2026-08-01 11:00:00+00:00
2026-08-01 17:00:00+00:00,/orders,6,446.0,518.1099742063493,RF_FullFeatures,20260910T175101Z,2026-08-01 11:00:00+00:00
2026-08-01 23:00:00+00:00,/orders,12,347.0,393.76163492063483,RF_FullFeatures,20260910T175101Z,2026-08-01 11:00:00+00:00
2026-08-01 13:00:00+00:00,/orders,1,538.0,616.8831626984127,RF_FullFeatures,20260910T175101Z,2026-08-01 12:00:00+00:00
2026-08-01 18:00:00+00:00,/orders,6,497.0,672.6145416666666,RF_FullFeatures,20260910T175101Z,2026-08-01 12:00:00+00:00
2026-08-02 00:00:00+00:00,/orders,12,167.0,395.60873611111106,RF_FullFeatures,20260910T175101Z,2026-08-01 12:00:00+00:00
2026-08-01 14:00:00+00:00,/orders,1,491.0,552.8046388888889,RF_FullFeatures,20260910T175101Z,2026-08-01 13:00:00+00:00
2026-08-01 19:00:00+00:00,/orders,6,499.0,477.88251190476205,RF_FullFeatures,20260910T175101Z,2026-08-01 13:00:00+00:00
2026-08-02 01:00:00+00:00,/orders,12,215.0,366.6143650793651,RF_FullFeatures,20260910T175101Z,2026-08-01 13:00:00+00:00
2026-08-01 15:00:00+00:00,/orders,1,534.0,527.3189186507939,RF_FullFeatures,20260910T175101Z,2026-08-01 14:00:00+00:00
2026-08-01 20:00:00+00:00,/orders,6,449.0,481.378996031746,RF_FullFeatures,20260910T175101Z,2026-08-01 14:00:00+00:00
2026-08-02 02:00:00+00:00,/orders,12,262.0,343.63224007936515,RF_FullFeatures,20260910T175101Z,2026-08-01 14:00:00+00:00
2026-08-01 16:00:00+00:00,/orders,1,579.0,515.6267480158732,RF_FullFeatures,20260910T175101Z,2026-08-01 15:00:00+00:00
2026-08-01 21:00:00+00:00,/orders,6,334.0,471.41668650793656,RF_FullFeatures,20260910T175101Z,2026-08-01 15:00:00+00:00
2026-08-02 03:00:00+00:00,/orders,12,384.0,305.84774404761896,RF_FullFeatures,20260910T175101Z,2026-08-01 15:00:00+00:00
2026-08-01 17:00:00+00:00,/orders,1,446.0,520.4597896825397,RF_FullFeatures,20260910T175101Z,2026-08-01 16:00:00+00:00
2026-08-01 22:00:00+00:00,/orders,6,373.0,450.99771428571404,RF_FullFeatures,20260910T175101Z,2026-08-01 16:00:00+00:00
2026-08-02 04:00:00+00:00,/orders,12,347.0,366.6093988095236,RF_FullFeatures,20260910T175101Z,2026-08-01 16:00:00+00:00
2026-08-01 18:00:00+00:00,/orders,1,497.0,475.05995833333327,RF_FullFeatures,20260910T175101Z,2026-08-01 17:00:00+00:00
2026-08-01 23:00:00+00:00,/orders,6,347.0,392.52124801587297,RF_FullFeatures,20260910T175101Z,2026-08-01 17:00:00+00:00
2026-08-02 05:00:00+00:00,/orders,12,336.0,327.89123809523807,RF_FullFeatures,20260910T175101Z,2026-08-01 17:00:00+00:00
2026-08-01 19:00:00+00:00,/orders,1,499.0,493.9411190476192,RF_FullFeatures,20260910T175101Z,2026-08-01 18:00:00+00:00
2026-08-02 00:00:00+00:00,/orders,6,167.0,339.6977103174602,RF_FullFeatures,20260910T175101Z,2026-08-01 18:00:00+00:00
2026-08-02 06:00:00+00:00,/orders,12,347.0,361.1982142857143,RF_FullFeatures,20260910T175101Z,2026-08-01 18:00:00+00:00
2026-08-01 20:00:00+00:00,/orders,1,449.0,479.94245833333326,RF_FullFeatures,20260910T175101Z,2026-08-01 19:00:00+00:00
2026-08-02 01:00:00+00:00,/orders,6,215.0,354.09173412698414,RF_FullFeatures,20260910T175101Z,2026-08-01 19:00:00+00:00
2026-08-02 07:00:00+00:00,/orders,12,328.0,363.92907142857143,RF_FullFeatures,20260910T175101Z,2026-08-01 19:00:00+00:00
2026-08-01 21:00:00+00:00,/orders,1,334.0,468.26418452380955,RF_FullFeatures,20260910T175101Z,2026-08-01 20:00:00+00:00
2026-08-02 02:00:00+00:00,/orders,6,262.0,345.31832341269853,RF_FullFeatures,20260910T175101Z,2026-08-01 20:00:00+00:00
2026-08-02 08:00:00+00:00,/orders,12,439.0,373.9759642857142,RF_FullFeatures,20260910T175101Z,2026-08-01 20:00:00+00:00
2026-08-01 22:00:00+00:00,/orders,1,373.0,384.6244960317461,RF_FullFeatures,20260910T175101Z,2026-08-01 21:00:00+00:00
2026-08-02 03:00:00+00:00,/orders,6,384.0,344.49033928571413,RF_FullFeatures,20260910T175101Z,2026-08-01 21:00:00+00:00
2026-08-02 09:00:00+00:00,/orders,12,454.0,377.1007499999999,RF_FullFeatures,20260910T175101Z,2026-08-01 21:00:00+00:00
2026-08-01 23:00:00+00:00,/orders,1,347.0,367.66485317460325,RF_FullFeatures,20260910T175101Z,2026-08-01 22:00:00+00:00
2026-08-02 04:00:00+00:00,/orders,6,347.0,343.91667261904746,RF_FullFeatures,20260910T175101Z,2026-08-01 22:00:00+00:00
2026-08-02 10:00:00+00:00,/orders,12,420.0,377.5207023809523,RF_FullFeatures,20260910T175101Z,2026-08-01 22:00:00+00:00
2026-08-02 00:00:00+00:00,/orders,1,167.0,311.20063690476195,RF_FullFeatures,20260910T175101Z,2026-08-01 23:00:00+00:00
2026-08-02 05:00:00+00:00,/orders,6,336.0,328.43239285714276,RF_FullFeatures,20260910T175101Z,2026-08-01 23:00:00+00:00
2026-08-02 11:00:00+00:00,/orders,12,607.0,365.73579365079365,RF_FullFeatures,20260910T175101Z,2026-08-01 23:00:00+00:00
2026-08-02 01:00:00+00:00,/orders,1,215.0,342.6054305555554,RF_FullFeatures,20260910T175101Z,2026-08-02 00:00:00+00:00
2026-08-02 06:00:00+00:00,/orders,6,347.0,353.657511904762,RF_FullFeatures,20260910T175101Z,2026-08-02 00:00:00+00:00
2026-08-02 12:00:00+00:00,/orders,12,534.0,393.02960317460327,RF_FullFeatures,20260910T175101Z,2026-08-02 00:00:00+00:00
2026-08-02 02:00:00+00:00,/orders,1,262.0,343.9264821428571,RF_FullFeatures,20260910T175101Z,2026-08-02 01:00:00+00:00
2026-08-02 07:00:00+00:00,/orders,6,328.0,361.0507023809524,RF_FullFeatures,20260910T175101Z,2026-08-02 01:00:00+00:00
2026-08-02 13:00:00+00:00,/orders,12,572.0,394.7664246031747,RF_FullFeatures,20260910T175101Z,2026-08-02 01:00:00+00:00
2026-08-02 03:00:00+00:00,/orders,1,384.0,348.09642261904753,RF_FullFeatures,20260910T175101Z,2026-08-02 02:00:00+00:00
2026-08-02 08:00:00+00:00,/orders,6,439.0,376.7328095238094,RF_FullFeatures,20260910T175101Z,2026-08-02 02:00:00+00:00
2026-08-02 14:00:00+00:00,/orders,12,500.0,375.3335376984128,RF_FullFeatures,20260910T175101Z,2026-08-02 02:00:00+00:00
2026-08-02 04:00:00+00:00,/orders,1,347.0,346.2817261904761,RF_FullFeatures,20260910T175101Z,2026-08-02 03:00:00+00:00
2026-08-02 09:00:00+00:00,/orders,6,454.0,369.9463928571429,RF_FullFeatures,20260910T175101Z,2026-08-02 03:00:00+00:00
2026-08-02 15:00:00+00:00,/orders,12,485.0,404.43318650793645,RF_FullFeatures,20260910T175101Z,2026-08-02 03:00:00+00:00
2026-08-02 05:00:00+00:00,/orders,1,336.0,331.92839285714274,RF_FullFeatures,20260910T175101Z,2026-08-02 04:00:00+00:00
2026-08-02 10:00:00+00:00,/orders,6,420.0,380.8497023809521,RF_FullFeatures,20260910T175101Z,2026-08-02 04:00:00+00:00
2026-08-02 16:00:00+00:00,/orders,12,567.0,450.34112103174607,RF_FullFeatures,20260910T175101Z,2026-08-02 04:00:00+00:00
2026-08-02 06:00:00+00:00,/orders,1,347.0,359.9198095238096,RF_FullFeatures,20260910T175101Z,2026-08-02 05:00:00+00:00
2026-08-02 11:00:00+00:00,/orders,6,607.0,370.92705555555557,RF_FullFeatures,20260910T175101Z,2026-08-02 05:00:00+00:00
2026-08-02 17:00:00+00:00,/orders,12,476.0,458.5780654761908,RF_FullFeatures,20260910T175101Z,2026-08-02 05:00:00+00:00
2026-08-02 07:00:00+00:00,/orders,1,328.0,359.54389285714274,RF_FullFeatures,20260910T175101Z,2026-08-02 06:00:00+00:00
2026-08-02 12:00:00+00:00,/orders,6,534.0,391.2348531746032,RF_FullFeatures,20260910T175101Z,2026-08-02 06:00:00+00:00
2026-08-02 18:00:00+00:00,/orders,12,521.0,476.7853154761906,RF_FullFeatures,20260910T175101Z,2026-08-02 06:00:00+00:00
2026-08-02 08:00:00+00:00,/orders,1,439.0,398.6404880952381,RF_FullFeatures,20260910T175101Z,2026-08-02 07:00:00+00:00
2026-08-02 13:00:00+00:00,/orders,6,572.0,443.9952043650794,RF_FullFeatures,20260910T175101Z,2026-08-02 07:00:00+00:00
2026-08-02 19:00:00+00:00,/orders,12,399.0,514.2321964285716,RF_FullFeatures,20260910T175101Z,2026-08-02 07:00:00+00:00
2026-08-02 09:00:00+00:00,/orders,1,454.0,439.80975595238107,RF_FullFeatures,20260910T175101Z,2026-08-02 08:00:00+00:00
2026-08-02 14:00:00+00:00,/orders,6,500.0,525.5220476190478,RF_FullFeatures,20260910T175101Z,2026-08-02 08:00:00+00:00
2026-08-02 20:00:00+00:00,/orders,12,384.0,484.0116130952382,RF_FullFeatures,20260910T175101Z,2026-08-02 08:00:00+00:00
2026-08-02 10:00:00+00:00,/orders,1,420.0,462.3287261904762,RF_FullFeatures,20260910T175101Z,2026-08-02 09:00:00+00:00
2026-08-02 15:00:00+00:00,/orders,6,485.0,528.2828809523812,RF_FullFeatures,20260910T175101Z,2026-08-02 09:00:00+00:00
2026-08-02 21:00:00+00:00,/orders,12,428.0,448.4225535714285,RF_FullFeatures,20260910T175101Z,2026-08-02 09:00:00+00:00
2026-08-02 11:00:00+00:00,/orders,1,607.0,433.8987142857144,RF_FullFeatures,20260910T175101Z,2026-08-02 10:00:00+00:00
2026-08-02 16:00:00+00:00,/orders,6,567.0,540.7829285714289,RF_FullFeatures,20260910T175101Z,2026-08-02 10:00:00+00:00
2026-08-02 22:00:00+00:00,/orders,12,325.0,401.33403968253964,RF_FullFeatures,20260910T175101Z,2026-08-02 10:00:00+00:00
2026-08-02 12:00:00+00:00,/orders,1,534.0,586.2758472222221,RF_FullFeatures,20260910T175101Z,2026-08-02 11:00:00+00:00
2026-08-02 17:00:00+00:00,/orders,6,476.0,493.33401190476184,RF_FullFeatures,20260910T175101Z,2026-08-02 11:00:00+00:00
2026-08-02 23:00:00+00:00,/orders,12,355.0,369.6311170634922,RF_FullFeatures,20260910T175101Z,2026-08-02 11:00:00+00:00
2026-08-02 13:00:00+00:00,/orders,1,572.0,537.4363353174605,RF_FullFeatures,20260910T175101Z,2026-08-02 12:00:00+00:00
2026-08-02 18:00:00+00:00,/orders,6,521.0,492.2640416666668,RF_FullFeatures,20260910T175101Z,2026-08-02 12:00:00+00:00
2026-08-03 00:00:00+00:00,/orders,12,478.0,422.4994702380953,RF_FullFeatures,20260910T175101Z,2026-08-02 12:00:00+00:00
2026-08-02 14:00:00+00:00,/orders,1,500.0,556.925773809524,RF_FullFeatures,20260910T175101Z,2026-08-02 13:00:00+00:00
2026-08-02 19:00:00+00:00,/orders,6,399.0,487.6018095238097,RF_FullFeatures,20260910T175101Z,2026-08-02 13:00:00+00:00
2026-08-03 01:00:00+00:00,/orders,12,354.0,456.6499345238097,RF_FullFeatures,20260910T175101Z,2026-08-02 13:00:00+00:00
2026-08-02 15:00:00+00:00,/orders,1,485.0,518.7715496031748,RF_FullFeatures,20260910T175101Z,2026-08-02 14:00:00+00:00
2026-08-02 20:00:00+00:00,/orders,6,384.0,484.1442083333333,RF_FullFeatures,20260910T175101Z,2026-08-02 14:00:00+00:00
2026-08-03 02:00:00+00:00,/orders,12,433.0,454.8360059523811,RF_FullFeatures,20260910T175101Z,2026-08-02 14:00:00+00:00
2026-08-02 16:00:00+00:00,/orders,1,567.0,523.902662698413,RF_FullFeatures,20260910T175101Z,2026-08-02 15:00:00+00:00
2026-08-02 21:00:00+00:00,/orders,6,428.0,445.1786726190476,RF_FullFeatures,20260910T175101Z,2026-08-02 15:00:00+00:00
2026-08-03 03:00:00+00:00,/orders,12,383.0,448.60039484127,RF_FullFeatures,20260910T175101Z,2026-08-02 15:00:00+00:00
2026-08-02 17:00:00+00:00,/orders,1,476.0,503.77248809523786,RF_FullFeatures,20260910T175101Z,2026-08-02 16:00:00+00:00
2026-08-02 22:00:00+00:00,/orders,6,325.0,401.29181746031753,RF_FullFeatures,20260910T175101Z,2026-08-02 16:00:00+00:00
2026-08-03 04:00:00+00:00,/orders,12,494.0,443.06347619047614,RF_FullFeatures,20260910T175101Z,2026-08-02 16:00:00+00:00
2026-08-02 18:00:00+00:00,/orders,1,521.0,484.5593809523811,RF_FullFeatures,20260910T175101Z,2026-08-02 17:00:00+00:00
2026-08-02 23:00:00+00:00,/orders,6,355.0,380.7174761904763,RF_FullFeatures,20260910T175101Z,2026-08-02 17:00:00+00:00
2026-08-03 05:00:00+00:00,/orders,12,463.0,444.39864880952393,RF_FullFeatures,20260910T175101Z,2026-08-02 17:00:00+00:00
2026-08-02 19:00:00+00:00,/orders,1,399.0,505.23085714285736,RF_FullFeatures,20260910T175101Z,2026-08-02 18:00:00+00:00
2026-08-03 00:00:00+00:00,/orders,6,478.0,418.0302797619049,RF_FullFeatures,20260910T175101Z,2026-08-02 18:00:00+00:00
2026-08-03 06:00:00+00:00,/orders,12,453.0,467.4133869047618,RF_FullFeatures,20260910T175101Z,2026-08-02 18:00:00+00:00
2026-08-02 20:00:00+00:00,/orders,1,384.0,396.1188015873018,RF_FullFeatures,20260910T175101Z,2026-08-02 19:00:00+00:00
2026-08-03 01:00:00+00:00,/orders,6,354.0,434.23504761904775,RF_FullFeatures,20260910T175101Z,2026-08-02 19:00:00+00:00
2026-08-03 07:00:00+00:00,/orders,12,512.0,480.9727678571428,RF_FullFeatures,20260910T175101Z,2026-08-02 19:00:00+00:00
2026-08-02 21:00:00+00:00,/orders,1,428.0,359.65877976190495,RF_FullFeatures,20260910T175101Z,2026-08-02 20:00:00+00:00
2026-08-03 02:00:00+00:00,/orders,6,433.0,427.64604761904775,RF_FullFeatures,20260910T175101Z,2026-08-02 20:00:00+00:00
2026-08-03 08:00:00+00:00,/orders,12,538.0,521.2431666666664,RF_FullFeatures,20260910T175101Z,2026-08-02 20:00:00+00:00
2026-08-02 22:00:00+00:00,/orders,1,325.0,407.38244841269864,RF_FullFeatures,20260910T175101Z,2026-08-02 21:00:00+00:00
2026-08-03 03:00:00+00:00,/orders,6,383.0,438.64754365079375,RF_FullFeatures,20260910T175101Z,2026-08-02 21:00:00+00:00
2026-08-03 09:00:00+00:00,/orders,12,655.0,548.8859166666665,RF_FullFeatures,20260910T175101Z,2026-08-02 21:00:00+00:00
2026-08-02 23:00:00+00:00,/orders,1,355.0,368.98273412698427,RF_FullFeatures,20260910T175101Z,2026-08-02 22:00:00+00:00
2026-08-03 04:00:00+00:00,/orders,6,494.0,439.00105555555564,RF_FullFeatures,20260910T175101Z,2026-08-02 22:00:00+00:00
2026-08-03 10:00:00+00:00,/orders,12,789.0,525.0430595238095,RF_FullFeatures,20260910T175101Z,2026-08-02 22:00:00+00:00
2026-08-03 00:00:00+00:00,/orders,1,478.0,434.66441666666657,RF_FullFeatures,20260910T175101Z,2026-08-02 23:00:00+00:00
2026-08-03 05:00:00+00:00,/orders,6,463.0,442.3214583333335,RF_FullFeatures,20260910T175101Z,2026-08-02 23:00:00+00:00
2026-08-03 11:00:00+00:00,/orders,12,716.0,616.164246031746,RF_FullFeatures,20260910T175101Z,2026-08-02 23:00:00+00:00
2026-08-03 01:00:00+00:00,/orders,1,354.0,472.6789107142861,RF_FullFeatures,20260910T175101Z,2026-08-03 00:00:00+00:00
2026-08-03 06:00:00+00:00,/orders,6,453.0,444.71631547619035,RF_FullFeatures,20260910T175101Z,2026-08-03 00:00:00+00:00
2026-08-03 12:00:00+00:00,/orders,12,672.0,610.2347896825397,RF_FullFeatures,20260910T175101Z,2026-08-03 00:00:00+00:00
2026-08-03 02:00:00+00:00,/orders,1,433.0,396.4998035714285,RF_FullFeatures,20260910T175101Z,2026-08-03 01:00:00+00:00
2026-08-03 07:00:00+00:00,/orders,6,512.0,492.17913888888893,RF_FullFeatures,20260910T175101Z,2026-08-03 01:00:00+00:00
2026-08-03 13:00:00+00:00,/orders,12,683.0,619.6107142857144,RF_FullFeatures,20260910T175101Z,2026-08-03 01:00:00+00:00
2026-08-03 03:00:00+00:00,/orders,1,383.0,432.66502579365084,RF_FullFeatures,20260910T175101Z,2026-08-03 02:00:00+00:00
2026-08-03 08:00:00+00:00,/orders,6,538.0,517.8008690476189,RF_FullFeatures,20260910T175101Z,2026-08-03 02:00:00+00:00
2026-08-03 14:00:00+00:00,/orders,12,763.0,624.348380952381,RF_FullFeatures,20260910T175101Z,2026-08-03 02:00:00+00:00
2026-08-03 04:00:00+00:00,/orders,1,494.0,407.305380952381,RF_FullFeatures,20260910T175101Z,2026-08-03 03:00:00+00:00
2026-08-03 09:00:00+00:00,/orders,6,655.0,556.0134404761905,RF_FullFeatures,20260910T175101Z,2026-08-03 03:00:00+00:00
2026-08-03 15:00:00+00:00,/orders,12,691.0,638.5994325396827,RF_FullFeatures,20260910T175101Z,2026-08-03 03:00:00+00:00
2026-08-03 05:00:00+00:00,/orders,1,463.0,474.29029960317484,RF_FullFeatures,20260910T175101Z,2026-08-03 04:00:00+00:00
2026-08-03 10:00:00+00:00,/orders,6,789.0,530.7538928571429,RF_FullFeatures,20260910T175101Z,2026-08-03 04:00:00+00:00
2026-08-03 16:00:00+00:00,/orders,12,670.0,637.3447003968255,RF_FullFeatures,20260910T175101Z,2026-08-03 04:00:00+00:00
2026-08-03 06:00:00+00:00,/orders,1,453.0,470.29311507936495,RF_FullFeatures,20260910T175101Z,2026-08-03 05:00:00+00:00
2026-08-03 11:00:00+00:00,/orders,6,716.0,611.5747698412699,RF_FullFeatures,20260910T175101Z,2026-08-03 05:00:00+00:00
2026-08-03 17:00:00+00:00,/orders,12,756.0,707.1146428571427,RF_FullFeatures,20260910T175101Z,2026-08-03 05:00:00+00:00
2026-08-03 07:00:00+00:00,/orders,1,512.0,475.3052499999999,RF_FullFeatures,20260910T175101Z,2026-08-03 06:00:00+00:00
2026-08-03 12:00:00+00:00,/orders,6,672.0,613.8333730158731,RF_FullFeatures,20260910T175101Z,2026-08-03 06:00:00+00:00
2026-08-03 18:00:00+00:00,/orders,12,697.0,615.0526349206352,RF_FullFeatures,20260910T175101Z,2026-08-03 06:00:00+00:00
2026-08-03 08:00:00+00:00,/orders,1,538.0,542.3696428571426,RF_FullFeatures,20260910T175101Z,2026-08-03 07:00:00+00:00
2026-08-03 13:00:00+00:00,/orders,6,683.0,622.6462777777779,RF_FullFeatures,20260910T175101Z,2026-08-03 07:00:00+00:00
2026-08-03 19:00:00+00:00,/orders,12,698.0,570.2155515873015,RF_FullFeatures,20260910T175101Z,2026-08-03 07:00:00+00:00
2026-08-03 09:00:00+00:00,/orders,1,655.0,546.8198511904762,RF_FullFeatures,20260910T175101Z,2026-08-03 08:00:00+00:00
2026-08-03 14:00:00+00:00,/orders,6,763.0,587.8470714285716,RF_FullFeatures,20260910T175101Z,2026-08-03 08:00:00+00:00
2026-08-03 20:00:00+00:00,/orders,12,676.0,474.93780952380956,RF_FullFeatures,20260910T175101Z,2026-08-03 08:00:00+00:00
2026-08-03 10:00:00+00:00,/orders,1,789.0,694.2005674603175,RF_FullFeatures,20260910T175101Z,2026-08-03 09:00:00+00:00
2026-08-03 15:00:00+00:00,/orders,6,691.0,765.5706746031744,RF_FullFeatures,20260910T175101Z,2026-08-03 09:00:00+00:00
2026-08-03 21:00:00+00:00,/orders,12,552.0,498.54406349206346,RF_FullFeatures,20260910T175101Z,2026-08-03 09:00:00+00:00
2026-08-03 11:00:00+00:00,/orders,1,716.0,729.5170297619047,RF_FullFeatures,20260910T175101Z,2026-08-03 10:00:00+00:00
2026-08-03 16:00:00+00:00,/orders,6,670.0,771.8002579365077,RF_FullFeatures,20260910T175101Z,2026-08-03 10:00:00+00:00
2026-08-03 22:00:00+00:00,/orders,12,440.0,489.3972738095239,RF_FullFeatures,20260910T175101Z,2026-08-03 10:00:00+00:00
2026-08-03 12:00:00+00:00,/orders,1,672.0,736.88823015873,RF_FullFeatures,20260910T175101Z,2026-08-03 11:00:00+00:00
2026-08-03 17:00:00+00:00,/orders,6,756.0,761.2143611111111,RF_FullFeatures,20260910T175101Z,2026-08-03 11:00:00+00:00
2026-08-03 23:00:00+00:00,/orders,12,502.0,448.46370833333333,RF_FullFeatures,20260910T175101Z,2026-08-03 11:00:00+00:00
2026-08-03 13:00:00+00:00,/orders,1,683.0,752.6272738095236,RF_FullFeatures,20260910T175101Z,2026-08-03 12:00:00+00:00
2026-08-03 18:00:00+00:00,/orders,6,697.0,634.9674464285715,RF_FullFeatures,20260910T175101Z,2026-08-03 12:00:00+00:00
2026-08-04 00:00:00+00:00,/orders,12,431.0,450.40706349206346,RF_FullFeatures,20260910T175101Z,2026-08-03 12:00:00+00:00
2026-08-03 14:00:00+00:00,/orders,1,763.0,751.7503849206347,RF_FullFeatures,20260910T175101Z,2026-08-03 13:00:00+00:00
2026-08-03 19:00:00+00:00,/orders,6,698.0,585.9351111111109,RF_FullFeatures,20260910T175101Z,2026-08-03 13:00:00+00:00
2026-08-04 01:00:00+00:00,/orders,12,468.0,423.97593253968256,RF_FullFeatures,20260910T175101Z,2026-08-03 13:00:00+00:00
2026-08-03 15:00:00+00:00,/orders,1,691.0,758.5577142857143,RF_FullFeatures,20260910T175101Z,2026-08-03 14:00:00+00:00
2026-08-03 20:00:00+00:00,/orders,6,676.0,519.6621190476191,RF_FullFeatures,20260910T175101Z,2026-08-03 14:00:00+00:00
2026-08-04 02:00:00+00:00,/orders,12,374.0,432.2373313492063,RF_FullFeatures,20260910T175101Z,2026-08-03 14:00:00+00:00
2026-08-03 16:00:00+00:00,/orders,1,670.0,745.1760912698411,RF_FullFeatures,20260910T175101Z,2026-08-03 15:00:00+00:00
2026-08-03 21:00:00+00:00,/orders,6,552.0,498.89443253968244,RF_FullFeatures,20260910T175101Z,2026-08-03 15:00:00+00:00
2026-08-04 03:00:00+00:00,/orders,12,436.0,443.26887500000004,RF_FullFeatures,20260910T175101Z,2026-08-03 15:00:00+00:00
2026-08-03 17:00:00+00:00,/orders,1,756.0,747.0134206349203,RF_FullFeatures,20260910T175101Z,2026-08-03 16:00:00+00:00
2026-08-03 22:00:00+00:00,/orders,6,440.0,470.3621428571428,RF_FullFeatures,20260910T175101Z,2026-08-03 16:00:00+00:00
2026-08-04 04:00:00+00:00,/orders,12,461.0,455.1448690476191,RF_FullFeatures,20260910T175101Z,2026-08-03 16:00:00+00:00
2026-08-03 18:00:00+00:00,/orders,1,697.0,630.9164980158733,RF_FullFeatures,20260910T175101Z,2026-08-03 17:00:00+00:00
2026-08-03 23:00:00+00:00,/orders,6,502.0,442.2347023809522,RF_FullFeatures,20260910T175101Z,2026-08-03 17:00:00+00:00
2026-08-04 05:00:00+00:00,/orders,12,501.0,463.53926190476204,RF_FullFeatures,20260910T175101Z,2026-08-03 17:00:00+00:00
2026-08-01 12:00:00+00:00,/payments,1,368.0,417.13849404761925,RF_FullFeatures,20260910T175101Z,2026-08-01 11:00:00+00:00
2026-08-01 17:00:00+00:00,/payments,6,392.0,421.06761904761913,RF_FullFeatures,20260910T175101Z,2026-08-01 11:00:00+00:00
2026-08-01 23:00:00+00:00,/payments,12,321.0,362.54074404761906,RF_FullFeatures,20260910T175101Z,2026-08-01 11:00:00+00:00
2026-08-01 13:00:00+00:00,/payments,1,406.0,396.54122023809526,RF_FullFeatures,20260910T175101Z,2026-08-01 12:00:00+00:00
2026-08-01 18:00:00+00:00,/payments,6,398.0,433.1990833333337,RF_FullFeatures,20260910T175101Z,2026-08-01 12:00:00+00:00
2026-08-02 00:00:00+00:00,/payments,12,281.0,334.2836488095238,RF_FullFeatures,20260910T175101Z,2026-08-01 12:00:00+00:00
2026-08-01 14:00:00+00:00,/payments,1,443.0,425.92287896825417,RF_FullFeatures,20260910T175101Z,2026-08-01 13:00:00+00:00
2026-08-01 19:00:00+00:00,/payments,6,370.0,379.38526190476193,RF_FullFeatures,20260910T175101Z,2026-08-01 13:00:00+00:00
2026-08-02 01:00:00+00:00,/payments,12,215.0,324.6979642857143,RF_FullFeatures,20260910T175101Z,2026-08-01 13:00:00+00:00
2026-08-01 15:00:00+00:00,/payments,1,429.0,449.83284325396846,RF_FullFeatures,20260910T175101Z,2026-08-01 14:00:00+00:00
2026-08-01 20:00:00+00:00,/payments,6,279.0,370.84287103174603,RF_FullFeatures,20260910T175101Z,2026-08-01 14:00:00+00:00
2026-08-02 02:00:00+00:00,/payments,12,315.0,333.9492023809525,RF_FullFeatures,20260910T175101Z,2026-08-01 14:00:00+00:00
2026-08-01 16:00:00+00:00,/payments,1,398.0,401.1210416666667,RF_FullFeatures,20260910T175101Z,2026-08-01 15:00:00+00:00
2026-08-01 21:00:00+00:00,/payments,6,300.0,360.5660535714284,RF_FullFeatures,20260910T175101Z,2026-08-01 15:00:00+00:00
2026-08-02 03:00:00+00:00,/payments,12,197.0,347.6464761904761,RF_FullFeatures,20260910T175101Z,2026-08-01 15:00:00+00:00
2026-08-01 17:00:00+00:00,/payments,1,392.0,421.26795238095247,RF_FullFeatures,20260910T175101Z,2026-08-01 16:00:00+00:00
2026-08-01 22:00:00+00:00,/payments,6,237.0,360.50239484126985,RF_FullFeatures,20260910T175101Z,2026-08-01 16:00:00+00:00
2026-08-02 04:00:00+00:00,/payments,12,317.0,356.25264880952375,RF_FullFeatures,20260910T175101Z,2026-08-01 16:00:00+00:00
2026-08-01 18:00:00+00:00,/payments,1,398.0,436.5177023809527,RF_FullFeatures,20260910T175101Z,2026-08-01 17:00:00+00:00
2026-08-01 23:00:00+00:00,/payments,6,321.0,364.71756547619043,RF_FullFeatures,20260910T175101Z,2026-08-01 17:00:00+00:00
2026-08-02 05:00:00+00:00,/payments,12,182.0,378.6995257936508,RF_FullFeatures,20260910T175101Z,2026-08-01 17:00:00+00:00
2026-08-01 19:00:00+00:00,/payments,1,370.0,376.36289285714287,RF_FullFeatures,20260910T175101Z,2026-08-01 18:00:00+00:00
2026-08-02 00:00:00+00:00,/payments,6,281.0,341.1890654761904,RF_FullFeatures,20260910T175101Z,2026-08-01 18:00:00+00:00
2026-08-02 06:00:00+00:00,/payments,12,282.0,427.9038888888889,RF_FullFeatures,20260910T175101Z,2026-08-01 18:00:00+00:00
2026-08-01 20:00:00+00:00,/payments,1,279.0,360.99563293650783,RF_FullFeatures,20260910T175101Z,2026-08-01 19:00:00+00:00
2026-08-02 01:00:00+00:00,/payments,6,215.0,344.8566488095237,RF_FullFeatures,20260910T175101Z,2026-08-01 19:00:00+00:00
2026-08-02 07:00:00+00:00,/payments,12,322.0,441.112130952381,RF_FullFeatures,20260910T175101Z,2026-08-01 19:00:00+00:00
2026-08-01 21:00:00+00:00,/payments,1,300.0,308.54551587301603,RF_FullFeatures,20260910T175101Z,2026-08-01 20:00:00+00:00
2026-08-02 02:00:00+00:00,/payments,6,315.0,303.84921428571414,RF_FullFeatures,20260910T175101Z,2026-08-01 20:00:00+00:00
2026-08-02 08:00:00+00:00,/payments,12,387.0,300.3244761904761,RF_FullFeatures,20260910T175101Z,2026-08-01 20:00:00+00:00
2026-08-01 22:00:00+00:00,/payments,1,237.0,304.5835595238095,RF_FullFeatures,20260910T175101Z,2026-08-01 21:00:00+00:00
2026-08-02 03:00:00+00:00,/payments,6,197.0,301.06760119047607,RF_FullFeatures,20260910T175101Z,2026-08-01 21:00:00+00:00
2026-08-02 09:00:00+00:00,/payments,12,376.0,303.8218095238094,RF_FullFeatures,20260910T175101Z,2026-08-01 21:00:00+00:00
2026-08-01 23:00:00+00:00,/payments,1,321.0,280.5688869047619,RF_FullFeatures,20260910T175101Z,2026-08-01 22:00:00+00:00
2026-08-02 04:00:00+00:00,/payments,6,317.0,305.5315178571428,RF_FullFeatures,20260910T175101Z,2026-08-01 22:00:00+00:00
2026-08-02 10:00:00+00:00,/payments,12,368.0,304.64801785714275,RF_FullFeatures,20260910T175101Z,2026-08-01 22:00:00+00:00
2026-08-02 00:00:00+00:00,/payments,1,281.0,318.2392142857143,RF_FullFeatures,20260910T175101Z,2026-08-01 23:00:00+00:00
2026-08-02 05:00:00+00:00,/payments,6,182.0,373.3866686507936,RF_FullFeatures,20260910T175101Z,2026-08-01 23:00:00+00:00
2026-08-02 11:00:00+00:00,/payments,12,430.0,455.76676984127,RF_FullFeatures,20260910T175101Z,2026-08-01 23:00:00+00:00
2026-08-02 01:00:00+00:00,/payments,1,215.0,273.98985714285715,RF_FullFeatures,20260910T175101Z,2026-08-02 00:00:00+00:00
2026-08-02 06:00:00+00:00,/payments,6,282.0,306.12757738095223,RF_FullFeatures,20260910T175101Z,2026-08-02 00:00:00+00:00
2026-08-02 12:00:00+00:00,/payments,12,439.0,307.13801785714276,RF_FullFeatures,20260910T175101Z,2026-08-02 00:00:00+00:00
2026-08-02 02:00:00+00:00,/payments,1,315.0,280.5994345238094,RF_FullFeatures,20260910T175101Z,2026-08-02 01:00:00+00:00
2026-08-02 07:00:00+00:00,/payments,6,322.0,310.9759107142856,RF_FullFeatures,20260910T175101Z,2026-08-02 01:00:00+00:00
2026-08-02 13:00:00+00:00,/payments,12,464.0,445.840273809524,RF_FullFeatures,20260910T175101Z,2026-08-02 01:00:00+00:00
2026-08-02 03:00:00+00:00,/payments,1,197.0,334.4347499999999,RF_FullFeatures,20260910T175101Z,2026-08-02 02:00:00+00:00
2026-08-02 08:00:00+00:00,/payments,6,387.0,387.9853769841271,RF_FullFeatures,20260910T175101Z,2026-08-02 02:00:00+00:00
2026-08-02 14:00:00+00:00,/payments,12,448.0,461.0119662698413,RF_FullFeatures,20260910T175101Z,2026-08-02 02:00:00+00:00
2026-08-02 04:00:00+00:00,/payments,1,317.0,272.8200297619047,RF_FullFeatures,20260910T175101Z,2026-08-02 03:00:00+00:00
2026-08-02 09:00:00+00:00,/payments,6,376.0,348.66696428571413,RF_FullFeatures,20260910T175101Z,2026-08-02 03:00:00+00:00
2026-08-02 15:00:00+00:00,/payments,12,515.0,458.1995416666668,RF_FullFeatures,20260910T175101Z,2026-08-02 03:00:00+00:00
2026-08-02 05:00:00+00:00,/payments,1,182.0,325.9240952380951,RF_FullFeatures,20260910T175101Z,2026-08-02 04:00:00+00:00
2026-08-02 10:00:00+00:00,/payments,6,368.0,403.64782539682557,RF_FullFeatures,20260910T175101Z,2026-08-02 04:00:00+00:00
2026-08-02 16:00:00+00:00,/payments,12,410.0,460.1027797619049,RF_FullFeatures,20260910T175101Z,2026-08-02 04:00:00+00:00
2026-08-02 06:00:00+00:00,/payments,1,282.0,280.3269464285714,RF_FullFeatures,20260910T175101Z,2026-08-02 05:00:00+00:00
2026-08-02 11:00:00+00:00,/payments,6,430.0,376.53076984127,RF_FullFeatures,20260910T175101Z,2026-08-02 05:00:00+00:00
2026-08-02 17:00:00+00:00,/payments,12,415.0,470.873023809524,RF_FullFeatures,20260910T175101Z,2026-08-02 05:00:00+00:00
2026-08-02 07:00:00+00:00,/payments,1,322.0,319.5130952380951,RF_FullFeatures,20260910T175101Z,2026-08-02 06:00:00+00:00
2026-08-02 12:00:00+00:00,/payments,6,439.0,386.8781666666668,RF_FullFeatures,20260910T175101Z,2026-08-02 06:00:00+00:00
2026-08-02 18:00:00+00:00,/payments,12,347.0,448.2604880952382,RF_FullFeatures,20260910T175101Z,2026-08-02 06:00:00+00:00
2026-08-02 08:00:00+00:00,/payments,1,387.0,335.20408333333324,RF_FullFeatures,20260910T175101Z,2026-08-02 07:00:00+00:00
2026-08-02 13:00:00+00:00,/payments,6,464.0,440.6648134920636,RF_FullFeatures,20260910T175101Z,2026-08-02 07:00:00+00:00
2026-08-02 19:00:00+00:00,/payments,12,378.0,407.06533928571423,RF_FullFeatures,20260910T175101Z,2026-08-02 07:00:00+00:00
2026-08-02 09:00:00+00:00,/payments,1,376.0,360.101880952381,RF_FullFeatures,20260910T175101Z,2026-08-02 08:00:00+00:00
2026-08-02 14:00:00+00:00,/payments,6,448.0,416.090234126984,RF_FullFeatures,20260910T175101Z,2026-08-02 08:00:00+00:00
2026-08-02 20:00:00+00:00,/payments,12,384.0,393.7715714285714,RF_FullFeatures,20260910T175101Z,2026-08-02 08:00:00+00:00
2026-08-02 10:00:00+00:00,/payments,1,368.0,380.3746547619049,RF_FullFeatures,20260910T175101Z,2026-08-02 09:00:00+00:00
2026-08-02 15:00:00+00:00,/payments,6,515.0,451.09290674603204,RF_FullFeatures,20260910T175101Z,2026-08-02 09:00:00+00:00
2026-08-02 21:00:00+00:00,/payments,12,341.0,376.75804365079364,RF_FullFeatures,20260910T175101Z,2026-08-02 09:00:00+00:00
2026-08-02 11:00:00+00:00,/payments,1,430.0,384.9803214285715,RF_FullFeatures,20260910T175101Z,2026-08-02 10:00:00+00:00
2026-08-02 16:00:00+00:00,/payments,6,410.0,459.30570833333354,RF_FullFeatures,20260910T175101Z,2026-08-02 10:00:00+00:00
2026-08-02 22:00:00+00:00,/payments,12,323.0,377.9819126984127,RF_FullFeatures,20260910T175101Z,2026-08-02 10:00:00+00:00
2026-08-02 12:00:00+00:00,/payments,1,439.0,406.31417658730163,RF_FullFeatures,20260910T175101Z,2026-08-02 11:00:00+00:00
2026-08-02 17:00:00+00:00,/payments,6,415.0,424.9290952380953,RF_FullFeatures,20260910T175101Z,2026-08-02 11:00:00+00:00
2026-08-02 23:00:00+00:00,/payments,12,246.0,355.999371031746,RF_FullFeatures,20260910T175101Z,2026-08-02 11:00:00+00:00
2026-08-02 13:00:00+00:00,/payments,1,464.0,449.4318730158733,RF_FullFeatures,20260910T175101Z,2026-08-02 12:00:00+00:00
2026-08-02 18:00:00+00:00,/payments,6,347.0,398.09758928571426,RF_FullFeatures,20260910T175101Z,2026-08-02 12:00:00+00:00
2026-08-03 00:00:00+00:00,/payments,12,414.0,352.063255952381,RF_FullFeatures,20260910T175101Z,2026-08-02 12:00:00+00:00
2026-08-02 14:00:00+00:00,/payments,1,448.0,458.0550198412699,RF_FullFeatures,20260910T175101Z,2026-08-02 13:00:00+00:00
2026-08-02 19:00:00+00:00,/payments,6,378.0,385.79379166666666,RF_FullFeatures,20260910T175101Z,2026-08-02 13:00:00+00:00
2026-08-03 01:00:00+00:00,/payments,12,315.0,357.278255952381,RF_FullFeatures,20260910T175101Z,2026-08-02 13:00:00+00:00
2026-08-02 15:00:00+00:00,/payments,1,515.0,460.7108174603177,RF_FullFeatures,20260910T175101Z,2026-08-02 14:00:00+00:00
2026-08-02 20:00:00+00:00,/payments,6,384.0,384.4126428571428,RF_FullFeatures,20260910T175101Z,2026-08-02 14:00:00+00:00
2026-08-03 02:00:00+00:00,/payments,12,381.0,359.66042261904767,RF_FullFeatures,20260910T175101Z,2026-08-02 14:00:00+00:00
2026-08-02 16:00:00+00:00,/payments,1,410.0,511.6648174603174,RF_FullFeatures,20260910T175101Z,2026-08-02 15:00:00+00:00
2026-08-02 21:00:00+00:00,/payments,6,341.0,384.43054166666667,RF_FullFeatures,20260910T175101Z,2026-08-02 15:00:00+00:00
2026-08-03 03:00:00+00:00,/payments,12,390.0,373.1079583333334,RF_FullFeatures,20260910T175101Z,2026-08-02 15:00:00+00:00
2026-08-02 17:00:00+00:00,/payments,1,415.0,403.5560178571429,RF_FullFeatures,20260910T175101Z,2026-08-02 16:00:00+00:00
2026-08-02 22:00:00+00:00,/payments,6,323.0,360.2418234126984,RF_FullFeatures,20260910T175101Z,2026-08-02 16:00:00+00:00
2026-08-03 04:00:00+00:00,/payments,12,423.0,380.1344186507938,RF_FullFeatures,20260910T175101Z,2026-08-02 16:00:00+00:00
2026-08-02 18:00:00+00:00,/payments,1,347.0,393.1174464285715,RF_FullFeatures,20260910T175101Z,2026-08-02 17:00:00+00:00
2026-08-02 23:00:00+00:00,/payments,6,246.0,356.6416488095238,RF_FullFeatures,20260910T175101Z,2026-08-02 17:00:00+00:00
2026-08-03 05:00:00+00:00,/payments,12,417.0,416.00074404761915,RF_FullFeatures,20260910T175101Z,2026-08-02 17:00:00+00:00
2026-08-02 19:00:00+00:00,/payments,1,378.0,352.50262698412706,RF_FullFeatures,20260910T175101Z,2026-08-02 18:00:00+00:00
2026-08-03 00:00:00+00:00,/payments,6,414.0,360.45373214285706,RF_FullFeatures,20260910T175101Z,2026-08-02 18:00:00+00:00
2026-08-03 06:00:00+00:00,/payments,12,451.0,435.3568690476191,RF_FullFeatures,20260910T175101Z,2026-08-02 18:00:00+00:00
2026-08-02 20:00:00+00:00,/payments,1,384.0,363.1492162698412,RF_FullFeatures,20260910T175101Z,2026-08-02 19:00:00+00:00
2026-08-03 01:00:00+00:00,/payments,6,315.0,360.3936488095238,RF_FullFeatures,20260910T175101Z,2026-08-02 19:00:00+00:00
2026-08-03 07:00:00+00:00,/payments,12,550.0,443.34458333333345,RF_FullFeatures,20260910T175101Z,2026-08-02 19:00:00+00:00
2026-08-02 21:00:00+00:00,/payments,1,341.0,377.6769285714285,RF_FullFeatures,20260910T175101Z,2026-08-02 20:00:00+00:00
2026-08-03 02:00:00+00:00,/payments,6,381.0,358.9738988095238,RF_FullFeatures,20260910T175101Z,2026-08-02 20:00:00+00:00
2026-08-03 08:00:00+00:00,/payments,12,565.0,473.41038095238105,RF_FullFeatures,20260910T175101Z,2026-08-02 20:00:00+00:00
2026-08-02 22:00:00+00:00,/payments,1,323.0,355.2374900793651,RF_FullFeatures,20260910T175101Z,2026-08-02 21:00:00+00:00
2026-08-03 03:00:00+00:00,/payments,6,390.0,374.24531547619046,RF_FullFeatures,20260910T175101Z,2026-08-02 21:00:00+00:00
2026-08-03 09:00:00+00:00,/payments,12,646.0,492.21018452380963,RF_FullFeatures,20260910T175101Z,2026-08-02 21:00:00+00:00
2026-08-02 23:00:00+00:00,/payments,1,246.0,326.46508333333327,RF_FullFeatures,20260910T175101Z,2026-08-02 22:00:00+00:00
2026-08-03 04:00:00+00:00,/payments,6,423.0,382.1056686507938,RF_FullFeatures,20260910T175101Z,2026-08-02 22:00:00+00:00
2026-08-03 10:00:00+00:00,/payments,12,622.0,549.2852579365078,RF_FullFeatures,20260910T175101Z,2026-08-02 22:00:00+00:00
2026-08-03 00:00:00+00:00,/payments,1,414.0,299.1352261904761,RF_FullFeatures,20260910T175101Z,2026-08-02 23:00:00+00:00
2026-08-03 05:00:00+00:00,/payments,6,417.0,389.13844246031744,RF_FullFeatures,20260910T175101Z,2026-08-02 23:00:00+00:00
2026-08-03 11:00:00+00:00,/payments,12,743.0,577.297365079365,RF_FullFeatures,20260910T175101Z,2026-08-02 23:00:00+00:00
2026-08-03 01:00:00+00:00,/payments,1,315.0,391.5645357142858,RF_FullFeatures,20260910T175101Z,2026-08-03 00:00:00+00:00
2026-08-03 06:00:00+00:00,/payments,6,451.0,422.62173214285707,RF_FullFeatures,20260910T175101Z,2026-08-03 00:00:00+00:00
2026-08-03 12:00:00+00:00,/payments,12,828.0,578.038490079365,RF_FullFeatures,20260910T175101Z,2026-08-03 00:00:00+00:00
2026-08-03 02:00:00+00:00,/payments,1,381.0,329.41225595238086,RF_FullFeatures,20260910T175101Z,2026-08-03 01:00:00+00:00
2026-08-03 07:00:00+00:00,/payments,6,550.0,443.3975615079365,RF_FullFeatures,20260910T175101Z,2026-08-03 01:00:00+00:00
2026-08-03 13:00:00+00:00,/payments,12,777.0,586.1028869047618,RF_FullFeatures,20260910T175101Z,2026-08-03 01:00:00+00:00
2026-08-03 03:00:00+00:00,/payments,1,390.0,388.3720297619047,RF_FullFeatures,20260910T175101Z,2026-08-03 02:00:00+00:00
2026-08-03 08:00:00+00:00,/payments,6,565.0,472.9138571428573,RF_FullFeatures,20260910T175101Z,2026-08-03 02:00:00+00:00
2026-08-03 14:00:00+00:00,/payments,12,844.0,592.1533937590187,RF_FullFeatures,20260910T175101Z,2026-08-03 02:00:00+00:00
2026-08-03 04:00:00+00:00,/payments,1,423.0,394.86583333333346,RF_FullFeatures,20260910T175101Z,2026-08-03 03:00:00+00:00
2026-08-03 09:00:00+00:00,/payments,6,646.0,469.99972023809545,RF_FullFeatures,20260910T175101Z,2026-08-03 03:00:00+00:00
2026-08-03 15:00:00+00:00,/payments,12,861.0,595.8417151875901,RF_FullFeatures,20260910T175101Z,2026-08-03 03:00:00+00:00
2026-08-03 05:00:00+00:00,/payments,1,417.0,414.3149761904762,RF_FullFeatures,20260910T175101Z,2026-08-03 04:00:00+00:00
2026-08-03 10:00:00+00:00,/payments,6,622.0,499.0511547619049,RF_FullFeatures,20260910T175101Z,2026-08-03 04:00:00+00:00
2026-08-03 16:00:00+00:00,/payments,12,875.0,590.2677709235209,RF_FullFeatures,20260910T175101Z,2026-08-03 04:00:00+00:00
2026-08-03 06:00:00+00:00,/payments,1,451.0,422.7526488095238,RF_FullFeatures,20260910T175101Z,2026-08-03 05:00:00+00:00
2026-08-03 11:00:00+00:00,/payments,6,743.0,553.5154265873016,RF_FullFeatures,20260910T175101Z,2026-08-03 05:00:00+00:00
2026-08-03 17:00:00+00:00,/payments,12,825.0,576.0900714285713,RF_FullFeatures,20260910T175101Z,2026-08-03 05:00:00+00:00
2026-08-03 07:00:00+00:00,/payments,1,550.0,456.63961507936517,RF_FullFeatures,20260910T175101Z,2026-08-03 06:00:00+00:00
2026-08-03 12:00:00+00:00,/payments,6,828.0,589.0281726190476,RF_FullFeatures,20260910T175101Z,2026-08-03 06:00:00+00:00
2026-08-03 18:00:00+00:00,/payments,12,750.0,517.6210595238095,RF_FullFeatures,20260910T175101Z,2026-08-03 06:00:00+00:00
2026-08-03 08:00:00+00:00,/payments,1,565.0,521.9862976190477,RF_FullFeatures,20260910T175101Z,2026-08-03 07:00:00+00:00
2026-08-03 13:00:00+00:00,/payments,6,777.0,592.4313948412698,RF_FullFeatures,20260910T175101Z,2026-08-03 07:00:00+00:00
2026-08-03 19:00:00+00:00,/payments,12,691.0,513.2951626984129,RF_FullFeatures,20260910T175101Z,2026-08-03 07:00:00+00:00
2026-08-03 09:00:00+00:00,/payments,1,646.0,561.8811547619048,RF_FullFeatures,20260910T175101Z,2026-08-03 08:00:00+00:00
2026-08-03 14:00:00+00:00,/payments,6,844.0,584.5393928571428,RF_FullFeatures,20260910T175101Z,2026-08-03 08:00:00+00:00
2026-08-03 20:00:00+00:00,/payments,12,743.0,498.54204365079386,RF_FullFeatures,20260910T175101Z,2026-08-03 08:00:00+00:00
2026-08-03 10:00:00+00:00,/payments,1,622.0,579.3333035714286,RF_FullFeatures,20260910T175101Z,2026-08-03 09:00:00+00:00
2026-08-03 15:00:00+00:00,/payments,6,861.0,585.0032876984126,RF_FullFeatures,20260910T175101Z,2026-08-03 09:00:00+00:00
2026-08-03 21:00:00+00:00,/payments,12,720.0,436.06775198412697,RF_FullFeatures,20260910T175101Z,2026-08-03 09:00:00+00:00
2026-08-03 11:00:00+00:00,/payments,1,743.0,588.8855097402599,RF_FullFeatures,20260910T175101Z,2026-08-03 10:00:00+00:00
2026-08-03 16:00:00+00:00,/payments,6,875.0,573.3235615079363,RF_FullFeatures,20260910T175101Z,2026-08-03 10:00:00+00:00
2026-08-03 22:00:00+00:00,/payments,12,633.0,404.9880595238094,RF_FullFeatures,20260910T175101Z,2026-08-03 10:00:00+00:00
2026-08-03 12:00:00+00:00,/payments,1,828.0,585.6853939393939,RF_FullFeatures,20260910T175101Z,2026-08-03 11:00:00+00:00
2026-08-03 17:00:00+00:00,/payments,6,825.0,564.8894007936506,RF_FullFeatures,20260910T175101Z,2026-08-03 11:00:00+00:00
2026-08-03 23:00:00+00:00,/payments,12,622.0,412.7193333333333,RF_FullFeatures,20260910T175101Z,2026-08-03 11:00:00+00:00
2026-08-03 13:00:00+00:00,/payments,1,777.0,577.2167857142856,RF_FullFeatures,20260910T175101Z,2026-08-03 12:00:00+00:00
2026-08-03 18:00:00+00:00,/payments,6,750.0,508.35280357142835,RF_FullFeatures,20260910T175101Z,2026-08-03 12:00:00+00:00
2026-08-04 00:00:00+00:00,/payments,12,587.0,348.56436904761904,RF_FullFeatures,20260910T175101Z,2026-08-03 12:00:00+00:00
2026-08-03 14:00:00+00:00,/payments,1,844.0,578.1289047619047,RF_FullFeatures,20260910T175101Z,2026-08-03 13:00:00+00:00
2026-08-03 19:00:00+00:00,/payments,6,691.0,480.885746031746,RF_FullFeatures,20260910T175101Z,2026-08-03 13:00:00+00:00
2026-08-04 01:00:00+00:00,/payments,12,525.0,339.40945634920644,RF_FullFeatures,20260910T175101Z,2026-08-03 13:00:00+00:00
2026-08-03 15:00:00+00:00,/payments,1,861.0,577.0948630952378,RF_FullFeatures,20260910T175101Z,2026-08-03 14:00:00+00:00
2026-08-03 20:00:00+00:00,/payments,6,743.0,480.13766269841244,RF_FullFeatures,20260910T175101Z,2026-08-03 14:00:00+00:00
2026-08-04 02:00:00+00:00,/payments,12,534.0,350.69630952380953,RF_FullFeatures,20260910T175101Z,2026-08-03 14:00:00+00:00
2026-08-03 16:00:00+00:00,/payments,1,875.0,574.697351190476,RF_FullFeatures,20260910T175101Z,2026-08-03 15:00:00+00:00
2026-08-03 21:00:00+00:00,/payments,6,720.0,450.53009126984114,RF_FullFeatures,20260910T175101Z,2026-08-03 15:00:00+00:00
2026-08-04 03:00:00+00:00,/payments,12,555.0,365.5034563492064,RF_FullFeatures,20260910T175101Z,2026-08-03 15:00:00+00:00
2026-08-03 17:00:00+00:00,/payments,1,825.0,571.7520892857141,RF_FullFeatures,20260910T175101Z,2026-08-03 16:00:00+00:00
2026-08-03 22:00:00+00:00,/payments,6,633.0,433.9172857142856,RF_FullFeatures,20260910T175101Z,2026-08-03 16:00:00+00:00
2026-08-04 04:00:00+00:00,/payments,12,756.0,367.76509126984115,RF_FullFeatures,20260910T175101Z,2026-08-03 16:00:00+00:00
2026-08-03 18:00:00+00:00,/payments,1,750.0,512.8578095238092,RF_FullFeatures,20260910T175101Z,2026-08-03 17:00:00+00:00
2026-08-03 23:00:00+00:00,/payments,6,622.0,415.56810119047617,RF_FullFeatures,20260910T175101Z,2026-08-03 17:00:00+00:00
2026-08-04 05:00:00+00:00,/payments,12,479.0,392.5134305555555,RF_FullFeatures,20260910T175101Z,2026-08-03 17:00:00+00:00
2026-08-01 12:00:00+00:00,/search,1,609.0,695.3336428571429,RF_FullFeatures,20260910T175101Z,2026-08-01 11:00:00+00:00
2026-08-01 17:00:00+00:00,/search,6,891.0,745.5114285714288,RF_FullFeatures,20260910T175101Z,2026-08-01 11:00:00+00:00
2026-08-01 23:00:00+00:00,/search,12,684.0,515.3272718253969,RF_FullFeatures,20260910T175101Z,2026-08-01 11:00:00+00:00
2026-08-01 13:00:00+00:00,/search,1,689.0,681.1408492063488,RF_FullFeatures,20260910T175101Z,2026-08-01 12:00:00+00:00
2026-08-01 18:00:00+00:00,/search,6,844.0,671.8074027777777,RF_FullFeatures,20260910T175101Z,2026-08-01 12:00:00+00:00
2026-08-02 00:00:00+00:00,/search,12,388.0,481.5642103174599,RF_FullFeatures,20260910T175101Z,2026-08-01 12:00:00+00:00
2026-08-01 14:00:00+00:00,/search,1,1119.0,703.63485515873,RF_FullFeatures,20260910T175101Z,2026-08-01 13:00:00+00:00
2026-08-01 19:00:00+00:00,/search,6,750.0,620.8992261904763,RF_FullFeatures,20260910T175101Z,2026-08-01 13:00:00+00:00
2026-08-02 01:00:00+00:00,/search,12,251.0,360.75209523809514,RF_FullFeatures,20260910T175101Z,2026-08-01 13:00:00+00:00
2026-08-01 15:00:00+00:00,/search,1,986.0,861.714593253968,RF_FullFeatures,20260910T175101Z,2026-08-01 14:00:00+00:00
2026-08-01 20:00:00+00:00,/search,6,826.0,714.7465595238094,RF_FullFeatures,20260910T175101Z,2026-08-01 14:00:00+00:00
2026-08-02 02:00:00+00:00,/search,12,386.0,353.289380952381,RF_FullFeatures,20260910T175101Z,2026-08-01 14:00:00+00:00
2026-08-01 16:00:00+00:00,/search,1,929.0,881.2452777777773,RF_FullFeatures,20260910T175101Z,2026-08-01 15:00:00+00:00
2026-08-01 21:00:00+00:00,/search,6,667.0,702.2942242063493,RF_FullFeatures,20260910T175101Z,2026-08-01 15:00:00+00:00
2026-08-02 03:00:00+00:00,/search,12,390.0,373.47010714285716,RF_FullFeatures,20260910T175101Z,2026-08-01 15:00:00+00:00
2026-08-01 17:00:00+00:00,/search,1,891.0,887.0520793650797,RF_FullFeatures,20260910T175101Z,2026-08-01 16:00:00+00:00
2026-08-01 22:00:00+00:00,/search,6,653.0,600.5842658730159,RF_FullFeatures,20260910T175101Z,2026-08-01 16:00:00+00:00
2026-08-02 04:00:00+00:00,/search,12,384.0,383.5752559523809,RF_FullFeatures,20260910T175101Z,2026-08-01 16:00:00+00:00
2026-08-01 18:00:00+00:00,/search,1,844.0,857.5492083333334,RF_FullFeatures,20260910T175101Z,2026-08-01 17:00:00+00:00
2026-08-01 23:00:00+00:00,/search,6,684.0,539.883380952381,RF_FullFeatures,20260910T175101Z,2026-08-01 17:00:00+00:00
2026-08-02 05:00:00+00:00,/search,12,467.0,399.5797321428571,RF_FullFeatures,20260910T175101Z,2026-08-01 17:00:00+00:00
2026-08-01 19:00:00+00:00,/search,1,750.0,784.8644265873012,RF_FullFeatures,20260910T175101Z,2026-08-01 18:00:00+00:00
2026-08-02 00:00:00+00:00,/search,6,388.0,488.0452936507936,RF_FullFeatures,20260910T175101Z,2026-08-01 18:00:00+00:00
2026-08-02 06:00:00+00:00,/search,12,414.0,423.77322023809506,RF_FullFeatures,20260910T175101Z,2026-08-01 18:00:00+00:00
2026-08-01 20:00:00+00:00,/search,1,826.0,771.9123392857142,RF_FullFeatures,20260910T175101Z,2026-08-01 19:00:00+00:00
2026-08-02 01:00:00+00:00,/search,6,251.0,398.4286250000002,RF_FullFeatures,20260910T175101Z,2026-08-01 19:00:00+00:00
2026-08-02 07:00:00+00:00,/search,12,452.0,441.1390357142858,RF_FullFeatures,20260910T175101Z,2026-08-01 19:00:00+00:00
2026-08-01 21:00:00+00:00,/search,1,667.0,699.6929146825398,RF_FullFeatures,20260910T175101Z,2026-08-01 20:00:00+00:00
2026-08-02 02:00:00+00:00,/search,6,386.0,355.21676190476194,RF_FullFeatures,20260910T175101Z,2026-08-01 20:00:00+00:00
2026-08-02 08:00:00+00:00,/search,12,539.0,448.98078571428573,RF_FullFeatures,20260910T175101Z,2026-08-01 20:00:00+00:00
2026-08-01 22:00:00+00:00,/search,1,653.0,564.8364920634922,RF_FullFeatures,20260910T175101Z,2026-08-01 21:00:00+00:00
2026-08-02 03:00:00+00:00,/search,6,390.0,373.22119047619054,RF_FullFeatures,20260910T175101Z,2026-08-01 21:00:00+00:00
2026-08-02 09:00:00+00:00,/search,12,548.0,523.3682559523811,RF_FullFeatures,20260910T175101Z,2026-08-01 21:00:00+00:00
2026-08-01 23:00:00+00:00,/search,1,684.0,538.2389682539684,RF_FullFeatures,20260910T175101Z,2026-08-01 22:00:00+00:00
2026-08-02 04:00:00+00:00,/search,6,384.0,379.94249404761905,RF_FullFeatures,20260910T175101Z,2026-08-01 22:00:00+00:00
2026-08-02 10:00:00+00:00,/search,12,589.0,576.3855396825396,RF_FullFeatures,20260910T175101Z,2026-08-01 22:00:00+00:00
2026-08-02 00:00:00+00:00,/search,1,388.0,541.4507222222223,RF_FullFeatures,20260910T175101Z,2026-08-01 23:00:00+00:00
2026-08-02 05:00:00+00:00,/search,6,467.0,388.8603214285714,RF_FullFeatures,20260910T175101Z,2026-08-01 23:00:00+00:00
2026-08-02 11:00:00+00:00,/search,12,678.0,588.6359523809523,RF_FullFeatures,20260910T175101Z,2026-08-01 23:00:00+00:00
2026-08-02 01:00:00+00:00,/search,1,251.0,404.3803690476192,RF_FullFeatures,20260910T175101Z,2026-08-02 00:00:00+00:00
2026-08-02 06:00:00+00:00,/search,6,414.0,427.990494047619,RF_FullFeatures,20260910T175101Z,2026-08-02 00:00:00+00:00
2026-08-02 12:00:00+00:00,/search,12,586.0,614.8464384920637,RF_FullFeatures,20260910T175101Z,2026-08-02 00:00:00+00:00
2026-08-02 02:00:00+00:00,/search,1,386.0,401.0097500000001,RF_FullFeatures,20260910T175101Z,2026-08-02 01:00:00+00:00
2026-08-02 07:00:00+00:00,/search,6,452.0,442.6955833333334,RF_FullFeatures,20260910T175101Z,2026-08-02 01:00:00+00:00
2026-08-02 13:00:00+00:00,/search,12,673.0,645.4941468253969,RF_FullFeatures,20260910T175101Z,2026-08-02 01:00:00+00:00
2026-08-02 03:00:00+00:00,/search,1,390.0,378.1184940476189,RF_FullFeatures,20260910T175101Z,2026-08-02 02:00:00+00:00
2026-08-02 08:00:00+00:00,/search,6,539.0,442.0494523809525,RF_FullFeatures,20260910T175101Z,2026-08-02 02:00:00+00:00
2026-08-02 14:00:00+00:00,/search,12,595.0,681.959861111111,RF_FullFeatures,20260910T175101Z,2026-08-02 02:00:00+00:00
2026-08-02 04:00:00+00:00,/search,1,384.0,375.33151190476195,RF_FullFeatures,20260910T175101Z,2026-08-02 03:00:00+00:00
2026-08-02 09:00:00+00:00,/search,6,548.0,520.538017857143,RF_FullFeatures,20260910T175101Z,2026-08-02 03:00:00+00:00
2026-08-02 15:00:00+00:00,/search,12,664.0,702.44148015873,RF_FullFeatures,20260910T175101Z,2026-08-02 03:00:00+00:00
2026-08-02 05:00:00+00:00,/search,1,467.0,394.8106845238095,RF_FullFeatures,20260910T175101Z,2026-08-02 04:00:00+00:00
2026-08-02 10:00:00+00:00,/search,6,589.0,574.638206349206,RF_FullFeatures,20260910T175101Z,2026-08-02 04:00:00+00:00
2026-08-02 16:00:00+00:00,/search,12,586.0,714.113875,RF_FullFeatures,20260910T175101Z,2026-08-02 04:00:00+00:00
2026-08-02 06:00:00+00:00,/search,1,414.0,435.05495833333333,RF_FullFeatures,20260910T175101Z,2026-08-02 05:00:00+00:00
2026-08-02 11:00:00+00:00,/search,6,678.0,596.8808968253965,RF_FullFeatures,20260910T175101Z,2026-08-02 05:00:00+00:00
2026-08-02 17:00:00+00:00,/search,12,546.0,711.5080535714283,RF_FullFeatures,20260910T175101Z,2026-08-02 05:00:00+00:00
2026-08-02 07:00:00+00:00,/search,1,452.0,445.51807738095243,RF_FullFeatures,20260910T175101Z,2026-08-02 06:00:00+00:00
2026-08-02 12:00:00+00:00,/search,6,586.0,615.067771825397,RF_FullFeatures,20260910T175101Z,2026-08-02 06:00:00+00:00
2026-08-02 18:00:00+00:00,/search,12,553.0,712.8846130952381,RF_FullFeatures,20260910T175101Z,2026-08-02 06:00:00+00:00
2026-08-02 08:00:00+00:00,/search,1,539.0,445.6701190476191,RF_FullFeatures,20260910T175101Z,2026-08-02 07:00:00+00:00
2026-08-02 13:00:00+00:00,/search,6,673.0,641.3140277777778,RF_FullFeatures,20260910T175101Z,2026-08-02 07:00:00+00:00
2026-08-02 19:00:00+00:00,/search,12,515.0,692.8085476190478,RF_FullFeatures,20260910T175101Z,2026-08-02 07:00:00+00:00
2026-08-02 09:00:00+00:00,/search,1,548.0,562.6178432539682,RF_FullFeatures,20260910T175101Z,2026-08-02 08:00:00+00:00
2026-08-02 14:00:00+00:00,/search,6,595.0,696.0015079365077,RF_FullFeatures,20260910T175101Z,2026-08-02 08:00:00+00:00
2026-08-02 20:00:00+00:00,/search,12,536.0,671.0701726190475,RF_FullFeatures,20260910T175101Z,2026-08-02 08:00:00+00:00
2026-08-02 10:00:00+00:00,/search,1,589.0,600.2270000000001,RF_FullFeatures,20260910T175101Z,2026-08-02 09:00:00+00:00
2026-08-02 15:00:00+00:00,/search,6,664.0,724.9357797619049,RF_FullFeatures,20260910T175101Z,2026-08-02 09:00:00+00:00
2026-08-02 21:00:00+00:00,/search,12,409.0,576.5700337301588,RF_FullFeatures,20260910T175101Z,2026-08-02 09:00:00+00:00
2026-08-02 11:00:00+00:00,/search,1,678.0,621.4288849206347,RF_FullFeatures,20260910T175101Z,2026-08-02 10:00:00+00:00
2026-08-02 16:00:00+00:00,/search,6,586.0,744.1454761904761,RF_FullFeatures,20260910T175101Z,2026-08-02 10:00:00+00:00
2026-08-02 22:00:00+00:00,/search,12,493.0,541.3292519841268,RF_FullFeatures,20260910T175101Z,2026-08-02 10:00:00+00:00
2026-08-02 12:00:00+00:00,/search,1,586.0,627.497408730159,RF_FullFeatures,20260910T175101Z,2026-08-02 11:00:00+00:00
2026-08-02 17:00:00+00:00,/search,6,546.0,721.6939285714285,RF_FullFeatures,20260910T175101Z,2026-08-02 11:00:00+00:00
2026-08-02 23:00:00+00:00,/search,12,537.0,555.1227936507935,RF_FullFeatures,20260910T175101Z,2026-08-02 11:00:00+00:00
2026-08-02 13:00:00+00:00,/search,1,673.0,654.9298015873017,RF_FullFeatures,20260910T175101Z,2026-08-02 12:00:00+00:00
2026-08-02 18:00:00+00:00,/search,6,553.0,720.672613095238,RF_FullFeatures,20260910T175101Z,2026-08-02 12:00:00+00:00
2026-08-03 00:00:00+00:00,/search,12,453.0,560.9749960317462,RF_FullFeatures,20260910T175101Z,2026-08-02 12:00:00+00:00
2026-08-02 14:00:00+00:00,/search,1,595.0,686.9450396825395,RF_FullFeatures,20260910T175101Z,2026-08-02 13:00:00+00:00
2026-08-02 19:00:00+00:00,/search,6,515.0,688.1133392857143,RF_FullFeatures,20260910T175101Z,2026-08-02 13:00:00+00:00
2026-08-03 01:00:00+00:00,/search,12,560.0,555.9217261904761,RF_FullFeatures,20260910T175101Z,2026-08-02 13:00:00+00:00
2026-08-02 15:00:00+00:00,/search,1,664.0,674.3205079365076,RF_FullFeatures,20260910T175101Z,2026-08-02 14:00:00+00:00
2026-08-02 20:00:00+00:00,/search,6,536.0,618.453003968254,RF_FullFeatures,20260910T175101Z,2026-08-02 14:00:00+00:00
2026-08-03 02:00:00+00:00,/search,12,502.0,556.4987539682538,RF_FullFeatures,20260910T175101Z,2026-08-02 14:00:00+00:00
2026-08-02 16:00:00+00:00,/search,1,586.0,673.3313412698411,RF_FullFeatures,20260910T175101Z,2026-08-02 15:00:00+00:00
2026-08-02 21:00:00+00:00,/search,6,409.0,571.2487380952382,RF_FullFeatures,20260910T175101Z,2026-08-02 15:00:00+00:00
2026-08-03 03:00:00+00:00,/search,12,602.0,563.2757896825395,RF_FullFeatures,20260910T175101Z,2026-08-02 15:00:00+00:00
2026-08-02 17:00:00+00:00,/search,1,546.0,618.6937261904764,RF_FullFeatures,20260910T175101Z,2026-08-02 16:00:00+00:00
2026-08-02 22:00:00+00:00,/search,6,493.0,610.6571428571431,RF_FullFeatures,20260910T175101Z,2026-08-02 16:00:00+00:00
2026-08-03 04:00:00+00:00,/search,12,516.0,576.2260019841268,RF_FullFeatures,20260910T175101Z,2026-08-02 16:00:00+00:00
2026-08-02 18:00:00+00:00,/search,1,553.0,620.6717698412699,RF_FullFeatures,20260910T175101Z,2026-08-02 17:00:00+00:00
2026-08-02 23:00:00+00:00,/search,6,537.0,622.9510238095238,RF_FullFeatures,20260910T175101Z,2026-08-02 17:00:00+00:00
2026-08-03 05:00:00+00:00,/search,12,640.0,600.7729940476188,RF_FullFeatures,20260910T175101Z,2026-08-02 17:00:00+00:00
2026-08-02 19:00:00+00:00,/search,1,515.0,585.5891190476191,RF_FullFeatures,20260910T175101Z,2026-08-02 18:00:00+00:00
2026-08-03 00:00:00+00:00,/search,6,453.0,548.6222896825399,RF_FullFeatures,20260910T175101Z,2026-08-02 18:00:00+00:00
2026-08-03 06:00:00+00:00,/search,12,606.0,629.0341488095238,RF_FullFeatures,20260910T175101Z,2026-08-02 18:00:00+00:00
2026-08-02 20:00:00+00:00,/search,1,536.0,592.8713849206354,RF_FullFeatures,20260910T175101Z,2026-08-02 19:00:00+00:00
2026-08-03 01:00:00+00:00,/search,6,560.0,586.8662738095236,RF_FullFeatures,20260910T175101Z,2026-08-02 19:00:00+00:00
2026-08-03 07:00:00+00:00,/search,12,653.0,641.2566230158732,RF_FullFeatures,20260910T175101Z,2026-08-02 19:00:00+00:00
2026-08-02 21:00:00+00:00,/search,1,409.0,561.266763888889,RF_FullFeatures,20260910T175101Z,2026-08-02 20:00:00+00:00
2026-08-03 02:00:00+00:00,/search,6,502.0,575.7605238095236,RF_FullFeatures,20260910T175101Z,2026-08-02 20:00:00+00:00
2026-08-03 08:00:00+00:00,/search,12,617.0,669.8016468253969,RF_FullFeatures,20260910T175101Z,2026-08-02 20:00:00+00:00
2026-08-02 22:00:00+00:00,/search,1,493.0,494.4615099206349,RF_FullFeatures,20260910T175101Z,2026-08-02 21:00:00+00:00
2026-08-03 03:00:00+00:00,/search,6,602.0,563.1490714285717,RF_FullFeatures,20260910T175101Z,2026-08-02 21:00:00+00:00
2026-08-03 09:00:00+00:00,/search,12,751.0,685.3164146825397,RF_FullFeatures,20260910T175101Z,2026-08-02 21:00:00+00:00
2026-08-02 23:00:00+00:00,/search,1,537.0,531.0811130952382,RF_FullFeatures,20260910T175101Z,2026-08-02 22:00:00+00:00
2026-08-03 04:00:00+00:00,/search,6,516.0,574.8227976190478,RF_FullFeatures,20260910T175101Z,2026-08-02 22:00:00+00:00
2026-08-03 10:00:00+00:00,/search,12,920.0,703.121009920635,RF_FullFeatures,20260910T175101Z,2026-08-02 22:00:00+00:00
2026-08-03 00:00:00+00:00,/search,1,453.0,558.9301269841268,RF_FullFeatures,20260910T175101Z,2026-08-02 23:00:00+00:00
2026-08-03 05:00:00+00:00,/search,6,640.0,605.5296230158727,RF_FullFeatures,20260910T175101Z,2026-08-02 23:00:00+00:00
2026-08-03 11:00:00+00:00,/search,12,851.0,748.4939880952384,RF_FullFeatures,20260910T175101Z,2026-08-02 23:00:00+00:00
2026-08-03 01:00:00+00:00,/search,1,560.0,437.71802976190486,RF_FullFeatures,20260910T175101Z,2026-08-03 00:00:00+00:00
2026-08-03 06:00:00+00:00,/search,6,606.0,493.8818452380952,RF_FullFeatures,20260910T175101Z,2026-08-03 00:00:00+00:00
2026-08-03 12:00:00+00:00,/search,12,1012.0,668.6215773809525,RF_FullFeatures,20260910T175101Z,2026-08-03 00:00:00+00:00
2026-08-03 02:00:00+00:00,/search,1,502.0,557.2934087301587,RF_FullFeatures,20260910T175101Z,2026-08-03 01:00:00+00:00
2026-08-03 07:00:00+00:00,/search,6,653.0,646.4220714285713,RF_FullFeatures,20260910T175101Z,2026-08-03 01:00:00+00:00
2026-08-03 13:00:00+00:00,/search,12,987.0,782.8892797619047,RF_FullFeatures,20260910T175101Z,2026-08-03 01:00:00+00:00
2026-08-03 03:00:00+00:00,/search,1,602.0,540.9510238095238,RF_FullFeatures,20260910T175101Z,2026-08-03 02:00:00+00:00
2026-08-03 08:00:00+00:00,/search,6,617.0,667.740748015873,RF_FullFeatures,20260910T175101Z,2026-08-03 02:00:00+00:00
2026-08-03 14:00:00+00:00,/search,12,803.0,636.8982500000001,RF_FullFeatures,20260910T175101Z,2026-08-03 02:00:00+00:00
2026-08-03 04:00:00+00:00,/search,1,516.0,572.9020476190477,RF_FullFeatures,20260910T175101Z,2026-08-03 03:00:00+00:00
2026-08-03 09:00:00+00:00,/search,6,751.0,664.1789563492066,RF_FullFeatures,20260910T175101Z,2026-08-03 03:00:00+00:00
2026-08-03 15:00:00+00:00,/search,12,874.0,772.9172678571429,RF_FullFeatures,20260910T175101Z,2026-08-03 03:00:00+00:00
2026-08-03 05:00:00+00:00,/search,1,640.0,588.5422142857142,RF_FullFeatures,20260910T175101Z,2026-08-03 04:00:00+00:00
2026-08-03 10:00:00+00:00,/search,6,920.0,707.7080694444443,RF_FullFeatures,20260910T175101Z,2026-08-03 04:00:00+00:00
2026-08-03 16:00:00+00:00,/search,12,842.0,760.258880952381,RF_FullFeatures,20260910T175101Z,2026-08-03 04:00:00+00:00
2026-08-03 06:00:00+00:00,/search,1,606.0,626.1619543650799,RF_FullFeatures,20260910T175101Z,2026-08-03 05:00:00+00:00
2026-08-03 11:00:00+00:00,/search,6,851.0,724.3243928571432,RF_FullFeatures,20260910T175101Z,2026-08-03 05:00:00+00:00
2026-08-03 17:00:00+00:00,/search,12,843.0,764.1435476190476,RF_FullFeatures,20260910T175101Z,2026-08-03 05:00:00+00:00
2026-08-03 07:00:00+00:00,/search,1,653.0,630.0814999999998,RF_FullFeatures,20260910T175101Z,2026-08-03 06:00:00+00:00
2026-08-03 12:00:00+00:00,/search,6,1012.0,687.5577599206349,RF_FullFeatures,20260910T175101Z,2026-08-03 06:00:00+00:00
2026-08-03 18:00:00+00:00,/search,12,811.0,609.6240000000003,RF_FullFeatures,20260910T175101Z,2026-08-03 06:00:00+00:00
2026-08-03 08:00:00+00:00,/search,1,617.0,676.639878968254,RF_FullFeatures,20260910T175101Z,2026-08-03 07:00:00+00:00
2026-08-03 13:00:00+00:00,/search,6,987.0,711.6270476190476,RF_FullFeatures,20260910T175101Z,2026-08-03 07:00:00+00:00
2026-08-03 19:00:00+00:00,/search,12,848.0,607.8388234126985,RF_FullFeatures,20260910T175101Z,2026-08-03 07:00:00+00:00
2026-08-03 09:00:00+00:00,/search,1,751.0,671.5223055555557,RF_FullFeatures,20260910T175101Z,2026-08-03 08:00:00+00:00
2026-08-03 14:00:00+00:00,/search,6,803.0,658.4199742063493,RF_FullFeatures,20260910T175101Z,2026-08-03 08:00:00+00:00
2026-08-03 20:00:00+00:00,/search,12,739.0,606.6954404761908,RF_FullFeatures,20260910T175101Z,2026-08-03 08:00:00+00:00
2026-08-03 10:00:00+00:00,/search,1,920.0,791.3645952380954,RF_FullFeatures,20260910T175101Z,2026-08-03 09:00:00+00:00
2026-08-03 15:00:00+00:00,/search,6,874.0,788.2273392857143,RF_FullFeatures,20260910T175101Z,2026-08-03 09:00:00+00:00
2026-08-03 21:00:00+00:00,/search,12,731.0,646.9813928571429,RF_FullFeatures,20260910T175101Z,2026-08-03 09:00:00+00:00
2026-08-03 11:00:00+00:00,/search,1,851.0,876.6514880952382,RF_FullFeatures,20260910T175101Z,2026-08-03 10:00:00+00:00
2026-08-03 16:00:00+00:00,/search,6,842.0,896.5124345238098,RF_FullFeatures,20260910T175101Z,2026-08-03 10:00:00+00:00
2026-08-03 22:00:00+00:00,/search,12,605.0,602.6872003968257,RF_FullFeatures,20260910T175101Z,2026-08-03 10:00:00+00:00
2026-08-03 12:00:00+00:00,/search,1,1012.0,803.3365238095234,RF_FullFeatures,20260910T175101Z,2026-08-03 11:00:00+00:00
2026-08-03 17:00:00+00:00,/search,6,843.0,769.5617261904763,RF_FullFeatures,20260910T175101Z,2026-08-03 11:00:00+00:00
2026-08-03 23:00:00+00:00,/search,12,639.0,575.6682063492066,RF_FullFeatures,20260910T175101Z,2026-08-03 11:00:00+00:00
2026-08-03 13:00:00+00:00,/search,1,987.0,925.5445119047622,RF_FullFeatures,20260910T175101Z,2026-08-03 12:00:00+00:00
2026-08-03 18:00:00+00:00,/search,6,811.0,780.7863273809522,RF_FullFeatures,20260910T175101Z,2026-08-03 12:00:00+00:00
2026-08-04 00:00:00+00:00,/search,12,515.0,543.7147083333333,RF_FullFeatures,20260910T175101Z,2026-08-03 12:00:00+00:00
2026-08-03 14:00:00+00:00,/search,1,803.0,923.6288492063494,RF_FullFeatures,20260910T175101Z,2026-08-03 13:00:00+00:00
2026-08-03 19:00:00+00:00,/search,6,848.0,796.4365059523808,RF_FullFeatures,20260910T175101Z,2026-08-03 13:00:00+00:00
2026-08-04 01:00:00+00:00,/search,12,541.0,552.4130892857142,RF_FullFeatures,20260910T175101Z,2026-08-03 13:00:00+00:00
2026-08-03 15:00:00+00:00,/search,1,874.0,810.4664146825395,RF_FullFeatures,20260910T175101Z,2026-08-03 14:00:00+00:00
2026-08-03 20:00:00+00:00,/search,6,739.0,715.9367678571425,RF_FullFeatures,20260910T175101Z,2026-08-03 14:00:00+00:00
2026-08-04 02:00:00+00:00,/search,12,531.0,553.7641428571425,RF_FullFeatures,20260910T175101Z,2026-08-03 14:00:00+00:00
2026-08-03 16:00:00+00:00,/search,1,842.0,861.1700059523812,RF_FullFeatures,20260910T175101Z,2026-08-03 15:00:00+00:00
2026-08-03 21:00:00+00:00,/search,6,731.0,663.3356547619046,RF_FullFeatures,20260910T175101Z,2026-08-03 15:00:00+00:00
2026-08-04 03:00:00+00:00,/search,12,478.0,558.5355773809522,RF_FullFeatures,20260910T175101Z,2026-08-03 15:00:00+00:00
2026-08-03 17:00:00+00:00,/search,1,843.0,804.716863095238,RF_FullFeatures,20260910T175101Z,2026-08-03 16:00:00+00:00
2026-08-03 22:00:00+00:00,/search,6,605.0,588.2596646825399,RF_FullFeatures,20260910T175101Z,2026-08-03 16:00:00+00:00
2026-08-04 04:00:00+00:00,/search,12,456.0,591.1021448412698,RF_FullFeatures,20260910T175101Z,2026-08-03 16:00:00+00:00
2026-08-03 18:00:00+00:00,/search,1,811.0,793.7233154761905,RF_FullFeatures,20260910T175101Z,2026-08-03 17:00:00+00:00
2026-08-03 23:00:00+00:00,/search,6,639.0,580.2656944444446,RF_FullFeatures,20260910T175101Z,2026-08-03 17:00:00+00:00
2026-08-04 05:00:00+00:00,/search,12,678.0,617.7026507936507,RF_FullFeatures,20260910T175101Z,2026-08-03 17:00:00+00:00
2026-08-01 12:00:00+00:00,/identity,1,247.0,304.3456845238094,RF_WithoutLag24,20260910T175101Z,2026-08-01 11:00:00+00:00
2026-08-01 17:00:00+00:00,/identity,6,308.0,265.61871825396815,RF_WithoutLag24,20260910T175101Z,2026-08-01 11:00:00+00:00
2026-08-01 23:00:00+00:00,/identity,12,197.0,248.29664285714298,RF_WithoutLag24,20260910T175101Z,2026-08-01 11:00:00+00:00
2026-08-01 13:00:00+00:00,/identity,1,300.0,280.03161111111115,RF_WithoutLag24,20260910T175101Z,2026-08-01 12:00:00+00:00
2026-08-01 18:00:00+00:00,/identity,6,252.0,281.97741071428567,RF_WithoutLag24,20260910T175101Z,2026-08-01 12:00:00+00:00
2026-08-02 00:00:00+00:00,/identity,12,158.0,195.2063333333333,RF_WithoutLag24,20260910T175101Z,2026-08-01 12:00:00+00:00
2026-08-01 14:00:00+00:00,/identity,1,307.0,291.0770892857142,RF_WithoutLag24,20260910T175101Z,2026-08-01 13:00:00+00:00
2026-08-01 19:00:00+00:00,/identity,6,261.0,260.88739880952375,RF_WithoutLag24,20260910T175101Z,2026-08-01 13:00:00+00:00
2026-08-02 01:00:00+00:00,/identity,12,150.0,183.89514285714282,RF_WithoutLag24,20260910T175101Z,2026-08-01 13:00:00+00:00
2026-08-01 15:00:00+00:00,/identity,1,286.0,266.9192857142858,RF_WithoutLag24,20260910T175101Z,2026-08-01 14:00:00+00:00
2026-08-01 20:00:00+00:00,/identity,6,229.0,254.59436309523812,RF_WithoutLag24,20260910T175101Z,2026-08-01 14:00:00+00:00
2026-08-02 02:00:00+00:00,/identity,12,187.0,185.64894047619043,RF_WithoutLag24,20260910T175101Z,2026-08-01 14:00:00+00:00
2026-08-01 16:00:00+00:00,/identity,1,291.0,270.16777777777776,RF_WithoutLag24,20260910T175101Z,2026-08-01 15:00:00+00:00
2026-08-01 21:00:00+00:00,/identity,6,242.0,252.3045059523809,RF_WithoutLag24,20260910T175101Z,2026-08-01 15:00:00+00:00
2026-08-02 03:00:00+00:00,/identity,12,158.0,192.837996031746,RF_WithoutLag24,20260910T175101Z,2026-08-01 15:00:00+00:00
2026-08-01 17:00:00+00:00,/identity,1,308.0,274.1504226190476,RF_WithoutLag24,20260910T175101Z,2026-08-01 16:00:00+00:00
2026-08-01 22:00:00+00:00,/identity,6,188.0,249.60925396825405,RF_WithoutLag24,20260910T175101Z,2026-08-01 16:00:00+00:00
2026-08-02 04:00:00+00:00,/identity,12,181.0,191.96301190476188,RF_WithoutLag24,20260910T175101Z,2026-08-01 16:00:00+00:00
2026-08-01 18:00:00+00:00,/identity,1,252.0,283.19273809523804,RF_WithoutLag24,20260910T175101Z,2026-08-01 17:00:00+00:00
2026-08-01 23:00:00+00:00,/identity,6,197.0,247.4477261904762,RF_WithoutLag24,20260910T175101Z,2026-08-01 17:00:00+00:00
2026-08-02 05:00:00+00:00,/identity,12,169.0,198.465880952381,RF_WithoutLag24,20260910T175101Z,2026-08-01 17:00:00+00:00
2026-08-01 19:00:00+00:00,/identity,1,261.0,260.9981944444443,RF_WithoutLag24,20260910T175101Z,2026-08-01 18:00:00+00:00
2026-08-02 00:00:00+00:00,/identity,6,158.0,195.11532738095232,RF_WithoutLag24,20260910T175101Z,2026-08-01 18:00:00+00:00
2026-08-02 06:00:00+00:00,/identity,12,202.0,214.61037301587305,RF_WithoutLag24,20260910T175101Z,2026-08-01 18:00:00+00:00
2026-08-01 20:00:00+00:00,/identity,1,229.0,261.225873015873,RF_WithoutLag24,20260910T175101Z,2026-08-01 19:00:00+00:00
2026-08-02 01:00:00+00:00,/identity,6,150.0,184.53672619047614,RF_WithoutLag24,20260910T175101Z,2026-08-01 19:00:00+00:00
2026-08-02 07:00:00+00:00,/identity,12,203.0,223.9110595238095,RF_WithoutLag24,20260910T175101Z,2026-08-01 19:00:00+00:00
2026-08-01 21:00:00+00:00,/identity,1,242.0,232.9382142857143,RF_WithoutLag24,20260910T175101Z,2026-08-01 20:00:00+00:00
2026-08-02 02:00:00+00:00,/identity,6,187.0,187.89687698412695,RF_WithoutLag24,20260910T175101Z,2026-08-01 20:00:00+00:00
2026-08-02 08:00:00+00:00,/identity,12,233.0,231.89746428571436,RF_WithoutLag24,20260910T175101Z,2026-08-01 20:00:00+00:00
2026-08-01 22:00:00+00:00,/identity,1,188.0,247.7321904761906,RF_WithoutLag24,20260910T175101Z,2026-08-01 21:00:00+00:00
2026-08-02 03:00:00+00:00,/identity,6,158.0,191.39649603174604,RF_WithoutLag24,20260910T175101Z,2026-08-01 21:00:00+00:00
2026-08-02 09:00:00+00:00,/identity,12,295.0,253.84238888888893,RF_WithoutLag24,20260910T175101Z,2026-08-01 21:00:00+00:00
2026-08-01 23:00:00+00:00,/identity,1,197.0,216.60473809523813,RF_WithoutLag24,20260910T175101Z,2026-08-01 22:00:00+00:00
2026-08-02 04:00:00+00:00,/identity,6,181.0,197.6057857142857,RF_WithoutLag24,20260910T175101Z,2026-08-01 22:00:00+00:00
2026-08-02 10:00:00+00:00,/identity,12,249.0,270.4109523809525,RF_WithoutLag24,20260910T175101Z,2026-08-01 22:00:00+00:00
2026-08-02 00:00:00+00:00,/identity,1,158.0,189.37870436507936,RF_WithoutLag24,20260910T175101Z,2026-08-01 23:00:00+00:00
2026-08-02 05:00:00+00:00,/identity,6,169.0,202.06332142857144,RF_WithoutLag24,20260910T175101Z,2026-08-01 23:00:00+00:00
2026-08-02 11:00:00+00:00,/identity,12,291.0,285.3819285714284,RF_WithoutLag24,20260910T175101Z,2026-08-01 23:00:00+00:00
2026-08-02 01:00:00+00:00,/identity,1,150.0,159.17666666666668,RF_WithoutLag24,20260910T175101Z,2026-08-02 00:00:00+00:00
2026-08-02 06:00:00+00:00,/identity,6,202.0,205.7324107142856,RF_WithoutLag24,20260910T175101Z,2026-08-02 00:00:00+00:00
2026-08-02 12:00:00+00:00,/identity,12,263.0,260.19883333333337,RF_WithoutLag24,20260910T175101Z,2026-08-02 00:00:00+00:00
2026-08-02 02:00:00+00:00,/identity,1,187.0,160.8331111111111,RF_WithoutLag24,20260910T175101Z,2026-08-02 01:00:00+00:00
2026-08-02 07:00:00+00:00,/identity,6,203.0,204.9221408730158,RF_WithoutLag24,20260910T175101Z,2026-08-02 01:00:00+00:00
2026-08-02 13:00:00+00:00,/identity,12,295.0,288.57291666666663,RF_WithoutLag24,20260910T175101Z,2026-08-02 01:00:00+00:00
2026-08-02 03:00:00+00:00,/identity,1,158.0,201.3444404761905,RF_WithoutLag24,20260910T175101Z,2026-08-02 02:00:00+00:00
2026-08-02 08:00:00+00:00,/identity,6,233.0,226.439880952381,RF_WithoutLag24,20260910T175101Z,2026-08-02 02:00:00+00:00
2026-08-02 14:00:00+00:00,/identity,12,287.0,288.22989285714283,RF_WithoutLag24,20260910T175101Z,2026-08-02 02:00:00+00:00
2026-08-02 04:00:00+00:00,/identity,1,181.0,179.81931349206346,RF_WithoutLag24,20260910T175101Z,2026-08-02 03:00:00+00:00
2026-08-02 09:00:00+00:00,/identity,6,295.0,216.09599603174604,RF_WithoutLag24,20260910T175101Z,2026-08-02 03:00:00+00:00
2026-08-02 15:00:00+00:00,/identity,12,347.0,293.9742261904761,RF_WithoutLag24,20260910T175101Z,2026-08-02 03:00:00+00:00
2026-08-02 05:00:00+00:00,/identity,1,169.0,169.77756349206345,RF_WithoutLag24,20260910T175101Z,2026-08-02 04:00:00+00:00
2026-08-02 10:00:00+00:00,/identity,6,249.0,224.6548968253969,RF_WithoutLag24,20260910T175101Z,2026-08-02 04:00:00+00:00
2026-08-02 16:00:00+00:00,/identity,12,278.0,291.48298809523806,RF_WithoutLag24,20260910T175101Z,2026-08-02 04:00:00+00:00
2026-08-02 06:00:00+00:00,/identity,1,202.0,186.24210119047618,RF_WithoutLag24,20260910T175101Z,2026-08-02 05:00:00+00:00
2026-08-02 11:00:00+00:00,/identity,6,291.0,231.78105158730162,RF_WithoutLag24,20260910T175101Z,2026-08-02 05:00:00+00:00
2026-08-02 17:00:00+00:00,/identity,12,273.0,291.2330297619048,RF_WithoutLag24,20260910T175101Z,2026-08-02 05:00:00+00:00
2026-08-02 07:00:00+00:00,/identity,1,203.0,205.20297023809516,RF_WithoutLag24,20260910T175101Z,2026-08-02 06:00:00+00:00
2026-08-02 12:00:00+00:00,/identity,6,263.0,257.7956785714286,RF_WithoutLag24,20260910T175101Z,2026-08-02 06:00:00+00:00
2026-08-02 18:00:00+00:00,/identity,12,292.0,277.38665873015884,RF_WithoutLag24,20260910T175101Z,2026-08-02 06:00:00+00:00
2026-08-02 08:00:00+00:00,/identity,1,233.0,211.03685714285723,RF_WithoutLag24,20260910T175101Z,2026-08-02 07:00:00+00:00
2026-08-02 13:00:00+00:00,/identity,6,295.0,284.45461111111103,RF_WithoutLag24,20260910T175101Z,2026-08-02 07:00:00+00:00
2026-08-02 19:00:00+00:00,/identity,12,229.0,260.86940277777785,RF_WithoutLag24,20260910T175101Z,2026-08-02 07:00:00+00:00
2026-08-02 09:00:00+00:00,/identity,1,295.0,241.3688730158731,RF_WithoutLag24,20260910T175101Z,2026-08-02 08:00:00+00:00
2026-08-02 14:00:00+00:00,/identity,6,287.0,288.1965297619047,RF_WithoutLag24,20260910T175101Z,2026-08-02 08:00:00+00:00
2026-08-02 20:00:00+00:00,/identity,12,242.0,245.36502976190476,RF_WithoutLag24,20260910T175101Z,2026-08-02 08:00:00+00:00
2026-08-02 10:00:00+00:00,/identity,1,249.0,281.1817857142856,RF_WithoutLag24,20260910T175101Z,2026-08-02 09:00:00+00:00
2026-08-02 15:00:00+00:00,/identity,6,347.0,268.82345039682536,RF_WithoutLag24,20260910T175101Z,2026-08-02 09:00:00+00:00
2026-08-02 21:00:00+00:00,/identity,12,241.0,238.85211309523814,RF_WithoutLag24,20260910T175101Z,2026-08-02 09:00:00+00:00
2026-08-02 11:00:00+00:00,/identity,1,291.0,262.8699047619048,RF_WithoutLag24,20260910T175101Z,2026-08-02 10:00:00+00:00
2026-08-02 16:00:00+00:00,/identity,6,278.0,280.00913690476193,RF_WithoutLag24,20260910T175101Z,2026-08-02 10:00:00+00:00
2026-08-02 22:00:00+00:00,/identity,12,194.0,222.6595416666668,RF_WithoutLag24,20260910T175101Z,2026-08-02 10:00:00+00:00
2026-08-02 12:00:00+00:00,/identity,1,263.0,298.85756349206343,RF_WithoutLag24,20260910T175101Z,2026-08-02 11:00:00+00:00
2026-08-02 17:00:00+00:00,/identity,6,273.0,266.40261706349213,RF_WithoutLag24,20260910T175101Z,2026-08-02 11:00:00+00:00
2026-08-02 23:00:00+00:00,/identity,12,170.0,200.19082142857147,RF_WithoutLag24,20260910T175101Z,2026-08-02 11:00:00+00:00
2026-08-02 13:00:00+00:00,/identity,1,295.0,287.44985515873003,RF_WithoutLag24,20260910T175101Z,2026-08-02 12:00:00+00:00
2026-08-02 18:00:00+00:00,/identity,6,292.0,263.27642261904765,RF_WithoutLag24,20260910T175101Z,2026-08-02 12:00:00+00:00
2026-08-03 00:00:00+00:00,/identity,12,250.0,209.3704464285713,RF_WithoutLag24,20260910T175101Z,2026-08-02 12:00:00+00:00
2026-08-02 14:00:00+00:00,/identity,1,287.0,289.64133928571425,RF_WithoutLag24,20260910T175101Z,2026-08-02 13:00:00+00:00
2026-08-02 19:00:00+00:00,/identity,6,229.0,259.0010892857143,RF_WithoutLag24,20260910T175101Z,2026-08-02 13:00:00+00:00
2026-08-03 01:00:00+00:00,/identity,12,230.0,216.50969642857135,RF_WithoutLag24,20260910T175101Z,2026-08-02 13:00:00+00:00
2026-08-02 15:00:00+00:00,/identity,1,347.0,264.6865,RF_WithoutLag24,20260910T175101Z,2026-08-02 14:00:00+00:00
2026-08-02 20:00:00+00:00,/identity,6,242.0,247.5451130952381,RF_WithoutLag24,20260910T175101Z,2026-08-02 14:00:00+00:00
2026-08-03 02:00:00+00:00,/identity,12,213.0,221.3378214285713,RF_WithoutLag24,20260910T175101Z,2026-08-02 14:00:00+00:00
2026-08-02 16:00:00+00:00,/identity,1,278.0,363.2675674603174,RF_WithoutLag24,20260910T175101Z,2026-08-02 15:00:00+00:00
2026-08-02 21:00:00+00:00,/identity,6,241.0,284.63766666666686,RF_WithoutLag24,20260910T175101Z,2026-08-02 15:00:00+00:00
2026-08-03 03:00:00+00:00,/identity,12,204.0,206.43833730158715,RF_WithoutLag24,20260910T175101Z,2026-08-02 15:00:00+00:00
2026-08-02 17:00:00+00:00,/identity,1,273.0,266.71828373015876,RF_WithoutLag24,20260910T175101Z,2026-08-02 16:00:00+00:00
2026-08-02 22:00:00+00:00,/identity,6,194.0,239.03667261904772,RF_WithoutLag24,20260910T175101Z,2026-08-02 16:00:00+00:00
2026-08-03 04:00:00+00:00,/identity,12,239.0,225.77649999999983,RF_WithoutLag24,20260910T175101Z,2026-08-02 16:00:00+00:00
2026-08-02 18:00:00+00:00,/identity,1,292.0,272.9095416666667,RF_WithoutLag24,20260910T175101Z,2026-08-02 17:00:00+00:00
2026-08-02 23:00:00+00:00,/identity,6,170.0,239.0633511904763,RF_WithoutLag24,20260910T175101Z,2026-08-02 17:00:00+00:00
2026-08-03 05:00:00+00:00,/identity,12,313.0,247.58389285714293,RF_WithoutLag24,20260910T175101Z,2026-08-02 17:00:00+00:00
2026-08-02 19:00:00+00:00,/identity,1,229.0,262.47058928571425,RF_WithoutLag24,20260910T175101Z,2026-08-02 18:00:00+00:00
2026-08-03 00:00:00+00:00,/identity,6,250.0,207.30170833333318,RF_WithoutLag24,20260910T175101Z,2026-08-02 18:00:00+00:00
2026-08-03 06:00:00+00:00,/identity,12,263.0,282.16413888888894,RF_WithoutLag24,20260910T175101Z,2026-08-02 18:00:00+00:00
2026-08-02 20:00:00+00:00,/identity,1,242.0,220.6499464285714,RF_WithoutLag24,20260910T175101Z,2026-08-02 19:00:00+00:00
2026-08-03 01:00:00+00:00,/identity,6,230.0,222.81174999999993,RF_WithoutLag24,20260910T175101Z,2026-08-02 19:00:00+00:00
2026-08-03 07:00:00+00:00,/identity,12,273.0,287.90326190476185,RF_WithoutLag24,20260910T175101Z,2026-08-02 19:00:00+00:00
2026-08-02 21:00:00+00:00,/identity,1,241.0,244.6448154761905,RF_WithoutLag24,20260910T175101Z,2026-08-02 20:00:00+00:00
2026-08-03 02:00:00+00:00,/identity,6,213.0,213.2686349206349,RF_WithoutLag24,20260910T175101Z,2026-08-02 20:00:00+00:00
2026-08-03 08:00:00+00:00,/identity,12,298.0,300.5045317460317,RF_WithoutLag24,20260910T175101Z,2026-08-02 20:00:00+00:00
2026-08-02 22:00:00+00:00,/identity,1,194.0,239.43539880952386,RF_WithoutLag24,20260910T175101Z,2026-08-02 21:00:00+00:00
2026-08-03 03:00:00+00:00,/identity,6,204.0,222.07860119047612,RF_WithoutLag24,20260910T175101Z,2026-08-02 21:00:00+00:00
2026-08-03 09:00:00+00:00,/identity,12,381.0,321.4987976190476,RF_WithoutLag24,20260910T175101Z,2026-08-02 21:00:00+00:00
2026-08-02 23:00:00+00:00,/identity,1,170.0,204.51394047619047,RF_WithoutLag24,20260910T175101Z,2026-08-02 22:00:00+00:00
2026-08-03 04:00:00+00:00,/identity,6,239.0,224.0562738095237,RF_WithoutLag24,20260910T175101Z,2026-08-02 22:00:00+00:00
2026-08-03 10:00:00+00:00,/identity,12,355.0,352.50057738095234,RF_WithoutLag24,20260910T175101Z,2026-08-02 22:00:00+00:00
2026-08-03 00:00:00+00:00,/identity,1,250.0,193.56985714285707,RF_WithoutLag24,20260910T175101Z,2026-08-02 23:00:00+00:00
2026-08-03 05:00:00+00:00,/identity,6,313.0,239.65007142857147,RF_WithoutLag24,20260910T175101Z,2026-08-02 23:00:00+00:00
2026-08-03 11:00:00+00:00,/identity,12,377.0,365.1896607142855,RF_WithoutLag24,20260910T175101Z,2026-08-02 23:00:00+00:00
2026-08-03 01:00:00+00:00,/identity,1,230.0,223.336386904762,RF_WithoutLag24,20260910T175101Z,2026-08-03 00:00:00+00:00
2026-08-03 06:00:00+00:00,/identity,6,263.0,271.6801190476191,RF_WithoutLag24,20260910T175101Z,2026-08-03 00:00:00+00:00
2026-08-03 12:00:00+00:00,/identity,12,343.0,397.75933333333325,RF_WithoutLag24,20260910T175101Z,2026-08-03 00:00:00+00:00
2026-08-03 02:00:00+00:00,/identity,1,213.0,219.83811507936505,RF_WithoutLag24,20260910T175101Z,2026-08-03 01:00:00+00:00
2026-08-03 07:00:00+00:00,/identity,6,273.0,290.20553571428565,RF_WithoutLag24,20260910T175101Z,2026-08-03 01:00:00+00:00
2026-08-03 13:00:00+00:00,/identity,12,398.0,409.65614285714287,RF_WithoutLag24,20260910T175101Z,2026-08-03 01:00:00+00:00
2026-08-03 03:00:00+00:00,/identity,1,204.0,220.95235119047615,RF_WithoutLag24,20260910T175101Z,2026-08-03 02:00:00+00:00
2026-08-03 08:00:00+00:00,/identity,6,298.0,298.5030674603174,RF_WithoutLag24,20260910T175101Z,2026-08-03 02:00:00+00:00
2026-08-03 14:00:00+00:00,/identity,12,357.0,416.6011369047618,RF_WithoutLag24,20260910T175101Z,2026-08-03 02:00:00+00:00
2026-08-03 04:00:00+00:00,/identity,1,239.0,223.29530357142846,RF_WithoutLag24,20260910T175101Z,2026-08-03 03:00:00+00:00
2026-08-03 09:00:00+00:00,/identity,6,381.0,319.72537301587295,RF_WithoutLag24,20260910T175101Z,2026-08-03 03:00:00+00:00
2026-08-03 15:00:00+00:00,/identity,12,390.0,395.87477380952384,RF_WithoutLag24,20260910T175101Z,2026-08-03 03:00:00+00:00
2026-08-03 05:00:00+00:00,/identity,1,313.0,248.44936904761914,RF_WithoutLag24,20260910T175101Z,2026-08-03 04:00:00+00:00
2026-08-03 10:00:00+00:00,/identity,6,355.0,349.4497678571428,RF_WithoutLag24,20260910T175101Z,2026-08-03 04:00:00+00:00
2026-08-03 16:00:00+00:00,/identity,12,435.0,390.7924007936508,RF_WithoutLag24,20260910T175101Z,2026-08-03 04:00:00+00:00
2026-08-03 06:00:00+00:00,/identity,1,263.0,293.6184166666666,RF_WithoutLag24,20260910T175101Z,2026-08-03 05:00:00+00:00
2026-08-03 11:00:00+00:00,/identity,6,377.0,399.9138869047618,RF_WithoutLag24,20260910T175101Z,2026-08-03 05:00:00+00:00
2026-08-03 17:00:00+00:00,/identity,12,352.0,375.49010119047614,RF_WithoutLag24,20260910T175101Z,2026-08-03 05:00:00+00:00
2026-08-03 07:00:00+00:00,/identity,1,273.0,291.55608333333333,RF_WithoutLag24,20260910T175101Z,2026-08-03 06:00:00+00:00
2026-08-03 12:00:00+00:00,/identity,6,343.0,405.98776785714284,RF_WithoutLag24,20260910T175101Z,2026-08-03 06:00:00+00:00
2026-08-03 18:00:00+00:00,/identity,12,382.0,373.37845833333324,RF_WithoutLag24,20260910T175101Z,2026-08-03 06:00:00+00:00
2026-08-03 08:00:00+00:00,/identity,1,298.0,316.12069642857136,RF_WithoutLag24,20260910T175101Z,2026-08-03 07:00:00+00:00
2026-08-03 13:00:00+00:00,/identity,6,398.0,414.31299999999993,RF_WithoutLag24,20260910T175101Z,2026-08-03 07:00:00+00:00
2026-08-03 19:00:00+00:00,/identity,12,353.0,324.0602527056277,RF_WithoutLag24,20260910T175101Z,2026-08-03 07:00:00+00:00
2026-08-03 09:00:00+00:00,/identity,1,381.0,321.13786111111114,RF_WithoutLag24,20260910T175101Z,2026-08-03 08:00:00+00:00
2026-08-03 14:00:00+00:00,/identity,6,357.0,416.7235535714285,RF_WithoutLag24,20260910T175101Z,2026-08-03 08:00:00+00:00
2026-08-03 20:00:00+00:00,/identity,12,277.0,313.8345800865801,RF_WithoutLag24,20260910T175101Z,2026-08-03 08:00:00+00:00
2026-08-03 10:00:00+00:00,/identity,1,355.0,361.5679940476191,RF_WithoutLag24,20260910T175101Z,2026-08-03 09:00:00+00:00
2026-08-03 15:00:00+00:00,/identity,6,390.0,386.11403571428576,RF_WithoutLag24,20260910T175101Z,2026-08-03 09:00:00+00:00
2026-08-03 21:00:00+00:00,/identity,12,272.0,291.7904523809525,RF_WithoutLag24,20260910T175101Z,2026-08-03 09:00:00+00:00
2026-08-03 11:00:00+00:00,/identity,1,377.0,379.0128273809523,RF_WithoutLag24,20260910T175101Z,2026-08-03 10:00:00+00:00
2026-08-03 16:00:00+00:00,/identity,6,435.0,389.28607936507944,RF_WithoutLag24,20260910T175101Z,2026-08-03 10:00:00+00:00
2026-08-03 22:00:00+00:00,/identity,12,269.0,287.45384523809525,RF_WithoutLag24,20260910T175101Z,2026-08-03 10:00:00+00:00
2026-08-03 12:00:00+00:00,/identity,1,343.0,419.45977380952377,RF_WithoutLag24,20260910T175101Z,2026-08-03 11:00:00+00:00
2026-08-03 17:00:00+00:00,/identity,6,352.0,378.1698591269841,RF_WithoutLag24,20260910T175101Z,2026-08-03 11:00:00+00:00
2026-08-03 23:00:00+00:00,/identity,12,285.0,274.80525595238083,RF_WithoutLag24,20260910T175101Z,2026-08-03 11:00:00+00:00
2026-08-03 13:00:00+00:00,/identity,1,398.0,389.6106607142855,RF_WithoutLag24,20260910T175101Z,2026-08-03 12:00:00+00:00
2026-08-03 18:00:00+00:00,/identity,6,382.0,389.60208333333327,RF_WithoutLag24,20260910T175101Z,2026-08-03 12:00:00+00:00
2026-08-04 00:00:00+00:00,/identity,12,223.0,234.71342261904755,RF_WithoutLag24,20260910T175101Z,2026-08-03 12:00:00+00:00
2026-08-03 14:00:00+00:00,/identity,1,357.0,416.90988095238083,RF_WithoutLag24,20260910T175101Z,2026-08-03 13:00:00+00:00
2026-08-03 19:00:00+00:00,/identity,6,353.0,323.8505714285714,RF_WithoutLag24,20260910T175101Z,2026-08-03 13:00:00+00:00
2026-08-04 01:00:00+00:00,/identity,12,263.0,213.1525119047618,RF_WithoutLag24,20260910T175101Z,2026-08-03 13:00:00+00:00
2026-08-03 15:00:00+00:00,/identity,1,390.0,378.2647559523807,RF_WithoutLag24,20260910T175101Z,2026-08-03 14:00:00+00:00
2026-08-03 20:00:00+00:00,/identity,6,277.0,315.60444047619046,RF_WithoutLag24,20260910T175101Z,2026-08-03 14:00:00+00:00
2026-08-04 02:00:00+00:00,/identity,12,248.0,215.8774107142856,RF_WithoutLag24,20260910T175101Z,2026-08-03 14:00:00+00:00
2026-08-03 16:00:00+00:00,/identity,1,435.0,404.6509821428571,RF_WithoutLag24,20260910T175101Z,2026-08-03 15:00:00+00:00
2026-08-03 21:00:00+00:00,/identity,6,272.0,302.70288095238107,RF_WithoutLag24,20260910T175101Z,2026-08-03 15:00:00+00:00
2026-08-04 03:00:00+00:00,/identity,12,188.0,219.30935714285707,RF_WithoutLag24,20260910T175101Z,2026-08-03 15:00:00+00:00
2026-08-03 17:00:00+00:00,/identity,1,352.0,381.5495773809523,RF_WithoutLag24,20260910T175101Z,2026-08-03 16:00:00+00:00
2026-08-03 22:00:00+00:00,/identity,6,269.0,292.5895595238095,RF_WithoutLag24,20260910T175101Z,2026-08-03 16:00:00+00:00
2026-08-04 04:00:00+00:00,/identity,12,210.0,212.57888095238093,RF_WithoutLag24,20260910T175101Z,2026-08-03 16:00:00+00:00
2026-08-03 18:00:00+00:00,/identity,1,382.0,366.1263730158729,RF_WithoutLag24,20260910T175101Z,2026-08-03 17:00:00+00:00
2026-08-03 23:00:00+00:00,/identity,6,285.0,274.6152321428571,RF_WithoutLag24,20260910T175101Z,2026-08-03 17:00:00+00:00
2026-08-04 05:00:00+00:00,/identity,12,295.0,244.4801964285715,RF_WithoutLag24,20260910T175101Z,2026-08-03 17:00:00+00:00
2026-08-01 12:00:00+00:00,/inventory,1,384.0,365.26925000000006,RF_WithoutLag24,20260910T175101Z,2026-08-01 11:00:00+00:00
2026-08-01 17:00:00+00:00,/inventory,6,358.0,337.15000396825394,RF_WithoutLag24,20260910T175101Z,2026-08-01 11:00:00+00:00
2026-08-01 23:00:00+00:00,/inventory,12,182.0,282.4488571428572,RF_WithoutLag24,20260910T175101Z,2026-08-01 11:00:00+00:00
2026-08-01 13:00:00+00:00,/inventory,1,367.0,417.9118690476189,RF_WithoutLag24,20260910T175101Z,2026-08-01 12:00:00+00:00
2026-08-01 18:00:00+00:00,/inventory,6,317.0,404.67049404761894,RF_WithoutLag24,20260910T175101Z,2026-08-01 12:00:00+00:00
2026-08-02 00:00:00+00:00,/inventory,12,239.0,266.5911884920634,RF_WithoutLag24,20260910T175101Z,2026-08-01 12:00:00+00:00
2026-08-01 14:00:00+00:00,/inventory,1,383.0,364.92453373015894,RF_WithoutLag24,20260910T175101Z,2026-08-01 13:00:00+00:00
2026-08-01 19:00:00+00:00,/inventory,6,287.0,318.4085714285715,RF_WithoutLag24,20260910T175101Z,2026-08-01 13:00:00+00:00
2026-08-02 01:00:00+00:00,/inventory,12,231.0,218.99267045454548,RF_WithoutLag24,20260910T175101Z,2026-08-01 13:00:00+00:00
2026-08-01 15:00:00+00:00,/inventory,1,381.0,414.9936190476191,RF_WithoutLag24,20260910T175101Z,2026-08-01 14:00:00+00:00
2026-08-01 20:00:00+00:00,/inventory,6,318.0,329.60877777777773,RF_WithoutLag24,20260910T175101Z,2026-08-01 14:00:00+00:00
2026-08-02 02:00:00+00:00,/inventory,12,195.0,204.01581926406925,RF_WithoutLag24,20260910T175101Z,2026-08-01 14:00:00+00:00
2026-08-01 16:00:00+00:00,/inventory,1,335.0,402.47659523809523,RF_WithoutLag24,20260910T175101Z,2026-08-01 15:00:00+00:00
2026-08-01 21:00:00+00:00,/inventory,6,267.0,318.09717063492064,RF_WithoutLag24,20260910T175101Z,2026-08-01 15:00:00+00:00
2026-08-02 03:00:00+00:00,/inventory,12,224.0,195.95243831168827,RF_WithoutLag24,20260910T175101Z,2026-08-01 15:00:00+00:00
2026-08-01 17:00:00+00:00,/inventory,1,358.0,339.0216825396825,RF_WithoutLag24,20260910T175101Z,2026-08-01 16:00:00+00:00
2026-08-01 22:00:00+00:00,/inventory,6,238.0,288.9003511904763,RF_WithoutLag24,20260910T175101Z,2026-08-01 16:00:00+00:00
2026-08-02 04:00:00+00:00,/inventory,12,180.0,217.81707142857135,RF_WithoutLag24,20260910T175101Z,2026-08-01 16:00:00+00:00
2026-08-01 18:00:00+00:00,/inventory,1,317.0,320.90289285714283,RF_WithoutLag24,20260910T175101Z,2026-08-01 17:00:00+00:00
2026-08-01 23:00:00+00:00,/inventory,6,182.0,279.28518452380956,RF_WithoutLag24,20260910T175101Z,2026-08-01 17:00:00+00:00
2026-08-02 05:00:00+00:00,/inventory,12,213.0,241.49501984126982,RF_WithoutLag24,20260910T175101Z,2026-08-01 17:00:00+00:00
2026-08-01 19:00:00+00:00,/inventory,1,287.0,318.2406904761905,RF_WithoutLag24,20260910T175101Z,2026-08-01 18:00:00+00:00
2026-08-02 00:00:00+00:00,/inventory,6,239.0,282.7713490259741,RF_WithoutLag24,20260910T175101Z,2026-08-01 18:00:00+00:00
2026-08-02 06:00:00+00:00,/inventory,12,312.0,255.6384166666666,RF_WithoutLag24,20260910T175101Z,2026-08-01 18:00:00+00:00
2026-08-01 20:00:00+00:00,/inventory,1,318.0,307.16066071428577,RF_WithoutLag24,20260910T175101Z,2026-08-01 19:00:00+00:00
2026-08-02 01:00:00+00:00,/inventory,6,231.0,267.2921228354979,RF_WithoutLag24,20260910T175101Z,2026-08-01 19:00:00+00:00
2026-08-02 07:00:00+00:00,/inventory,12,285.0,266.57199999999995,RF_WithoutLag24,20260910T175101Z,2026-08-01 19:00:00+00:00
2026-08-01 21:00:00+00:00,/inventory,1,267.0,294.80652380952387,RF_WithoutLag24,20260910T175101Z,2026-08-01 20:00:00+00:00
2026-08-02 02:00:00+00:00,/inventory,6,195.0,214.1726764069264,RF_WithoutLag24,20260910T175101Z,2026-08-01 20:00:00+00:00
2026-08-02 08:00:00+00:00,/inventory,12,283.0,313.84370833333327,RF_WithoutLag24,20260910T175101Z,2026-08-01 20:00:00+00:00
2026-08-01 22:00:00+00:00,/inventory,1,238.0,264.12811904761907,RF_WithoutLag24,20260910T175101Z,2026-08-01 21:00:00+00:00
2026-08-02 03:00:00+00:00,/inventory,6,224.0,222.05658116883114,RF_WithoutLag24,20260910T175101Z,2026-08-01 21:00:00+00:00
2026-08-02 09:00:00+00:00,/inventory,12,344.0,337.48692063492075,RF_WithoutLag24,20260910T175101Z,2026-08-01 21:00:00+00:00
2026-08-01 23:00:00+00:00,/inventory,1,182.0,260.20525,RF_WithoutLag24,20260910T175101Z,2026-08-01 22:00:00+00:00
2026-08-02 04:00:00+00:00,/inventory,6,180.0,236.39472619047618,RF_WithoutLag24,20260910T175101Z,2026-08-01 22:00:00+00:00
2026-08-02 10:00:00+00:00,/inventory,12,335.0,360.05011706349205,RF_WithoutLag24,20260910T175101Z,2026-08-01 22:00:00+00:00
2026-08-02 00:00:00+00:00,/inventory,1,239.0,198.88279942279937,RF_WithoutLag24,20260910T175101Z,2026-08-01 23:00:00+00:00
2026-08-02 05:00:00+00:00,/inventory,6,213.0,263.2497222222222,RF_WithoutLag24,20260910T175101Z,2026-08-01 23:00:00+00:00
2026-08-02 11:00:00+00:00,/inventory,12,381.0,356.0042103174603,RF_WithoutLag24,20260910T175101Z,2026-08-01 23:00:00+00:00
2026-08-02 01:00:00+00:00,/inventory,1,231.0,229.71370021645015,RF_WithoutLag24,20260910T175101Z,2026-08-02 00:00:00+00:00
2026-08-02 06:00:00+00:00,/inventory,6,312.0,279.69373809523825,RF_WithoutLag24,20260910T175101Z,2026-08-02 00:00:00+00:00
2026-08-02 12:00:00+00:00,/inventory,12,349.0,362.3823690476191,RF_WithoutLag24,20260910T175101Z,2026-08-02 00:00:00+00:00
2026-08-02 02:00:00+00:00,/inventory,1,195.0,217.91329545454545,RF_WithoutLag24,20260910T175101Z,2026-08-02 01:00:00+00:00
2026-08-02 07:00:00+00:00,/inventory,6,285.0,316.34229166666665,RF_WithoutLag24,20260910T175101Z,2026-08-02 01:00:00+00:00
2026-08-02 13:00:00+00:00,/inventory,12,402.0,351.2944484126985,RF_WithoutLag24,20260910T175101Z,2026-08-02 01:00:00+00:00
2026-08-02 03:00:00+00:00,/inventory,1,224.0,208.78778354978348,RF_WithoutLag24,20260910T175101Z,2026-08-02 02:00:00+00:00
2026-08-02 08:00:00+00:00,/inventory,6,283.0,335.5425932539684,RF_WithoutLag24,20260910T175101Z,2026-08-02 02:00:00+00:00
2026-08-02 14:00:00+00:00,/inventory,12,399.0,353.3540257936508,RF_WithoutLag24,20260910T175101Z,2026-08-02 02:00:00+00:00
2026-08-02 04:00:00+00:00,/inventory,1,180.0,240.1150595238095,RF_WithoutLag24,20260910T175101Z,2026-08-02 03:00:00+00:00
2026-08-02 09:00:00+00:00,/inventory,6,344.0,341.6838373015873,RF_WithoutLag24,20260910T175101Z,2026-08-02 03:00:00+00:00
2026-08-02 15:00:00+00:00,/inventory,12,308.0,354.6313115079366,RF_WithoutLag24,20260910T175101Z,2026-08-02 03:00:00+00:00
2026-08-02 05:00:00+00:00,/inventory,1,213.0,238.03745238095243,RF_WithoutLag24,20260910T175101Z,2026-08-02 04:00:00+00:00
2026-08-02 10:00:00+00:00,/inventory,6,335.0,344.909873015873,RF_WithoutLag24,20260910T175101Z,2026-08-02 04:00:00+00:00
2026-08-02 16:00:00+00:00,/inventory,12,350.0,367.1908591269842,RF_WithoutLag24,20260910T175101Z,2026-08-02 04:00:00+00:00
2026-08-02 06:00:00+00:00,/inventory,1,312.0,259.2415833333334,RF_WithoutLag24,20260910T175101Z,2026-08-02 05:00:00+00:00
2026-08-02 11:00:00+00:00,/inventory,6,381.0,366.9141726190476,RF_WithoutLag24,20260910T175101Z,2026-08-02 05:00:00+00:00
2026-08-02 17:00:00+00:00,/inventory,12,414.0,339.93723809523823,RF_WithoutLag24,20260910T175101Z,2026-08-02 05:00:00+00:00
2026-08-02 07:00:00+00:00,/inventory,1,285.0,334.9493988095239,RF_WithoutLag24,20260910T175101Z,2026-08-02 06:00:00+00:00
2026-08-02 12:00:00+00:00,/inventory,6,349.0,351.4638234126985,RF_WithoutLag24,20260910T175101Z,2026-08-02 06:00:00+00:00
2026-08-02 18:00:00+00:00,/inventory,12,310.0,330.9532023809524,RF_WithoutLag24,20260910T175101Z,2026-08-02 06:00:00+00:00
2026-08-02 08:00:00+00:00,/inventory,1,283.0,335.6689563492063,RF_WithoutLag24,20260910T175101Z,2026-08-02 07:00:00+00:00
2026-08-02 13:00:00+00:00,/inventory,6,402.0,358.7671686507937,RF_WithoutLag24,20260910T175101Z,2026-08-02 07:00:00+00:00
2026-08-02 19:00:00+00:00,/inventory,12,290.0,319.98301190476195,RF_WithoutLag24,20260910T175101Z,2026-08-02 07:00:00+00:00
2026-08-02 09:00:00+00:00,/inventory,1,344.0,329.10870833333325,RF_WithoutLag24,20260910T175101Z,2026-08-02 08:00:00+00:00
2026-08-02 14:00:00+00:00,/inventory,6,399.0,366.26332936507947,RF_WithoutLag24,20260910T175101Z,2026-08-02 08:00:00+00:00
2026-08-02 20:00:00+00:00,/inventory,12,209.0,315.3763928571429,RF_WithoutLag24,20260910T175101Z,2026-08-02 08:00:00+00:00
2026-08-02 10:00:00+00:00,/inventory,1,335.0,347.60053968253965,RF_WithoutLag24,20260910T175101Z,2026-08-02 09:00:00+00:00
2026-08-02 15:00:00+00:00,/inventory,6,308.0,363.47985912698425,RF_WithoutLag24,20260910T175101Z,2026-08-02 09:00:00+00:00
2026-08-02 21:00:00+00:00,/inventory,12,310.0,313.5502261904763,RF_WithoutLag24,20260910T175101Z,2026-08-02 09:00:00+00:00
2026-08-02 11:00:00+00:00,/inventory,1,381.0,360.06200595238096,RF_WithoutLag24,20260910T175101Z,2026-08-02 10:00:00+00:00
2026-08-02 16:00:00+00:00,/inventory,6,350.0,359.2860376984127,RF_WithoutLag24,20260910T175101Z,2026-08-02 10:00:00+00:00
2026-08-02 22:00:00+00:00,/inventory,12,237.0,299.9338273809525,RF_WithoutLag24,20260910T175101Z,2026-08-02 10:00:00+00:00
2026-08-02 12:00:00+00:00,/inventory,1,349.0,410.1316309523811,RF_WithoutLag24,20260910T175101Z,2026-08-02 11:00:00+00:00
2026-08-02 17:00:00+00:00,/inventory,6,414.0,396.9280178571428,RF_WithoutLag24,20260910T175101Z,2026-08-02 11:00:00+00:00
2026-08-02 23:00:00+00:00,/inventory,12,254.0,290.83014285714296,RF_WithoutLag24,20260910T175101Z,2026-08-02 11:00:00+00:00
2026-08-02 13:00:00+00:00,/inventory,1,402.0,363.94570436507934,RF_WithoutLag24,20260910T175101Z,2026-08-02 12:00:00+00:00
2026-08-02 18:00:00+00:00,/inventory,6,310.0,337.64017460317467,RF_WithoutLag24,20260910T175101Z,2026-08-02 12:00:00+00:00
2026-08-03 00:00:00+00:00,/inventory,12,288.0,307.7184940476191,RF_WithoutLag24,20260910T175101Z,2026-08-02 12:00:00+00:00
2026-08-02 14:00:00+00:00,/inventory,1,399.0,412.36908928571415,RF_WithoutLag24,20260910T175101Z,2026-08-02 13:00:00+00:00
2026-08-02 19:00:00+00:00,/inventory,6,290.0,325.55799999999994,RF_WithoutLag24,20260910T175101Z,2026-08-02 13:00:00+00:00
2026-08-03 01:00:00+00:00,/inventory,12,262.0,287.0936428571428,RF_WithoutLag24,20260910T175101Z,2026-08-02 13:00:00+00:00
2026-08-02 15:00:00+00:00,/inventory,1,308.0,388.40957539682546,RF_WithoutLag24,20260910T175101Z,2026-08-02 14:00:00+00:00
2026-08-02 20:00:00+00:00,/inventory,6,209.0,320.254507936508,RF_WithoutLag24,20260910T175101Z,2026-08-02 14:00:00+00:00
2026-08-03 02:00:00+00:00,/inventory,12,283.0,317.75478571428584,RF_WithoutLag24,20260910T175101Z,2026-08-02 14:00:00+00:00
2026-08-02 16:00:00+00:00,/inventory,1,350.0,361.06838293650804,RF_WithoutLag24,20260910T175101Z,2026-08-02 15:00:00+00:00
2026-08-02 21:00:00+00:00,/inventory,6,310.0,322.74559523809535,RF_WithoutLag24,20260910T175101Z,2026-08-02 15:00:00+00:00
2026-08-03 03:00:00+00:00,/inventory,12,379.0,310.53751190476197,RF_WithoutLag24,20260910T175101Z,2026-08-02 15:00:00+00:00
2026-08-02 17:00:00+00:00,/inventory,1,414.0,336.3295476190476,RF_WithoutLag24,20260910T175101Z,2026-08-02 16:00:00+00:00
2026-08-02 22:00:00+00:00,/inventory,6,237.0,295.9062321428573,RF_WithoutLag24,20260910T175101Z,2026-08-02 16:00:00+00:00
2026-08-03 04:00:00+00:00,/inventory,12,259.0,331.69539880952385,RF_WithoutLag24,20260910T175101Z,2026-08-02 16:00:00+00:00
2026-08-02 18:00:00+00:00,/inventory,1,310.0,376.5758531746031,RF_WithoutLag24,20260910T175101Z,2026-08-02 17:00:00+00:00
2026-08-02 23:00:00+00:00,/inventory,6,254.0,286.21111904761915,RF_WithoutLag24,20260910T175101Z,2026-08-02 17:00:00+00:00
2026-08-03 05:00:00+00:00,/inventory,12,311.0,343.2822321428571,RF_WithoutLag24,20260910T175101Z,2026-08-02 17:00:00+00:00
2026-08-02 19:00:00+00:00,/inventory,1,290.0,323.5658690476191,RF_WithoutLag24,20260910T175101Z,2026-08-02 18:00:00+00:00
2026-08-03 00:00:00+00:00,/inventory,6,288.0,293.8895357142857,RF_WithoutLag24,20260910T175101Z,2026-08-02 18:00:00+00:00
2026-08-03 06:00:00+00:00,/inventory,12,319.0,344.13138095238094,RF_WithoutLag24,20260910T175101Z,2026-08-02 18:00:00+00:00
2026-08-02 20:00:00+00:00,/inventory,1,209.0,315.52376190476195,RF_WithoutLag24,20260910T175101Z,2026-08-02 19:00:00+00:00
2026-08-03 01:00:00+00:00,/inventory,6,262.0,298.76648214285717,RF_WithoutLag24,20260910T175101Z,2026-08-02 19:00:00+00:00
2026-08-03 07:00:00+00:00,/inventory,12,339.0,364.6151488095239,RF_WithoutLag24,20260910T175101Z,2026-08-02 19:00:00+00:00
2026-08-02 21:00:00+00:00,/inventory,1,310.0,255.49436904761896,RF_WithoutLag24,20260910T175101Z,2026-08-02 20:00:00+00:00
2026-08-03 02:00:00+00:00,/inventory,6,283.0,305.3201071428572,RF_WithoutLag24,20260910T175101Z,2026-08-02 20:00:00+00:00
2026-08-03 08:00:00+00:00,/inventory,12,384.0,394.9868452380953,RF_WithoutLag24,20260910T175101Z,2026-08-02 20:00:00+00:00
2026-08-02 22:00:00+00:00,/inventory,1,237.0,286.90029761904765,RF_WithoutLag24,20260910T175101Z,2026-08-02 21:00:00+00:00
2026-08-03 03:00:00+00:00,/inventory,6,379.0,316.48025595238107,RF_WithoutLag24,20260910T175101Z,2026-08-02 21:00:00+00:00
2026-08-03 09:00:00+00:00,/inventory,12,451.0,415.11645238095224,RF_WithoutLag24,20260910T175101Z,2026-08-02 21:00:00+00:00
2026-08-02 23:00:00+00:00,/inventory,1,254.0,260.7862202380952,RF_WithoutLag24,20260910T175101Z,2026-08-02 22:00:00+00:00
2026-08-03 04:00:00+00:00,/inventory,6,259.0,344.8270892857144,RF_WithoutLag24,20260910T175101Z,2026-08-02 22:00:00+00:00
2026-08-03 10:00:00+00:00,/inventory,12,469.0,428.94552777777767,RF_WithoutLag24,20260910T175101Z,2026-08-02 22:00:00+00:00
2026-08-03 00:00:00+00:00,/inventory,1,288.0,296.125363095238,RF_WithoutLag24,20260910T175101Z,2026-08-02 23:00:00+00:00
2026-08-03 05:00:00+00:00,/inventory,6,311.0,346.00913690476204,RF_WithoutLag24,20260910T175101Z,2026-08-02 23:00:00+00:00
2026-08-03 11:00:00+00:00,/inventory,12,468.0,438.5008690476189,RF_WithoutLag24,20260910T175101Z,2026-08-02 23:00:00+00:00
2026-08-03 01:00:00+00:00,/inventory,1,262.0,309.9222976190477,RF_WithoutLag24,20260910T175101Z,2026-08-03 00:00:00+00:00
2026-08-03 06:00:00+00:00,/inventory,6,319.0,347.5975595238095,RF_WithoutLag24,20260910T175101Z,2026-08-03 00:00:00+00:00
2026-08-03 12:00:00+00:00,/inventory,12,489.0,443.69419047619033,RF_WithoutLag24,20260910T175101Z,2026-08-03 00:00:00+00:00
2026-08-03 02:00:00+00:00,/inventory,1,283.0,322.1356845238095,RF_WithoutLag24,20260910T175101Z,2026-08-03 01:00:00+00:00
2026-08-03 07:00:00+00:00,/inventory,6,339.0,366.4157857142858,RF_WithoutLag24,20260910T175101Z,2026-08-03 01:00:00+00:00
2026-08-03 13:00:00+00:00,/inventory,12,587.0,485.99510714285714,RF_WithoutLag24,20260910T175101Z,2026-08-03 01:00:00+00:00
2026-08-03 03:00:00+00:00,/inventory,1,379.0,331.76532738095244,RF_WithoutLag24,20260910T175101Z,2026-08-03 02:00:00+00:00
2026-08-03 08:00:00+00:00,/inventory,6,384.0,381.3572857142858,RF_WithoutLag24,20260910T175101Z,2026-08-03 02:00:00+00:00
2026-08-03 14:00:00+00:00,/inventory,12,480.0,468.37812499999995,RF_WithoutLag24,20260910T175101Z,2026-08-03 02:00:00+00:00
2026-08-03 04:00:00+00:00,/inventory,1,259.0,345.2744761904763,RF_WithoutLag24,20260910T175101Z,2026-08-03 03:00:00+00:00
2026-08-03 09:00:00+00:00,/inventory,6,451.0,399.74095436507923,RF_WithoutLag24,20260910T175101Z,2026-08-03 03:00:00+00:00
2026-08-03 15:00:00+00:00,/inventory,12,481.0,509.99983333333347,RF_WithoutLag24,20260910T175101Z,2026-08-03 03:00:00+00:00
2026-08-03 05:00:00+00:00,/inventory,1,311.0,313.30996230158735,RF_WithoutLag24,20260910T175101Z,2026-08-03 04:00:00+00:00
2026-08-03 10:00:00+00:00,/inventory,6,469.0,427.58738888888877,RF_WithoutLag24,20260910T175101Z,2026-08-03 04:00:00+00:00
2026-08-03 16:00:00+00:00,/inventory,12,467.0,510.00399404761896,RF_WithoutLag24,20260910T175101Z,2026-08-03 04:00:00+00:00
2026-08-03 06:00:00+00:00,/inventory,1,319.0,344.5917797619047,RF_WithoutLag24,20260910T175101Z,2026-08-03 05:00:00+00:00
2026-08-03 11:00:00+00:00,/inventory,6,468.0,443.6630476190475,RF_WithoutLag24,20260910T175101Z,2026-08-03 05:00:00+00:00
2026-08-03 17:00:00+00:00,/inventory,12,501.0,473.75651190476185,RF_WithoutLag24,20260910T175101Z,2026-08-03 05:00:00+00:00
2026-08-03 07:00:00+00:00,/inventory,1,339.0,350.13955952380957,RF_WithoutLag24,20260910T175101Z,2026-08-03 06:00:00+00:00
2026-08-03 12:00:00+00:00,/inventory,6,489.0,409.33518452380946,RF_WithoutLag24,20260910T175101Z,2026-08-03 06:00:00+00:00
2026-08-03 18:00:00+00:00,/inventory,12,450.0,411.16588492063477,RF_WithoutLag24,20260910T175101Z,2026-08-03 06:00:00+00:00
2026-08-03 08:00:00+00:00,/inventory,1,384.0,357.6239861111112,RF_WithoutLag24,20260910T175101Z,2026-08-03 07:00:00+00:00
2026-08-03 13:00:00+00:00,/inventory,6,587.0,436.8851309523809,RF_WithoutLag24,20260910T175101Z,2026-08-03 07:00:00+00:00
2026-08-03 19:00:00+00:00,/inventory,12,431.0,396.56330158730157,RF_WithoutLag24,20260910T175101Z,2026-08-03 07:00:00+00:00
2026-08-03 09:00:00+00:00,/inventory,1,451.0,382.26579960317446,RF_WithoutLag24,20260910T175101Z,2026-08-03 08:00:00+00:00
2026-08-03 14:00:00+00:00,/inventory,6,480.0,502.05476190476185,RF_WithoutLag24,20260910T175101Z,2026-08-03 08:00:00+00:00
2026-08-03 20:00:00+00:00,/inventory,12,397.0,394.53974603174595,RF_WithoutLag24,20260910T175101Z,2026-08-03 08:00:00+00:00
2026-08-03 10:00:00+00:00,/inventory,1,469.0,410.6322976190476,RF_WithoutLag24,20260910T175101Z,2026-08-03 09:00:00+00:00
2026-08-03 15:00:00+00:00,/inventory,6,481.0,516.1380952380954,RF_WithoutLag24,20260910T175101Z,2026-08-03 09:00:00+00:00
2026-08-03 21:00:00+00:00,/inventory,12,400.0,394.2469523809521,RF_WithoutLag24,20260910T175101Z,2026-08-03 09:00:00+00:00
2026-08-03 11:00:00+00:00,/inventory,1,468.0,463.1094523809521,RF_WithoutLag24,20260910T175101Z,2026-08-03 10:00:00+00:00
2026-08-03 16:00:00+00:00,/inventory,6,467.0,508.6029404761903,RF_WithoutLag24,20260910T175101Z,2026-08-03 10:00:00+00:00
2026-08-03 22:00:00+00:00,/inventory,12,284.0,388.5531726190475,RF_WithoutLag24,20260910T175101Z,2026-08-03 10:00:00+00:00
2026-08-03 12:00:00+00:00,/inventory,1,489.0,476.55444047619034,RF_WithoutLag24,20260910T175101Z,2026-08-03 11:00:00+00:00
2026-08-03 17:00:00+00:00,/inventory,6,501.0,473.354988095238,RF_WithoutLag24,20260910T175101Z,2026-08-03 11:00:00+00:00
2026-08-03 23:00:00+00:00,/inventory,12,268.0,354.46148809523817,RF_WithoutLag24,20260910T175101Z,2026-08-03 11:00:00+00:00
2026-08-03 13:00:00+00:00,/inventory,1,587.0,515.7521726190474,RF_WithoutLag24,20260910T175101Z,2026-08-03 12:00:00+00:00
2026-08-03 18:00:00+00:00,/inventory,6,450.0,456.36760119047636,RF_WithoutLag24,20260910T175101Z,2026-08-03 12:00:00+00:00
2026-08-04 00:00:00+00:00,/inventory,12,347.0,289.6953472222222,RF_WithoutLag24,20260910T175101Z,2026-08-03 12:00:00+00:00
2026-08-03 14:00:00+00:00,/inventory,1,480.0,520.3596666666666,RF_WithoutLag24,20260910T175101Z,2026-08-03 13:00:00+00:00
2026-08-03 19:00:00+00:00,/inventory,6,431.0,431.74741865079375,RF_WithoutLag24,20260910T175101Z,2026-08-03 13:00:00+00:00
2026-08-04 01:00:00+00:00,/inventory,12,329.0,294.25509722222216,RF_WithoutLag24,20260910T175101Z,2026-08-03 13:00:00+00:00
2026-08-03 15:00:00+00:00,/inventory,1,481.0,522.0860476190477,RF_WithoutLag24,20260910T175101Z,2026-08-03 14:00:00+00:00
2026-08-03 20:00:00+00:00,/inventory,6,397.0,385.6253472222222,RF_WithoutLag24,20260910T175101Z,2026-08-03 14:00:00+00:00
2026-08-04 02:00:00+00:00,/inventory,12,260.0,275.7692242063491,RF_WithoutLag24,20260910T175101Z,2026-08-03 14:00:00+00:00
2026-08-03 16:00:00+00:00,/inventory,1,467.0,515.3747261904759,RF_WithoutLag24,20260910T175101Z,2026-08-03 15:00:00+00:00
2026-08-03 21:00:00+00:00,/inventory,6,400.0,380.18248214285705,RF_WithoutLag24,20260910T175101Z,2026-08-03 15:00:00+00:00
2026-08-04 03:00:00+00:00,/inventory,12,320.0,309.6625416666668,RF_WithoutLag24,20260910T175101Z,2026-08-03 15:00:00+00:00
2026-08-03 17:00:00+00:00,/inventory,1,501.0,470.1265833333332,RF_WithoutLag24,20260910T175101Z,2026-08-03 16:00:00+00:00
2026-08-03 22:00:00+00:00,/inventory,6,284.0,340.3146924603176,RF_WithoutLag24,20260910T175101Z,2026-08-03 16:00:00+00:00
2026-08-04 04:00:00+00:00,/inventory,12,253.0,333.01443452380937,RF_WithoutLag24,20260910T175101Z,2026-08-03 16:00:00+00:00
2026-08-03 18:00:00+00:00,/inventory,1,450.0,453.3413392857143,RF_WithoutLag24,20260910T175101Z,2026-08-03 17:00:00+00:00
2026-08-03 23:00:00+00:00,/inventory,6,268.0,341.18764484127,RF_WithoutLag24,20260910T175101Z,2026-08-03 17:00:00+00:00
2026-08-04 05:00:00+00:00,/inventory,12,356.0,315.67219047619045,RF_WithoutLag24,20260910T175101Z,2026-08-03 17:00:00+00:00
2026-08-01 12:00:00+00:00,/orders,1,613.0,544.794101190476,RF_WithoutLag24,20260910T175101Z,2026-08-01 11:00:00+00:00
2026-08-01 17:00:00+00:00,/orders,6,446.0,486.45408730158726,RF_WithoutLag24,20260910T175101Z,2026-08-01 11:00:00+00:00
2026-08-01 23:00:00+00:00,/orders,12,347.0,367.12443650793654,RF_WithoutLag24,20260910T175101Z,2026-08-01 11:00:00+00:00
2026-08-01 13:00:00+00:00,/orders,1,538.0,607.0709742063493,RF_WithoutLag24,20260910T175101Z,2026-08-01 12:00:00+00:00
2026-08-01 18:00:00+00:00,/orders,6,497.0,502.14180158730176,RF_WithoutLag24,20260910T175101Z,2026-08-01 12:00:00+00:00
2026-08-02 00:00:00+00:00,/orders,12,167.0,373.2508194444445,RF_WithoutLag24,20260910T175101Z,2026-08-01 12:00:00+00:00
2026-08-01 14:00:00+00:00,/orders,1,491.0,551.0793134920636,RF_WithoutLag24,20260910T175101Z,2026-08-01 13:00:00+00:00
2026-08-01 19:00:00+00:00,/orders,6,499.0,463.67923015873055,RF_WithoutLag24,20260910T175101Z,2026-08-01 13:00:00+00:00
2026-08-02 01:00:00+00:00,/orders,12,215.0,344.0280773809525,RF_WithoutLag24,20260910T175101Z,2026-08-01 13:00:00+00:00
2026-08-01 15:00:00+00:00,/orders,1,534.0,539.9653075396827,RF_WithoutLag24,20260910T175101Z,2026-08-01 14:00:00+00:00
2026-08-01 20:00:00+00:00,/orders,6,449.0,457.7142837301589,RF_WithoutLag24,20260910T175101Z,2026-08-01 14:00:00+00:00
2026-08-02 02:00:00+00:00,/orders,12,262.0,300.8984801587301,RF_WithoutLag24,20260910T175101Z,2026-08-01 14:00:00+00:00
2026-08-01 16:00:00+00:00,/orders,1,579.0,502.02255555555564,RF_WithoutLag24,20260910T175101Z,2026-08-01 15:00:00+00:00
2026-08-01 21:00:00+00:00,/orders,6,334.0,449.35813492063505,RF_WithoutLag24,20260910T175101Z,2026-08-01 15:00:00+00:00
2026-08-02 03:00:00+00:00,/orders,12,384.0,341.0400753968253,RF_WithoutLag24,20260910T175101Z,2026-08-01 15:00:00+00:00
2026-08-01 17:00:00+00:00,/orders,1,446.0,510.0671289682541,RF_WithoutLag24,20260910T175101Z,2026-08-01 16:00:00+00:00
2026-08-01 22:00:00+00:00,/orders,6,373.0,411.20039880952385,RF_WithoutLag24,20260910T175101Z,2026-08-01 16:00:00+00:00
2026-08-02 04:00:00+00:00,/orders,12,347.0,360.84413492063476,RF_WithoutLag24,20260910T175101Z,2026-08-01 16:00:00+00:00
2026-08-01 18:00:00+00:00,/orders,1,497.0,463.01298809523826,RF_WithoutLag24,20260910T175101Z,2026-08-01 17:00:00+00:00
2026-08-01 23:00:00+00:00,/orders,6,347.0,403.6177222222223,RF_WithoutLag24,20260910T175101Z,2026-08-01 17:00:00+00:00
2026-08-02 05:00:00+00:00,/orders,12,336.0,343.9134404761906,RF_WithoutLag24,20260910T175101Z,2026-08-01 17:00:00+00:00
2026-08-01 19:00:00+00:00,/orders,1,499.0,475.69477380952395,RF_WithoutLag24,20260910T175101Z,2026-08-01 18:00:00+00:00
2026-08-02 00:00:00+00:00,/orders,6,167.0,393.3857023809524,RF_WithoutLag24,20260910T175101Z,2026-08-01 18:00:00+00:00
2026-08-02 06:00:00+00:00,/orders,12,347.0,348.965755952381,RF_WithoutLag24,20260910T175101Z,2026-08-01 18:00:00+00:00
2026-08-01 20:00:00+00:00,/orders,1,449.0,448.39513293650816,RF_WithoutLag24,20260910T175101Z,2026-08-01 19:00:00+00:00
2026-08-02 01:00:00+00:00,/orders,6,215.0,360.33050000000003,RF_WithoutLag24,20260910T175101Z,2026-08-01 19:00:00+00:00
2026-08-02 07:00:00+00:00,/orders,12,328.0,361.4520059523809,RF_WithoutLag24,20260910T175101Z,2026-08-01 19:00:00+00:00
2026-08-01 21:00:00+00:00,/orders,1,334.0,448.807277777778,RF_WithoutLag24,20260910T175101Z,2026-08-01 20:00:00+00:00
2026-08-02 02:00:00+00:00,/orders,6,262.0,346.82062500000006,RF_WithoutLag24,20260910T175101Z,2026-08-01 20:00:00+00:00
2026-08-02 08:00:00+00:00,/orders,12,439.0,371.3607083333333,RF_WithoutLag24,20260910T175101Z,2026-08-01 20:00:00+00:00
2026-08-01 22:00:00+00:00,/orders,1,373.0,369.72959126984125,RF_WithoutLag24,20260910T175101Z,2026-08-01 21:00:00+00:00
2026-08-02 03:00:00+00:00,/orders,6,384.0,347.3819801587301,RF_WithoutLag24,20260910T175101Z,2026-08-01 21:00:00+00:00
2026-08-02 09:00:00+00:00,/orders,12,454.0,374.0015138888888,RF_WithoutLag24,20260910T175101Z,2026-08-01 21:00:00+00:00
2026-08-01 23:00:00+00:00,/orders,1,347.0,366.44110912698414,RF_WithoutLag24,20260910T175101Z,2026-08-01 22:00:00+00:00
2026-08-02 04:00:00+00:00,/orders,6,347.0,331.9099583333334,RF_WithoutLag24,20260910T175101Z,2026-08-01 22:00:00+00:00
2026-08-02 10:00:00+00:00,/orders,12,420.0,364.12944246031736,RF_WithoutLag24,20260910T175101Z,2026-08-01 22:00:00+00:00
2026-08-02 00:00:00+00:00,/orders,1,167.0,311.82691071428565,RF_WithoutLag24,20260910T175101Z,2026-08-01 23:00:00+00:00
2026-08-02 05:00:00+00:00,/orders,6,336.0,354.1624761904761,RF_WithoutLag24,20260910T175101Z,2026-08-01 23:00:00+00:00
2026-08-02 11:00:00+00:00,/orders,12,607.0,372.3966567460317,RF_WithoutLag24,20260910T175101Z,2026-08-01 23:00:00+00:00
2026-08-02 01:00:00+00:00,/orders,1,215.0,338.893361111111,RF_WithoutLag24,20260910T175101Z,2026-08-02 00:00:00+00:00
2026-08-02 06:00:00+00:00,/orders,6,347.0,335.242125,RF_WithoutLag24,20260910T175101Z,2026-08-02 00:00:00+00:00
2026-08-02 12:00:00+00:00,/orders,12,534.0,365.7537757936508,RF_WithoutLag24,20260910T175101Z,2026-08-02 00:00:00+00:00
2026-08-02 02:00:00+00:00,/orders,1,262.0,348.01770634920626,RF_WithoutLag24,20260910T175101Z,2026-08-02 01:00:00+00:00
2026-08-02 07:00:00+00:00,/orders,6,328.0,346.69974404761894,RF_WithoutLag24,20260910T175101Z,2026-08-02 01:00:00+00:00
2026-08-02 13:00:00+00:00,/orders,12,572.0,371.242240079365,RF_WithoutLag24,20260910T175101Z,2026-08-02 01:00:00+00:00
2026-08-02 03:00:00+00:00,/orders,1,384.0,349.0693968253968,RF_WithoutLag24,20260910T175101Z,2026-08-02 02:00:00+00:00
2026-08-02 08:00:00+00:00,/orders,6,439.0,368.9332440476189,RF_WithoutLag24,20260910T175101Z,2026-08-02 02:00:00+00:00
2026-08-02 14:00:00+00:00,/orders,12,500.0,369.5273234126983,RF_WithoutLag24,20260910T175101Z,2026-08-02 02:00:00+00:00
2026-08-02 04:00:00+00:00,/orders,1,347.0,333.65191071428563,RF_WithoutLag24,20260910T175101Z,2026-08-02 03:00:00+00:00
2026-08-02 09:00:00+00:00,/orders,6,454.0,372.41601388888876,RF_WithoutLag24,20260910T175101Z,2026-08-02 03:00:00+00:00
2026-08-02 15:00:00+00:00,/orders,12,485.0,369.8169067460317,RF_WithoutLag24,20260910T175101Z,2026-08-02 03:00:00+00:00
2026-08-02 05:00:00+00:00,/orders,1,336.0,337.44609722222225,RF_WithoutLag24,20260910T175101Z,2026-08-02 04:00:00+00:00
2026-08-02 10:00:00+00:00,/orders,6,420.0,372.6990972222222,RF_WithoutLag24,20260910T175101Z,2026-08-02 04:00:00+00:00
2026-08-02 16:00:00+00:00,/orders,12,567.0,367.80265674603163,RF_WithoutLag24,20260910T175101Z,2026-08-02 04:00:00+00:00
2026-08-02 06:00:00+00:00,/orders,1,347.0,375.99962301587294,RF_WithoutLag24,20260910T175101Z,2026-08-02 05:00:00+00:00
2026-08-02 11:00:00+00:00,/orders,6,607.0,364.8611091269841,RF_WithoutLag24,20260910T175101Z,2026-08-02 05:00:00+00:00
2026-08-02 17:00:00+00:00,/orders,12,476.0,367.16724007936494,RF_WithoutLag24,20260910T175101Z,2026-08-02 05:00:00+00:00
2026-08-02 07:00:00+00:00,/orders,1,328.0,348.32112499999994,RF_WithoutLag24,20260910T175101Z,2026-08-02 06:00:00+00:00
2026-08-02 12:00:00+00:00,/orders,6,534.0,371.1845734126983,RF_WithoutLag24,20260910T175101Z,2026-08-02 06:00:00+00:00
2026-08-02 18:00:00+00:00,/orders,12,521.0,367.5568234126983,RF_WithoutLag24,20260910T175101Z,2026-08-02 06:00:00+00:00
2026-08-02 08:00:00+00:00,/orders,1,439.0,397.30548809523816,RF_WithoutLag24,20260910T175101Z,2026-08-02 07:00:00+00:00
2026-08-02 13:00:00+00:00,/orders,6,572.0,502.4485734126984,RF_WithoutLag24,20260910T175101Z,2026-08-02 07:00:00+00:00
2026-08-02 19:00:00+00:00,/orders,12,399.0,488.60773412698427,RF_WithoutLag24,20260910T175101Z,2026-08-02 07:00:00+00:00
2026-08-02 09:00:00+00:00,/orders,1,454.0,451.514,RF_WithoutLag24,20260910T175101Z,2026-08-02 08:00:00+00:00
2026-08-02 14:00:00+00:00,/orders,6,500.0,548.6339444444446,RF_WithoutLag24,20260910T175101Z,2026-08-02 08:00:00+00:00
2026-08-02 20:00:00+00:00,/orders,12,384.0,460.76646428571456,RF_WithoutLag24,20260910T175101Z,2026-08-02 08:00:00+00:00
2026-08-02 10:00:00+00:00,/orders,1,420.0,460.07791666666674,RF_WithoutLag24,20260910T175101Z,2026-08-02 09:00:00+00:00
2026-08-02 15:00:00+00:00,/orders,6,485.0,537.1630992063493,RF_WithoutLag24,20260910T175101Z,2026-08-02 09:00:00+00:00
2026-08-02 21:00:00+00:00,/orders,12,428.0,450.6175952380953,RF_WithoutLag24,20260910T175101Z,2026-08-02 09:00:00+00:00
2026-08-02 11:00:00+00:00,/orders,1,607.0,441.4758174603175,RF_WithoutLag24,20260910T175101Z,2026-08-02 10:00:00+00:00
2026-08-02 16:00:00+00:00,/orders,6,567.0,532.1781944444448,RF_WithoutLag24,20260910T175101Z,2026-08-02 10:00:00+00:00
2026-08-02 22:00:00+00:00,/orders,12,325.0,410.40067261904767,RF_WithoutLag24,20260910T175101Z,2026-08-02 10:00:00+00:00
2026-08-02 12:00:00+00:00,/orders,1,534.0,575.5761031746032,RF_WithoutLag24,20260910T175101Z,2026-08-02 11:00:00+00:00
2026-08-02 17:00:00+00:00,/orders,6,476.0,501.92654761904754,RF_WithoutLag24,20260910T175101Z,2026-08-02 11:00:00+00:00
2026-08-02 23:00:00+00:00,/orders,12,355.0,400.10780555555556,RF_WithoutLag24,20260910T175101Z,2026-08-02 11:00:00+00:00
2026-08-02 13:00:00+00:00,/orders,1,572.0,536.5354841269841,RF_WithoutLag24,20260910T175101Z,2026-08-02 12:00:00+00:00
2026-08-02 18:00:00+00:00,/orders,6,521.0,488.6834166666666,RF_WithoutLag24,20260910T175101Z,2026-08-02 12:00:00+00:00
2026-08-03 00:00:00+00:00,/orders,12,478.0,440.2164583333334,RF_WithoutLag24,20260910T175101Z,2026-08-02 12:00:00+00:00
2026-08-02 14:00:00+00:00,/orders,1,500.0,576.840166666667,RF_WithoutLag24,20260910T175101Z,2026-08-02 13:00:00+00:00
2026-08-02 19:00:00+00:00,/orders,6,399.0,467.09841666666676,RF_WithoutLag24,20260910T175101Z,2026-08-02 13:00:00+00:00
2026-08-03 01:00:00+00:00,/orders,12,354.0,459.7001428571428,RF_WithoutLag24,20260910T175101Z,2026-08-02 13:00:00+00:00
2026-08-02 15:00:00+00:00,/orders,1,485.0,527.5119861111111,RF_WithoutLag24,20260910T175101Z,2026-08-02 14:00:00+00:00
2026-08-02 20:00:00+00:00,/orders,6,384.0,459.8459761904763,RF_WithoutLag24,20260910T175101Z,2026-08-02 14:00:00+00:00
2026-08-03 02:00:00+00:00,/orders,12,433.0,452.64349404761896,RF_WithoutLag24,20260910T175101Z,2026-08-02 14:00:00+00:00
2026-08-02 16:00:00+00:00,/orders,1,567.0,534.1081944444447,RF_WithoutLag24,20260910T175101Z,2026-08-02 15:00:00+00:00
2026-08-02 21:00:00+00:00,/orders,6,428.0,453.10980952380953,RF_WithoutLag24,20260910T175101Z,2026-08-02 15:00:00+00:00
2026-08-03 03:00:00+00:00,/orders,12,383.0,452.9246964285714,RF_WithoutLag24,20260910T175101Z,2026-08-02 15:00:00+00:00
2026-08-02 17:00:00+00:00,/orders,1,476.0,501.03975793650795,RF_WithoutLag24,20260910T175101Z,2026-08-02 16:00:00+00:00
2026-08-02 22:00:00+00:00,/orders,6,325.0,414.8786666666666,RF_WithoutLag24,20260910T175101Z,2026-08-02 16:00:00+00:00
2026-08-03 04:00:00+00:00,/orders,12,494.0,457.0439107142857,RF_WithoutLag24,20260910T175101Z,2026-08-02 16:00:00+00:00
2026-08-02 18:00:00+00:00,/orders,1,521.0,482.0404365079368,RF_WithoutLag24,20260910T175101Z,2026-08-02 17:00:00+00:00
2026-08-02 23:00:00+00:00,/orders,6,355.0,400.4905079365079,RF_WithoutLag24,20260910T175101Z,2026-08-02 17:00:00+00:00
2026-08-03 05:00:00+00:00,/orders,12,463.0,466.80901785714275,RF_WithoutLag24,20260910T175101Z,2026-08-02 17:00:00+00:00
2026-08-02 19:00:00+00:00,/orders,1,399.0,503.42875793650796,RF_WithoutLag24,20260910T175101Z,2026-08-02 18:00:00+00:00
2026-08-03 00:00:00+00:00,/orders,6,478.0,414.62932142857136,RF_WithoutLag24,20260910T175101Z,2026-08-02 18:00:00+00:00
2026-08-03 06:00:00+00:00,/orders,12,453.0,531.9926984126981,RF_WithoutLag24,20260910T175101Z,2026-08-02 18:00:00+00:00
2026-08-02 20:00:00+00:00,/orders,1,384.0,403.456115079365,RF_WithoutLag24,20260910T175101Z,2026-08-02 19:00:00+00:00
2026-08-03 01:00:00+00:00,/orders,6,354.0,461.55795833333315,RF_WithoutLag24,20260910T175101Z,2026-08-02 19:00:00+00:00
2026-08-03 07:00:00+00:00,/orders,12,512.0,565.7382023809522,RF_WithoutLag24,20260910T175101Z,2026-08-02 19:00:00+00:00
2026-08-02 21:00:00+00:00,/orders,1,428.0,367.1982043650793,RF_WithoutLag24,20260910T175101Z,2026-08-02 20:00:00+00:00
2026-08-03 02:00:00+00:00,/orders,6,433.0,426.7359226190477,RF_WithoutLag24,20260910T175101Z,2026-08-02 20:00:00+00:00
2026-08-03 08:00:00+00:00,/orders,12,538.0,553.159232142857,RF_WithoutLag24,20260910T175101Z,2026-08-02 20:00:00+00:00
2026-08-02 22:00:00+00:00,/orders,1,325.0,410.8394821428571,RF_WithoutLag24,20260910T175101Z,2026-08-02 21:00:00+00:00
2026-08-03 03:00:00+00:00,/orders,6,383.0,456.09338690476187,RF_WithoutLag24,20260910T175101Z,2026-08-02 21:00:00+00:00
2026-08-03 09:00:00+00:00,/orders,12,655.0,622.3319285714285,RF_WithoutLag24,20260910T175101Z,2026-08-02 21:00:00+00:00
2026-08-02 23:00:00+00:00,/orders,1,355.0,384.17271031746037,RF_WithoutLag24,20260910T175101Z,2026-08-02 22:00:00+00:00
2026-08-03 04:00:00+00:00,/orders,6,494.0,467.6936071428572,RF_WithoutLag24,20260910T175101Z,2026-08-02 22:00:00+00:00
2026-08-03 10:00:00+00:00,/orders,12,789.0,654.6838531746032,RF_WithoutLag24,20260910T175101Z,2026-08-02 22:00:00+00:00
2026-08-03 00:00:00+00:00,/orders,1,478.0,437.4532976190474,RF_WithoutLag24,20260910T175101Z,2026-08-02 23:00:00+00:00
2026-08-03 05:00:00+00:00,/orders,6,463.0,471.0299603174603,RF_WithoutLag24,20260910T175101Z,2026-08-02 23:00:00+00:00
2026-08-03 11:00:00+00:00,/orders,12,716.0,728.4184702380952,RF_WithoutLag24,20260910T175101Z,2026-08-02 23:00:00+00:00
2026-08-03 01:00:00+00:00,/orders,1,354.0,470.8414583333332,RF_WithoutLag24,20260910T175101Z,2026-08-03 00:00:00+00:00
2026-08-03 06:00:00+00:00,/orders,6,453.0,510.1926130952379,RF_WithoutLag24,20260910T175101Z,2026-08-03 00:00:00+00:00
2026-08-03 12:00:00+00:00,/orders,12,672.0,732.3084642857142,RF_WithoutLag24,20260910T175101Z,2026-08-03 00:00:00+00:00
2026-08-03 02:00:00+00:00,/orders,1,433.0,397.22885119047606,RF_WithoutLag24,20260910T175101Z,2026-08-03 01:00:00+00:00
2026-08-03 07:00:00+00:00,/orders,6,512.0,536.8917023809521,RF_WithoutLag24,20260910T175101Z,2026-08-03 01:00:00+00:00
2026-08-03 13:00:00+00:00,/orders,12,683.0,744.6869126984125,RF_WithoutLag24,20260910T175101Z,2026-08-03 01:00:00+00:00
2026-08-03 03:00:00+00:00,/orders,1,383.0,439.44882142857136,RF_WithoutLag24,20260910T175101Z,2026-08-03 02:00:00+00:00
2026-08-03 08:00:00+00:00,/orders,6,538.0,553.0291428571429,RF_WithoutLag24,20260910T175101Z,2026-08-03 02:00:00+00:00
2026-08-03 14:00:00+00:00,/orders,12,763.0,746.3924246031743,RF_WithoutLag24,20260910T175101Z,2026-08-03 02:00:00+00:00
2026-08-03 04:00:00+00:00,/orders,1,494.0,411.7648154761905,RF_WithoutLag24,20260910T175101Z,2026-08-03 03:00:00+00:00
2026-08-03 09:00:00+00:00,/orders,6,655.0,560.9762678571427,RF_WithoutLag24,20260910T175101Z,2026-08-03 03:00:00+00:00
2026-08-03 15:00:00+00:00,/orders,12,691.0,763.9675714285712,RF_WithoutLag24,20260910T175101Z,2026-08-03 03:00:00+00:00
2026-08-03 05:00:00+00:00,/orders,1,463.0,483.74087103174594,RF_WithoutLag24,20260910T175101Z,2026-08-03 04:00:00+00:00
2026-08-03 10:00:00+00:00,/orders,6,789.0,663.8371031746033,RF_WithoutLag24,20260910T175101Z,2026-08-03 04:00:00+00:00
2026-08-03 16:00:00+00:00,/orders,12,670.0,770.4367777777776,RF_WithoutLag24,20260910T175101Z,2026-08-03 04:00:00+00:00
2026-08-03 06:00:00+00:00,/orders,1,453.0,497.880369047619,RF_WithoutLag24,20260910T175101Z,2026-08-03 05:00:00+00:00
2026-08-03 11:00:00+00:00,/orders,6,716.0,663.4523077200578,RF_WithoutLag24,20260910T175101Z,2026-08-03 05:00:00+00:00
2026-08-03 17:00:00+00:00,/orders,12,756.0,765.4946666666665,RF_WithoutLag24,20260910T175101Z,2026-08-03 05:00:00+00:00
2026-08-03 07:00:00+00:00,/orders,1,512.0,522.2310357142857,RF_WithoutLag24,20260910T175101Z,2026-08-03 06:00:00+00:00
2026-08-03 12:00:00+00:00,/orders,6,672.0,716.1810297619048,RF_WithoutLag24,20260910T175101Z,2026-08-03 06:00:00+00:00
2026-08-03 18:00:00+00:00,/orders,12,697.0,627.8536250000002,RF_WithoutLag24,20260910T175101Z,2026-08-03 06:00:00+00:00
2026-08-03 08:00:00+00:00,/orders,1,538.0,566.1282638888888,RF_WithoutLag24,20260910T175101Z,2026-08-03 07:00:00+00:00
2026-08-03 13:00:00+00:00,/orders,6,683.0,721.499345238095,RF_WithoutLag24,20260910T175101Z,2026-08-03 07:00:00+00:00
2026-08-03 19:00:00+00:00,/orders,12,698.0,593.5049563492064,RF_WithoutLag24,20260910T175101Z,2026-08-03 07:00:00+00:00
2026-08-03 09:00:00+00:00,/orders,1,655.0,557.0962976190475,RF_WithoutLag24,20260910T175101Z,2026-08-03 08:00:00+00:00
2026-08-03 14:00:00+00:00,/orders,6,763.0,731.4192698412695,RF_WithoutLag24,20260910T175101Z,2026-08-03 08:00:00+00:00
2026-08-03 20:00:00+00:00,/orders,12,676.0,568.3918273809523,RF_WithoutLag24,20260910T175101Z,2026-08-03 08:00:00+00:00
2026-08-03 10:00:00+00:00,/orders,1,789.0,695.3026269841268,RF_WithoutLag24,20260910T175101Z,2026-08-03 09:00:00+00:00
2026-08-03 15:00:00+00:00,/orders,6,691.0,764.5458511904761,RF_WithoutLag24,20260910T175101Z,2026-08-03 09:00:00+00:00
2026-08-03 21:00:00+00:00,/orders,12,552.0,524.5080714285714,RF_WithoutLag24,20260910T175101Z,2026-08-03 09:00:00+00:00
2026-08-03 11:00:00+00:00,/orders,1,716.0,740.389978174603,RF_WithoutLag24,20260910T175101Z,2026-08-03 10:00:00+00:00
2026-08-03 16:00:00+00:00,/orders,6,670.0,784.10073015873,RF_WithoutLag24,20260910T175101Z,2026-08-03 10:00:00+00:00
2026-08-03 22:00:00+00:00,/orders,12,440.0,515.0599523809525,RF_WithoutLag24,20260910T175101Z,2026-08-03 10:00:00+00:00
2026-08-03 12:00:00+00:00,/orders,1,672.0,745.7215396825396,RF_WithoutLag24,20260910T175101Z,2026-08-03 11:00:00+00:00
2026-08-03 17:00:00+00:00,/orders,6,756.0,761.8686825396825,RF_WithoutLag24,20260910T175101Z,2026-08-03 11:00:00+00:00
2026-08-03 23:00:00+00:00,/orders,12,502.0,471.6514841269844,RF_WithoutLag24,20260910T175101Z,2026-08-03 11:00:00+00:00
2026-08-03 13:00:00+00:00,/orders,1,683.0,762.322218253968,RF_WithoutLag24,20260910T175101Z,2026-08-03 12:00:00+00:00
2026-08-03 18:00:00+00:00,/orders,6,697.0,634.785029761905,RF_WithoutLag24,20260910T175101Z,2026-08-03 12:00:00+00:00
2026-08-04 00:00:00+00:00,/orders,12,431.0,462.20581150793646,RF_WithoutLag24,20260910T175101Z,2026-08-03 12:00:00+00:00
2026-08-03 14:00:00+00:00,/orders,1,763.0,754.355089285714,RF_WithoutLag24,20260910T175101Z,2026-08-03 13:00:00+00:00
2026-08-03 19:00:00+00:00,/orders,6,698.0,603.307761904762,RF_WithoutLag24,20260910T175101Z,2026-08-03 13:00:00+00:00
2026-08-04 01:00:00+00:00,/orders,12,468.0,434.170128968254,RF_WithoutLag24,20260910T175101Z,2026-08-03 13:00:00+00:00
2026-08-03 15:00:00+00:00,/orders,1,691.0,751.4585456349203,RF_WithoutLag24,20260910T175101Z,2026-08-03 14:00:00+00:00
2026-08-03 20:00:00+00:00,/orders,6,676.0,523.6372261904761,RF_WithoutLag24,20260910T175101Z,2026-08-03 14:00:00+00:00
2026-08-04 02:00:00+00:00,/orders,12,374.0,445.212908730159,RF_WithoutLag24,20260910T175101Z,2026-08-03 14:00:00+00:00
2026-08-03 16:00:00+00:00,/orders,1,670.0,758.0529206349206,RF_WithoutLag24,20260910T175101Z,2026-08-03 15:00:00+00:00
2026-08-03 21:00:00+00:00,/orders,6,552.0,538.7822559523809,RF_WithoutLag24,20260910T175101Z,2026-08-03 15:00:00+00:00
2026-08-04 03:00:00+00:00,/orders,12,436.0,443.2349146825396,RF_WithoutLag24,20260910T175101Z,2026-08-03 15:00:00+00:00
2026-08-03 17:00:00+00:00,/orders,1,756.0,749.815261904762,RF_WithoutLag24,20260910T175101Z,2026-08-03 16:00:00+00:00
2026-08-03 22:00:00+00:00,/orders,6,440.0,480.1548472222223,RF_WithoutLag24,20260910T175101Z,2026-08-03 16:00:00+00:00
2026-08-04 04:00:00+00:00,/orders,12,461.0,442.10961309523805,RF_WithoutLag24,20260910T175101Z,2026-08-03 16:00:00+00:00
2026-08-03 18:00:00+00:00,/orders,1,697.0,629.1868134920637,RF_WithoutLag24,20260910T175101Z,2026-08-03 17:00:00+00:00
2026-08-03 23:00:00+00:00,/orders,6,502.0,447.14402976190485,RF_WithoutLag24,20260910T175101Z,2026-08-03 17:00:00+00:00
2026-08-04 05:00:00+00:00,/orders,12,501.0,457.8172976190475,RF_WithoutLag24,20260910T175101Z,2026-08-03 17:00:00+00:00
2026-08-01 12:00:00+00:00,/payments,1,368.0,416.1958035714287,RF_WithoutLag24,20260910T175101Z,2026-08-01 11:00:00+00:00
2026-08-01 17:00:00+00:00,/payments,6,392.0,437.09950000000026,RF_WithoutLag24,20260910T175101Z,2026-08-01 11:00:00+00:00
2026-08-01 23:00:00+00:00,/payments,12,321.0,357.84560119047615,RF_WithoutLag24,20260910T175101Z,2026-08-01 11:00:00+00:00
2026-08-01 13:00:00+00:00,/payments,1,406.0,396.56801785714276,RF_WithoutLag24,20260910T175101Z,2026-08-01 12:00:00+00:00
2026-08-01 18:00:00+00:00,/payments,6,398.0,430.65519047619074,RF_WithoutLag24,20260910T175101Z,2026-08-01 12:00:00+00:00
2026-08-02 00:00:00+00:00,/payments,12,281.0,333.47179166666666,RF_WithoutLag24,20260910T175101Z,2026-08-01 12:00:00+00:00
2026-08-01 14:00:00+00:00,/payments,1,443.0,437.0884623015874,RF_WithoutLag24,20260910T175101Z,2026-08-01 13:00:00+00:00
2026-08-01 19:00:00+00:00,/payments,6,370.0,375.62175793650783,RF_WithoutLag24,20260910T175101Z,2026-08-01 13:00:00+00:00
2026-08-02 01:00:00+00:00,/payments,12,215.0,332.4391607142856,RF_WithoutLag24,20260910T175101Z,2026-08-01 13:00:00+00:00
2026-08-01 15:00:00+00:00,/payments,1,429.0,457.8212718253968,RF_WithoutLag24,20260910T175101Z,2026-08-01 14:00:00+00:00
2026-08-01 20:00:00+00:00,/payments,6,279.0,366.458117063492,RF_WithoutLag24,20260910T175101Z,2026-08-01 14:00:00+00:00
2026-08-02 02:00:00+00:00,/payments,12,315.0,337.38977976190466,RF_WithoutLag24,20260910T175101Z,2026-08-01 14:00:00+00:00
2026-08-01 16:00:00+00:00,/payments,1,398.0,405.11730357142864,RF_WithoutLag24,20260910T175101Z,2026-08-01 15:00:00+00:00
2026-08-01 21:00:00+00:00,/payments,6,300.0,367.4639146825396,RF_WithoutLag24,20260910T175101Z,2026-08-01 15:00:00+00:00
2026-08-02 03:00:00+00:00,/payments,12,197.0,351.19849404761896,RF_WithoutLag24,20260910T175101Z,2026-08-01 15:00:00+00:00
2026-08-01 17:00:00+00:00,/payments,1,392.0,437.97428571428594,RF_WithoutLag24,20260910T175101Z,2026-08-01 16:00:00+00:00
2026-08-01 22:00:00+00:00,/payments,6,237.0,378.4463154761905,RF_WithoutLag24,20260910T175101Z,2026-08-01 16:00:00+00:00
2026-08-02 04:00:00+00:00,/payments,12,317.0,366.8555297619048,RF_WithoutLag24,20260910T175101Z,2026-08-01 16:00:00+00:00
2026-08-01 18:00:00+00:00,/payments,1,398.0,439.37394841269867,RF_WithoutLag24,20260910T175101Z,2026-08-01 17:00:00+00:00
2026-08-01 23:00:00+00:00,/payments,6,321.0,359.6313154761904,RF_WithoutLag24,20260910T175101Z,2026-08-01 17:00:00+00:00
2026-08-02 05:00:00+00:00,/payments,12,182.0,391.23716071428584,RF_WithoutLag24,20260910T175101Z,2026-08-01 17:00:00+00:00
2026-08-01 19:00:00+00:00,/payments,1,370.0,377.2460317460316,RF_WithoutLag24,20260910T175101Z,2026-08-01 18:00:00+00:00
2026-08-02 00:00:00+00:00,/payments,6,281.0,341.43137500000006,RF_WithoutLag24,20260910T175101Z,2026-08-01 18:00:00+00:00
2026-08-02 06:00:00+00:00,/payments,12,282.0,434.90149404761905,RF_WithoutLag24,20260910T175101Z,2026-08-01 18:00:00+00:00
2026-08-01 20:00:00+00:00,/payments,1,279.0,359.3136964285713,RF_WithoutLag24,20260910T175101Z,2026-08-01 19:00:00+00:00
2026-08-02 01:00:00+00:00,/payments,6,215.0,346.39748214285703,RF_WithoutLag24,20260910T175101Z,2026-08-01 19:00:00+00:00
2026-08-02 07:00:00+00:00,/payments,12,322.0,435.9931884920635,RF_WithoutLag24,20260910T175101Z,2026-08-01 19:00:00+00:00
2026-08-01 21:00:00+00:00,/payments,1,300.0,306.5714742063491,RF_WithoutLag24,20260910T175101Z,2026-08-01 20:00:00+00:00
2026-08-02 02:00:00+00:00,/payments,6,315.0,292.94575595238086,RF_WithoutLag24,20260910T175101Z,2026-08-01 20:00:00+00:00
2026-08-02 08:00:00+00:00,/payments,12,387.0,358.26835714285716,RF_WithoutLag24,20260910T175101Z,2026-08-01 20:00:00+00:00
2026-08-01 22:00:00+00:00,/payments,1,237.0,299.21074404761885,RF_WithoutLag24,20260910T175101Z,2026-08-01 21:00:00+00:00
2026-08-02 03:00:00+00:00,/payments,6,197.0,294.6849464285713,RF_WithoutLag24,20260910T175101Z,2026-08-01 21:00:00+00:00
2026-08-02 09:00:00+00:00,/payments,12,376.0,379.8543809523809,RF_WithoutLag24,20260910T175101Z,2026-08-01 21:00:00+00:00
2026-08-01 23:00:00+00:00,/payments,1,321.0,277.02822619047606,RF_WithoutLag24,20260910T175101Z,2026-08-01 22:00:00+00:00
2026-08-02 04:00:00+00:00,/payments,6,317.0,297.90860119047613,RF_WithoutLag24,20260910T175101Z,2026-08-01 22:00:00+00:00
2026-08-02 10:00:00+00:00,/payments,12,368.0,429.44736111111115,RF_WithoutLag24,20260910T175101Z,2026-08-01 22:00:00+00:00
2026-08-02 00:00:00+00:00,/payments,1,281.0,314.12723809523806,RF_WithoutLag24,20260910T175101Z,2026-08-01 23:00:00+00:00
2026-08-02 05:00:00+00:00,/payments,6,182.0,283.01530952380944,RF_WithoutLag24,20260910T175101Z,2026-08-01 23:00:00+00:00
2026-08-02 11:00:00+00:00,/payments,12,430.0,387.04414682539687,RF_WithoutLag24,20260910T175101Z,2026-08-01 23:00:00+00:00
2026-08-02 01:00:00+00:00,/payments,1,215.0,278.9675892857143,RF_WithoutLag24,20260910T175101Z,2026-08-02 00:00:00+00:00
2026-08-02 06:00:00+00:00,/payments,6,282.0,314.13765476190457,RF_WithoutLag24,20260910T175101Z,2026-08-02 00:00:00+00:00
2026-08-02 12:00:00+00:00,/payments,12,439.0,443.1809007936508,RF_WithoutLag24,20260910T175101Z,2026-08-02 00:00:00+00:00
2026-08-02 02:00:00+00:00,/payments,1,315.0,271.2287678571427,RF_WithoutLag24,20260910T175101Z,2026-08-02 01:00:00+00:00
2026-08-02 07:00:00+00:00,/payments,6,322.0,353.46445238095225,RF_WithoutLag24,20260910T175101Z,2026-08-02 01:00:00+00:00
2026-08-02 13:00:00+00:00,/payments,12,464.0,476.26441269841285,RF_WithoutLag24,20260910T175101Z,2026-08-02 01:00:00+00:00
2026-08-02 03:00:00+00:00,/payments,1,197.0,331.3591785714284,RF_WithoutLag24,20260910T175101Z,2026-08-02 02:00:00+00:00
2026-08-02 08:00:00+00:00,/payments,6,387.0,392.5152500000001,RF_WithoutLag24,20260910T175101Z,2026-08-02 02:00:00+00:00
2026-08-02 14:00:00+00:00,/payments,12,448.0,518.710736111111,RF_WithoutLag24,20260910T175101Z,2026-08-02 02:00:00+00:00
2026-08-02 04:00:00+00:00,/payments,1,317.0,265.39925595238077,RF_WithoutLag24,20260910T175101Z,2026-08-02 03:00:00+00:00
2026-08-02 09:00:00+00:00,/payments,6,376.0,358.5039761904763,RF_WithoutLag24,20260910T175101Z,2026-08-02 03:00:00+00:00
2026-08-02 15:00:00+00:00,/payments,12,515.0,482.5464583333333,RF_WithoutLag24,20260910T175101Z,2026-08-02 03:00:00+00:00
2026-08-02 05:00:00+00:00,/payments,1,182.0,327.39598214285706,RF_WithoutLag24,20260910T175101Z,2026-08-02 04:00:00+00:00
2026-08-02 10:00:00+00:00,/payments,6,368.0,443.669623015873,RF_WithoutLag24,20260910T175101Z,2026-08-02 04:00:00+00:00
2026-08-02 16:00:00+00:00,/payments,12,410.0,449.02466468253954,RF_WithoutLag24,20260910T175101Z,2026-08-02 04:00:00+00:00
2026-08-02 06:00:00+00:00,/payments,1,282.0,286.1494821428569,RF_WithoutLag24,20260910T175101Z,2026-08-02 05:00:00+00:00
2026-08-02 11:00:00+00:00,/payments,6,430.0,369.6205753968254,RF_WithoutLag24,20260910T175101Z,2026-08-02 05:00:00+00:00
2026-08-02 17:00:00+00:00,/payments,12,415.0,469.3577857142856,RF_WithoutLag24,20260910T175101Z,2026-08-02 05:00:00+00:00
2026-08-02 07:00:00+00:00,/payments,1,322.0,331.63346428571424,RF_WithoutLag24,20260910T175101Z,2026-08-02 06:00:00+00:00
2026-08-02 12:00:00+00:00,/payments,6,439.0,386.3930476190479,RF_WithoutLag24,20260910T175101Z,2026-08-02 06:00:00+00:00
2026-08-02 18:00:00+00:00,/payments,12,347.0,447.7032738095236,RF_WithoutLag24,20260910T175101Z,2026-08-02 06:00:00+00:00
2026-08-02 08:00:00+00:00,/payments,1,387.0,337.51478571428567,RF_WithoutLag24,20260910T175101Z,2026-08-02 07:00:00+00:00
2026-08-02 13:00:00+00:00,/payments,6,464.0,440.9208492063492,RF_WithoutLag24,20260910T175101Z,2026-08-02 07:00:00+00:00
2026-08-02 19:00:00+00:00,/payments,12,378.0,408.88758730158713,RF_WithoutLag24,20260910T175101Z,2026-08-02 07:00:00+00:00
2026-08-02 09:00:00+00:00,/payments,1,376.0,355.68726190476195,RF_WithoutLag24,20260910T175101Z,2026-08-02 08:00:00+00:00
2026-08-02 14:00:00+00:00,/payments,6,448.0,436.7091746031745,RF_WithoutLag24,20260910T175101Z,2026-08-02 08:00:00+00:00
2026-08-02 20:00:00+00:00,/payments,12,384.0,379.50195833333333,RF_WithoutLag24,20260910T175101Z,2026-08-02 08:00:00+00:00
2026-08-02 10:00:00+00:00,/payments,1,368.0,385.07928968253975,RF_WithoutLag24,20260910T175101Z,2026-08-02 09:00:00+00:00
2026-08-02 15:00:00+00:00,/payments,6,515.0,456.1610972222222,RF_WithoutLag24,20260910T175101Z,2026-08-02 09:00:00+00:00
2026-08-02 21:00:00+00:00,/payments,12,341.0,358.2720178571427,RF_WithoutLag24,20260910T175101Z,2026-08-02 09:00:00+00:00
2026-08-02 11:00:00+00:00,/payments,1,430.0,388.0536309523811,RF_WithoutLag24,20260910T175101Z,2026-08-02 10:00:00+00:00
2026-08-02 16:00:00+00:00,/payments,6,410.0,461.7422976190477,RF_WithoutLag24,20260910T175101Z,2026-08-02 10:00:00+00:00
2026-08-02 22:00:00+00:00,/payments,12,323.0,358.3379464285714,RF_WithoutLag24,20260910T175101Z,2026-08-02 10:00:00+00:00
2026-08-02 12:00:00+00:00,/payments,1,439.0,400.47577777777786,RF_WithoutLag24,20260910T175101Z,2026-08-02 11:00:00+00:00
2026-08-02 17:00:00+00:00,/payments,6,415.0,449.10743452380945,RF_WithoutLag24,20260910T175101Z,2026-08-02 11:00:00+00:00
2026-08-02 23:00:00+00:00,/payments,12,246.0,356.9210654761904,RF_WithoutLag24,20260910T175101Z,2026-08-02 11:00:00+00:00
2026-08-02 13:00:00+00:00,/payments,1,464.0,447.2229027777779,RF_WithoutLag24,20260910T175101Z,2026-08-02 12:00:00+00:00
2026-08-02 18:00:00+00:00,/payments,6,347.0,424.28837896825377,RF_WithoutLag24,20260910T175101Z,2026-08-02 12:00:00+00:00
2026-08-03 00:00:00+00:00,/payments,12,414.0,345.5573273809524,RF_WithoutLag24,20260910T175101Z,2026-08-02 12:00:00+00:00
2026-08-02 14:00:00+00:00,/payments,1,448.0,466.9411865079364,RF_WithoutLag24,20260910T175101Z,2026-08-02 13:00:00+00:00
2026-08-02 19:00:00+00:00,/payments,6,378.0,376.5974801587301,RF_WithoutLag24,20260910T175101Z,2026-08-02 13:00:00+00:00
2026-08-03 01:00:00+00:00,/payments,12,315.0,364.6499702380952,RF_WithoutLag24,20260910T175101Z,2026-08-02 13:00:00+00:00
2026-08-02 15:00:00+00:00,/payments,1,515.0,466.95811507936526,RF_WithoutLag24,20260910T175101Z,2026-08-02 14:00:00+00:00
2026-08-02 20:00:00+00:00,/payments,6,384.0,356.8943908730158,RF_WithoutLag24,20260910T175101Z,2026-08-02 14:00:00+00:00
2026-08-03 02:00:00+00:00,/payments,12,381.0,365.226744047619,RF_WithoutLag24,20260910T175101Z,2026-08-02 14:00:00+00:00
2026-08-02 16:00:00+00:00,/payments,1,410.0,518.6305912698413,RF_WithoutLag24,20260910T175101Z,2026-08-02 15:00:00+00:00
2026-08-02 21:00:00+00:00,/payments,6,341.0,359.71106944444443,RF_WithoutLag24,20260910T175101Z,2026-08-02 15:00:00+00:00
2026-08-03 03:00:00+00:00,/payments,12,390.0,378.7467916666667,RF_WithoutLag24,20260910T175101Z,2026-08-02 15:00:00+00:00
2026-08-02 17:00:00+00:00,/payments,1,415.0,399.93982738095235,RF_WithoutLag24,20260910T175101Z,2026-08-02 16:00:00+00:00
2026-08-02 22:00:00+00:00,/payments,6,323.0,363.81270833333326,RF_WithoutLag24,20260910T175101Z,2026-08-02 16:00:00+00:00
2026-08-03 04:00:00+00:00,/payments,12,423.0,381.6879285714286,RF_WithoutLag24,20260910T175101Z,2026-08-02 16:00:00+00:00
2026-08-02 18:00:00+00:00,/payments,1,347.0,388.1772837301586,RF_WithoutLag24,20260910T175101Z,2026-08-02 17:00:00+00:00
2026-08-02 23:00:00+00:00,/payments,6,246.0,358.0537678571428,RF_WithoutLag24,20260910T175101Z,2026-08-02 17:00:00+00:00
2026-08-03 05:00:00+00:00,/payments,12,417.0,425.563511904762,RF_WithoutLag24,20260910T175101Z,2026-08-02 17:00:00+00:00
2026-08-02 19:00:00+00:00,/payments,1,378.0,352.38539880952374,RF_WithoutLag24,20260910T175101Z,2026-08-02 18:00:00+00:00
2026-08-03 00:00:00+00:00,/payments,6,414.0,359.19705357142846,RF_WithoutLag24,20260910T175101Z,2026-08-02 18:00:00+00:00
2026-08-03 06:00:00+00:00,/payments,12,451.0,445.17542424242436,RF_WithoutLag24,20260910T175101Z,2026-08-02 18:00:00+00:00
2026-08-02 20:00:00+00:00,/payments,1,384.0,367.88779166666654,RF_WithoutLag24,20260910T175101Z,2026-08-02 19:00:00+00:00
2026-08-03 01:00:00+00:00,/payments,6,315.0,359.0071011904762,RF_WithoutLag24,20260910T175101Z,2026-08-02 19:00:00+00:00
2026-08-03 07:00:00+00:00,/payments,12,550.0,474.2522797619048,RF_WithoutLag24,20260910T175101Z,2026-08-02 19:00:00+00:00
2026-08-02 21:00:00+00:00,/payments,1,341.0,377.7559623015872,RF_WithoutLag24,20260910T175101Z,2026-08-02 20:00:00+00:00
2026-08-03 02:00:00+00:00,/payments,6,381.0,360.63024404761904,RF_WithoutLag24,20260910T175101Z,2026-08-02 20:00:00+00:00
2026-08-03 08:00:00+00:00,/payments,12,565.0,470.54859523809534,RF_WithoutLag24,20260910T175101Z,2026-08-02 20:00:00+00:00
2026-08-02 22:00:00+00:00,/payments,1,323.0,355.7530059523808,RF_WithoutLag24,20260910T175101Z,2026-08-02 21:00:00+00:00
2026-08-03 03:00:00+00:00,/payments,6,390.0,378.0051011904763,RF_WithoutLag24,20260910T175101Z,2026-08-02 21:00:00+00:00
2026-08-03 09:00:00+00:00,/payments,12,646.0,503.205613095238,RF_WithoutLag24,20260910T175101Z,2026-08-02 21:00:00+00:00
2026-08-02 23:00:00+00:00,/payments,1,246.0,331.999988095238,RF_WithoutLag24,20260910T175101Z,2026-08-02 22:00:00+00:00
2026-08-03 04:00:00+00:00,/payments,6,423.0,386.87590476190485,RF_WithoutLag24,20260910T175101Z,2026-08-02 22:00:00+00:00
2026-08-03 10:00:00+00:00,/payments,12,622.0,571.7175317460318,RF_WithoutLag24,20260910T175101Z,2026-08-02 22:00:00+00:00
2026-08-03 00:00:00+00:00,/payments,1,414.0,311.277607142857,RF_WithoutLag24,20260910T175101Z,2026-08-02 23:00:00+00:00
2026-08-03 05:00:00+00:00,/payments,6,417.0,391.2886547619047,RF_WithoutLag24,20260910T175101Z,2026-08-02 23:00:00+00:00
2026-08-03 11:00:00+00:00,/payments,12,743.0,598.936642857143,RF_WithoutLag24,20260910T175101Z,2026-08-02 23:00:00+00:00
2026-08-03 01:00:00+00:00,/payments,1,315.0,387.1773214285715,RF_WithoutLag24,20260910T175101Z,2026-08-03 00:00:00+00:00
2026-08-03 06:00:00+00:00,/payments,6,451.0,418.5613273809522,RF_WithoutLag24,20260910T175101Z,2026-08-03 00:00:00+00:00
2026-08-03 12:00:00+00:00,/payments,12,828.0,562.0666984126983,RF_WithoutLag24,20260910T175101Z,2026-08-03 00:00:00+00:00
2026-08-03 02:00:00+00:00,/payments,1,381.0,329.0703273809524,RF_WithoutLag24,20260910T175101Z,2026-08-03 01:00:00+00:00
2026-08-03 07:00:00+00:00,/payments,6,550.0,449.5348333333334,RF_WithoutLag24,20260910T175101Z,2026-08-03 01:00:00+00:00
2026-08-03 13:00:00+00:00,/payments,12,777.0,591.8218957431458,RF_WithoutLag24,20260910T175101Z,2026-08-03 01:00:00+00:00
2026-08-03 03:00:00+00:00,/payments,1,390.0,390.0388571428572,RF_WithoutLag24,20260910T175101Z,2026-08-03 02:00:00+00:00
2026-08-03 08:00:00+00:00,/payments,6,565.0,478.46099404761924,RF_WithoutLag24,20260910T175101Z,2026-08-03 02:00:00+00:00
2026-08-03 14:00:00+00:00,/payments,12,844.0,605.6056082251084,RF_WithoutLag24,20260910T175101Z,2026-08-03 02:00:00+00:00
2026-08-03 04:00:00+00:00,/payments,1,423.0,398.3173928571429,RF_WithoutLag24,20260910T175101Z,2026-08-03 03:00:00+00:00
2026-08-03 09:00:00+00:00,/payments,6,646.0,467.78883333333346,RF_WithoutLag24,20260910T175101Z,2026-08-03 03:00:00+00:00
2026-08-03 15:00:00+00:00,/payments,12,861.0,605.354911796537,RF_WithoutLag24,20260910T175101Z,2026-08-03 03:00:00+00:00
2026-08-03 05:00:00+00:00,/payments,1,417.0,408.77904329004343,RF_WithoutLag24,20260910T175101Z,2026-08-03 04:00:00+00:00
2026-08-03 10:00:00+00:00,/payments,6,622.0,502.2275178571427,RF_WithoutLag24,20260910T175101Z,2026-08-03 04:00:00+00:00
2026-08-03 16:00:00+00:00,/payments,12,875.0,588.6157619047618,RF_WithoutLag24,20260910T175101Z,2026-08-03 04:00:00+00:00
2026-08-03 06:00:00+00:00,/payments,1,451.0,418.3914583333332,RF_WithoutLag24,20260910T175101Z,2026-08-03 05:00:00+00:00
2026-08-03 11:00:00+00:00,/payments,6,743.0,564.401865079365,RF_WithoutLag24,20260910T175101Z,2026-08-03 05:00:00+00:00
2026-08-03 17:00:00+00:00,/payments,12,825.0,576.9301607142855,RF_WithoutLag24,20260910T175101Z,2026-08-03 05:00:00+00:00
2026-08-03 07:00:00+00:00,/payments,1,550.0,464.88986958874483,RF_WithoutLag24,20260910T175101Z,2026-08-03 06:00:00+00:00
2026-08-03 12:00:00+00:00,/payments,6,828.0,601.7596466450217,RF_WithoutLag24,20260910T175101Z,2026-08-03 06:00:00+00:00
2026-08-03 18:00:00+00:00,/payments,12,750.0,516.1745952380953,RF_WithoutLag24,20260910T175101Z,2026-08-03 06:00:00+00:00
2026-08-03 08:00:00+00:00,/payments,1,565.0,513.119392857143,RF_WithoutLag24,20260910T175101Z,2026-08-03 07:00:00+00:00
2026-08-03 13:00:00+00:00,/payments,6,777.0,596.8597261904762,RF_WithoutLag24,20260910T175101Z,2026-08-03 07:00:00+00:00
2026-08-03 19:00:00+00:00,/payments,12,691.0,510.7614603174604,RF_WithoutLag24,20260910T175101Z,2026-08-03 07:00:00+00:00
2026-08-03 09:00:00+00:00,/payments,1,646.0,560.4176011904763,RF_WithoutLag24,20260910T175101Z,2026-08-03 08:00:00+00:00
2026-08-03 14:00:00+00:00,/payments,6,844.0,598.0341428571429,RF_WithoutLag24,20260910T175101Z,2026-08-03 08:00:00+00:00
2026-08-03 20:00:00+00:00,/payments,12,743.0,502.84648412698414,RF_WithoutLag24,20260910T175101Z,2026-08-03 08:00:00+00:00
2026-08-03 10:00:00+00:00,/payments,1,622.0,577.7818452380952,RF_WithoutLag24,20260910T175101Z,2026-08-03 09:00:00+00:00
2026-08-03 15:00:00+00:00,/payments,6,861.0,602.7522103174604,RF_WithoutLag24,20260910T175101Z,2026-08-03 09:00:00+00:00
2026-08-03 21:00:00+00:00,/payments,12,720.0,434.4544702380953,RF_WithoutLag24,20260910T175101Z,2026-08-03 09:00:00+00:00
2026-08-03 11:00:00+00:00,/payments,1,743.0,597.797378787879,RF_WithoutLag24,20260910T175101Z,2026-08-03 10:00:00+00:00
2026-08-03 16:00:00+00:00,/payments,6,875.0,588.8619246031744,RF_WithoutLag24,20260910T175101Z,2026-08-03 10:00:00+00:00
2026-08-03 22:00:00+00:00,/payments,12,633.0,416.2254642857141,RF_WithoutLag24,20260910T175101Z,2026-08-03 10:00:00+00:00
2026-08-03 12:00:00+00:00,/payments,1,828.0,595.1316677489178,RF_WithoutLag24,20260910T175101Z,2026-08-03 11:00:00+00:00
2026-08-03 17:00:00+00:00,/payments,6,825.0,585.7186746031745,RF_WithoutLag24,20260910T175101Z,2026-08-03 11:00:00+00:00
2026-08-03 23:00:00+00:00,/payments,12,622.0,414.40809523809503,RF_WithoutLag24,20260910T175101Z,2026-08-03 11:00:00+00:00
2026-08-03 13:00:00+00:00,/payments,1,777.0,581.7527738095238,RF_WithoutLag24,20260910T175101Z,2026-08-03 12:00:00+00:00
2026-08-03 18:00:00+00:00,/payments,6,750.0,516.0235297619048,RF_WithoutLag24,20260910T175101Z,2026-08-03 12:00:00+00:00
2026-08-04 00:00:00+00:00,/payments,12,587.0,355.9715373376623,RF_WithoutLag24,20260910T175101Z,2026-08-03 12:00:00+00:00
2026-08-03 14:00:00+00:00,/payments,1,844.0,582.8041904761905,RF_WithoutLag24,20260910T175101Z,2026-08-03 13:00:00+00:00
2026-08-03 19:00:00+00:00,/payments,6,691.0,487.0416011904761,RF_WithoutLag24,20260910T175101Z,2026-08-03 13:00:00+00:00
2026-08-04 01:00:00+00:00,/payments,12,525.0,336.4909662698413,RF_WithoutLag24,20260910T175101Z,2026-08-03 13:00:00+00:00
2026-08-03 15:00:00+00:00,/payments,1,861.0,596.6889107142855,RF_WithoutLag24,20260910T175101Z,2026-08-03 14:00:00+00:00
2026-08-03 20:00:00+00:00,/payments,6,743.0,481.9530773809522,RF_WithoutLag24,20260910T175101Z,2026-08-03 14:00:00+00:00
2026-08-04 02:00:00+00:00,/payments,12,534.0,344.95052976190476,RF_WithoutLag24,20260910T175101Z,2026-08-03 14:00:00+00:00
2026-08-03 16:00:00+00:00,/payments,1,875.0,596.3689821428569,RF_WithoutLag24,20260910T175101Z,2026-08-03 15:00:00+00:00
2026-08-03 21:00:00+00:00,/payments,6,720.0,444.7238392857143,RF_WithoutLag24,20260910T175101Z,2026-08-03 15:00:00+00:00
2026-08-04 03:00:00+00:00,/payments,12,555.0,363.54836904761896,RF_WithoutLag24,20260910T175101Z,2026-08-03 15:00:00+00:00
2026-08-03 17:00:00+00:00,/payments,1,825.0,594.6648154761904,RF_WithoutLag24,20260910T175101Z,2026-08-03 16:00:00+00:00
2026-08-03 22:00:00+00:00,/payments,6,633.0,432.9863273809522,RF_WithoutLag24,20260910T175101Z,2026-08-03 16:00:00+00:00
2026-08-04 04:00:00+00:00,/payments,12,756.0,366.8396607142857,RF_WithoutLag24,20260910T175101Z,2026-08-03 16:00:00+00:00
2026-08-03 18:00:00+00:00,/payments,1,750.0,512.0211547619049,RF_WithoutLag24,20260910T175101Z,2026-08-03 17:00:00+00:00
2026-08-03 23:00:00+00:00,/payments,6,622.0,417.0830892857142,RF_WithoutLag24,20260910T175101Z,2026-08-03 17:00:00+00:00
2026-08-04 05:00:00+00:00,/payments,12,479.0,392.06450000000007,RF_WithoutLag24,20260910T175101Z,2026-08-03 17:00:00+00:00
2026-08-01 12:00:00+00:00,/search,1,609.0,697.0191507936505,RF_WithoutLag24,20260910T175101Z,2026-08-01 11:00:00+00:00
2026-08-01 17:00:00+00:00,/search,6,891.0,671.9385714285714,RF_WithoutLag24,20260910T175101Z,2026-08-01 11:00:00+00:00
2026-08-01 23:00:00+00:00,/search,12,684.0,499.0185247114,RF_WithoutLag24,20260910T175101Z,2026-08-01 11:00:00+00:00
2026-08-01 13:00:00+00:00,/search,1,689.0,702.7485218253968,RF_WithoutLag24,20260910T175101Z,2026-08-01 12:00:00+00:00
2026-08-01 18:00:00+00:00,/search,6,844.0,656.3504920634919,RF_WithoutLag24,20260910T175101Z,2026-08-01 12:00:00+00:00
2026-08-02 00:00:00+00:00,/search,12,388.0,428.5213015873014,RF_WithoutLag24,20260910T175101Z,2026-08-01 12:00:00+00:00
2026-08-01 14:00:00+00:00,/search,1,1119.0,710.9278154761904,RF_WithoutLag24,20260910T175101Z,2026-08-01 13:00:00+00:00
2026-08-01 19:00:00+00:00,/search,6,750.0,573.8984246031747,RF_WithoutLag24,20260910T175101Z,2026-08-01 13:00:00+00:00
2026-08-02 01:00:00+00:00,/search,12,251.0,390.7767956349206,RF_WithoutLag24,20260910T175101Z,2026-08-01 13:00:00+00:00
2026-08-01 15:00:00+00:00,/search,1,986.0,858.9835992063494,RF_WithoutLag24,20260910T175101Z,2026-08-01 14:00:00+00:00
2026-08-01 20:00:00+00:00,/search,6,826.0,677.2733869047619,RF_WithoutLag24,20260910T175101Z,2026-08-01 14:00:00+00:00
2026-08-02 02:00:00+00:00,/search,12,386.0,370.15535119047627,RF_WithoutLag24,20260910T175101Z,2026-08-01 14:00:00+00:00
2026-08-01 16:00:00+00:00,/search,1,929.0,874.9856111111111,RF_WithoutLag24,20260910T175101Z,2026-08-01 15:00:00+00:00
2026-08-01 21:00:00+00:00,/search,6,667.0,688.8476587301587,RF_WithoutLag24,20260910T175101Z,2026-08-01 15:00:00+00:00
2026-08-02 03:00:00+00:00,/search,12,390.0,395.7962857142857,RF_WithoutLag24,20260910T175101Z,2026-08-01 15:00:00+00:00
2026-08-01 17:00:00+00:00,/search,1,891.0,887.701154761905,RF_WithoutLag24,20260910T175101Z,2026-08-01 16:00:00+00:00
2026-08-01 22:00:00+00:00,/search,6,653.0,616.1308015873014,RF_WithoutLag24,20260910T175101Z,2026-08-01 16:00:00+00:00
2026-08-02 04:00:00+00:00,/search,12,384.0,411.874982142857,RF_WithoutLag24,20260910T175101Z,2026-08-01 16:00:00+00:00
2026-08-01 18:00:00+00:00,/search,1,844.0,848.6609345238102,RF_WithoutLag24,20260910T175101Z,2026-08-01 17:00:00+00:00
2026-08-01 23:00:00+00:00,/search,6,684.0,555.3117202380954,RF_WithoutLag24,20260910T175101Z,2026-08-01 17:00:00+00:00
2026-08-02 05:00:00+00:00,/search,12,467.0,426.57176190476173,RF_WithoutLag24,20260910T175101Z,2026-08-01 17:00:00+00:00
2026-08-01 19:00:00+00:00,/search,1,750.0,784.8911964285714,RF_WithoutLag24,20260910T175101Z,2026-08-01 18:00:00+00:00
2026-08-02 00:00:00+00:00,/search,6,388.0,497.1197420634921,RF_WithoutLag24,20260910T175101Z,2026-08-01 18:00:00+00:00
2026-08-02 06:00:00+00:00,/search,12,414.0,462.53668055555545,RF_WithoutLag24,20260910T175101Z,2026-08-01 18:00:00+00:00
2026-08-01 20:00:00+00:00,/search,1,826.0,776.9102083333332,RF_WithoutLag24,20260910T175101Z,2026-08-01 19:00:00+00:00
2026-08-02 01:00:00+00:00,/search,6,251.0,455.51826190476174,RF_WithoutLag24,20260910T175101Z,2026-08-01 19:00:00+00:00
2026-08-02 07:00:00+00:00,/search,12,452.0,499.7672619047618,RF_WithoutLag24,20260910T175101Z,2026-08-01 19:00:00+00:00
2026-08-01 21:00:00+00:00,/search,1,667.0,684.9785476190481,RF_WithoutLag24,20260910T175101Z,2026-08-01 20:00:00+00:00
2026-08-02 02:00:00+00:00,/search,6,386.0,404.4519265873018,RF_WithoutLag24,20260910T175101Z,2026-08-01 20:00:00+00:00
2026-08-02 08:00:00+00:00,/search,12,539.0,567.3596666666667,RF_WithoutLag24,20260910T175101Z,2026-08-01 20:00:00+00:00
2026-08-01 22:00:00+00:00,/search,1,653.0,606.9560436507934,RF_WithoutLag24,20260910T175101Z,2026-08-01 21:00:00+00:00
2026-08-02 03:00:00+00:00,/search,6,390.0,396.9847619047619,RF_WithoutLag24,20260910T175101Z,2026-08-01 21:00:00+00:00
2026-08-02 09:00:00+00:00,/search,12,548.0,597.4547321428573,RF_WithoutLag24,20260910T175101Z,2026-08-01 21:00:00+00:00
2026-08-01 23:00:00+00:00,/search,1,684.0,563.0033015873016,RF_WithoutLag24,20260910T175101Z,2026-08-01 22:00:00+00:00
2026-08-02 04:00:00+00:00,/search,6,384.0,411.89349404761896,RF_WithoutLag24,20260910T175101Z,2026-08-01 22:00:00+00:00
2026-08-02 10:00:00+00:00,/search,12,589.0,651.3885416666668,RF_WithoutLag24,20260910T175101Z,2026-08-01 22:00:00+00:00
2026-08-02 00:00:00+00:00,/search,1,388.0,557.2729781746034,RF_WithoutLag24,20260910T175101Z,2026-08-01 23:00:00+00:00
2026-08-02 05:00:00+00:00,/search,6,467.0,428.51386507936485,RF_WithoutLag24,20260910T175101Z,2026-08-01 23:00:00+00:00
2026-08-02 11:00:00+00:00,/search,12,678.0,654.6922976190476,RF_WithoutLag24,20260910T175101Z,2026-08-01 23:00:00+00:00
2026-08-02 01:00:00+00:00,/search,1,251.0,423.3187380952381,RF_WithoutLag24,20260910T175101Z,2026-08-02 00:00:00+00:00
2026-08-02 06:00:00+00:00,/search,6,414.0,457.4595615079364,RF_WithoutLag24,20260910T175101Z,2026-08-02 00:00:00+00:00
2026-08-02 12:00:00+00:00,/search,12,586.0,685.6517857142857,RF_WithoutLag24,20260910T175101Z,2026-08-02 00:00:00+00:00
2026-08-02 02:00:00+00:00,/search,1,386.0,424.68043055555574,RF_WithoutLag24,20260910T175101Z,2026-08-02 01:00:00+00:00
2026-08-02 07:00:00+00:00,/search,6,452.0,493.0326567460319,RF_WithoutLag24,20260910T175101Z,2026-08-02 01:00:00+00:00
2026-08-02 13:00:00+00:00,/search,12,673.0,681.462607142857,RF_WithoutLag24,20260910T175101Z,2026-08-02 01:00:00+00:00
2026-08-02 03:00:00+00:00,/search,1,390.0,387.88989285714285,RF_WithoutLag24,20260910T175101Z,2026-08-02 02:00:00+00:00
2026-08-02 08:00:00+00:00,/search,6,539.0,525.3139623015871,RF_WithoutLag24,20260910T175101Z,2026-08-02 02:00:00+00:00
2026-08-02 14:00:00+00:00,/search,12,595.0,711.864632936508,RF_WithoutLag24,20260910T175101Z,2026-08-02 02:00:00+00:00
2026-08-02 04:00:00+00:00,/search,1,384.0,384.6072202380952,RF_WithoutLag24,20260910T175101Z,2026-08-02 03:00:00+00:00
2026-08-02 09:00:00+00:00,/search,6,548.0,578.4512559523811,RF_WithoutLag24,20260910T175101Z,2026-08-02 03:00:00+00:00
2026-08-02 15:00:00+00:00,/search,12,664.0,737.6641547619048,RF_WithoutLag24,20260910T175101Z,2026-08-02 03:00:00+00:00
2026-08-02 05:00:00+00:00,/search,1,467.0,416.11241666666655,RF_WithoutLag24,20260910T175101Z,2026-08-02 04:00:00+00:00
2026-08-02 10:00:00+00:00,/search,6,589.0,650.3770416666667,RF_WithoutLag24,20260910T175101Z,2026-08-02 04:00:00+00:00
2026-08-02 16:00:00+00:00,/search,12,586.0,702.0590535714288,RF_WithoutLag24,20260910T175101Z,2026-08-02 04:00:00+00:00
2026-08-02 06:00:00+00:00,/search,1,414.0,468.50957142857135,RF_WithoutLag24,20260910T175101Z,2026-08-02 05:00:00+00:00
2026-08-02 11:00:00+00:00,/search,6,678.0,674.157119047619,RF_WithoutLag24,20260910T175101Z,2026-08-02 05:00:00+00:00
2026-08-02 17:00:00+00:00,/search,12,546.0,677.1382380952381,RF_WithoutLag24,20260910T175101Z,2026-08-02 05:00:00+00:00
2026-08-02 07:00:00+00:00,/search,1,452.0,494.67676785714286,RF_WithoutLag24,20260910T175101Z,2026-08-02 06:00:00+00:00
2026-08-02 12:00:00+00:00,/search,6,586.0,671.3455357142858,RF_WithoutLag24,20260910T175101Z,2026-08-02 06:00:00+00:00
2026-08-02 18:00:00+00:00,/search,12,553.0,615.1934940476189,RF_WithoutLag24,20260910T175101Z,2026-08-02 06:00:00+00:00
2026-08-02 08:00:00+00:00,/search,1,539.0,519.2230079365079,RF_WithoutLag24,20260910T175101Z,2026-08-02 07:00:00+00:00
2026-08-02 13:00:00+00:00,/search,6,673.0,693.5919861111112,RF_WithoutLag24,20260910T175101Z,2026-08-02 07:00:00+00:00
2026-08-02 19:00:00+00:00,/search,12,515.0,575.1567996031748,RF_WithoutLag24,20260910T175101Z,2026-08-02 07:00:00+00:00
2026-08-02 09:00:00+00:00,/search,1,548.0,577.5020773809524,RF_WithoutLag24,20260910T175101Z,2026-08-02 08:00:00+00:00
2026-08-02 14:00:00+00:00,/search,6,595.0,715.7626150793652,RF_WithoutLag24,20260910T175101Z,2026-08-02 08:00:00+00:00
2026-08-02 20:00:00+00:00,/search,12,536.0,562.3489543650794,RF_WithoutLag24,20260910T175101Z,2026-08-02 08:00:00+00:00
2026-08-02 10:00:00+00:00,/search,1,589.0,609.1440595238096,RF_WithoutLag24,20260910T175101Z,2026-08-02 09:00:00+00:00
2026-08-02 15:00:00+00:00,/search,6,664.0,740.7510476190479,RF_WithoutLag24,20260910T175101Z,2026-08-02 09:00:00+00:00
2026-08-02 21:00:00+00:00,/search,12,409.0,526.926771825397,RF_WithoutLag24,20260910T175101Z,2026-08-02 09:00:00+00:00
2026-08-02 11:00:00+00:00,/search,1,678.0,660.3945813492063,RF_WithoutLag24,20260910T175101Z,2026-08-02 10:00:00+00:00
2026-08-02 16:00:00+00:00,/search,6,586.0,717.044029761905,RF_WithoutLag24,20260910T175101Z,2026-08-02 10:00:00+00:00
2026-08-02 22:00:00+00:00,/search,12,493.0,502.0207579365082,RF_WithoutLag24,20260910T175101Z,2026-08-02 10:00:00+00:00
2026-08-02 12:00:00+00:00,/search,1,586.0,674.2535813492065,RF_WithoutLag24,20260910T175101Z,2026-08-02 11:00:00+00:00
2026-08-02 17:00:00+00:00,/search,6,546.0,676.8647857142856,RF_WithoutLag24,20260910T175101Z,2026-08-02 11:00:00+00:00
2026-08-02 23:00:00+00:00,/search,12,537.0,478.2167151875903,RF_WithoutLag24,20260910T175101Z,2026-08-02 11:00:00+00:00
2026-08-02 13:00:00+00:00,/search,1,673.0,704.0820456349206,RF_WithoutLag24,20260910T175101Z,2026-08-02 12:00:00+00:00
2026-08-02 18:00:00+00:00,/search,6,553.0,700.0998511904763,RF_WithoutLag24,20260910T175101Z,2026-08-02 12:00:00+00:00
2026-08-03 00:00:00+00:00,/search,12,453.0,543.208625,RF_WithoutLag24,20260910T175101Z,2026-08-02 12:00:00+00:00
2026-08-02 14:00:00+00:00,/search,1,595.0,690.5985634920636,RF_WithoutLag24,20260910T175101Z,2026-08-02 13:00:00+00:00
2026-08-02 19:00:00+00:00,/search,6,515.0,660.0568690476191,RF_WithoutLag24,20260910T175101Z,2026-08-02 13:00:00+00:00
2026-08-03 01:00:00+00:00,/search,12,560.0,548.3662797619047,RF_WithoutLag24,20260910T175101Z,2026-08-02 13:00:00+00:00
2026-08-02 15:00:00+00:00,/search,1,664.0,703.3432361111112,RF_WithoutLag24,20260910T175101Z,2026-08-02 14:00:00+00:00
2026-08-02 20:00:00+00:00,/search,6,536.0,629.9472559523812,RF_WithoutLag24,20260910T175101Z,2026-08-02 14:00:00+00:00
2026-08-03 02:00:00+00:00,/search,12,502.0,543.651863095238,RF_WithoutLag24,20260910T175101Z,2026-08-02 14:00:00+00:00
2026-08-02 16:00:00+00:00,/search,1,586.0,686.9815793650797,RF_WithoutLag24,20260910T175101Z,2026-08-02 15:00:00+00:00
2026-08-02 21:00:00+00:00,/search,6,409.0,550.2405674603177,RF_WithoutLag24,20260910T175101Z,2026-08-02 15:00:00+00:00
2026-08-03 03:00:00+00:00,/search,12,602.0,564.7594047619048,RF_WithoutLag24,20260910T175101Z,2026-08-02 15:00:00+00:00
2026-08-02 17:00:00+00:00,/search,1,546.0,603.8397500000003,RF_WithoutLag24,20260910T175101Z,2026-08-02 16:00:00+00:00
2026-08-02 22:00:00+00:00,/search,6,493.0,593.1081964285717,RF_WithoutLag24,20260910T175101Z,2026-08-02 16:00:00+00:00
2026-08-03 04:00:00+00:00,/search,12,516.0,571.7015714285715,RF_WithoutLag24,20260910T175101Z,2026-08-02 16:00:00+00:00
2026-08-02 18:00:00+00:00,/search,1,553.0,626.0726051587303,RF_WithoutLag24,20260910T175101Z,2026-08-02 17:00:00+00:00
2026-08-02 23:00:00+00:00,/search,6,537.0,639.9414484126985,RF_WithoutLag24,20260910T175101Z,2026-08-02 17:00:00+00:00
2026-08-03 05:00:00+00:00,/search,12,640.0,588.6519186507938,RF_WithoutLag24,20260910T175101Z,2026-08-02 17:00:00+00:00
2026-08-02 19:00:00+00:00,/search,1,515.0,546.3326190476193,RF_WithoutLag24,20260910T175101Z,2026-08-02 18:00:00+00:00
2026-08-03 00:00:00+00:00,/search,6,453.0,542.9560952380953,RF_WithoutLag24,20260910T175101Z,2026-08-02 18:00:00+00:00
2026-08-03 06:00:00+00:00,/search,12,606.0,634.5706746031746,RF_WithoutLag24,20260910T175101Z,2026-08-02 18:00:00+00:00
2026-08-02 20:00:00+00:00,/search,1,536.0,566.1639552669553,RF_WithoutLag24,20260910T175101Z,2026-08-02 19:00:00+00:00
2026-08-03 01:00:00+00:00,/search,6,560.0,574.5525595238096,RF_WithoutLag24,20260910T175101Z,2026-08-02 19:00:00+00:00
2026-08-03 07:00:00+00:00,/search,12,653.0,650.6987956349207,RF_WithoutLag24,20260910T175101Z,2026-08-02 19:00:00+00:00
2026-08-02 21:00:00+00:00,/search,1,409.0,519.8881984126987,RF_WithoutLag24,20260910T175101Z,2026-08-02 20:00:00+00:00
2026-08-03 02:00:00+00:00,/search,6,502.0,572.606761904762,RF_WithoutLag24,20260910T175101Z,2026-08-02 20:00:00+00:00
2026-08-03 08:00:00+00:00,/search,12,617.0,711.4753551587304,RF_WithoutLag24,20260910T175101Z,2026-08-02 20:00:00+00:00
2026-08-02 22:00:00+00:00,/search,1,493.0,452.88734325396797,RF_WithoutLag24,20260910T175101Z,2026-08-02 21:00:00+00:00
2026-08-03 03:00:00+00:00,/search,6,602.0,507.9023630952381,RF_WithoutLag24,20260910T175101Z,2026-08-02 21:00:00+00:00
2026-08-03 09:00:00+00:00,/search,12,751.0,713.075003968254,RF_WithoutLag24,20260910T175101Z,2026-08-02 21:00:00+00:00
2026-08-02 23:00:00+00:00,/search,1,537.0,473.98366468253954,RF_WithoutLag24,20260910T175101Z,2026-08-02 22:00:00+00:00
2026-08-03 04:00:00+00:00,/search,6,516.0,567.9811785714286,RF_WithoutLag24,20260910T175101Z,2026-08-02 22:00:00+00:00
2026-08-03 10:00:00+00:00,/search,12,920.0,789.2233392857146,RF_WithoutLag24,20260910T175101Z,2026-08-02 22:00:00+00:00
2026-08-03 00:00:00+00:00,/search,1,453.0,558.3864285714286,RF_WithoutLag24,20260910T175101Z,2026-08-02 23:00:00+00:00
2026-08-03 05:00:00+00:00,/search,6,640.0,593.2532519841268,RF_WithoutLag24,20260910T175101Z,2026-08-02 23:00:00+00:00
2026-08-03 11:00:00+00:00,/search,12,851.0,808.1779583333335,RF_WithoutLag24,20260910T175101Z,2026-08-02 23:00:00+00:00
2026-08-03 01:00:00+00:00,/search,1,560.0,456.9122519841269,RF_WithoutLag24,20260910T175101Z,2026-08-03 00:00:00+00:00
2026-08-03 06:00:00+00:00,/search,6,606.0,594.75889484127,RF_WithoutLag24,20260910T175101Z,2026-08-03 00:00:00+00:00
2026-08-03 12:00:00+00:00,/search,12,1012.0,799.926279761905,RF_WithoutLag24,20260910T175101Z,2026-08-03 00:00:00+00:00
2026-08-03 02:00:00+00:00,/search,1,502.0,554.9004642857145,RF_WithoutLag24,20260910T175101Z,2026-08-03 01:00:00+00:00
2026-08-03 07:00:00+00:00,/search,6,653.0,664.5123134920635,RF_WithoutLag24,20260910T175101Z,2026-08-03 01:00:00+00:00
2026-08-03 13:00:00+00:00,/search,12,987.0,811.2046904761905,RF_WithoutLag24,20260910T175101Z,2026-08-03 01:00:00+00:00
2026-08-03 03:00:00+00:00,/search,1,602.0,550.8760833333336,RF_WithoutLag24,20260910T175101Z,2026-08-03 02:00:00+00:00
2026-08-03 08:00:00+00:00,/search,6,617.0,686.2341825396825,RF_WithoutLag24,20260910T175101Z,2026-08-03 02:00:00+00:00
2026-08-03 14:00:00+00:00,/search,12,803.0,800.831642857143,RF_WithoutLag24,20260910T175101Z,2026-08-03 02:00:00+00:00
2026-08-03 04:00:00+00:00,/search,1,516.0,572.2309404761908,RF_WithoutLag24,20260910T175101Z,2026-08-03 03:00:00+00:00
2026-08-03 09:00:00+00:00,/search,6,751.0,739.4381924603176,RF_WithoutLag24,20260910T175101Z,2026-08-03 03:00:00+00:00
2026-08-03 15:00:00+00:00,/search,12,874.0,813.6426428571432,RF_WithoutLag24,20260910T175101Z,2026-08-03 03:00:00+00:00
2026-08-03 05:00:00+00:00,/search,1,640.0,581.2664900793649,RF_WithoutLag24,20260910T175101Z,2026-08-03 04:00:00+00:00
2026-08-03 10:00:00+00:00,/search,6,920.0,776.1672261904764,RF_WithoutLag24,20260910T175101Z,2026-08-03 04:00:00+00:00
2026-08-03 16:00:00+00:00,/search,12,842.0,795.4177162698418,RF_WithoutLag24,20260910T175101Z,2026-08-03 04:00:00+00:00
2026-08-03 06:00:00+00:00,/search,1,606.0,626.830648809524,RF_WithoutLag24,20260910T175101Z,2026-08-03 05:00:00+00:00
2026-08-03 11:00:00+00:00,/search,6,851.0,782.7253214285718,RF_WithoutLag24,20260910T175101Z,2026-08-03 05:00:00+00:00
2026-08-03 17:00:00+00:00,/search,12,843.0,782.7512876984131,RF_WithoutLag24,20260910T175101Z,2026-08-03 05:00:00+00:00
2026-08-03 07:00:00+00:00,/search,1,653.0,638.4003928571428,RF_WithoutLag24,20260910T175101Z,2026-08-03 06:00:00+00:00
2026-08-03 12:00:00+00:00,/search,6,1012.0,810.0122142857144,RF_WithoutLag24,20260910T175101Z,2026-08-03 06:00:00+00:00
2026-08-03 18:00:00+00:00,/search,12,811.0,754.2708353174604,RF_WithoutLag24,20260910T175101Z,2026-08-03 06:00:00+00:00
2026-08-03 08:00:00+00:00,/search,1,617.0,698.2149801587302,RF_WithoutLag24,20260910T175101Z,2026-08-03 07:00:00+00:00
2026-08-03 13:00:00+00:00,/search,6,987.0,803.5890238095241,RF_WithoutLag24,20260910T175101Z,2026-08-03 07:00:00+00:00
2026-08-03 19:00:00+00:00,/search,12,848.0,755.2195615079362,RF_WithoutLag24,20260910T175101Z,2026-08-03 07:00:00+00:00
2026-08-03 09:00:00+00:00,/search,1,751.0,689.1938611111113,RF_WithoutLag24,20260910T175101Z,2026-08-03 08:00:00+00:00
2026-08-03 14:00:00+00:00,/search,6,803.0,806.8319940476192,RF_WithoutLag24,20260910T175101Z,2026-08-03 08:00:00+00:00
2026-08-03 20:00:00+00:00,/search,12,739.0,739.1308412698411,RF_WithoutLag24,20260910T175101Z,2026-08-03 08:00:00+00:00
2026-08-03 10:00:00+00:00,/search,1,920.0,800.938422619048,RF_WithoutLag24,20260910T175101Z,2026-08-03 09:00:00+00:00
2026-08-03 15:00:00+00:00,/search,6,874.0,808.3547202380956,RF_WithoutLag24,20260910T175101Z,2026-08-03 09:00:00+00:00
2026-08-03 21:00:00+00:00,/search,12,731.0,692.0823888888887,RF_WithoutLag24,20260910T175101Z,2026-08-03 09:00:00+00:00
2026-08-03 11:00:00+00:00,/search,1,851.0,869.7806369047622,RF_WithoutLag24,20260910T175101Z,2026-08-03 10:00:00+00:00
2026-08-03 16:00:00+00:00,/search,6,842.0,913.7435297619044,RF_WithoutLag24,20260910T175101Z,2026-08-03 10:00:00+00:00
2026-08-03 22:00:00+00:00,/search,12,605.0,633.4440753968254,RF_WithoutLag24,20260910T175101Z,2026-08-03 10:00:00+00:00
2026-08-03 12:00:00+00:00,/search,1,1012.0,819.7489999999999,RF_WithoutLag24,20260910T175101Z,2026-08-03 11:00:00+00:00
2026-08-03 17:00:00+00:00,/search,6,843.0,790.410924603175,RF_WithoutLag24,20260910T175101Z,2026-08-03 11:00:00+00:00
2026-08-03 23:00:00+00:00,/search,12,639.0,561.3527896825399,RF_WithoutLag24,20260910T175101Z,2026-08-03 11:00:00+00:00
2026-08-03 13:00:00+00:00,/search,1,987.0,923.5917242063489,RF_WithoutLag24,20260910T175101Z,2026-08-03 12:00:00+00:00
2026-08-03 18:00:00+00:00,/search,6,811.0,794.134791666667,RF_WithoutLag24,20260910T175101Z,2026-08-03 12:00:00+00:00
2026-08-04 00:00:00+00:00,/search,12,515.0,544.9148571428574,RF_WithoutLag24,20260910T175101Z,2026-08-03 12:00:00+00:00
2026-08-03 14:00:00+00:00,/search,1,803.0,933.6575515873019,RF_WithoutLag24,20260910T175101Z,2026-08-03 13:00:00+00:00
2026-08-03 19:00:00+00:00,/search,6,848.0,805.2016984126988,RF_WithoutLag24,20260910T175101Z,2026-08-03 13:00:00+00:00
2026-08-04 01:00:00+00:00,/search,12,541.0,563.8170714285715,RF_WithoutLag24,20260910T175101Z,2026-08-03 13:00:00+00:00
2026-08-03 15:00:00+00:00,/search,1,874.0,834.9258253968256,RF_WithoutLag24,20260910T175101Z,2026-08-03 14:00:00+00:00
2026-08-03 20:00:00+00:00,/search,6,739.0,735.3846329365077,RF_WithoutLag24,20260910T175101Z,2026-08-03 14:00:00+00:00
2026-08-04 02:00:00+00:00,/search,12,531.0,541.9965436507938,RF_WithoutLag24,20260910T175101Z,2026-08-03 14:00:00+00:00
2026-08-03 16:00:00+00:00,/search,1,842.0,879.027845238095,RF_WithoutLag24,20260910T175101Z,2026-08-03 15:00:00+00:00
2026-08-03 21:00:00+00:00,/search,6,731.0,693.96321031746,RF_WithoutLag24,20260910T175101Z,2026-08-03 15:00:00+00:00
2026-08-04 03:00:00+00:00,/search,12,478.0,550.3454880952381,RF_WithoutLag24,20260910T175101Z,2026-08-03 15:00:00+00:00
2026-08-03 17:00:00+00:00,/search,1,843.0,825.314531746032,RF_WithoutLag24,20260910T175101Z,2026-08-03 16:00:00+00:00
2026-08-03 22:00:00+00:00,/search,6,605.0,628.0106468253969,RF_WithoutLag24,20260910T175101Z,2026-08-03 16:00:00+00:00
2026-08-04 04:00:00+00:00,/search,12,456.0,568.7681904761905,RF_WithoutLag24,20260910T175101Z,2026-08-03 16:00:00+00:00
2026-08-03 18:00:00+00:00,/search,1,811.0,797.1526309523811,RF_WithoutLag24,20260910T175101Z,2026-08-03 17:00:00+00:00
2026-08-03 23:00:00+00:00,/search,6,639.0,566.1647599206351,RF_WithoutLag24,20260910T175101Z,2026-08-03 17:00:00+00:00
2026-08-04 05:00:00+00:00,/search,12,678.0,597.4230734126983,RF_WithoutLag24,20260910T175101Z,2026-08-03 17:00:00+00:00
